seed,sweep,sweep_label,restrictive_label,restrictive_count,restrictive_share,condition,condition_label,final_total_score,final_min_score,final_score_gap,final_idle_infrastructure,cumulative_trades_executed
0,cooperative_to_hoarding,Cooperative → hoarding,Hoarding agents,0,0.0,no_trade,No trade,56,2,35,12,0
1,cooperative_to_hoarding,Cooperative → hoarding,Hoarding agents,0,0.0,no_trade,No trade,28,2,13,11,0
2,cooperative_to_hoarding,Cooperative → hoarding,Hoarding agents,0,0.0,no_trade,No trade,22,2,7,12,0
3,cooperative_to_hoarding,Cooperative → hoarding,Hoarding agents,0,0.0,no_trade,No trade,12,0,6,14,0
4,cooperative_to_hoarding,Cooperative → hoarding,Hoarding agents,0,0.0,no_trade,No trade,21,3,3,11,0
5,cooperative_to_hoarding,Cooperative → hoarding,Hoarding agents,0,0.0,no_trade,No trade,13,1,5,5,0
6,cooperative_to_hoarding,Cooperative → hoarding,Hoarding agents,0,0.0,no_trade,No trade,52,3,17,8,0
7,cooperative_to_hoarding,Cooperative → hoarding,Hoarding agents,0,0.0,no_trade,No trade,36,3,8,10,0
8,cooperative_to_hoarding,Cooperative → hoarding,Hoarding agents,0,0.0,no_trade,No trade,36,0,15,11,0
9,cooperative_to_hoarding,Cooperative → hoarding,Hoarding agents,0,0.0,no_trade,No trade,39,3,10,11,0
10,cooperative_to_hoarding,Cooperative → hoarding,Hoarding agents,0,0.0,no_trade,No trade,25,2,7,22,0
11,cooperative_to_hoarding,Cooperative → hoarding,Hoarding agents,0,0.0,no_trade,No trade,34,3,12,26,0
12,cooperative_to_hoarding,Cooperative → hoarding,Hoarding agents,0,0.0,no_trade,No trade,44,1,25,11,0
13,cooperative_to_hoarding,Cooperative → hoarding,Hoarding agents,0,0.0,no_trade,No trade,30,0,20,16,0
14,cooperative_to_hoarding,Cooperative → hoarding,Hoarding agents,0,0.0,no_trade,No trade,18,0,9,15,0
15,cooperative_to_hoarding,Cooperative → hoarding,Hoarding agents,0,0.0,no_trade,No trade,27,1,10,14,0
16,cooperative_to_hoarding,Cooperative → hoarding,Hoarding agents,0,0.0,no_trade,No trade,37,0,26,16,0
17,cooperative_to_hoarding,Cooperative → hoarding,Hoarding agents,0,0.0,no_trade,No trade,39,1,19,22,0
18,cooperative_to_hoarding,Cooperative → hoarding,Hoarding agents,0,0.0,no_trade,No trade,44,3,23,12,0
19,cooperative_to_hoarding,Cooperative → hoarding,Hoarding agents,0,0.0,no_trade,No trade,34,2,11,16,0
20,cooperative_to_hoarding,Cooperative → hoarding,Hoarding agents,0,0.0,no_trade,No trade,19,2,4,16,0
21,cooperative_to_hoarding,Cooperative → hoarding,Hoarding agents,0,0.0,no_trade,No trade,31,2,10,14,0
22,cooperative_to_hoarding,Cooperative → hoarding,Hoarding agents,0,0.0,no_trade,No trade,28,2,12,21,0
23,cooperative_to_hoarding,Cooperative → hoarding,Hoarding agents,0,0.0,no_trade,No trade,27,2,8,20,0
24,cooperative_to_hoarding,Cooperative → hoarding,Hoarding agents,0,0.0,no_trade,No trade,33,3,15,9,0
25,cooperative_to_hoarding,Cooperative → hoarding,Hoarding agents,0,0.0,no_trade,No trade,33,2,15,14,0
26,cooperative_to_hoarding,Cooperative → hoarding,Hoarding agents,0,0.0,no_trade,No trade,25,1,8,13,0
27,cooperative_to_hoarding,Cooperative → hoarding,Hoarding agents,0,0.0,no_trade,No trade,23,1,6,19,0
28,cooperative_to_hoarding,Cooperative → hoarding,Hoarding agents,0,0.0,no_trade,No trade,33,1,16,20,0
29,cooperative_to_hoarding,Cooperative → hoarding,Hoarding agents,0,0.0,no_trade,No trade,36,2,21,17,0
30,cooperative_to_hoarding,Cooperative → hoarding,Hoarding agents,0,0.0,no_trade,No trade,45,1,16,7,0
31,cooperative_to_hoarding,Cooperative → hoarding,Hoarding agents,0,0.0,no_trade,No trade,45,3,13,6,0
32,cooperative_to_hoarding,Cooperative → hoarding,Hoarding agents,0,0.0,no_trade,No trade,25,2,7,15,0
33,cooperative_to_hoarding,Cooperative → hoarding,Hoarding agents,0,0.0,no_trade,No trade,42,1,30,19,0
34,cooperative_to_hoarding,Cooperative → hoarding,Hoarding agents,0,0.0,no_trade,No trade,37,3,11,17,0
35,cooperative_to_hoarding,Cooperative → hoarding,Hoarding agents,0,0.0,no_trade,No trade,28,1,8,11,0
36,cooperative_to_hoarding,Cooperative → hoarding,Hoarding agents,0,0.0,no_trade,No trade,24,2,7,14,0
37,cooperative_to_hoarding,Cooperative → hoarding,Hoarding agents,0,0.0,no_trade,No trade,21,2,7,14,0
38,cooperative_to_hoarding,Cooperative → hoarding,Hoarding agents,0,0.0,no_trade,No trade,23,3,3,7,0
39,cooperative_to_hoarding,Cooperative → hoarding,Hoarding agents,0,0.0,no_trade,No trade,32,1,13,16,0
40,cooperative_to_hoarding,Cooperative → hoarding,Hoarding agents,0,0.0,no_trade,No trade,34,1,14,9,0
41,cooperative_to_hoarding,Cooperative → hoarding,Hoarding agents,0,0.0,no_trade,No trade,35,2,19,16,0
42,cooperative_to_hoarding,Cooperative → hoarding,Hoarding agents,0,0.0,no_trade,No trade,27,3,3,10,0
43,cooperative_to_hoarding,Cooperative → hoarding,Hoarding agents,0,0.0,no_trade,No trade,36,2,19,20,0
44,cooperative_to_hoarding,Cooperative → hoarding,Hoarding agents,0,0.0,no_trade,No trade,40,3,19,15,0
45,cooperative_to_hoarding,Cooperative → hoarding,Hoarding agents,0,0.0,no_trade,No trade,31,2,14,17,0
46,cooperative_to_hoarding,Cooperative → hoarding,Hoarding agents,0,0.0,no_trade,No trade,32,1,20,14,0
47,cooperative_to_hoarding,Cooperative → hoarding,Hoarding agents,0,0.0,no_trade,No trade,20,2,4,19,0
48,cooperative_to_hoarding,Cooperative → hoarding,Hoarding agents,0,0.0,no_trade,No trade,22,1,8,12,0
49,cooperative_to_hoarding,Cooperative → hoarding,Hoarding agents,0,0.0,no_trade,No trade,47,3,14,16,0
50,cooperative_to_hoarding,Cooperative → hoarding,Hoarding agents,0,0.0,no_trade,No trade,29,2,10,13,0
51,cooperative_to_hoarding,Cooperative → hoarding,Hoarding agents,0,0.0,no_trade,No trade,29,2,12,28,0
52,cooperative_to_hoarding,Cooperative → hoarding,Hoarding agents,0,0.0,no_trade,No trade,24,1,11,16,0
53,cooperative_to_hoarding,Cooperative → hoarding,Hoarding agents,0,0.0,no_trade,No trade,25,3,5,23,0
54,cooperative_to_hoarding,Cooperative → hoarding,Hoarding agents,0,0.0,no_trade,No trade,18,2,4,27,0
55,cooperative_to_hoarding,Cooperative → hoarding,Hoarding agents,0,0.0,no_trade,No trade,17,1,5,18,0
56,cooperative_to_hoarding,Cooperative → hoarding,Hoarding agents,0,0.0,no_trade,No trade,35,2,16,18,0
57,cooperative_to_hoarding,Cooperative → hoarding,Hoarding agents,0,0.0,no_trade,No trade,34,3,13,22,0
58,cooperative_to_hoarding,Cooperative → hoarding,Hoarding agents,0,0.0,no_trade,No trade,16,0,6,9,0
59,cooperative_to_hoarding,Cooperative → hoarding,Hoarding agents,0,0.0,no_trade,No trade,29,2,13,13,0
60,cooperative_to_hoarding,Cooperative → hoarding,Hoarding agents,0,0.0,no_trade,No trade,22,3,3,23,0
61,cooperative_to_hoarding,Cooperative → hoarding,Hoarding agents,0,0.0,no_trade,No trade,25,3,4,15,0
62,cooperative_to_hoarding,Cooperative → hoarding,Hoarding agents,0,0.0,no_trade,No trade,30,1,20,23,0
63,cooperative_to_hoarding,Cooperative → hoarding,Hoarding agents,0,0.0,no_trade,No trade,18,1,5,7,0
64,cooperative_to_hoarding,Cooperative → hoarding,Hoarding agents,0,0.0,no_trade,No trade,40,1,23,16,0
65,cooperative_to_hoarding,Cooperative → hoarding,Hoarding agents,0,0.0,no_trade,No trade,22,3,3,21,0
66,cooperative_to_hoarding,Cooperative → hoarding,Hoarding agents,0,0.0,no_trade,No trade,35,2,13,16,0
67,cooperative_to_hoarding,Cooperative → hoarding,Hoarding agents,0,0.0,no_trade,No trade,33,2,10,20,0
68,cooperative_to_hoarding,Cooperative → hoarding,Hoarding agents,0,0.0,no_trade,No trade,36,3,9,15,0
69,cooperative_to_hoarding,Cooperative → hoarding,Hoarding agents,0,0.0,no_trade,No trade,30,1,11,19,0
70,cooperative_to_hoarding,Cooperative → hoarding,Hoarding agents,0,0.0,no_trade,No trade,30,3,7,18,0
71,cooperative_to_hoarding,Cooperative → hoarding,Hoarding agents,0,0.0,no_trade,No trade,17,2,4,17,0
72,cooperative_to_hoarding,Cooperative → hoarding,Hoarding agents,0,0.0,no_trade,No trade,37,3,15,18,0
73,cooperative_to_hoarding,Cooperative → hoarding,Hoarding agents,0,0.0,no_trade,No trade,48,1,20,17,0
74,cooperative_to_hoarding,Cooperative → hoarding,Hoarding agents,0,0.0,no_trade,No trade,30,0,9,11,0
75,cooperative_to_hoarding,Cooperative → hoarding,Hoarding agents,0,0.0,no_trade,No trade,24,1,11,10,0
76,cooperative_to_hoarding,Cooperative → hoarding,Hoarding agents,0,0.0,no_trade,No trade,18,1,8,12,0
77,cooperative_to_hoarding,Cooperative → hoarding,Hoarding agents,0,0.0,no_trade,No trade,27,3,6,8,0
78,cooperative_to_hoarding,Cooperative → hoarding,Hoarding agents,0,0.0,no_trade,No trade,31,3,9,18,0
79,cooperative_to_hoarding,Cooperative → hoarding,Hoarding agents,0,0.0,no_trade,No trade,22,1,8,23,0
80,cooperative_to_hoarding,Cooperative → hoarding,Hoarding agents,0,0.0,no_trade,No trade,51,4,20,14,0
81,cooperative_to_hoarding,Cooperative → hoarding,Hoarding agents,0,0.0,no_trade,No trade,34,0,11,15,0
82,cooperative_to_hoarding,Cooperative → hoarding,Hoarding agents,0,0.0,no_trade,No trade,37,1,22,22,0
83,cooperative_to_hoarding,Cooperative → hoarding,Hoarding agents,0,0.0,no_trade,No trade,37,3,11,13,0
84,cooperative_to_hoarding,Cooperative → hoarding,Hoarding agents,0,0.0,no_trade,No trade,35,2,13,14,0
85,cooperative_to_hoarding,Cooperative → hoarding,Hoarding agents,0,0.0,no_trade,No trade,31,0,12,18,0
86,cooperative_to_hoarding,Cooperative → hoarding,Hoarding agents,0,0.0,no_trade,No trade,16,0,6,23,0
87,cooperative_to_hoarding,Cooperative → hoarding,Hoarding agents,0,0.0,no_trade,No trade,18,1,5,19,0
88,cooperative_to_hoarding,Cooperative → hoarding,Hoarding agents,0,0.0,no_trade,No trade,27,3,6,13,0
89,cooperative_to_hoarding,Cooperative → hoarding,Hoarding agents,0,0.0,no_trade,No trade,31,1,15,8,0
90,cooperative_to_hoarding,Cooperative → hoarding,Hoarding agents,0,0.0,no_trade,No trade,21,1,5,18,0
91,cooperative_to_hoarding,Cooperative → hoarding,Hoarding agents,0,0.0,no_trade,No trade,39,3,10,18,0
92,cooperative_to_hoarding,Cooperative → hoarding,Hoarding agents,0,0.0,no_trade,No trade,24,1,8,13,0
93,cooperative_to_hoarding,Cooperative → hoarding,Hoarding agents,0,0.0,no_trade,No trade,16,1,5,17,0
94,cooperative_to_hoarding,Cooperative → hoarding,Hoarding agents,0,0.0,no_trade,No trade,27,3,9,19,0
95,cooperative_to_hoarding,Cooperative → hoarding,Hoarding agents,0,0.0,no_trade,No trade,24,3,4,29,0
96,cooperative_to_hoarding,Cooperative → hoarding,Hoarding agents,0,0.0,no_trade,No trade,35,2,11,14,0
97,cooperative_to_hoarding,Cooperative → hoarding,Hoarding agents,0,0.0,no_trade,No trade,24,1,8,17,0
98,cooperative_to_hoarding,Cooperative → hoarding,Hoarding agents,0,0.0,no_trade,No trade,19,3,3,30,0
99,cooperative_to_hoarding,Cooperative → hoarding,Hoarding agents,0,0.0,no_trade,No trade,34,2,10,17,0
0,cooperative_to_hoarding,Cooperative → hoarding,Hoarding agents,0,0.0,bilateral_3pass,Bilateral 3-pass,114,9,41,12,52
1,cooperative_to_hoarding,Cooperative → hoarding,Hoarding agents,0,0.0,bilateral_3pass,Bilateral 3-pass,103,14,15,8,74
2,cooperative_to_hoarding,Cooperative → hoarding,Hoarding agents,0,0.0,bilateral_3pass,Bilateral 3-pass,125,3,32,14,93
3,cooperative_to_hoarding,Cooperative → hoarding,Hoarding agents,0,0.0,bilateral_3pass,Bilateral 3-pass,145,11,38,13,92
4,cooperative_to_hoarding,Cooperative → hoarding,Hoarding agents,0,0.0,bilateral_3pass,Bilateral 3-pass,123,14,27,14,83
5,cooperative_to_hoarding,Cooperative → hoarding,Hoarding agents,0,0.0,bilateral_3pass,Bilateral 3-pass,123,17,22,7,76
6,cooperative_to_hoarding,Cooperative → hoarding,Hoarding agents,0,0.0,bilateral_3pass,Bilateral 3-pass,124,19,20,11,37
7,cooperative_to_hoarding,Cooperative → hoarding,Hoarding agents,0,0.0,bilateral_3pass,Bilateral 3-pass,131,14,27,12,76
8,cooperative_to_hoarding,Cooperative → hoarding,Hoarding agents,0,0.0,bilateral_3pass,Bilateral 3-pass,113,6,33,12,83
9,cooperative_to_hoarding,Cooperative → hoarding,Hoarding agents,0,0.0,bilateral_3pass,Bilateral 3-pass,103,6,25,12,41
10,cooperative_to_hoarding,Cooperative → hoarding,Hoarding agents,0,0.0,bilateral_3pass,Bilateral 3-pass,136,6,38,8,81
11,cooperative_to_hoarding,Cooperative → hoarding,Hoarding agents,0,0.0,bilateral_3pass,Bilateral 3-pass,118,3,33,14,77
12,cooperative_to_hoarding,Cooperative → hoarding,Hoarding agents,0,0.0,bilateral_3pass,Bilateral 3-pass,130,6,33,14,59
13,cooperative_to_hoarding,Cooperative → hoarding,Hoarding agents,0,0.0,bilateral_3pass,Bilateral 3-pass,128,6,35,13,72
14,cooperative_to_hoarding,Cooperative → hoarding,Hoarding agents,0,0.0,bilateral_3pass,Bilateral 3-pass,172,22,30,5,84
15,cooperative_to_hoarding,Cooperative → hoarding,Hoarding agents,0,0.0,bilateral_3pass,Bilateral 3-pass,108,6,35,14,59
16,cooperative_to_hoarding,Cooperative → hoarding,Hoarding agents,0,0.0,bilateral_3pass,Bilateral 3-pass,148,25,11,7,64
17,cooperative_to_hoarding,Cooperative → hoarding,Hoarding agents,0,0.0,bilateral_3pass,Bilateral 3-pass,130,6,46,13,93
18,cooperative_to_hoarding,Cooperative → hoarding,Hoarding agents,0,0.0,bilateral_3pass,Bilateral 3-pass,141,15,26,10,51
19,cooperative_to_hoarding,Cooperative → hoarding,Hoarding agents,0,0.0,bilateral_3pass,Bilateral 3-pass,118,11,23,9,84
20,cooperative_to_hoarding,Cooperative → hoarding,Hoarding agents,0,0.0,bilateral_3pass,Bilateral 3-pass,139,14,23,4,84
21,cooperative_to_hoarding,Cooperative → hoarding,Hoarding agents,0,0.0,bilateral_3pass,Bilateral 3-pass,108,6,27,20,82
22,cooperative_to_hoarding,Cooperative → hoarding,Hoarding agents,0,0.0,bilateral_3pass,Bilateral 3-pass,141,2,46,14,78
23,cooperative_to_hoarding,Cooperative → hoarding,Hoarding agents,0,0.0,bilateral_3pass,Bilateral 3-pass,141,14,25,9,78
24,cooperative_to_hoarding,Cooperative → hoarding,Hoarding agents,0,0.0,bilateral_3pass,Bilateral 3-pass,94,12,14,13,76
25,cooperative_to_hoarding,Cooperative → hoarding,Hoarding agents,0,0.0,bilateral_3pass,Bilateral 3-pass,127,11,32,7,92
26,cooperative_to_hoarding,Cooperative → hoarding,Hoarding agents,0,0.0,bilateral_3pass,Bilateral 3-pass,115,14,24,14,67
27,cooperative_to_hoarding,Cooperative → hoarding,Hoarding agents,0,0.0,bilateral_3pass,Bilateral 3-pass,81,6,27,22,49
28,cooperative_to_hoarding,Cooperative → hoarding,Hoarding agents,0,0.0,bilateral_3pass,Bilateral 3-pass,109,6,36,7,84
29,cooperative_to_hoarding,Cooperative → hoarding,Hoarding agents,0,0.0,bilateral_3pass,Bilateral 3-pass,100,6,33,9,93
30,cooperative_to_hoarding,Cooperative → hoarding,Hoarding agents,0,0.0,bilateral_3pass,Bilateral 3-pass,155,11,33,14,78
31,cooperative_to_hoarding,Cooperative → hoarding,Hoarding agents,0,0.0,bilateral_3pass,Bilateral 3-pass,120,14,22,15,61
32,cooperative_to_hoarding,Cooperative → hoarding,Hoarding agents,0,0.0,bilateral_3pass,Bilateral 3-pass,116,9,34,21,89
33,cooperative_to_hoarding,Cooperative → hoarding,Hoarding agents,0,0.0,bilateral_3pass,Bilateral 3-pass,73,3,33,23,40
34,cooperative_to_hoarding,Cooperative → hoarding,Hoarding agents,0,0.0,bilateral_3pass,Bilateral 3-pass,123,10,31,12,70
35,cooperative_to_hoarding,Cooperative → hoarding,Hoarding agents,0,0.0,bilateral_3pass,Bilateral 3-pass,135,17,16,7,63
36,cooperative_to_hoarding,Cooperative → hoarding,Hoarding agents,0,0.0,bilateral_3pass,Bilateral 3-pass,137,9,40,20,63
37,cooperative_to_hoarding,Cooperative → hoarding,Hoarding agents,0,0.0,bilateral_3pass,Bilateral 3-pass,122,9,29,18,54
38,cooperative_to_hoarding,Cooperative → hoarding,Hoarding agents,0,0.0,bilateral_3pass,Bilateral 3-pass,129,14,24,8,63
39,cooperative_to_hoarding,Cooperative → hoarding,Hoarding agents,0,0.0,bilateral_3pass,Bilateral 3-pass,124,6,30,7,77
40,cooperative_to_hoarding,Cooperative → hoarding,Hoarding agents,0,0.0,bilateral_3pass,Bilateral 3-pass,149,14,29,11,84
41,cooperative_to_hoarding,Cooperative → hoarding,Hoarding agents,0,0.0,bilateral_3pass,Bilateral 3-pass,157,11,39,2,70
42,cooperative_to_hoarding,Cooperative → hoarding,Hoarding agents,0,0.0,bilateral_3pass,Bilateral 3-pass,108,14,13,6,98
43,cooperative_to_hoarding,Cooperative → hoarding,Hoarding agents,0,0.0,bilateral_3pass,Bilateral 3-pass,133,6,41,16,73
44,cooperative_to_hoarding,Cooperative → hoarding,Hoarding agents,0,0.0,bilateral_3pass,Bilateral 3-pass,103,2,34,17,59
45,cooperative_to_hoarding,Cooperative → hoarding,Hoarding agents,0,0.0,bilateral_3pass,Bilateral 3-pass,145,2,44,14,90
46,cooperative_to_hoarding,Cooperative → hoarding,Hoarding agents,0,0.0,bilateral_3pass,Bilateral 3-pass,140,11,38,1,79
47,cooperative_to_hoarding,Cooperative → hoarding,Hoarding agents,0,0.0,bilateral_3pass,Bilateral 3-pass,131,11,41,7,61
48,cooperative_to_hoarding,Cooperative → hoarding,Hoarding agents,0,0.0,bilateral_3pass,Bilateral 3-pass,130,14,28,9,55
49,cooperative_to_hoarding,Cooperative → hoarding,Hoarding agents,0,0.0,bilateral_3pass,Bilateral 3-pass,125,14,33,8,81
50,cooperative_to_hoarding,Cooperative → hoarding,Hoarding agents,0,0.0,bilateral_3pass,Bilateral 3-pass,148,18,30,15,80
51,cooperative_to_hoarding,Cooperative → hoarding,Hoarding agents,0,0.0,bilateral_3pass,Bilateral 3-pass,146,23,16,4,62
52,cooperative_to_hoarding,Cooperative → hoarding,Hoarding agents,0,0.0,bilateral_3pass,Bilateral 3-pass,92,9,18,15,53
53,cooperative_to_hoarding,Cooperative → hoarding,Hoarding agents,0,0.0,bilateral_3pass,Bilateral 3-pass,137,19,18,20,68
54,cooperative_to_hoarding,Cooperative → hoarding,Hoarding agents,0,0.0,bilateral_3pass,Bilateral 3-pass,123,14,32,14,66
55,cooperative_to_hoarding,Cooperative → hoarding,Hoarding agents,0,0.0,bilateral_3pass,Bilateral 3-pass,91,11,14,13,67
56,cooperative_to_hoarding,Cooperative → hoarding,Hoarding agents,0,0.0,bilateral_3pass,Bilateral 3-pass,140,6,33,7,65
57,cooperative_to_hoarding,Cooperative → hoarding,Hoarding agents,0,0.0,bilateral_3pass,Bilateral 3-pass,143,22,20,8,50
58,cooperative_to_hoarding,Cooperative → hoarding,Hoarding agents,0,0.0,bilateral_3pass,Bilateral 3-pass,129,11,31,11,88
59,cooperative_to_hoarding,Cooperative → hoarding,Hoarding agents,0,0.0,bilateral_3pass,Bilateral 3-pass,179,19,35,9,79
60,cooperative_to_hoarding,Cooperative → hoarding,Hoarding agents,0,0.0,bilateral_3pass,Bilateral 3-pass,127,11,36,7,69
61,cooperative_to_hoarding,Cooperative → hoarding,Hoarding agents,0,0.0,bilateral_3pass,Bilateral 3-pass,117,6,46,10,77
62,cooperative_to_hoarding,Cooperative → hoarding,Hoarding agents,0,0.0,bilateral_3pass,Bilateral 3-pass,115,4,40,13,57
63,cooperative_to_hoarding,Cooperative → hoarding,Hoarding agents,0,0.0,bilateral_3pass,Bilateral 3-pass,137,14,30,4,92
64,cooperative_to_hoarding,Cooperative → hoarding,Hoarding agents,0,0.0,bilateral_3pass,Bilateral 3-pass,143,14,27,14,69
65,cooperative_to_hoarding,Cooperative → hoarding,Hoarding agents,0,0.0,bilateral_3pass,Bilateral 3-pass,135,17,22,1,75
66,cooperative_to_hoarding,Cooperative → hoarding,Hoarding agents,0,0.0,bilateral_3pass,Bilateral 3-pass,144,11,41,8,88
67,cooperative_to_hoarding,Cooperative → hoarding,Hoarding agents,0,0.0,bilateral_3pass,Bilateral 3-pass,120,14,28,10,68
68,cooperative_to_hoarding,Cooperative → hoarding,Hoarding agents,0,0.0,bilateral_3pass,Bilateral 3-pass,115,12,20,2,40
69,cooperative_to_hoarding,Cooperative → hoarding,Hoarding agents,0,0.0,bilateral_3pass,Bilateral 3-pass,108,3,41,16,64
70,cooperative_to_hoarding,Cooperative → hoarding,Hoarding agents,0,0.0,bilateral_3pass,Bilateral 3-pass,102,14,16,10,47
71,cooperative_to_hoarding,Cooperative → hoarding,Hoarding agents,0,0.0,bilateral_3pass,Bilateral 3-pass,156,14,30,8,60
72,cooperative_to_hoarding,Cooperative → hoarding,Hoarding agents,0,0.0,bilateral_3pass,Bilateral 3-pass,136,14,32,16,69
73,cooperative_to_hoarding,Cooperative → hoarding,Hoarding agents,0,0.0,bilateral_3pass,Bilateral 3-pass,127,17,19,12,51
74,cooperative_to_hoarding,Cooperative → hoarding,Hoarding agents,0,0.0,bilateral_3pass,Bilateral 3-pass,127,19,14,8,87
75,cooperative_to_hoarding,Cooperative → hoarding,Hoarding agents,0,0.0,bilateral_3pass,Bilateral 3-pass,105,15,14,12,56
76,cooperative_to_hoarding,Cooperative → hoarding,Hoarding agents,0,0.0,bilateral_3pass,Bilateral 3-pass,118,11,25,12,85
77,cooperative_to_hoarding,Cooperative → hoarding,Hoarding agents,0,0.0,bilateral_3pass,Bilateral 3-pass,116,14,22,8,45
78,cooperative_to_hoarding,Cooperative → hoarding,Hoarding agents,0,0.0,bilateral_3pass,Bilateral 3-pass,146,11,32,12,74
79,cooperative_to_hoarding,Cooperative → hoarding,Hoarding agents,0,0.0,bilateral_3pass,Bilateral 3-pass,92,3,44,26,70
80,cooperative_to_hoarding,Cooperative → hoarding,Hoarding agents,0,0.0,bilateral_3pass,Bilateral 3-pass,98,6,30,22,56
81,cooperative_to_hoarding,Cooperative → hoarding,Hoarding agents,0,0.0,bilateral_3pass,Bilateral 3-pass,145,19,22,3,66
82,cooperative_to_hoarding,Cooperative → hoarding,Hoarding agents,0,0.0,bilateral_3pass,Bilateral 3-pass,146,22,15,12,66
83,cooperative_to_hoarding,Cooperative → hoarding,Hoarding agents,0,0.0,bilateral_3pass,Bilateral 3-pass,118,9,26,11,85
84,cooperative_to_hoarding,Cooperative → hoarding,Hoarding agents,0,0.0,bilateral_3pass,Bilateral 3-pass,119,11,33,8,63
85,cooperative_to_hoarding,Cooperative → hoarding,Hoarding agents,0,0.0,bilateral_3pass,Bilateral 3-pass,174,25,27,13,58
86,cooperative_to_hoarding,Cooperative → hoarding,Hoarding agents,0,0.0,bilateral_3pass,Bilateral 3-pass,101,9,29,5,54
87,cooperative_to_hoarding,Cooperative → hoarding,Hoarding agents,0,0.0,bilateral_3pass,Bilateral 3-pass,127,17,20,3,82
88,cooperative_to_hoarding,Cooperative → hoarding,Hoarding agents,0,0.0,bilateral_3pass,Bilateral 3-pass,109,11,27,12,58
89,cooperative_to_hoarding,Cooperative → hoarding,Hoarding agents,0,0.0,bilateral_3pass,Bilateral 3-pass,156,6,40,14,74
90,cooperative_to_hoarding,Cooperative → hoarding,Hoarding agents,0,0.0,bilateral_3pass,Bilateral 3-pass,116,1,40,20,95
91,cooperative_to_hoarding,Cooperative → hoarding,Hoarding agents,0,0.0,bilateral_3pass,Bilateral 3-pass,154,19,23,9,77
92,cooperative_to_hoarding,Cooperative → hoarding,Hoarding agents,0,0.0,bilateral_3pass,Bilateral 3-pass,164,11,46,8,84
93,cooperative_to_hoarding,Cooperative → hoarding,Hoarding agents,0,0.0,bilateral_3pass,Bilateral 3-pass,120,14,27,12,77
94,cooperative_to_hoarding,Cooperative → hoarding,Hoarding agents,0,0.0,bilateral_3pass,Bilateral 3-pass,136,5,54,10,81
95,cooperative_to_hoarding,Cooperative → hoarding,Hoarding agents,0,0.0,bilateral_3pass,Bilateral 3-pass,110,6,36,11,76
96,cooperative_to_hoarding,Cooperative → hoarding,Hoarding agents,0,0.0,bilateral_3pass,Bilateral 3-pass,102,3,34,10,89
97,cooperative_to_hoarding,Cooperative → hoarding,Hoarding agents,0,0.0,bilateral_3pass,Bilateral 3-pass,126,18,14,2,52
98,cooperative_to_hoarding,Cooperative → hoarding,Hoarding agents,0,0.0,bilateral_3pass,Bilateral 3-pass,128,12,23,7,50
99,cooperative_to_hoarding,Cooperative → hoarding,Hoarding agents,0,0.0,bilateral_3pass,Bilateral 3-pass,122,11,31,10,72
0,cooperative_to_hoarding,Cooperative → hoarding,Hoarding agents,0,0.0,public_pool,Public pool,144,22,16,5,52
1,cooperative_to_hoarding,Cooperative → hoarding,Hoarding agents,0,0.0,public_pool,Public pool,149,14,29,8,58
2,cooperative_to_hoarding,Cooperative → hoarding,Hoarding agents,0,0.0,public_pool,Public pool,149,27,8,5,46
3,cooperative_to_hoarding,Cooperative → hoarding,Hoarding agents,0,0.0,public_pool,Public pool,169,27,11,7,52
4,cooperative_to_hoarding,Cooperative → hoarding,Hoarding agents,0,0.0,public_pool,Public pool,99,11,22,13,49
5,cooperative_to_hoarding,Cooperative → hoarding,Hoarding agents,0,0.0,public_pool,Public pool,121,19,14,4,50
6,cooperative_to_hoarding,Cooperative → hoarding,Hoarding agents,0,0.0,public_pool,Public pool,134,25,5,9,48
7,cooperative_to_hoarding,Cooperative → hoarding,Hoarding agents,0,0.0,public_pool,Public pool,139,22,12,5,46
8,cooperative_to_hoarding,Cooperative → hoarding,Hoarding agents,0,0.0,public_pool,Public pool,147,25,10,1,52
9,cooperative_to_hoarding,Cooperative → hoarding,Hoarding agents,0,0.0,public_pool,Public pool,122,19,8,6,48
10,cooperative_to_hoarding,Cooperative → hoarding,Hoarding agents,0,0.0,public_pool,Public pool,147,25,15,5,50
11,cooperative_to_hoarding,Cooperative → hoarding,Hoarding agents,0,0.0,public_pool,Public pool,137,19,13,4,52
12,cooperative_to_hoarding,Cooperative → hoarding,Hoarding agents,0,0.0,public_pool,Public pool,152,22,17,1,48
13,cooperative_to_hoarding,Cooperative → hoarding,Hoarding agents,0,0.0,public_pool,Public pool,134,22,11,3,51
14,cooperative_to_hoarding,Cooperative → hoarding,Hoarding agents,0,0.0,public_pool,Public pool,127,6,29,4,53
15,cooperative_to_hoarding,Cooperative → hoarding,Hoarding agents,0,0.0,public_pool,Public pool,141,19,16,4,53
16,cooperative_to_hoarding,Cooperative → hoarding,Hoarding agents,0,0.0,public_pool,Public pool,160,27,8,2,54
17,cooperative_to_hoarding,Cooperative → hoarding,Hoarding agents,0,0.0,public_pool,Public pool,171,27,16,4,52
18,cooperative_to_hoarding,Cooperative → hoarding,Hoarding agents,0,0.0,public_pool,Public pool,141,22,16,1,44
19,cooperative_to_hoarding,Cooperative → hoarding,Hoarding agents,0,0.0,public_pool,Public pool,154,25,17,9,50
20,cooperative_to_hoarding,Cooperative → hoarding,Hoarding agents,0,0.0,public_pool,Public pool,163,27,9,6,55
21,cooperative_to_hoarding,Cooperative → hoarding,Hoarding agents,0,0.0,public_pool,Public pool,142,25,10,3,49
22,cooperative_to_hoarding,Cooperative → hoarding,Hoarding agents,0,0.0,public_pool,Public pool,162,30,5,7,55
23,cooperative_to_hoarding,Cooperative → hoarding,Hoarding agents,0,0.0,public_pool,Public pool,155,27,9,3,52
24,cooperative_to_hoarding,Cooperative → hoarding,Hoarding agents,0,0.0,public_pool,Public pool,153,27,9,3,48
25,cooperative_to_hoarding,Cooperative → hoarding,Hoarding agents,0,0.0,public_pool,Public pool,134,19,11,11,53
26,cooperative_to_hoarding,Cooperative → hoarding,Hoarding agents,0,0.0,public_pool,Public pool,143,22,14,10,48
27,cooperative_to_hoarding,Cooperative → hoarding,Hoarding agents,0,0.0,public_pool,Public pool,108,11,19,12,50
28,cooperative_to_hoarding,Cooperative → hoarding,Hoarding agents,0,0.0,public_pool,Public pool,132,19,14,9,49
29,cooperative_to_hoarding,Cooperative → hoarding,Hoarding agents,0,0.0,public_pool,Public pool,108,14,17,8,48
30,cooperative_to_hoarding,Cooperative → hoarding,Hoarding agents,0,0.0,public_pool,Public pool,162,22,18,6,53
31,cooperative_to_hoarding,Cooperative → hoarding,Hoarding agents,0,0.0,public_pool,Public pool,153,27,6,4,51
32,cooperative_to_hoarding,Cooperative → hoarding,Hoarding agents,0,0.0,public_pool,Public pool,155,27,11,3,55
33,cooperative_to_hoarding,Cooperative → hoarding,Hoarding agents,0,0.0,public_pool,Public pool,110,19,6,4,52
34,cooperative_to_hoarding,Cooperative → hoarding,Hoarding agents,0,0.0,public_pool,Public pool,116,17,13,4,51
35,cooperative_to_hoarding,Cooperative → hoarding,Hoarding agents,0,0.0,public_pool,Public pool,127,22,6,7,49
36,cooperative_to_hoarding,Cooperative → hoarding,Hoarding agents,0,0.0,public_pool,Public pool,145,22,19,4,51
37,cooperative_to_hoarding,Cooperative → hoarding,Hoarding agents,0,0.0,public_pool,Public pool,148,22,11,4,48
38,cooperative_to_hoarding,Cooperative → hoarding,Hoarding agents,0,0.0,public_pool,Public pool,132,17,13,4,51
39,cooperative_to_hoarding,Cooperative → hoarding,Hoarding agents,0,0.0,public_pool,Public pool,168,27,19,5,48
40,cooperative_to_hoarding,Cooperative → hoarding,Hoarding agents,0,0.0,public_pool,Public pool,144,22,21,4,50
41,cooperative_to_hoarding,Cooperative → hoarding,Hoarding agents,0,0.0,public_pool,Public pool,133,22,17,5,49
42,cooperative_to_hoarding,Cooperative → hoarding,Hoarding agents,0,0.0,public_pool,Public pool,162,27,18,2,51
43,cooperative_to_hoarding,Cooperative → hoarding,Hoarding agents,0,0.0,public_pool,Public pool,150,22,13,7,56
44,cooperative_to_hoarding,Cooperative → hoarding,Hoarding agents,0,0.0,public_pool,Public pool,126,19,11,8,51
45,cooperative_to_hoarding,Cooperative → hoarding,Hoarding agents,0,0.0,public_pool,Public pool,139,22,16,5,55
46,cooperative_to_hoarding,Cooperative → hoarding,Hoarding agents,0,0.0,public_pool,Public pool,157,27,11,7,55
47,cooperative_to_hoarding,Cooperative → hoarding,Hoarding agents,0,0.0,public_pool,Public pool,129,19,12,6,49
48,cooperative_to_hoarding,Cooperative → hoarding,Hoarding agents,0,0.0,public_pool,Public pool,154,22,17,5,57
49,cooperative_to_hoarding,Cooperative → hoarding,Hoarding agents,0,0.0,public_pool,Public pool,162,30,5,8,50
50,cooperative_to_hoarding,Cooperative → hoarding,Hoarding agents,0,0.0,public_pool,Public pool,135,19,17,6,51
51,cooperative_to_hoarding,Cooperative → hoarding,Hoarding agents,0,0.0,public_pool,Public pool,131,17,24,7,46
52,cooperative_to_hoarding,Cooperative → hoarding,Hoarding agents,0,0.0,public_pool,Public pool,146,22,12,7,48
53,cooperative_to_hoarding,Cooperative → hoarding,Hoarding agents,0,0.0,public_pool,Public pool,150,22,17,4,44
54,cooperative_to_hoarding,Cooperative → hoarding,Hoarding agents,0,0.0,public_pool,Public pool,138,19,14,12,53
55,cooperative_to_hoarding,Cooperative → hoarding,Hoarding agents,0,0.0,public_pool,Public pool,148,22,17,5,49
56,cooperative_to_hoarding,Cooperative → hoarding,Hoarding agents,0,0.0,public_pool,Public pool,144,22,12,4,51
57,cooperative_to_hoarding,Cooperative → hoarding,Hoarding agents,0,0.0,public_pool,Public pool,161,27,14,5,50
58,cooperative_to_hoarding,Cooperative → hoarding,Hoarding agents,0,0.0,public_pool,Public pool,123,19,11,8,52
59,cooperative_to_hoarding,Cooperative → hoarding,Hoarding agents,0,0.0,public_pool,Public pool,168,27,19,5,52
60,cooperative_to_hoarding,Cooperative → hoarding,Hoarding agents,0,0.0,public_pool,Public pool,141,22,11,4,52
61,cooperative_to_hoarding,Cooperative → hoarding,Hoarding agents,0,0.0,public_pool,Public pool,107,17,11,7,42
62,cooperative_to_hoarding,Cooperative → hoarding,Hoarding agents,0,0.0,public_pool,Public pool,147,19,18,10,51
63,cooperative_to_hoarding,Cooperative → hoarding,Hoarding agents,0,0.0,public_pool,Public pool,123,22,8,5,52
64,cooperative_to_hoarding,Cooperative → hoarding,Hoarding agents,0,0.0,public_pool,Public pool,161,19,20,4,51
65,cooperative_to_hoarding,Cooperative → hoarding,Hoarding agents,0,0.0,public_pool,Public pool,157,27,10,7,52
66,cooperative_to_hoarding,Cooperative → hoarding,Hoarding agents,0,0.0,public_pool,Public pool,130,19,16,3,51
67,cooperative_to_hoarding,Cooperative → hoarding,Hoarding agents,0,0.0,public_pool,Public pool,132,14,21,13,45
68,cooperative_to_hoarding,Cooperative → hoarding,Hoarding agents,0,0.0,public_pool,Public pool,113,9,28,8,48
69,cooperative_to_hoarding,Cooperative → hoarding,Hoarding agents,0,0.0,public_pool,Public pool,124,19,11,3,47
70,cooperative_to_hoarding,Cooperative → hoarding,Hoarding agents,0,0.0,public_pool,Public pool,123,19,14,9,47
71,cooperative_to_hoarding,Cooperative → hoarding,Hoarding agents,0,0.0,public_pool,Public pool,137,19,13,4,46
72,cooperative_to_hoarding,Cooperative → hoarding,Hoarding agents,0,0.0,public_pool,Public pool,143,19,18,7,50
73,cooperative_to_hoarding,Cooperative → hoarding,Hoarding agents,0,0.0,public_pool,Public pool,178,30,11,5,52
74,cooperative_to_hoarding,Cooperative → hoarding,Hoarding agents,0,0.0,public_pool,Public pool,134,22,10,4,43
75,cooperative_to_hoarding,Cooperative → hoarding,Hoarding agents,0,0.0,public_pool,Public pool,148,22,13,7,53
76,cooperative_to_hoarding,Cooperative → hoarding,Hoarding agents,0,0.0,public_pool,Public pool,123,22,5,8,49
77,cooperative_to_hoarding,Cooperative → hoarding,Hoarding agents,0,0.0,public_pool,Public pool,139,22,8,8,53
78,cooperative_to_hoarding,Cooperative → hoarding,Hoarding agents,0,0.0,public_pool,Public pool,157,22,22,8,50
79,cooperative_to_hoarding,Cooperative → hoarding,Hoarding agents,0,0.0,public_pool,Public pool,136,22,16,7,54
80,cooperative_to_hoarding,Cooperative → hoarding,Hoarding agents,0,0.0,public_pool,Public pool,145,19,22,7,42
81,cooperative_to_hoarding,Cooperative → hoarding,Hoarding agents,0,0.0,public_pool,Public pool,161,22,22,5,47
82,cooperative_to_hoarding,Cooperative → hoarding,Hoarding agents,0,0.0,public_pool,Public pool,106,17,11,4,42
83,cooperative_to_hoarding,Cooperative → hoarding,Hoarding agents,0,0.0,public_pool,Public pool,142,20,23,4,47
84,cooperative_to_hoarding,Cooperative → hoarding,Hoarding agents,0,0.0,public_pool,Public pool,147,22,16,4,48
85,cooperative_to_hoarding,Cooperative → hoarding,Hoarding agents,0,0.0,public_pool,Public pool,140,22,9,9,48
86,cooperative_to_hoarding,Cooperative → hoarding,Hoarding agents,0,0.0,public_pool,Public pool,150,27,7,4,52
87,cooperative_to_hoarding,Cooperative → hoarding,Hoarding agents,0,0.0,public_pool,Public pool,108,11,17,7,49
88,cooperative_to_hoarding,Cooperative → hoarding,Hoarding agents,0,0.0,public_pool,Public pool,116,17,17,12,50
89,cooperative_to_hoarding,Cooperative → hoarding,Hoarding agents,0,0.0,public_pool,Public pool,151,22,17,5,48
90,cooperative_to_hoarding,Cooperative → hoarding,Hoarding agents,0,0.0,public_pool,Public pool,175,26,18,4,48
91,cooperative_to_hoarding,Cooperative → hoarding,Hoarding agents,0,0.0,public_pool,Public pool,141,27,3,13,49
92,cooperative_to_hoarding,Cooperative → hoarding,Hoarding agents,0,0.0,public_pool,Public pool,129,19,16,6,49
93,cooperative_to_hoarding,Cooperative → hoarding,Hoarding agents,0,0.0,public_pool,Public pool,138,22,11,5,50
94,cooperative_to_hoarding,Cooperative → hoarding,Hoarding agents,0,0.0,public_pool,Public pool,151,27,10,3,52
95,cooperative_to_hoarding,Cooperative → hoarding,Hoarding agents,0,0.0,public_pool,Public pool,139,25,5,5,46
96,cooperative_to_hoarding,Cooperative → hoarding,Hoarding agents,0,0.0,public_pool,Public pool,147,25,10,9,53
97,cooperative_to_hoarding,Cooperative → hoarding,Hoarding agents,0,0.0,public_pool,Public pool,98,17,5,7,45
98,cooperative_to_hoarding,Cooperative → hoarding,Hoarding agents,0,0.0,public_pool,Public pool,123,14,24,6,48
99,cooperative_to_hoarding,Cooperative → hoarding,Hoarding agents,0,0.0,public_pool,Public pool,136,22,13,5,50
0,cooperative_to_hoarding,Cooperative → hoarding,Hoarding agents,0,0.0,central_cap2,Central capped (2),131,14,24,10,38
1,cooperative_to_hoarding,Cooperative → hoarding,Hoarding agents,0,0.0,central_cap2,Central capped (2),118,6,34,9,35
2,cooperative_to_hoarding,Cooperative → hoarding,Hoarding agents,0,0.0,central_cap2,Central capped (2),115,12,28,6,37
3,cooperative_to_hoarding,Cooperative → hoarding,Hoarding agents,0,0.0,central_cap2,Central capped (2),126,9,31,14,38
4,cooperative_to_hoarding,Cooperative → hoarding,Hoarding agents,0,0.0,central_cap2,Central capped (2),117,9,30,8,33
5,cooperative_to_hoarding,Cooperative → hoarding,Hoarding agents,0,0.0,central_cap2,Central capped (2),113,10,25,17,38
6,cooperative_to_hoarding,Cooperative → hoarding,Hoarding agents,0,0.0,central_cap2,Central capped (2),146,17,22,10,37
7,cooperative_to_hoarding,Cooperative → hoarding,Hoarding agents,0,0.0,central_cap2,Central capped (2),134,14,22,8,36
8,cooperative_to_hoarding,Cooperative → hoarding,Hoarding agents,0,0.0,central_cap2,Central capped (2),105,6,27,13,34
9,cooperative_to_hoarding,Cooperative → hoarding,Hoarding agents,0,0.0,central_cap2,Central capped (2),114,15,18,8,32
10,cooperative_to_hoarding,Cooperative → hoarding,Hoarding agents,0,0.0,central_cap2,Central capped (2),122,17,16,4,33
11,cooperative_to_hoarding,Cooperative → hoarding,Hoarding agents,0,0.0,central_cap2,Central capped (2),162,22,24,2,32
12,cooperative_to_hoarding,Cooperative → hoarding,Hoarding agents,0,0.0,central_cap2,Central capped (2),95,9,25,12,26
13,cooperative_to_hoarding,Cooperative → hoarding,Hoarding agents,0,0.0,central_cap2,Central capped (2),114,11,31,5,35
14,cooperative_to_hoarding,Cooperative → hoarding,Hoarding agents,0,0.0,central_cap2,Central capped (2),145,20,24,13,40
15,cooperative_to_hoarding,Cooperative → hoarding,Hoarding agents,0,0.0,central_cap2,Central capped (2),104,11,24,14,38
16,cooperative_to_hoarding,Cooperative → hoarding,Hoarding agents,0,0.0,central_cap2,Central capped (2),141,11,31,6,35
17,cooperative_to_hoarding,Cooperative → hoarding,Hoarding agents,0,0.0,central_cap2,Central capped (2),138,12,29,6,37
18,cooperative_to_hoarding,Cooperative → hoarding,Hoarding agents,0,0.0,central_cap2,Central capped (2),150,19,22,7,36
19,cooperative_to_hoarding,Cooperative → hoarding,Hoarding agents,0,0.0,central_cap2,Central capped (2),145,14,24,13,37
20,cooperative_to_hoarding,Cooperative → hoarding,Hoarding agents,0,0.0,central_cap2,Central capped (2),128,6,30,7,37
21,cooperative_to_hoarding,Cooperative → hoarding,Hoarding agents,0,0.0,central_cap2,Central capped (2),103,9,22,14,34
22,cooperative_to_hoarding,Cooperative → hoarding,Hoarding agents,0,0.0,central_cap2,Central capped (2),135,19,15,7,36
23,cooperative_to_hoarding,Cooperative → hoarding,Hoarding agents,0,0.0,central_cap2,Central capped (2),129,17,16,11,37
24,cooperative_to_hoarding,Cooperative → hoarding,Hoarding agents,0,0.0,central_cap2,Central capped (2),130,20,13,10,39
25,cooperative_to_hoarding,Cooperative → hoarding,Hoarding agents,0,0.0,central_cap2,Central capped (2),140,17,24,3,37
26,cooperative_to_hoarding,Cooperative → hoarding,Hoarding agents,0,0.0,central_cap2,Central capped (2),144,17,17,13,35
27,cooperative_to_hoarding,Cooperative → hoarding,Hoarding agents,0,0.0,central_cap2,Central capped (2),149,22,20,7,35
28,cooperative_to_hoarding,Cooperative → hoarding,Hoarding agents,0,0.0,central_cap2,Central capped (2),131,17,18,6,37
29,cooperative_to_hoarding,Cooperative → hoarding,Hoarding agents,0,0.0,central_cap2,Central capped (2),100,9,24,13,34
30,cooperative_to_hoarding,Cooperative → hoarding,Hoarding agents,0,0.0,central_cap2,Central capped (2),131,18,15,2,40
31,cooperative_to_hoarding,Cooperative → hoarding,Hoarding agents,0,0.0,central_cap2,Central capped (2),68,6,14,14,32
32,cooperative_to_hoarding,Cooperative → hoarding,Hoarding agents,0,0.0,central_cap2,Central capped (2),120,17,18,12,39
33,cooperative_to_hoarding,Cooperative → hoarding,Hoarding agents,0,0.0,central_cap2,Central capped (2),131,13,31,15,33
34,cooperative_to_hoarding,Cooperative → hoarding,Hoarding agents,0,0.0,central_cap2,Central capped (2),97,9,23,15,32
35,cooperative_to_hoarding,Cooperative → hoarding,Hoarding agents,0,0.0,central_cap2,Central capped (2),120,14,26,20,36
36,cooperative_to_hoarding,Cooperative → hoarding,Hoarding agents,0,0.0,central_cap2,Central capped (2),124,9,26,14,37
37,cooperative_to_hoarding,Cooperative → hoarding,Hoarding agents,0,0.0,central_cap2,Central capped (2),130,17,27,9,35
38,cooperative_to_hoarding,Cooperative → hoarding,Hoarding agents,0,0.0,central_cap2,Central capped (2),111,17,11,11,38
39,cooperative_to_hoarding,Cooperative → hoarding,Hoarding agents,0,0.0,central_cap2,Central capped (2),130,17,22,8,35
40,cooperative_to_hoarding,Cooperative → hoarding,Hoarding agents,0,0.0,central_cap2,Central capped (2),114,14,19,11,34
41,cooperative_to_hoarding,Cooperative → hoarding,Hoarding agents,0,0.0,central_cap2,Central capped (2),141,17,29,11,37
42,cooperative_to_hoarding,Cooperative → hoarding,Hoarding agents,0,0.0,central_cap2,Central capped (2),113,6,30,15,36
43,cooperative_to_hoarding,Cooperative → hoarding,Hoarding agents,0,0.0,central_cap2,Central capped (2),108,14,11,6,37
44,cooperative_to_hoarding,Cooperative → hoarding,Hoarding agents,0,0.0,central_cap2,Central capped (2),119,17,24,7,37
45,cooperative_to_hoarding,Cooperative → hoarding,Hoarding agents,0,0.0,central_cap2,Central capped (2),114,14,22,12,39
46,cooperative_to_hoarding,Cooperative → hoarding,Hoarding agents,0,0.0,central_cap2,Central capped (2),105,14,19,9,38
47,cooperative_to_hoarding,Cooperative → hoarding,Hoarding agents,0,0.0,central_cap2,Central capped (2),143,19,32,11,34
48,cooperative_to_hoarding,Cooperative → hoarding,Hoarding agents,0,0.0,central_cap2,Central capped (2),124,9,27,9,38
49,cooperative_to_hoarding,Cooperative → hoarding,Hoarding agents,0,0.0,central_cap2,Central capped (2),141,22,16,7,39
50,cooperative_to_hoarding,Cooperative → hoarding,Hoarding agents,0,0.0,central_cap2,Central capped (2),122,17,13,9,36
51,cooperative_to_hoarding,Cooperative → hoarding,Hoarding agents,0,0.0,central_cap2,Central capped (2),133,14,28,11,33
52,cooperative_to_hoarding,Cooperative → hoarding,Hoarding agents,0,0.0,central_cap2,Central capped (2),95,12,15,14,31
53,cooperative_to_hoarding,Cooperative → hoarding,Hoarding agents,0,0.0,central_cap2,Central capped (2),121,14,20,14,30
54,cooperative_to_hoarding,Cooperative → hoarding,Hoarding agents,0,0.0,central_cap2,Central capped (2),117,17,13,5,36
55,cooperative_to_hoarding,Cooperative → hoarding,Hoarding agents,0,0.0,central_cap2,Central capped (2),100,14,16,10,35
56,cooperative_to_hoarding,Cooperative → hoarding,Hoarding agents,0,0.0,central_cap2,Central capped (2),129,14,22,5,35
57,cooperative_to_hoarding,Cooperative → hoarding,Hoarding agents,0,0.0,central_cap2,Central capped (2),117,19,14,8,33
58,cooperative_to_hoarding,Cooperative → hoarding,Hoarding agents,0,0.0,central_cap2,Central capped (2),93,11,15,15,38
59,cooperative_to_hoarding,Cooperative → hoarding,Hoarding agents,0,0.0,central_cap2,Central capped (2),136,9,26,8,38
60,cooperative_to_hoarding,Cooperative → hoarding,Hoarding agents,0,0.0,central_cap2,Central capped (2),140,19,25,6,36
61,cooperative_to_hoarding,Cooperative → hoarding,Hoarding agents,0,0.0,central_cap2,Central capped (2),138,15,26,4,37
62,cooperative_to_hoarding,Cooperative → hoarding,Hoarding agents,0,0.0,central_cap2,Central capped (2),146,19,22,8,32
63,cooperative_to_hoarding,Cooperative → hoarding,Hoarding agents,0,0.0,central_cap2,Central capped (2),76,6,19,10,38
64,cooperative_to_hoarding,Cooperative → hoarding,Hoarding agents,0,0.0,central_cap2,Central capped (2),149,14,32,8,35
65,cooperative_to_hoarding,Cooperative → hoarding,Hoarding agents,0,0.0,central_cap2,Central capped (2),114,6,25,7,36
66,cooperative_to_hoarding,Cooperative → hoarding,Hoarding agents,0,0.0,central_cap2,Central capped (2),109,9,26,8,35
67,cooperative_to_hoarding,Cooperative → hoarding,Hoarding agents,0,0.0,central_cap2,Central capped (2),88,6,22,19,38
68,cooperative_to_hoarding,Cooperative → hoarding,Hoarding agents,0,0.0,central_cap2,Central capped (2),121,9,23,7,32
69,cooperative_to_hoarding,Cooperative → hoarding,Hoarding agents,0,0.0,central_cap2,Central capped (2),109,6,34,9,33
70,cooperative_to_hoarding,Cooperative → hoarding,Hoarding agents,0,0.0,central_cap2,Central capped (2),118,20,7,13,36
71,cooperative_to_hoarding,Cooperative → hoarding,Hoarding agents,0,0.0,central_cap2,Central capped (2),146,9,46,8,37
72,cooperative_to_hoarding,Cooperative → hoarding,Hoarding agents,0,0.0,central_cap2,Central capped (2),153,22,16,2,36
73,cooperative_to_hoarding,Cooperative → hoarding,Hoarding agents,0,0.0,central_cap2,Central capped (2),145,20,18,11,36
74,cooperative_to_hoarding,Cooperative → hoarding,Hoarding agents,0,0.0,central_cap2,Central capped (2),133,20,13,2,38
75,cooperative_to_hoarding,Cooperative → hoarding,Hoarding agents,0,0.0,central_cap2,Central capped (2),134,17,19,7,37
76,cooperative_to_hoarding,Cooperative → hoarding,Hoarding agents,0,0.0,central_cap2,Central capped (2),116,14,24,7,35
77,cooperative_to_hoarding,Cooperative → hoarding,Hoarding agents,0,0.0,central_cap2,Central capped (2),74,6,27,19,31
78,cooperative_to_hoarding,Cooperative → hoarding,Hoarding agents,0,0.0,central_cap2,Central capped (2),125,15,16,9,37
79,cooperative_to_hoarding,Cooperative → hoarding,Hoarding agents,0,0.0,central_cap2,Central capped (2),104,9,20,13,32
80,cooperative_to_hoarding,Cooperative → hoarding,Hoarding agents,0,0.0,central_cap2,Central capped (2),139,16,19,16,37
81,cooperative_to_hoarding,Cooperative → hoarding,Hoarding agents,0,0.0,central_cap2,Central capped (2),149,15,23,4,39
82,cooperative_to_hoarding,Cooperative → hoarding,Hoarding agents,0,0.0,central_cap2,Central capped (2),108,6,32,11,33
83,cooperative_to_hoarding,Cooperative → hoarding,Hoarding agents,0,0.0,central_cap2,Central capped (2),102,9,20,6,32
84,cooperative_to_hoarding,Cooperative → hoarding,Hoarding agents,0,0.0,central_cap2,Central capped (2),114,6,33,12,36
85,cooperative_to_hoarding,Cooperative → hoarding,Hoarding agents,0,0.0,central_cap2,Central capped (2),135,17,18,10,35
86,cooperative_to_hoarding,Cooperative → hoarding,Hoarding agents,0,0.0,central_cap2,Central capped (2),131,17,24,9,32
87,cooperative_to_hoarding,Cooperative → hoarding,Hoarding agents,0,0.0,central_cap2,Central capped (2),142,12,30,5,38
88,cooperative_to_hoarding,Cooperative → hoarding,Hoarding agents,0,0.0,central_cap2,Central capped (2),77,11,14,11,27
89,cooperative_to_hoarding,Cooperative → hoarding,Hoarding agents,0,0.0,central_cap2,Central capped (2),125,14,22,11,37
90,cooperative_to_hoarding,Cooperative → hoarding,Hoarding agents,0,0.0,central_cap2,Central capped (2),134,17,17,13,39
91,cooperative_to_hoarding,Cooperative → hoarding,Hoarding agents,0,0.0,central_cap2,Central capped (2),134,12,23,12,37
92,cooperative_to_hoarding,Cooperative → hoarding,Hoarding agents,0,0.0,central_cap2,Central capped (2),130,17,19,18,38
93,cooperative_to_hoarding,Cooperative → hoarding,Hoarding agents,0,0.0,central_cap2,Central capped (2),91,6,24,17,35
94,cooperative_to_hoarding,Cooperative → hoarding,Hoarding agents,0,0.0,central_cap2,Central capped (2),119,17,13,10,37
95,cooperative_to_hoarding,Cooperative → hoarding,Hoarding agents,0,0.0,central_cap2,Central capped (2),84,9,19,23,35
96,cooperative_to_hoarding,Cooperative → hoarding,Hoarding agents,0,0.0,central_cap2,Central capped (2),110,14,27,18,36
97,cooperative_to_hoarding,Cooperative → hoarding,Hoarding agents,0,0.0,central_cap2,Central capped (2),119,14,16,11,36
98,cooperative_to_hoarding,Cooperative → hoarding,Hoarding agents,0,0.0,central_cap2,Central capped (2),114,9,24,9,34
99,cooperative_to_hoarding,Cooperative → hoarding,Hoarding agents,0,0.0,central_cap2,Central capped (2),116,6,35,5,36
0,cooperative_to_hoarding,Cooperative → hoarding,Hoarding agents,0,0.0,central_full,Central clearing,125,14,22,15,48
1,cooperative_to_hoarding,Cooperative → hoarding,Hoarding agents,0,0.0,central_full,Central clearing,122,9,27,3,38
2,cooperative_to_hoarding,Cooperative → hoarding,Hoarding agents,0,0.0,central_full,Central clearing,154,22,22,4,57
3,cooperative_to_hoarding,Cooperative → hoarding,Hoarding agents,0,0.0,central_full,Central clearing,174,27,17,10,59
4,cooperative_to_hoarding,Cooperative → hoarding,Hoarding agents,0,0.0,central_full,Central clearing,89,6,21,15,42
5,cooperative_to_hoarding,Cooperative → hoarding,Hoarding agents,0,0.0,central_full,Central clearing,134,22,16,13,48
6,cooperative_to_hoarding,Cooperative → hoarding,Hoarding agents,0,0.0,central_full,Central clearing,97,11,17,18,37
7,cooperative_to_hoarding,Cooperative → hoarding,Hoarding agents,0,0.0,central_full,Central clearing,150,22,19,5,48
8,cooperative_to_hoarding,Cooperative → hoarding,Hoarding agents,0,0.0,central_full,Central clearing,156,25,13,6,47
9,cooperative_to_hoarding,Cooperative → hoarding,Hoarding agents,0,0.0,central_full,Central clearing,128,19,20,7,48
10,cooperative_to_hoarding,Cooperative → hoarding,Hoarding agents,0,0.0,central_full,Central clearing,177,30,14,7,71
11,cooperative_to_hoarding,Cooperative → hoarding,Hoarding agents,0,0.0,central_full,Central clearing,117,15,28,16,46
12,cooperative_to_hoarding,Cooperative → hoarding,Hoarding agents,0,0.0,central_full,Central clearing,123,14,25,14,42
13,cooperative_to_hoarding,Cooperative → hoarding,Hoarding agents,0,0.0,central_full,Central clearing,154,22,19,4,50
14,cooperative_to_hoarding,Cooperative → hoarding,Hoarding agents,0,0.0,central_full,Central clearing,154,22,25,3,60
15,cooperative_to_hoarding,Cooperative → hoarding,Hoarding agents,0,0.0,central_full,Central clearing,124,19,15,6,50
16,cooperative_to_hoarding,Cooperative → hoarding,Hoarding agents,0,0.0,central_full,Central clearing,123,11,34,7,38
17,cooperative_to_hoarding,Cooperative → hoarding,Hoarding agents,0,0.0,central_full,Central clearing,105,11,21,16,35
18,cooperative_to_hoarding,Cooperative → hoarding,Hoarding agents,0,0.0,central_full,Central clearing,170,19,28,3,47
19,cooperative_to_hoarding,Cooperative → hoarding,Hoarding agents,0,0.0,central_full,Central clearing,180,33,8,7,65
20,cooperative_to_hoarding,Cooperative → hoarding,Hoarding agents,0,0.0,central_full,Central clearing,150,22,14,5,65
21,cooperative_to_hoarding,Cooperative → hoarding,Hoarding agents,0,0.0,central_full,Central clearing,143,20,16,14,42
22,cooperative_to_hoarding,Cooperative → hoarding,Hoarding agents,0,0.0,central_full,Central clearing,185,27,14,9,57
23,cooperative_to_hoarding,Cooperative → hoarding,Hoarding agents,0,0.0,central_full,Central clearing,165,28,16,7,58
24,cooperative_to_hoarding,Cooperative → hoarding,Hoarding agents,0,0.0,central_full,Central clearing,149,26,9,6,55
25,cooperative_to_hoarding,Cooperative → hoarding,Hoarding agents,0,0.0,central_full,Central clearing,139,22,13,11,53
26,cooperative_to_hoarding,Cooperative → hoarding,Hoarding agents,0,0.0,central_full,Central clearing,95,6,21,16,35
27,cooperative_to_hoarding,Cooperative → hoarding,Hoarding agents,0,0.0,central_full,Central clearing,159,17,25,14,58
28,cooperative_to_hoarding,Cooperative → hoarding,Hoarding agents,0,0.0,central_full,Central clearing,124,19,19,5,46
29,cooperative_to_hoarding,Cooperative → hoarding,Hoarding agents,0,0.0,central_full,Central clearing,143,17,19,9,50
30,cooperative_to_hoarding,Cooperative → hoarding,Hoarding agents,0,0.0,central_full,Central clearing,169,30,11,5,64
31,cooperative_to_hoarding,Cooperative → hoarding,Hoarding agents,0,0.0,central_full,Central clearing,156,22,17,7,60
32,cooperative_to_hoarding,Cooperative → hoarding,Hoarding agents,0,0.0,central_full,Central clearing,179,27,22,6,60
33,cooperative_to_hoarding,Cooperative → hoarding,Hoarding agents,0,0.0,central_full,Central clearing,139,27,3,12,42
34,cooperative_to_hoarding,Cooperative → hoarding,Hoarding agents,0,0.0,central_full,Central clearing,136,17,24,4,50
35,cooperative_to_hoarding,Cooperative → hoarding,Hoarding agents,0,0.0,central_full,Central clearing,150,25,12,12,44
36,cooperative_to_hoarding,Cooperative → hoarding,Hoarding agents,0,0.0,central_full,Central clearing,150,25,12,3,57
37,cooperative_to_hoarding,Cooperative → hoarding,Hoarding agents,0,0.0,central_full,Central clearing,136,22,15,12,52
38,cooperative_to_hoarding,Cooperative → hoarding,Hoarding agents,0,0.0,central_full,Central clearing,159,30,6,9,61
39,cooperative_to_hoarding,Cooperative → hoarding,Hoarding agents,0,0.0,central_full,Central clearing,140,17,22,8,39
40,cooperative_to_hoarding,Cooperative → hoarding,Hoarding agents,0,0.0,central_full,Central clearing,164,27,18,5,57
41,cooperative_to_hoarding,Cooperative → hoarding,Hoarding agents,0,0.0,central_full,Central clearing,146,17,22,8,63
42,cooperative_to_hoarding,Cooperative → hoarding,Hoarding agents,0,0.0,central_full,Central clearing,105,9,25,7,42
43,cooperative_to_hoarding,Cooperative → hoarding,Hoarding agents,0,0.0,central_full,Central clearing,142,22,11,8,52
44,cooperative_to_hoarding,Cooperative → hoarding,Hoarding agents,0,0.0,central_full,Central clearing,156,27,8,8,55
45,cooperative_to_hoarding,Cooperative → hoarding,Hoarding agents,0,0.0,central_full,Central clearing,127,14,23,14,47
46,cooperative_to_hoarding,Cooperative → hoarding,Hoarding agents,0,0.0,central_full,Central clearing,109,14,21,6,50
47,cooperative_to_hoarding,Cooperative → hoarding,Hoarding agents,0,0.0,central_full,Central clearing,147,22,24,11,50
48,cooperative_to_hoarding,Cooperative → hoarding,Hoarding agents,0,0.0,central_full,Central clearing,133,22,14,6,54
49,cooperative_to_hoarding,Cooperative → hoarding,Hoarding agents,0,0.0,central_full,Central clearing,141,22,12,11,43
50,cooperative_to_hoarding,Cooperative → hoarding,Hoarding agents,0,0.0,central_full,Central clearing,116,12,18,11,43
51,cooperative_to_hoarding,Cooperative → hoarding,Hoarding agents,0,0.0,central_full,Central clearing,155,20,23,11,51
52,cooperative_to_hoarding,Cooperative → hoarding,Hoarding agents,0,0.0,central_full,Central clearing,97,12,15,16,39
53,cooperative_to_hoarding,Cooperative → hoarding,Hoarding agents,0,0.0,central_full,Central clearing,163,28,13,2,51
54,cooperative_to_hoarding,Cooperative → hoarding,Hoarding agents,0,0.0,central_full,Central clearing,125,17,15,8,44
55,cooperative_to_hoarding,Cooperative → hoarding,Hoarding agents,0,0.0,central_full,Central clearing,134,14,29,15,50
56,cooperative_to_hoarding,Cooperative → hoarding,Hoarding agents,0,0.0,central_full,Central clearing,128,17,19,5,47
57,cooperative_to_hoarding,Cooperative → hoarding,Hoarding agents,0,0.0,central_full,Central clearing,175,30,17,6,57
58,cooperative_to_hoarding,Cooperative → hoarding,Hoarding agents,0,0.0,central_full,Central clearing,98,17,5,12,55
59,cooperative_to_hoarding,Cooperative → hoarding,Hoarding agents,0,0.0,central_full,Central clearing,173,27,17,10,57
60,cooperative_to_hoarding,Cooperative → hoarding,Hoarding agents,0,0.0,central_full,Central clearing,160,22,21,10,62
61,cooperative_to_hoarding,Cooperative → hoarding,Hoarding agents,0,0.0,central_full,Central clearing,153,22,16,6,49
62,cooperative_to_hoarding,Cooperative → hoarding,Hoarding agents,0,0.0,central_full,Central clearing,157,22,16,10,36
63,cooperative_to_hoarding,Cooperative → hoarding,Hoarding agents,0,0.0,central_full,Central clearing,156,27,9,5,62
64,cooperative_to_hoarding,Cooperative → hoarding,Hoarding agents,0,0.0,central_full,Central clearing,163,19,26,8,53
65,cooperative_to_hoarding,Cooperative → hoarding,Hoarding agents,0,0.0,central_full,Central clearing,138,19,23,7,47
66,cooperative_to_hoarding,Cooperative → hoarding,Hoarding agents,0,0.0,central_full,Central clearing,153,22,22,5,50
67,cooperative_to_hoarding,Cooperative → hoarding,Hoarding agents,0,0.0,central_full,Central clearing,141,20,16,13,53
68,cooperative_to_hoarding,Cooperative → hoarding,Hoarding agents,0,0.0,central_full,Central clearing,113,9,22,7,34
69,cooperative_to_hoarding,Cooperative → hoarding,Hoarding agents,0,0.0,central_full,Central clearing,130,17,17,4,44
70,cooperative_to_hoarding,Cooperative → hoarding,Hoarding agents,0,0.0,central_full,Central clearing,152,22,19,5,42
71,cooperative_to_hoarding,Cooperative → hoarding,Hoarding agents,0,0.0,central_full,Central clearing,174,28,12,3,60
72,cooperative_to_hoarding,Cooperative → hoarding,Hoarding agents,0,0.0,central_full,Central clearing,164,25,16,5,56
73,cooperative_to_hoarding,Cooperative → hoarding,Hoarding agents,0,0.0,central_full,Central clearing,159,28,9,8,56
74,cooperative_to_hoarding,Cooperative → hoarding,Hoarding agents,0,0.0,central_full,Central clearing,178,30,16,5,57
75,cooperative_to_hoarding,Cooperative → hoarding,Hoarding agents,0,0.0,central_full,Central clearing,133,14,28,10,58
76,cooperative_to_hoarding,Cooperative → hoarding,Hoarding agents,0,0.0,central_full,Central clearing,110,17,13,13,46
77,cooperative_to_hoarding,Cooperative → hoarding,Hoarding agents,0,0.0,central_full,Central clearing,151,25,11,7,64
78,cooperative_to_hoarding,Cooperative → hoarding,Hoarding agents,0,0.0,central_full,Central clearing,159,25,13,19,52
79,cooperative_to_hoarding,Cooperative → hoarding,Hoarding agents,0,0.0,central_full,Central clearing,108,9,24,10,45
80,cooperative_to_hoarding,Cooperative → hoarding,Hoarding agents,0,0.0,central_full,Central clearing,176,27,17,6,54
81,cooperative_to_hoarding,Cooperative → hoarding,Hoarding agents,0,0.0,central_full,Central clearing,188,27,22,6,58
82,cooperative_to_hoarding,Cooperative → hoarding,Hoarding agents,0,0.0,central_full,Central clearing,112,9,21,5,42
83,cooperative_to_hoarding,Cooperative → hoarding,Hoarding agents,0,0.0,central_full,Central clearing,145,22,17,4,56
84,cooperative_to_hoarding,Cooperative → hoarding,Hoarding agents,0,0.0,central_full,Central clearing,129,17,14,7,56
85,cooperative_to_hoarding,Cooperative → hoarding,Hoarding agents,0,0.0,central_full,Central clearing,178,29,17,14,65
86,cooperative_to_hoarding,Cooperative → hoarding,Hoarding agents,0,0.0,central_full,Central clearing,133,19,22,9,36
87,cooperative_to_hoarding,Cooperative → hoarding,Hoarding agents,0,0.0,central_full,Central clearing,159,25,19,8,48
88,cooperative_to_hoarding,Cooperative → hoarding,Hoarding agents,0,0.0,central_full,Central clearing,84,11,13,8,30
89,cooperative_to_hoarding,Cooperative → hoarding,Hoarding agents,0,0.0,central_full,Central clearing,187,27,17,6,54
90,cooperative_to_hoarding,Cooperative → hoarding,Hoarding agents,0,0.0,central_full,Central clearing,150,21,14,8,49
91,cooperative_to_hoarding,Cooperative → hoarding,Hoarding agents,0,0.0,central_full,Central clearing,147,25,11,8,63
92,cooperative_to_hoarding,Cooperative → hoarding,Hoarding agents,0,0.0,central_full,Central clearing,168,27,15,7,57
93,cooperative_to_hoarding,Cooperative → hoarding,Hoarding agents,0,0.0,central_full,Central clearing,129,22,8,9,59
94,cooperative_to_hoarding,Cooperative → hoarding,Hoarding agents,0,0.0,central_full,Central clearing,170,14,28,11,53
95,cooperative_to_hoarding,Cooperative → hoarding,Hoarding agents,0,0.0,central_full,Central clearing,146,22,16,6,61
96,cooperative_to_hoarding,Cooperative → hoarding,Hoarding agents,0,0.0,central_full,Central clearing,162,23,21,5,62
97,cooperative_to_hoarding,Cooperative → hoarding,Hoarding agents,0,0.0,central_full,Central clearing,111,12,23,15,46
98,cooperative_to_hoarding,Cooperative → hoarding,Hoarding agents,0,0.0,central_full,Central clearing,133,14,19,6,40
99,cooperative_to_hoarding,Cooperative → hoarding,Hoarding agents,0,0.0,central_full,Central clearing,168,22,28,7,59
0,cooperative_to_hoarding,Cooperative → hoarding,Hoarding agents,0,0.0,equity_central,Equity central,136,19,21,6,52
1,cooperative_to_hoarding,Cooperative → hoarding,Hoarding agents,0,0.0,equity_central,Equity central,114,17,21,6,52
2,cooperative_to_hoarding,Cooperative → hoarding,Hoarding agents,0,0.0,equity_central,Equity central,130,22,19,9,54
3,cooperative_to_hoarding,Cooperative → hoarding,Hoarding agents,0,0.0,equity_central,Equity central,177,27,20,8,59
4,cooperative_to_hoarding,Cooperative → hoarding,Hoarding agents,0,0.0,equity_central,Equity central,76,6,19,18,43
5,cooperative_to_hoarding,Cooperative → hoarding,Hoarding agents,0,0.0,equity_central,Equity central,154,25,11,9,55
6,cooperative_to_hoarding,Cooperative → hoarding,Hoarding agents,0,0.0,equity_central,Equity central,67,9,10,17,35
7,cooperative_to_hoarding,Cooperative → hoarding,Hoarding agents,0,0.0,equity_central,Equity central,150,25,13,7,53
8,cooperative_to_hoarding,Cooperative → hoarding,Hoarding agents,0,0.0,equity_central,Equity central,128,17,30,5,54
9,cooperative_to_hoarding,Cooperative → hoarding,Hoarding agents,0,0.0,equity_central,Equity central,109,17,16,15,44
10,cooperative_to_hoarding,Cooperative → hoarding,Hoarding agents,0,0.0,equity_central,Equity central,165,27,11,10,64
11,cooperative_to_hoarding,Cooperative → hoarding,Hoarding agents,0,0.0,equity_central,Equity central,128,17,26,10,40
12,cooperative_to_hoarding,Cooperative → hoarding,Hoarding agents,0,0.0,equity_central,Equity central,126,14,23,13,39
13,cooperative_to_hoarding,Cooperative → hoarding,Hoarding agents,0,0.0,equity_central,Equity central,140,22,14,7,45
14,cooperative_to_hoarding,Cooperative → hoarding,Hoarding agents,0,0.0,equity_central,Equity central,119,19,12,6,50
15,cooperative_to_hoarding,Cooperative → hoarding,Hoarding agents,0,0.0,equity_central,Equity central,130,17,23,4,58
16,cooperative_to_hoarding,Cooperative → hoarding,Hoarding agents,0,0.0,equity_central,Equity central,122,14,27,5,37
17,cooperative_to_hoarding,Cooperative → hoarding,Hoarding agents,0,0.0,equity_central,Equity central,93,9,21,16,35
18,cooperative_to_hoarding,Cooperative → hoarding,Hoarding agents,0,0.0,equity_central,Equity central,161,19,24,12,61
19,cooperative_to_hoarding,Cooperative → hoarding,Hoarding agents,0,0.0,equity_central,Equity central,169,32,4,11,61
20,cooperative_to_hoarding,Cooperative → hoarding,Hoarding agents,0,0.0,equity_central,Equity central,161,27,12,7,68
21,cooperative_to_hoarding,Cooperative → hoarding,Hoarding agents,0,0.0,equity_central,Equity central,133,22,8,6,48
22,cooperative_to_hoarding,Cooperative → hoarding,Hoarding agents,0,0.0,equity_central,Equity central,186,30,12,6,62
23,cooperative_to_hoarding,Cooperative → hoarding,Hoarding agents,0,0.0,equity_central,Equity central,176,30,16,7,57
24,cooperative_to_hoarding,Cooperative → hoarding,Hoarding agents,0,0.0,equity_central,Equity central,159,27,9,7,56
25,cooperative_to_hoarding,Cooperative → hoarding,Hoarding agents,0,0.0,equity_central,Equity central,179,30,17,5,66
26,cooperative_to_hoarding,Cooperative → hoarding,Hoarding agents,0,0.0,equity_central,Equity central,106,14,19,14,39
27,cooperative_to_hoarding,Cooperative → hoarding,Hoarding agents,0,0.0,equity_central,Equity central,175,30,11,12,52
28,cooperative_to_hoarding,Cooperative → hoarding,Hoarding agents,0,0.0,equity_central,Equity central,127,14,27,6,54
29,cooperative_to_hoarding,Cooperative → hoarding,Hoarding agents,0,0.0,equity_central,Equity central,117,17,14,7,42
30,cooperative_to_hoarding,Cooperative → hoarding,Hoarding agents,0,0.0,equity_central,Equity central,138,25,6,6,52
31,cooperative_to_hoarding,Cooperative → hoarding,Hoarding agents,0,0.0,equity_central,Equity central,167,27,17,11,58
32,cooperative_to_hoarding,Cooperative → hoarding,Hoarding agents,0,0.0,equity_central,Equity central,158,27,14,3,48
33,cooperative_to_hoarding,Cooperative → hoarding,Hoarding agents,0,0.0,equity_central,Equity central,131,20,22,19,48
34,cooperative_to_hoarding,Cooperative → hoarding,Hoarding agents,0,0.0,equity_central,Equity central,123,17,18,8,40
35,cooperative_to_hoarding,Cooperative → hoarding,Hoarding agents,0,0.0,equity_central,Equity central,167,30,5,12,47
36,cooperative_to_hoarding,Cooperative → hoarding,Hoarding agents,0,0.0,equity_central,Equity central,155,25,17,8,62
37,cooperative_to_hoarding,Cooperative → hoarding,Hoarding agents,0,0.0,equity_central,Equity central,137,22,13,7,50
38,cooperative_to_hoarding,Cooperative → hoarding,Hoarding agents,0,0.0,equity_central,Equity central,166,30,6,12,58
39,cooperative_to_hoarding,Cooperative → hoarding,Hoarding agents,0,0.0,equity_central,Equity central,112,14,15,8,37
40,cooperative_to_hoarding,Cooperative → hoarding,Hoarding agents,0,0.0,equity_central,Equity central,129,19,11,9,66
41,cooperative_to_hoarding,Cooperative → hoarding,Hoarding agents,0,0.0,equity_central,Equity central,153,22,22,4,60
42,cooperative_to_hoarding,Cooperative → hoarding,Hoarding agents,0,0.0,equity_central,Equity central,95,16,6,14,42
43,cooperative_to_hoarding,Cooperative → hoarding,Hoarding agents,0,0.0,equity_central,Equity central,139,22,8,10,60
44,cooperative_to_hoarding,Cooperative → hoarding,Hoarding agents,0,0.0,equity_central,Equity central,164,30,5,5,60
45,cooperative_to_hoarding,Cooperative → hoarding,Hoarding agents,0,0.0,equity_central,Equity central,130,22,8,18,45
46,cooperative_to_hoarding,Cooperative → hoarding,Hoarding agents,0,0.0,equity_central,Equity central,161,27,11,9,75
47,cooperative_to_hoarding,Cooperative → hoarding,Hoarding agents,0,0.0,equity_central,Equity central,148,22,20,11,47
48,cooperative_to_hoarding,Cooperative → hoarding,Hoarding agents,0,0.0,equity_central,Equity central,117,17,14,7,55
49,cooperative_to_hoarding,Cooperative → hoarding,Hoarding agents,0,0.0,equity_central,Equity central,127,20,10,5,41
50,cooperative_to_hoarding,Cooperative → hoarding,Hoarding agents,0,0.0,equity_central,Equity central,101,12,13,16,44
51,cooperative_to_hoarding,Cooperative → hoarding,Hoarding agents,0,0.0,equity_central,Equity central,160,25,10,7,57
52,cooperative_to_hoarding,Cooperative → hoarding,Hoarding agents,0,0.0,equity_central,Equity central,112,19,9,9,49
53,cooperative_to_hoarding,Cooperative → hoarding,Hoarding agents,0,0.0,equity_central,Equity central,152,25,13,9,42
54,cooperative_to_hoarding,Cooperative → hoarding,Hoarding agents,0,0.0,equity_central,Equity central,141,25,6,6,46
55,cooperative_to_hoarding,Cooperative → hoarding,Hoarding agents,0,0.0,equity_central,Equity central,136,17,25,19,49
56,cooperative_to_hoarding,Cooperative → hoarding,Hoarding agents,0,0.0,equity_central,Equity central,115,17,17,4,44
57,cooperative_to_hoarding,Cooperative → hoarding,Hoarding agents,0,0.0,equity_central,Equity central,173,30,8,5,63
58,cooperative_to_hoarding,Cooperative → hoarding,Hoarding agents,0,0.0,equity_central,Equity central,78,14,5,19,47
59,cooperative_to_hoarding,Cooperative → hoarding,Hoarding agents,0,0.0,equity_central,Equity central,185,27,16,6,60
60,cooperative_to_hoarding,Cooperative → hoarding,Hoarding agents,0,0.0,equity_central,Equity central,166,25,21,8,61
61,cooperative_to_hoarding,Cooperative → hoarding,Hoarding agents,0,0.0,equity_central,Equity central,115,17,18,13,50
62,cooperative_to_hoarding,Cooperative → hoarding,Hoarding agents,0,0.0,equity_central,Equity central,157,22,16,10,36
63,cooperative_to_hoarding,Cooperative → hoarding,Hoarding agents,0,0.0,equity_central,Equity central,140,22,14,4,55
64,cooperative_to_hoarding,Cooperative → hoarding,Hoarding agents,0,0.0,equity_central,Equity central,171,22,21,8,57
65,cooperative_to_hoarding,Cooperative → hoarding,Hoarding agents,0,0.0,equity_central,Equity central,144,19,23,5,52
66,cooperative_to_hoarding,Cooperative → hoarding,Hoarding agents,0,0.0,equity_central,Equity central,140,22,17,3,50
67,cooperative_to_hoarding,Cooperative → hoarding,Hoarding agents,0,0.0,equity_central,Equity central,122,15,23,12,42
68,cooperative_to_hoarding,Cooperative → hoarding,Hoarding agents,0,0.0,equity_central,Equity central,102,19,3,8,40
69,cooperative_to_hoarding,Cooperative → hoarding,Hoarding agents,0,0.0,equity_central,Equity central,109,14,16,11,45
70,cooperative_to_hoarding,Cooperative → hoarding,Hoarding agents,0,0.0,equity_central,Equity central,172,30,13,6,61
71,cooperative_to_hoarding,Cooperative → hoarding,Hoarding agents,0,0.0,equity_central,Equity central,158,22,16,6,50
72,cooperative_to_hoarding,Cooperative → hoarding,Hoarding agents,0,0.0,equity_central,Equity central,165,30,8,6,58
73,cooperative_to_hoarding,Cooperative → hoarding,Hoarding agents,0,0.0,equity_central,Equity central,155,27,9,11,52
74,cooperative_to_hoarding,Cooperative → hoarding,Hoarding agents,0,0.0,equity_central,Equity central,171,27,16,6,65
75,cooperative_to_hoarding,Cooperative → hoarding,Hoarding agents,0,0.0,equity_central,Equity central,122,14,19,10,51
76,cooperative_to_hoarding,Cooperative → hoarding,Hoarding agents,0,0.0,equity_central,Equity central,138,27,3,12,60
77,cooperative_to_hoarding,Cooperative → hoarding,Hoarding agents,0,0.0,equity_central,Equity central,146,22,14,9,56
78,cooperative_to_hoarding,Cooperative → hoarding,Hoarding agents,0,0.0,equity_central,Equity central,150,22,17,11,50
79,cooperative_to_hoarding,Cooperative → hoarding,Hoarding agents,0,0.0,equity_central,Equity central,91,13,12,15,50
80,cooperative_to_hoarding,Cooperative → hoarding,Hoarding agents,0,0.0,equity_central,Equity central,116,20,7,16,44
81,cooperative_to_hoarding,Cooperative → hoarding,Hoarding agents,0,0.0,equity_central,Equity central,172,30,7,4,55
82,cooperative_to_hoarding,Cooperative → hoarding,Hoarding agents,0,0.0,equity_central,Equity central,91,14,11,18,42
83,cooperative_to_hoarding,Cooperative → hoarding,Hoarding agents,0,0.0,equity_central,Equity central,145,27,4,12,53
84,cooperative_to_hoarding,Cooperative → hoarding,Hoarding agents,0,0.0,equity_central,Equity central,136,22,19,9,56
85,cooperative_to_hoarding,Cooperative → hoarding,Hoarding agents,0,0.0,equity_central,Equity central,178,31,10,6,57
86,cooperative_to_hoarding,Cooperative → hoarding,Hoarding agents,0,0.0,equity_central,Equity central,136,21,17,9,40
87,cooperative_to_hoarding,Cooperative → hoarding,Hoarding agents,0,0.0,equity_central,Equity central,155,22,15,7,53
88,cooperative_to_hoarding,Cooperative → hoarding,Hoarding agents,0,0.0,equity_central,Equity central,75,11,11,15,28
89,cooperative_to_hoarding,Cooperative → hoarding,Hoarding agents,0,0.0,equity_central,Equity central,178,27,15,10,53
90,cooperative_to_hoarding,Cooperative → hoarding,Hoarding agents,0,0.0,equity_central,Equity central,162,30,8,8,49
91,cooperative_to_hoarding,Cooperative → hoarding,Hoarding agents,0,0.0,equity_central,Equity central,163,27,16,8,56
92,cooperative_to_hoarding,Cooperative → hoarding,Hoarding agents,0,0.0,equity_central,Equity central,138,25,5,12,51
93,cooperative_to_hoarding,Cooperative → hoarding,Hoarding agents,0,0.0,equity_central,Equity central,107,15,21,6,48
94,cooperative_to_hoarding,Cooperative → hoarding,Hoarding agents,0,0.0,equity_central,Equity central,169,14,32,11,58
95,cooperative_to_hoarding,Cooperative → hoarding,Hoarding agents,0,0.0,equity_central,Equity central,141,22,14,8,61
96,cooperative_to_hoarding,Cooperative → hoarding,Hoarding agents,0,0.0,equity_central,Equity central,149,25,11,10,65
97,cooperative_to_hoarding,Cooperative → hoarding,Hoarding agents,0,0.0,equity_central,Equity central,128,17,13,6,45
98,cooperative_to_hoarding,Cooperative → hoarding,Hoarding agents,0,0.0,equity_central,Equity central,112,17,10,7,45
99,cooperative_to_hoarding,Cooperative → hoarding,Hoarding agents,0,0.0,equity_central,Equity central,159,19,27,8,66
0,cooperative_to_hoarding,Cooperative → hoarding,Hoarding agents,1,0.2,no_trade,No trade,56,2,35,12,0
1,cooperative_to_hoarding,Cooperative → hoarding,Hoarding agents,1,0.2,no_trade,No trade,28,2,13,11,0
2,cooperative_to_hoarding,Cooperative → hoarding,Hoarding agents,1,0.2,no_trade,No trade,22,2,7,12,0
3,cooperative_to_hoarding,Cooperative → hoarding,Hoarding agents,1,0.2,no_trade,No trade,12,0,6,14,0
4,cooperative_to_hoarding,Cooperative → hoarding,Hoarding agents,1,0.2,no_trade,No trade,21,3,3,11,0
5,cooperative_to_hoarding,Cooperative → hoarding,Hoarding agents,1,0.2,no_trade,No trade,13,1,5,5,0
6,cooperative_to_hoarding,Cooperative → hoarding,Hoarding agents,1,0.2,no_trade,No trade,52,3,17,8,0
7,cooperative_to_hoarding,Cooperative → hoarding,Hoarding agents,1,0.2,no_trade,No trade,36,3,8,10,0
8,cooperative_to_hoarding,Cooperative → hoarding,Hoarding agents,1,0.2,no_trade,No trade,36,0,15,11,0
9,cooperative_to_hoarding,Cooperative → hoarding,Hoarding agents,1,0.2,no_trade,No trade,39,3,10,11,0
10,cooperative_to_hoarding,Cooperative → hoarding,Hoarding agents,1,0.2,no_trade,No trade,25,2,7,22,0
11,cooperative_to_hoarding,Cooperative → hoarding,Hoarding agents,1,0.2,no_trade,No trade,34,3,12,26,0
12,cooperative_to_hoarding,Cooperative → hoarding,Hoarding agents,1,0.2,no_trade,No trade,44,1,25,11,0
13,cooperative_to_hoarding,Cooperative → hoarding,Hoarding agents,1,0.2,no_trade,No trade,30,0,20,16,0
14,cooperative_to_hoarding,Cooperative → hoarding,Hoarding agents,1,0.2,no_trade,No trade,18,0,9,15,0
15,cooperative_to_hoarding,Cooperative → hoarding,Hoarding agents,1,0.2,no_trade,No trade,27,1,10,14,0
16,cooperative_to_hoarding,Cooperative → hoarding,Hoarding agents,1,0.2,no_trade,No trade,37,0,26,16,0
17,cooperative_to_hoarding,Cooperative → hoarding,Hoarding agents,1,0.2,no_trade,No trade,39,1,19,22,0
18,cooperative_to_hoarding,Cooperative → hoarding,Hoarding agents,1,0.2,no_trade,No trade,44,3,23,12,0
19,cooperative_to_hoarding,Cooperative → hoarding,Hoarding agents,1,0.2,no_trade,No trade,34,2,11,16,0
20,cooperative_to_hoarding,Cooperative → hoarding,Hoarding agents,1,0.2,no_trade,No trade,19,2,4,16,0
21,cooperative_to_hoarding,Cooperative → hoarding,Hoarding agents,1,0.2,no_trade,No trade,31,2,10,14,0
22,cooperative_to_hoarding,Cooperative → hoarding,Hoarding agents,1,0.2,no_trade,No trade,28,2,12,21,0
23,cooperative_to_hoarding,Cooperative → hoarding,Hoarding agents,1,0.2,no_trade,No trade,27,2,8,20,0
24,cooperative_to_hoarding,Cooperative → hoarding,Hoarding agents,1,0.2,no_trade,No trade,33,3,15,9,0
25,cooperative_to_hoarding,Cooperative → hoarding,Hoarding agents,1,0.2,no_trade,No trade,33,2,15,14,0
26,cooperative_to_hoarding,Cooperative → hoarding,Hoarding agents,1,0.2,no_trade,No trade,25,1,8,13,0
27,cooperative_to_hoarding,Cooperative → hoarding,Hoarding agents,1,0.2,no_trade,No trade,23,1,6,19,0
28,cooperative_to_hoarding,Cooperative → hoarding,Hoarding agents,1,0.2,no_trade,No trade,33,1,16,20,0
29,cooperative_to_hoarding,Cooperative → hoarding,Hoarding agents,1,0.2,no_trade,No trade,36,2,21,17,0
30,cooperative_to_hoarding,Cooperative → hoarding,Hoarding agents,1,0.2,no_trade,No trade,45,1,16,7,0
31,cooperative_to_hoarding,Cooperative → hoarding,Hoarding agents,1,0.2,no_trade,No trade,45,3,13,6,0
32,cooperative_to_hoarding,Cooperative → hoarding,Hoarding agents,1,0.2,no_trade,No trade,25,2,7,15,0
33,cooperative_to_hoarding,Cooperative → hoarding,Hoarding agents,1,0.2,no_trade,No trade,42,1,30,19,0
34,cooperative_to_hoarding,Cooperative → hoarding,Hoarding agents,1,0.2,no_trade,No trade,37,3,11,17,0
35,cooperative_to_hoarding,Cooperative → hoarding,Hoarding agents,1,0.2,no_trade,No trade,28,1,8,11,0
36,cooperative_to_hoarding,Cooperative → hoarding,Hoarding agents,1,0.2,no_trade,No trade,24,2,7,14,0
37,cooperative_to_hoarding,Cooperative → hoarding,Hoarding agents,1,0.2,no_trade,No trade,21,2,7,14,0
38,cooperative_to_hoarding,Cooperative → hoarding,Hoarding agents,1,0.2,no_trade,No trade,23,3,3,7,0
39,cooperative_to_hoarding,Cooperative → hoarding,Hoarding agents,1,0.2,no_trade,No trade,32,1,13,16,0
40,cooperative_to_hoarding,Cooperative → hoarding,Hoarding agents,1,0.2,no_trade,No trade,34,1,14,9,0
41,cooperative_to_hoarding,Cooperative → hoarding,Hoarding agents,1,0.2,no_trade,No trade,35,2,19,16,0
42,cooperative_to_hoarding,Cooperative → hoarding,Hoarding agents,1,0.2,no_trade,No trade,27,3,3,10,0
43,cooperative_to_hoarding,Cooperative → hoarding,Hoarding agents,1,0.2,no_trade,No trade,36,2,19,20,0
44,cooperative_to_hoarding,Cooperative → hoarding,Hoarding agents,1,0.2,no_trade,No trade,40,3,19,15,0
45,cooperative_to_hoarding,Cooperative → hoarding,Hoarding agents,1,0.2,no_trade,No trade,31,2,14,17,0
46,cooperative_to_hoarding,Cooperative → hoarding,Hoarding agents,1,0.2,no_trade,No trade,32,1,20,14,0
47,cooperative_to_hoarding,Cooperative → hoarding,Hoarding agents,1,0.2,no_trade,No trade,20,2,4,19,0
48,cooperative_to_hoarding,Cooperative → hoarding,Hoarding agents,1,0.2,no_trade,No trade,22,1,8,12,0
49,cooperative_to_hoarding,Cooperative → hoarding,Hoarding agents,1,0.2,no_trade,No trade,47,3,14,16,0
50,cooperative_to_hoarding,Cooperative → hoarding,Hoarding agents,1,0.2,no_trade,No trade,29,2,10,13,0
51,cooperative_to_hoarding,Cooperative → hoarding,Hoarding agents,1,0.2,no_trade,No trade,29,2,12,28,0
52,cooperative_to_hoarding,Cooperative → hoarding,Hoarding agents,1,0.2,no_trade,No trade,24,1,11,16,0
53,cooperative_to_hoarding,Cooperative → hoarding,Hoarding agents,1,0.2,no_trade,No trade,25,3,5,23,0
54,cooperative_to_hoarding,Cooperative → hoarding,Hoarding agents,1,0.2,no_trade,No trade,18,2,4,27,0
55,cooperative_to_hoarding,Cooperative → hoarding,Hoarding agents,1,0.2,no_trade,No trade,17,1,5,18,0
56,cooperative_to_hoarding,Cooperative → hoarding,Hoarding agents,1,0.2,no_trade,No trade,35,2,16,18,0
57,cooperative_to_hoarding,Cooperative → hoarding,Hoarding agents,1,0.2,no_trade,No trade,34,3,13,22,0
58,cooperative_to_hoarding,Cooperative → hoarding,Hoarding agents,1,0.2,no_trade,No trade,16,0,6,9,0
59,cooperative_to_hoarding,Cooperative → hoarding,Hoarding agents,1,0.2,no_trade,No trade,29,2,13,13,0
60,cooperative_to_hoarding,Cooperative → hoarding,Hoarding agents,1,0.2,no_trade,No trade,22,3,3,23,0
61,cooperative_to_hoarding,Cooperative → hoarding,Hoarding agents,1,0.2,no_trade,No trade,25,3,4,15,0
62,cooperative_to_hoarding,Cooperative → hoarding,Hoarding agents,1,0.2,no_trade,No trade,30,1,20,23,0
63,cooperative_to_hoarding,Cooperative → hoarding,Hoarding agents,1,0.2,no_trade,No trade,18,1,5,7,0
64,cooperative_to_hoarding,Cooperative → hoarding,Hoarding agents,1,0.2,no_trade,No trade,40,1,23,16,0
65,cooperative_to_hoarding,Cooperative → hoarding,Hoarding agents,1,0.2,no_trade,No trade,22,3,3,21,0
66,cooperative_to_hoarding,Cooperative → hoarding,Hoarding agents,1,0.2,no_trade,No trade,35,2,13,16,0
67,cooperative_to_hoarding,Cooperative → hoarding,Hoarding agents,1,0.2,no_trade,No trade,33,2,10,20,0
68,cooperative_to_hoarding,Cooperative → hoarding,Hoarding agents,1,0.2,no_trade,No trade,36,3,9,15,0
69,cooperative_to_hoarding,Cooperative → hoarding,Hoarding agents,1,0.2,no_trade,No trade,30,1,11,19,0
70,cooperative_to_hoarding,Cooperative → hoarding,Hoarding agents,1,0.2,no_trade,No trade,30,3,7,18,0
71,cooperative_to_hoarding,Cooperative → hoarding,Hoarding agents,1,0.2,no_trade,No trade,17,2,4,17,0
72,cooperative_to_hoarding,Cooperative → hoarding,Hoarding agents,1,0.2,no_trade,No trade,37,3,15,18,0
73,cooperative_to_hoarding,Cooperative → hoarding,Hoarding agents,1,0.2,no_trade,No trade,48,1,20,17,0
74,cooperative_to_hoarding,Cooperative → hoarding,Hoarding agents,1,0.2,no_trade,No trade,30,0,9,11,0
75,cooperative_to_hoarding,Cooperative → hoarding,Hoarding agents,1,0.2,no_trade,No trade,24,1,11,10,0
76,cooperative_to_hoarding,Cooperative → hoarding,Hoarding agents,1,0.2,no_trade,No trade,18,1,8,12,0
77,cooperative_to_hoarding,Cooperative → hoarding,Hoarding agents,1,0.2,no_trade,No trade,27,3,6,8,0
78,cooperative_to_hoarding,Cooperative → hoarding,Hoarding agents,1,0.2,no_trade,No trade,31,3,9,18,0
79,cooperative_to_hoarding,Cooperative → hoarding,Hoarding agents,1,0.2,no_trade,No trade,22,1,8,23,0
80,cooperative_to_hoarding,Cooperative → hoarding,Hoarding agents,1,0.2,no_trade,No trade,51,4,20,14,0
81,cooperative_to_hoarding,Cooperative → hoarding,Hoarding agents,1,0.2,no_trade,No trade,34,0,11,15,0
82,cooperative_to_hoarding,Cooperative → hoarding,Hoarding agents,1,0.2,no_trade,No trade,37,1,22,22,0
83,cooperative_to_hoarding,Cooperative → hoarding,Hoarding agents,1,0.2,no_trade,No trade,37,3,11,13,0
84,cooperative_to_hoarding,Cooperative → hoarding,Hoarding agents,1,0.2,no_trade,No trade,35,2,13,14,0
85,cooperative_to_hoarding,Cooperative → hoarding,Hoarding agents,1,0.2,no_trade,No trade,31,0,12,18,0
86,cooperative_to_hoarding,Cooperative → hoarding,Hoarding agents,1,0.2,no_trade,No trade,16,0,6,23,0
87,cooperative_to_hoarding,Cooperative → hoarding,Hoarding agents,1,0.2,no_trade,No trade,18,1,5,19,0
88,cooperative_to_hoarding,Cooperative → hoarding,Hoarding agents,1,0.2,no_trade,No trade,27,3,6,13,0
89,cooperative_to_hoarding,Cooperative → hoarding,Hoarding agents,1,0.2,no_trade,No trade,31,1,15,8,0
90,cooperative_to_hoarding,Cooperative → hoarding,Hoarding agents,1,0.2,no_trade,No trade,21,1,5,18,0
91,cooperative_to_hoarding,Cooperative → hoarding,Hoarding agents,1,0.2,no_trade,No trade,39,3,10,18,0
92,cooperative_to_hoarding,Cooperative → hoarding,Hoarding agents,1,0.2,no_trade,No trade,24,1,8,13,0
93,cooperative_to_hoarding,Cooperative → hoarding,Hoarding agents,1,0.2,no_trade,No trade,16,1,5,17,0
94,cooperative_to_hoarding,Cooperative → hoarding,Hoarding agents,1,0.2,no_trade,No trade,27,3,9,19,0
95,cooperative_to_hoarding,Cooperative → hoarding,Hoarding agents,1,0.2,no_trade,No trade,24,3,4,29,0
96,cooperative_to_hoarding,Cooperative → hoarding,Hoarding agents,1,0.2,no_trade,No trade,35,2,11,14,0
97,cooperative_to_hoarding,Cooperative → hoarding,Hoarding agents,1,0.2,no_trade,No trade,24,1,8,17,0
98,cooperative_to_hoarding,Cooperative → hoarding,Hoarding agents,1,0.2,no_trade,No trade,19,3,3,30,0
99,cooperative_to_hoarding,Cooperative → hoarding,Hoarding agents,1,0.2,no_trade,No trade,34,2,10,17,0
0,cooperative_to_hoarding,Cooperative → hoarding,Hoarding agents,1,0.2,bilateral_3pass,Bilateral 3-pass,97,12,20,19,51
1,cooperative_to_hoarding,Cooperative → hoarding,Hoarding agents,1,0.2,bilateral_3pass,Bilateral 3-pass,116,3,42,10,55
2,cooperative_to_hoarding,Cooperative → hoarding,Hoarding agents,1,0.2,bilateral_3pass,Bilateral 3-pass,146,22,20,8,67
3,cooperative_to_hoarding,Cooperative → hoarding,Hoarding agents,1,0.2,bilateral_3pass,Bilateral 3-pass,79,6,27,11,66
4,cooperative_to_hoarding,Cooperative → hoarding,Hoarding agents,1,0.2,bilateral_3pass,Bilateral 3-pass,105,6,32,17,43
5,cooperative_to_hoarding,Cooperative → hoarding,Hoarding agents,1,0.2,bilateral_3pass,Bilateral 3-pass,83,3,33,30,60
6,cooperative_to_hoarding,Cooperative → hoarding,Hoarding agents,1,0.2,bilateral_3pass,Bilateral 3-pass,76,6,17,15,29
7,cooperative_to_hoarding,Cooperative → hoarding,Hoarding agents,1,0.2,bilateral_3pass,Bilateral 3-pass,97,6,22,17,51
8,cooperative_to_hoarding,Cooperative → hoarding,Hoarding agents,1,0.2,bilateral_3pass,Bilateral 3-pass,105,10,26,6,81
9,cooperative_to_hoarding,Cooperative → hoarding,Hoarding agents,1,0.2,bilateral_3pass,Bilateral 3-pass,143,15,37,10,52
10,cooperative_to_hoarding,Cooperative → hoarding,Hoarding agents,1,0.2,bilateral_3pass,Bilateral 3-pass,112,6,30,6,61
11,cooperative_to_hoarding,Cooperative → hoarding,Hoarding agents,1,0.2,bilateral_3pass,Bilateral 3-pass,132,9,27,17,51
12,cooperative_to_hoarding,Cooperative → hoarding,Hoarding agents,1,0.2,bilateral_3pass,Bilateral 3-pass,131,19,16,8,38
13,cooperative_to_hoarding,Cooperative → hoarding,Hoarding agents,1,0.2,bilateral_3pass,Bilateral 3-pass,115,8,33,8,57
14,cooperative_to_hoarding,Cooperative → hoarding,Hoarding agents,1,0.2,bilateral_3pass,Bilateral 3-pass,102,5,26,20,66
15,cooperative_to_hoarding,Cooperative → hoarding,Hoarding agents,1,0.2,bilateral_3pass,Bilateral 3-pass,114,9,38,11,54
16,cooperative_to_hoarding,Cooperative → hoarding,Hoarding agents,1,0.2,bilateral_3pass,Bilateral 3-pass,113,17,13,11,52
17,cooperative_to_hoarding,Cooperative → hoarding,Hoarding agents,1,0.2,bilateral_3pass,Bilateral 3-pass,83,2,28,18,48
18,cooperative_to_hoarding,Cooperative → hoarding,Hoarding agents,1,0.2,bilateral_3pass,Bilateral 3-pass,134,9,37,13,70
19,cooperative_to_hoarding,Cooperative → hoarding,Hoarding agents,1,0.2,bilateral_3pass,Bilateral 3-pass,109,14,21,9,50
20,cooperative_to_hoarding,Cooperative → hoarding,Hoarding agents,1,0.2,bilateral_3pass,Bilateral 3-pass,122,11,27,10,75
21,cooperative_to_hoarding,Cooperative → hoarding,Hoarding agents,1,0.2,bilateral_3pass,Bilateral 3-pass,106,11,20,16,54
22,cooperative_to_hoarding,Cooperative → hoarding,Hoarding agents,1,0.2,bilateral_3pass,Bilateral 3-pass,131,11,35,14,61
23,cooperative_to_hoarding,Cooperative → hoarding,Hoarding agents,1,0.2,bilateral_3pass,Bilateral 3-pass,120,3,38,15,69
24,cooperative_to_hoarding,Cooperative → hoarding,Hoarding agents,1,0.2,bilateral_3pass,Bilateral 3-pass,117,21,9,11,61
25,cooperative_to_hoarding,Cooperative → hoarding,Hoarding agents,1,0.2,bilateral_3pass,Bilateral 3-pass,141,11,28,7,64
26,cooperative_to_hoarding,Cooperative → hoarding,Hoarding agents,1,0.2,bilateral_3pass,Bilateral 3-pass,97,14,16,24,54
27,cooperative_to_hoarding,Cooperative → hoarding,Hoarding agents,1,0.2,bilateral_3pass,Bilateral 3-pass,88,6,28,25,40
28,cooperative_to_hoarding,Cooperative → hoarding,Hoarding agents,1,0.2,bilateral_3pass,Bilateral 3-pass,119,14,20,16,44
29,cooperative_to_hoarding,Cooperative → hoarding,Hoarding agents,1,0.2,bilateral_3pass,Bilateral 3-pass,114,11,35,4,54
30,cooperative_to_hoarding,Cooperative → hoarding,Hoarding agents,1,0.2,bilateral_3pass,Bilateral 3-pass,151,14,30,8,72
31,cooperative_to_hoarding,Cooperative → hoarding,Hoarding agents,1,0.2,bilateral_3pass,Bilateral 3-pass,119,14,30,8,63
32,cooperative_to_hoarding,Cooperative → hoarding,Hoarding agents,1,0.2,bilateral_3pass,Bilateral 3-pass,132,3,44,13,71
33,cooperative_to_hoarding,Cooperative → hoarding,Hoarding agents,1,0.2,bilateral_3pass,Bilateral 3-pass,115,14,21,15,39
34,cooperative_to_hoarding,Cooperative → hoarding,Hoarding agents,1,0.2,bilateral_3pass,Bilateral 3-pass,90,9,24,10,49
35,cooperative_to_hoarding,Cooperative → hoarding,Hoarding agents,1,0.2,bilateral_3pass,Bilateral 3-pass,117,14,24,14,44
36,cooperative_to_hoarding,Cooperative → hoarding,Hoarding agents,1,0.2,bilateral_3pass,Bilateral 3-pass,120,14,21,11,53
37,cooperative_to_hoarding,Cooperative → hoarding,Hoarding agents,1,0.2,bilateral_3pass,Bilateral 3-pass,124,14,19,16,71
38,cooperative_to_hoarding,Cooperative → hoarding,Hoarding agents,1,0.2,bilateral_3pass,Bilateral 3-pass,80,4,24,12,64
39,cooperative_to_hoarding,Cooperative → hoarding,Hoarding agents,1,0.2,bilateral_3pass,Bilateral 3-pass,131,14,32,9,68
40,cooperative_to_hoarding,Cooperative → hoarding,Hoarding agents,1,0.2,bilateral_3pass,Bilateral 3-pass,119,6,38,19,69
41,cooperative_to_hoarding,Cooperative → hoarding,Hoarding agents,1,0.2,bilateral_3pass,Bilateral 3-pass,151,19,33,4,56
42,cooperative_to_hoarding,Cooperative → hoarding,Hoarding agents,1,0.2,bilateral_3pass,Bilateral 3-pass,106,3,30,13,82
43,cooperative_to_hoarding,Cooperative → hoarding,Hoarding agents,1,0.2,bilateral_3pass,Bilateral 3-pass,138,19,15,18,48
44,cooperative_to_hoarding,Cooperative → hoarding,Hoarding agents,1,0.2,bilateral_3pass,Bilateral 3-pass,120,10,34,16,50
45,cooperative_to_hoarding,Cooperative → hoarding,Hoarding agents,1,0.2,bilateral_3pass,Bilateral 3-pass,88,6,30,14,49
46,cooperative_to_hoarding,Cooperative → hoarding,Hoarding agents,1,0.2,bilateral_3pass,Bilateral 3-pass,118,3,38,14,70
47,cooperative_to_hoarding,Cooperative → hoarding,Hoarding agents,1,0.2,bilateral_3pass,Bilateral 3-pass,129,11,30,11,40
48,cooperative_to_hoarding,Cooperative → hoarding,Hoarding agents,1,0.2,bilateral_3pass,Bilateral 3-pass,129,17,24,9,59
49,cooperative_to_hoarding,Cooperative → hoarding,Hoarding agents,1,0.2,bilateral_3pass,Bilateral 3-pass,118,14,31,8,59
50,cooperative_to_hoarding,Cooperative → hoarding,Hoarding agents,1,0.2,bilateral_3pass,Bilateral 3-pass,92,11,15,12,55
51,cooperative_to_hoarding,Cooperative → hoarding,Hoarding agents,1,0.2,bilateral_3pass,Bilateral 3-pass,143,21,23,8,48
52,cooperative_to_hoarding,Cooperative → hoarding,Hoarding agents,1,0.2,bilateral_3pass,Bilateral 3-pass,125,2,36,19,62
53,cooperative_to_hoarding,Cooperative → hoarding,Hoarding agents,1,0.2,bilateral_3pass,Bilateral 3-pass,115,9,24,19,43
54,cooperative_to_hoarding,Cooperative → hoarding,Hoarding agents,1,0.2,bilateral_3pass,Bilateral 3-pass,142,14,35,5,55
55,cooperative_to_hoarding,Cooperative → hoarding,Hoarding agents,1,0.2,bilateral_3pass,Bilateral 3-pass,84,6,27,15,59
56,cooperative_to_hoarding,Cooperative → hoarding,Hoarding agents,1,0.2,bilateral_3pass,Bilateral 3-pass,125,6,35,16,70
57,cooperative_to_hoarding,Cooperative → hoarding,Hoarding agents,1,0.2,bilateral_3pass,Bilateral 3-pass,142,17,25,15,65
58,cooperative_to_hoarding,Cooperative → hoarding,Hoarding agents,1,0.2,bilateral_3pass,Bilateral 3-pass,67,9,13,19,42
59,cooperative_to_hoarding,Cooperative → hoarding,Hoarding agents,1,0.2,bilateral_3pass,Bilateral 3-pass,137,11,27,15,58
60,cooperative_to_hoarding,Cooperative → hoarding,Hoarding agents,1,0.2,bilateral_3pass,Bilateral 3-pass,99,3,43,19,62
61,cooperative_to_hoarding,Cooperative → hoarding,Hoarding agents,1,0.2,bilateral_3pass,Bilateral 3-pass,96,14,9,9,49
62,cooperative_to_hoarding,Cooperative → hoarding,Hoarding agents,1,0.2,bilateral_3pass,Bilateral 3-pass,112,7,26,21,44
63,cooperative_to_hoarding,Cooperative → hoarding,Hoarding agents,1,0.2,bilateral_3pass,Bilateral 3-pass,111,11,25,6,55
64,cooperative_to_hoarding,Cooperative → hoarding,Hoarding agents,1,0.2,bilateral_3pass,Bilateral 3-pass,115,9,20,18,62
65,cooperative_to_hoarding,Cooperative → hoarding,Hoarding agents,1,0.2,bilateral_3pass,Bilateral 3-pass,108,6,30,9,95
66,cooperative_to_hoarding,Cooperative → hoarding,Hoarding agents,1,0.2,bilateral_3pass,Bilateral 3-pass,116,6,33,7,77
67,cooperative_to_hoarding,Cooperative → hoarding,Hoarding agents,1,0.2,bilateral_3pass,Bilateral 3-pass,129,14,17,24,36
68,cooperative_to_hoarding,Cooperative → hoarding,Hoarding agents,1,0.2,bilateral_3pass,Bilateral 3-pass,140,2,53,17,74
69,cooperative_to_hoarding,Cooperative → hoarding,Hoarding agents,1,0.2,bilateral_3pass,Bilateral 3-pass,126,11,25,14,45
70,cooperative_to_hoarding,Cooperative → hoarding,Hoarding agents,1,0.2,bilateral_3pass,Bilateral 3-pass,101,12,18,13,53
71,cooperative_to_hoarding,Cooperative → hoarding,Hoarding agents,1,0.2,bilateral_3pass,Bilateral 3-pass,150,14,46,9,65
72,cooperative_to_hoarding,Cooperative → hoarding,Hoarding agents,1,0.2,bilateral_3pass,Bilateral 3-pass,158,18,42,8,46
73,cooperative_to_hoarding,Cooperative → hoarding,Hoarding agents,1,0.2,bilateral_3pass,Bilateral 3-pass,137,3,35,23,60
74,cooperative_to_hoarding,Cooperative → hoarding,Hoarding agents,1,0.2,bilateral_3pass,Bilateral 3-pass,144,19,16,6,78
75,cooperative_to_hoarding,Cooperative → hoarding,Hoarding agents,1,0.2,bilateral_3pass,Bilateral 3-pass,150,5,52,7,64
76,cooperative_to_hoarding,Cooperative → hoarding,Hoarding agents,1,0.2,bilateral_3pass,Bilateral 3-pass,76,3,33,17,49
77,cooperative_to_hoarding,Cooperative → hoarding,Hoarding agents,1,0.2,bilateral_3pass,Bilateral 3-pass,145,19,22,3,55
78,cooperative_to_hoarding,Cooperative → hoarding,Hoarding agents,1,0.2,bilateral_3pass,Bilateral 3-pass,130,9,24,9,49
79,cooperative_to_hoarding,Cooperative → hoarding,Hoarding agents,1,0.2,bilateral_3pass,Bilateral 3-pass,87,6,19,13,51
80,cooperative_to_hoarding,Cooperative → hoarding,Hoarding agents,1,0.2,bilateral_3pass,Bilateral 3-pass,107,6,28,14,62
81,cooperative_to_hoarding,Cooperative → hoarding,Hoarding agents,1,0.2,bilateral_3pass,Bilateral 3-pass,148,11,32,11,59
82,cooperative_to_hoarding,Cooperative → hoarding,Hoarding agents,1,0.2,bilateral_3pass,Bilateral 3-pass,142,6,40,10,62
83,cooperative_to_hoarding,Cooperative → hoarding,Hoarding agents,1,0.2,bilateral_3pass,Bilateral 3-pass,130,14,19,9,58
84,cooperative_to_hoarding,Cooperative → hoarding,Hoarding agents,1,0.2,bilateral_3pass,Bilateral 3-pass,143,11,39,12,52
85,cooperative_to_hoarding,Cooperative → hoarding,Hoarding agents,1,0.2,bilateral_3pass,Bilateral 3-pass,156,26,10,6,40
86,cooperative_to_hoarding,Cooperative → hoarding,Hoarding agents,1,0.2,bilateral_3pass,Bilateral 3-pass,100,9,24,25,39
87,cooperative_to_hoarding,Cooperative → hoarding,Hoarding agents,1,0.2,bilateral_3pass,Bilateral 3-pass,136,11,35,12,52
88,cooperative_to_hoarding,Cooperative → hoarding,Hoarding agents,1,0.2,bilateral_3pass,Bilateral 3-pass,118,9,22,11,52
89,cooperative_to_hoarding,Cooperative → hoarding,Hoarding agents,1,0.2,bilateral_3pass,Bilateral 3-pass,136,14,20,8,43
90,cooperative_to_hoarding,Cooperative → hoarding,Hoarding agents,1,0.2,bilateral_3pass,Bilateral 3-pass,141,17,28,11,56
91,cooperative_to_hoarding,Cooperative → hoarding,Hoarding agents,1,0.2,bilateral_3pass,Bilateral 3-pass,83,6,25,20,58
92,cooperative_to_hoarding,Cooperative → hoarding,Hoarding agents,1,0.2,bilateral_3pass,Bilateral 3-pass,79,2,21,24,59
93,cooperative_to_hoarding,Cooperative → hoarding,Hoarding agents,1,0.2,bilateral_3pass,Bilateral 3-pass,111,3,34,15,63
94,cooperative_to_hoarding,Cooperative → hoarding,Hoarding agents,1,0.2,bilateral_3pass,Bilateral 3-pass,167,22,20,7,68
95,cooperative_to_hoarding,Cooperative → hoarding,Hoarding agents,1,0.2,bilateral_3pass,Bilateral 3-pass,136,11,35,7,45
96,cooperative_to_hoarding,Cooperative → hoarding,Hoarding agents,1,0.2,bilateral_3pass,Bilateral 3-pass,108,12,19,15,49
97,cooperative_to_hoarding,Cooperative → hoarding,Hoarding agents,1,0.2,bilateral_3pass,Bilateral 3-pass,106,14,13,14,42
98,cooperative_to_hoarding,Cooperative → hoarding,Hoarding agents,1,0.2,bilateral_3pass,Bilateral 3-pass,149,17,38,7,45
99,cooperative_to_hoarding,Cooperative → hoarding,Hoarding agents,1,0.2,bilateral_3pass,Bilateral 3-pass,64,5,17,15,53
0,cooperative_to_hoarding,Cooperative → hoarding,Hoarding agents,1,0.2,public_pool,Public pool,89,2,31,17,33
1,cooperative_to_hoarding,Cooperative → hoarding,Hoarding agents,1,0.2,public_pool,Public pool,107,11,30,5,44
2,cooperative_to_hoarding,Cooperative → hoarding,Hoarding agents,1,0.2,public_pool,Public pool,164,27,12,4,45
3,cooperative_to_hoarding,Cooperative → hoarding,Hoarding agents,1,0.2,public_pool,Public pool,132,14,35,7,53
4,cooperative_to_hoarding,Cooperative → hoarding,Hoarding agents,1,0.2,public_pool,Public pool,123,6,40,10,48
5,cooperative_to_hoarding,Cooperative → hoarding,Hoarding agents,1,0.2,public_pool,Public pool,119,13,39,2,42
6,cooperative_to_hoarding,Cooperative → hoarding,Hoarding agents,1,0.2,public_pool,Public pool,97,11,20,21,42
7,cooperative_to_hoarding,Cooperative → hoarding,Hoarding agents,1,0.2,public_pool,Public pool,98,9,35,12,43
8,cooperative_to_hoarding,Cooperative → hoarding,Hoarding agents,1,0.2,public_pool,Public pool,143,22,14,4,50
9,cooperative_to_hoarding,Cooperative → hoarding,Hoarding agents,1,0.2,public_pool,Public pool,129,22,11,4,46
10,cooperative_to_hoarding,Cooperative → hoarding,Hoarding agents,1,0.2,public_pool,Public pool,147,19,20,8,48
11,cooperative_to_hoarding,Cooperative → hoarding,Hoarding agents,1,0.2,public_pool,Public pool,131,14,24,9,46
12,cooperative_to_hoarding,Cooperative → hoarding,Hoarding agents,1,0.2,public_pool,Public pool,135,17,22,2,46
13,cooperative_to_hoarding,Cooperative → hoarding,Hoarding agents,1,0.2,public_pool,Public pool,108,14,16,6,47
14,cooperative_to_hoarding,Cooperative → hoarding,Hoarding agents,1,0.2,public_pool,Public pool,129,13,43,5,53
15,cooperative_to_hoarding,Cooperative → hoarding,Hoarding agents,1,0.2,public_pool,Public pool,83,6,24,21,49
16,cooperative_to_hoarding,Cooperative → hoarding,Hoarding agents,1,0.2,public_pool,Public pool,124,14,30,2,44
17,cooperative_to_hoarding,Cooperative → hoarding,Hoarding agents,1,0.2,public_pool,Public pool,141,19,38,6,48
18,cooperative_to_hoarding,Cooperative → hoarding,Hoarding agents,1,0.2,public_pool,Public pool,124,18,20,6,42
19,cooperative_to_hoarding,Cooperative → hoarding,Hoarding agents,1,0.2,public_pool,Public pool,144,22,27,8,55
20,cooperative_to_hoarding,Cooperative → hoarding,Hoarding agents,1,0.2,public_pool,Public pool,123,11,43,18,49
21,cooperative_to_hoarding,Cooperative → hoarding,Hoarding agents,1,0.2,public_pool,Public pool,119,14,22,5,43
22,cooperative_to_hoarding,Cooperative → hoarding,Hoarding agents,1,0.2,public_pool,Public pool,116,14,19,4,41
23,cooperative_to_hoarding,Cooperative → hoarding,Hoarding agents,1,0.2,public_pool,Public pool,113,11,30,7,39
24,cooperative_to_hoarding,Cooperative → hoarding,Hoarding agents,1,0.2,public_pool,Public pool,129,14,34,2,44
25,cooperative_to_hoarding,Cooperative → hoarding,Hoarding agents,1,0.2,public_pool,Public pool,129,17,32,3,46
26,cooperative_to_hoarding,Cooperative → hoarding,Hoarding agents,1,0.2,public_pool,Public pool,123,11,34,13,40
27,cooperative_to_hoarding,Cooperative → hoarding,Hoarding agents,1,0.2,public_pool,Public pool,113,9,43,10,45
28,cooperative_to_hoarding,Cooperative → hoarding,Hoarding agents,1,0.2,public_pool,Public pool,122,17,13,6,47
29,cooperative_to_hoarding,Cooperative → hoarding,Hoarding agents,1,0.2,public_pool,Public pool,124,19,11,7,49
30,cooperative_to_hoarding,Cooperative → hoarding,Hoarding agents,1,0.2,public_pool,Public pool,127,11,29,12,46
31,cooperative_to_hoarding,Cooperative → hoarding,Hoarding agents,1,0.2,public_pool,Public pool,120,14,24,5,46
32,cooperative_to_hoarding,Cooperative → hoarding,Hoarding agents,1,0.2,public_pool,Public pool,133,14,27,2,48
33,cooperative_to_hoarding,Cooperative → hoarding,Hoarding agents,1,0.2,public_pool,Public pool,113,19,15,6,47
34,cooperative_to_hoarding,Cooperative → hoarding,Hoarding agents,1,0.2,public_pool,Public pool,117,13,25,7,44
35,cooperative_to_hoarding,Cooperative → hoarding,Hoarding agents,1,0.2,public_pool,Public pool,126,14,34,5,45
36,cooperative_to_hoarding,Cooperative → hoarding,Hoarding agents,1,0.2,public_pool,Public pool,110,6,27,10,40
37,cooperative_to_hoarding,Cooperative → hoarding,Hoarding agents,1,0.2,public_pool,Public pool,140,21,18,7,44
38,cooperative_to_hoarding,Cooperative → hoarding,Hoarding agents,1,0.2,public_pool,Public pool,121,11,23,2,38
39,cooperative_to_hoarding,Cooperative → hoarding,Hoarding agents,1,0.2,public_pool,Public pool,114,17,16,8,41
40,cooperative_to_hoarding,Cooperative → hoarding,Hoarding agents,1,0.2,public_pool,Public pool,113,8,47,7,36
41,cooperative_to_hoarding,Cooperative → hoarding,Hoarding agents,1,0.2,public_pool,Public pool,132,11,34,6,42
42,cooperative_to_hoarding,Cooperative → hoarding,Hoarding agents,1,0.2,public_pool,Public pool,131,14,30,10,48
43,cooperative_to_hoarding,Cooperative → hoarding,Hoarding agents,1,0.2,public_pool,Public pool,134,19,12,11,48
44,cooperative_to_hoarding,Cooperative → hoarding,Hoarding agents,1,0.2,public_pool,Public pool,104,19,3,9,49
45,cooperative_to_hoarding,Cooperative → hoarding,Hoarding agents,1,0.2,public_pool,Public pool,128,22,8,8,47
46,cooperative_to_hoarding,Cooperative → hoarding,Hoarding agents,1,0.2,public_pool,Public pool,145,22,16,6,53
47,cooperative_to_hoarding,Cooperative → hoarding,Hoarding agents,1,0.2,public_pool,Public pool,148,22,14,9,53
48,cooperative_to_hoarding,Cooperative → hoarding,Hoarding agents,1,0.2,public_pool,Public pool,140,14,30,8,50
49,cooperative_to_hoarding,Cooperative → hoarding,Hoarding agents,1,0.2,public_pool,Public pool,121,14,21,4,41
50,cooperative_to_hoarding,Cooperative → hoarding,Hoarding agents,1,0.2,public_pool,Public pool,137,17,40,6,46
51,cooperative_to_hoarding,Cooperative → hoarding,Hoarding agents,1,0.2,public_pool,Public pool,142,22,15,10,39
52,cooperative_to_hoarding,Cooperative → hoarding,Hoarding agents,1,0.2,public_pool,Public pool,159,27,11,3,48
53,cooperative_to_hoarding,Cooperative → hoarding,Hoarding agents,1,0.2,public_pool,Public pool,150,22,21,4,41
54,cooperative_to_hoarding,Cooperative → hoarding,Hoarding agents,1,0.2,public_pool,Public pool,89,9,18,2,37
55,cooperative_to_hoarding,Cooperative → hoarding,Hoarding agents,1,0.2,public_pool,Public pool,113,6,43,9,46
56,cooperative_to_hoarding,Cooperative → hoarding,Hoarding agents,1,0.2,public_pool,Public pool,102,6,35,5,40
57,cooperative_to_hoarding,Cooperative → hoarding,Hoarding agents,1,0.2,public_pool,Public pool,117,19,16,12,41
58,cooperative_to_hoarding,Cooperative → hoarding,Hoarding agents,1,0.2,public_pool,Public pool,97,6,30,12,46
59,cooperative_to_hoarding,Cooperative → hoarding,Hoarding agents,1,0.2,public_pool,Public pool,120,11,36,3,42
60,cooperative_to_hoarding,Cooperative → hoarding,Hoarding agents,1,0.2,public_pool,Public pool,139,25,8,5,48
61,cooperative_to_hoarding,Cooperative → hoarding,Hoarding agents,1,0.2,public_pool,Public pool,94,11,24,26,45
62,cooperative_to_hoarding,Cooperative → hoarding,Hoarding agents,1,0.2,public_pool,Public pool,119,14,24,6,37
63,cooperative_to_hoarding,Cooperative → hoarding,Hoarding agents,1,0.2,public_pool,Public pool,107,11,41,8,41
64,cooperative_to_hoarding,Cooperative → hoarding,Hoarding agents,1,0.2,public_pool,Public pool,91,6,34,5,34
65,cooperative_to_hoarding,Cooperative → hoarding,Hoarding agents,1,0.2,public_pool,Public pool,145,14,29,6,48
66,cooperative_to_hoarding,Cooperative → hoarding,Hoarding agents,1,0.2,public_pool,Public pool,118,11,36,4,44
67,cooperative_to_hoarding,Cooperative → hoarding,Hoarding agents,1,0.2,public_pool,Public pool,133,17,18,7,44
68,cooperative_to_hoarding,Cooperative → hoarding,Hoarding agents,1,0.2,public_pool,Public pool,106,9,38,9,40
69,cooperative_to_hoarding,Cooperative → hoarding,Hoarding agents,1,0.2,public_pool,Public pool,118,19,9,6,41
70,cooperative_to_hoarding,Cooperative → hoarding,Hoarding agents,1,0.2,public_pool,Public pool,123,13,36,11,50
71,cooperative_to_hoarding,Cooperative → hoarding,Hoarding agents,1,0.2,public_pool,Public pool,146,27,4,7,47
72,cooperative_to_hoarding,Cooperative → hoarding,Hoarding agents,1,0.2,public_pool,Public pool,109,13,28,9,40
73,cooperative_to_hoarding,Cooperative → hoarding,Hoarding agents,1,0.2,public_pool,Public pool,162,25,25,7,45
74,cooperative_to_hoarding,Cooperative → hoarding,Hoarding agents,1,0.2,public_pool,Public pool,140,19,39,5,44
75,cooperative_to_hoarding,Cooperative → hoarding,Hoarding agents,1,0.2,public_pool,Public pool,152,8,47,9,52
76,cooperative_to_hoarding,Cooperative → hoarding,Hoarding agents,1,0.2,public_pool,Public pool,117,13,41,15,45
77,cooperative_to_hoarding,Cooperative → hoarding,Hoarding agents,1,0.2,public_pool,Public pool,136,19,14,17,48
78,cooperative_to_hoarding,Cooperative → hoarding,Hoarding agents,1,0.2,public_pool,Public pool,156,27,11,6,48
79,cooperative_to_hoarding,Cooperative → hoarding,Hoarding agents,1,0.2,public_pool,Public pool,107,14,21,8,46
80,cooperative_to_hoarding,Cooperative → hoarding,Hoarding agents,1,0.2,public_pool,Public pool,126,14,29,18,40
81,cooperative_to_hoarding,Cooperative → hoarding,Hoarding agents,1,0.2,public_pool,Public pool,132,10,50,3,37
82,cooperative_to_hoarding,Cooperative → hoarding,Hoarding agents,1,0.2,public_pool,Public pool,140,19,20,8,48
83,cooperative_to_hoarding,Cooperative → hoarding,Hoarding agents,1,0.2,public_pool,Public pool,98,4,50,12,34
84,cooperative_to_hoarding,Cooperative → hoarding,Hoarding agents,1,0.2,public_pool,Public pool,121,19,11,12,41
85,cooperative_to_hoarding,Cooperative → hoarding,Hoarding agents,1,0.2,public_pool,Public pool,119,11,41,12,40
86,cooperative_to_hoarding,Cooperative → hoarding,Hoarding agents,1,0.2,public_pool,Public pool,117,14,30,6,46
87,cooperative_to_hoarding,Cooperative → hoarding,Hoarding agents,1,0.2,public_pool,Public pool,89,6,43,5,36
88,cooperative_to_hoarding,Cooperative → hoarding,Hoarding agents,1,0.2,public_pool,Public pool,80,10,10,16,38
89,cooperative_to_hoarding,Cooperative → hoarding,Hoarding agents,1,0.2,public_pool,Public pool,143,17,24,8,51
90,cooperative_to_hoarding,Cooperative → hoarding,Hoarding agents,1,0.2,public_pool,Public pool,111,5,39,5,41
91,cooperative_to_hoarding,Cooperative → hoarding,Hoarding agents,1,0.2,public_pool,Public pool,127,22,9,5,50
92,cooperative_to_hoarding,Cooperative → hoarding,Hoarding agents,1,0.2,public_pool,Public pool,139,11,41,15,43
93,cooperative_to_hoarding,Cooperative → hoarding,Hoarding agents,1,0.2,public_pool,Public pool,114,14,22,7,45
94,cooperative_to_hoarding,Cooperative → hoarding,Hoarding agents,1,0.2,public_pool,Public pool,100,7,38,6,35
95,cooperative_to_hoarding,Cooperative → hoarding,Hoarding agents,1,0.2,public_pool,Public pool,157,22,22,6,48
96,cooperative_to_hoarding,Cooperative → hoarding,Hoarding agents,1,0.2,public_pool,Public pool,121,14,22,4,43
97,cooperative_to_hoarding,Cooperative → hoarding,Hoarding agents,1,0.2,public_pool,Public pool,91,6,36,2,43
98,cooperative_to_hoarding,Cooperative → hoarding,Hoarding agents,1,0.2,public_pool,Public pool,149,22,18,4,53
99,cooperative_to_hoarding,Cooperative → hoarding,Hoarding agents,1,0.2,public_pool,Public pool,111,14,27,4,48
0,cooperative_to_hoarding,Cooperative → hoarding,Hoarding agents,1,0.2,central_cap2,Central capped (2),131,14,24,10,38
1,cooperative_to_hoarding,Cooperative → hoarding,Hoarding agents,1,0.2,central_cap2,Central capped (2),111,9,31,3,34
2,cooperative_to_hoarding,Cooperative → hoarding,Hoarding agents,1,0.2,central_cap2,Central capped (2),138,12,23,9,38
3,cooperative_to_hoarding,Cooperative → hoarding,Hoarding agents,1,0.2,central_cap2,Central capped (2),109,17,14,8,37
4,cooperative_to_hoarding,Cooperative → hoarding,Hoarding agents,1,0.2,central_cap2,Central capped (2),114,9,30,10,33
5,cooperative_to_hoarding,Cooperative → hoarding,Hoarding agents,1,0.2,central_cap2,Central capped (2),127,14,23,18,38
6,cooperative_to_hoarding,Cooperative → hoarding,Hoarding agents,1,0.2,central_cap2,Central capped (2),144,15,27,7,37
7,cooperative_to_hoarding,Cooperative → hoarding,Hoarding agents,1,0.2,central_cap2,Central capped (2),132,9,27,4,36
8,cooperative_to_hoarding,Cooperative → hoarding,Hoarding agents,1,0.2,central_cap2,Central capped (2),121,17,20,7,36
9,cooperative_to_hoarding,Cooperative → hoarding,Hoarding agents,1,0.2,central_cap2,Central capped (2),105,9,18,18,30
10,cooperative_to_hoarding,Cooperative → hoarding,Hoarding agents,1,0.2,central_cap2,Central capped (2),138,23,13,4,35
11,cooperative_to_hoarding,Cooperative → hoarding,Hoarding agents,1,0.2,central_cap2,Central capped (2),114,17,19,17,38
12,cooperative_to_hoarding,Cooperative → hoarding,Hoarding agents,1,0.2,central_cap2,Central capped (2),94,9,24,14,28
13,cooperative_to_hoarding,Cooperative → hoarding,Hoarding agents,1,0.2,central_cap2,Central capped (2),96,3,27,19,34
14,cooperative_to_hoarding,Cooperative → hoarding,Hoarding agents,1,0.2,central_cap2,Central capped (2),158,22,16,4,39
15,cooperative_to_hoarding,Cooperative → hoarding,Hoarding agents,1,0.2,central_cap2,Central capped (2),111,11,23,5,37
16,cooperative_to_hoarding,Cooperative → hoarding,Hoarding agents,1,0.2,central_cap2,Central capped (2),111,11,17,8,36
17,cooperative_to_hoarding,Cooperative → hoarding,Hoarding agents,1,0.2,central_cap2,Central capped (2),133,22,11,8,38
18,cooperative_to_hoarding,Cooperative → hoarding,Hoarding agents,1,0.2,central_cap2,Central capped (2),167,19,26,5,34
19,cooperative_to_hoarding,Cooperative → hoarding,Hoarding agents,1,0.2,central_cap2,Central capped (2),130,20,16,14,36
20,cooperative_to_hoarding,Cooperative → hoarding,Hoarding agents,1,0.2,central_cap2,Central capped (2),128,14,32,7,35
21,cooperative_to_hoarding,Cooperative → hoarding,Hoarding agents,1,0.2,central_cap2,Central capped (2),103,9,22,14,35
22,cooperative_to_hoarding,Cooperative → hoarding,Hoarding agents,1,0.2,central_cap2,Central capped (2),135,20,11,12,38
23,cooperative_to_hoarding,Cooperative → hoarding,Hoarding agents,1,0.2,central_cap2,Central capped (2),108,9,24,9,37
24,cooperative_to_hoarding,Cooperative → hoarding,Hoarding agents,1,0.2,central_cap2,Central capped (2),130,14,25,11,39
25,cooperative_to_hoarding,Cooperative → hoarding,Hoarding agents,1,0.2,central_cap2,Central capped (2),140,17,24,3,37
26,cooperative_to_hoarding,Cooperative → hoarding,Hoarding agents,1,0.2,central_cap2,Central capped (2),124,17,11,3,39
27,cooperative_to_hoarding,Cooperative → hoarding,Hoarding agents,1,0.2,central_cap2,Central capped (2),113,9,25,19,29
28,cooperative_to_hoarding,Cooperative → hoarding,Hoarding agents,1,0.2,central_cap2,Central capped (2),99,9,27,10,38
29,cooperative_to_hoarding,Cooperative → hoarding,Hoarding agents,1,0.2,central_cap2,Central capped (2),99,9,16,4,34
30,cooperative_to_hoarding,Cooperative → hoarding,Hoarding agents,1,0.2,central_cap2,Central capped (2),129,11,32,14,39
31,cooperative_to_hoarding,Cooperative → hoarding,Hoarding agents,1,0.2,central_cap2,Central capped (2),108,11,19,12,36
32,cooperative_to_hoarding,Cooperative → hoarding,Hoarding agents,1,0.2,central_cap2,Central capped (2),90,14,17,2,37
33,cooperative_to_hoarding,Cooperative → hoarding,Hoarding agents,1,0.2,central_cap2,Central capped (2),93,13,12,25,30
34,cooperative_to_hoarding,Cooperative → hoarding,Hoarding agents,1,0.2,central_cap2,Central capped (2),135,22,13,9,35
35,cooperative_to_hoarding,Cooperative → hoarding,Hoarding agents,1,0.2,central_cap2,Central capped (2),115,9,33,17,36
36,cooperative_to_hoarding,Cooperative → hoarding,Hoarding agents,1,0.2,central_cap2,Central capped (2),122,14,22,13,38
37,cooperative_to_hoarding,Cooperative → hoarding,Hoarding agents,1,0.2,central_cap2,Central capped (2),88,9,17,15,35
38,cooperative_to_hoarding,Cooperative → hoarding,Hoarding agents,1,0.2,central_cap2,Central capped (2),109,9,24,6,36
39,cooperative_to_hoarding,Cooperative → hoarding,Hoarding agents,1,0.2,central_cap2,Central capped (2),152,19,24,3,34
40,cooperative_to_hoarding,Cooperative → hoarding,Hoarding agents,1,0.2,central_cap2,Central capped (2),114,12,27,9,38
41,cooperative_to_hoarding,Cooperative → hoarding,Hoarding agents,1,0.2,central_cap2,Central capped (2),144,14,32,9,37
42,cooperative_to_hoarding,Cooperative → hoarding,Hoarding agents,1,0.2,central_cap2,Central capped (2),124,9,27,8,36
43,cooperative_to_hoarding,Cooperative → hoarding,Hoarding agents,1,0.2,central_cap2,Central capped (2),108,14,11,6,37
44,cooperative_to_hoarding,Cooperative → hoarding,Hoarding agents,1,0.2,central_cap2,Central capped (2),121,14,27,9,32
45,cooperative_to_hoarding,Cooperative → hoarding,Hoarding agents,1,0.2,central_cap2,Central capped (2),89,6,24,23,36
46,cooperative_to_hoarding,Cooperative → hoarding,Hoarding agents,1,0.2,central_cap2,Central capped (2),105,14,19,9,38
47,cooperative_to_hoarding,Cooperative → hoarding,Hoarding agents,1,0.2,central_cap2,Central capped (2),129,12,31,12,35
48,cooperative_to_hoarding,Cooperative → hoarding,Hoarding agents,1,0.2,central_cap2,Central capped (2),94,9,18,12,36
49,cooperative_to_hoarding,Cooperative → hoarding,Hoarding agents,1,0.2,central_cap2,Central capped (2),141,22,16,7,39
50,cooperative_to_hoarding,Cooperative → hoarding,Hoarding agents,1,0.2,central_cap2,Central capped (2),131,17,20,10,38
51,cooperative_to_hoarding,Cooperative → hoarding,Hoarding agents,1,0.2,central_cap2,Central capped (2),141,17,18,11,31
52,cooperative_to_hoarding,Cooperative → hoarding,Hoarding agents,1,0.2,central_cap2,Central capped (2),113,17,16,9,31
53,cooperative_to_hoarding,Cooperative → hoarding,Hoarding agents,1,0.2,central_cap2,Central capped (2),155,17,24,7,34
54,cooperative_to_hoarding,Cooperative → hoarding,Hoarding agents,1,0.2,central_cap2,Central capped (2),87,6,27,14,32
55,cooperative_to_hoarding,Cooperative → hoarding,Hoarding agents,1,0.2,central_cap2,Central capped (2),119,9,30,5,36
56,cooperative_to_hoarding,Cooperative → hoarding,Hoarding agents,1,0.2,central_cap2,Central capped (2),110,11,19,12,34
57,cooperative_to_hoarding,Cooperative → hoarding,Hoarding agents,1,0.2,central_cap2,Central capped (2),141,19,17,12,35
58,cooperative_to_hoarding,Cooperative → hoarding,Hoarding agents,1,0.2,central_cap2,Central capped (2),113,14,22,7,38
59,cooperative_to_hoarding,Cooperative → hoarding,Hoarding agents,1,0.2,central_cap2,Central capped (2),134,14,24,17,38
60,cooperative_to_hoarding,Cooperative → hoarding,Hoarding agents,1,0.2,central_cap2,Central capped (2),140,19,25,6,36
61,cooperative_to_hoarding,Cooperative → hoarding,Hoarding agents,1,0.2,central_cap2,Central capped (2),143,17,18,7,32
62,cooperative_to_hoarding,Cooperative → hoarding,Hoarding agents,1,0.2,central_cap2,Central capped (2),128,17,27,8,31
63,cooperative_to_hoarding,Cooperative → hoarding,Hoarding agents,1,0.2,central_cap2,Central capped (2),115,6,24,6,38
64,cooperative_to_hoarding,Cooperative → hoarding,Hoarding agents,1,0.2,central_cap2,Central capped (2),136,20,16,7,35
65,cooperative_to_hoarding,Cooperative → hoarding,Hoarding agents,1,0.2,central_cap2,Central capped (2),114,6,25,7,36
66,cooperative_to_hoarding,Cooperative → hoarding,Hoarding agents,1,0.2,central_cap2,Central capped (2),109,9,26,8,35
67,cooperative_to_hoarding,Cooperative → hoarding,Hoarding agents,1,0.2,central_cap2,Central capped (2),109,9,24,9,40
68,cooperative_to_hoarding,Cooperative → hoarding,Hoarding agents,1,0.2,central_cap2,Central capped (2),102,9,22,11,33
69,cooperative_to_hoarding,Cooperative → hoarding,Hoarding agents,1,0.2,central_cap2,Central capped (2),113,14,19,6,35
70,cooperative_to_hoarding,Cooperative → hoarding,Hoarding agents,1,0.2,central_cap2,Central capped (2),123,12,37,4,37
71,cooperative_to_hoarding,Cooperative → hoarding,Hoarding agents,1,0.2,central_cap2,Central capped (2),151,9,45,11,37
72,cooperative_to_hoarding,Cooperative → hoarding,Hoarding agents,1,0.2,central_cap2,Central capped (2),154,17,29,6,38
73,cooperative_to_hoarding,Cooperative → hoarding,Hoarding agents,1,0.2,central_cap2,Central capped (2),142,20,18,8,36
74,cooperative_to_hoarding,Cooperative → hoarding,Hoarding agents,1,0.2,central_cap2,Central capped (2),121,17,16,5,38
75,cooperative_to_hoarding,Cooperative → hoarding,Hoarding agents,1,0.2,central_cap2,Central capped (2),166,18,28,12,39
76,cooperative_to_hoarding,Cooperative → hoarding,Hoarding agents,1,0.2,central_cap2,Central capped (2),111,11,22,3,36
77,cooperative_to_hoarding,Cooperative → hoarding,Hoarding agents,1,0.2,central_cap2,Central capped (2),149,22,16,4,35
78,cooperative_to_hoarding,Cooperative → hoarding,Hoarding agents,1,0.2,central_cap2,Central capped (2),128,18,18,7,34
79,cooperative_to_hoarding,Cooperative → hoarding,Hoarding agents,1,0.2,central_cap2,Central capped (2),107,9,21,14,33
80,cooperative_to_hoarding,Cooperative → hoarding,Hoarding agents,1,0.2,central_cap2,Central capped (2),129,14,29,15,37
81,cooperative_to_hoarding,Cooperative → hoarding,Hoarding agents,1,0.2,central_cap2,Central capped (2),149,15,23,4,39
82,cooperative_to_hoarding,Cooperative → hoarding,Hoarding agents,1,0.2,central_cap2,Central capped (2),119,17,13,9,28
83,cooperative_to_hoarding,Cooperative → hoarding,Hoarding agents,1,0.2,central_cap2,Central capped (2),86,6,33,19,28
84,cooperative_to_hoarding,Cooperative → hoarding,Hoarding agents,1,0.2,central_cap2,Central capped (2),109,6,29,11,36
85,cooperative_to_hoarding,Cooperative → hoarding,Hoarding agents,1,0.2,central_cap2,Central capped (2),133,14,21,9,33
86,cooperative_to_hoarding,Cooperative → hoarding,Hoarding agents,1,0.2,central_cap2,Central capped (2),129,17,18,7,33
87,cooperative_to_hoarding,Cooperative → hoarding,Hoarding agents,1,0.2,central_cap2,Central capped (2),111,6,37,14,32
88,cooperative_to_hoarding,Cooperative → hoarding,Hoarding agents,1,0.2,central_cap2,Central capped (2),77,11,14,11,27
89,cooperative_to_hoarding,Cooperative → hoarding,Hoarding agents,1,0.2,central_cap2,Central capped (2),121,15,23,13,33
90,cooperative_to_hoarding,Cooperative → hoarding,Hoarding agents,1,0.2,central_cap2,Central capped (2),139,14,27,19,34
91,cooperative_to_hoarding,Cooperative → hoarding,Hoarding agents,1,0.2,central_cap2,Central capped (2),122,14,18,14,36
92,cooperative_to_hoarding,Cooperative → hoarding,Hoarding agents,1,0.2,central_cap2,Central capped (2),138,17,24,13,38
93,cooperative_to_hoarding,Cooperative → hoarding,Hoarding agents,1,0.2,central_cap2,Central capped (2),108,14,13,10,37
94,cooperative_to_hoarding,Cooperative → hoarding,Hoarding agents,1,0.2,central_cap2,Central capped (2),124,17,19,2,37
95,cooperative_to_hoarding,Cooperative → hoarding,Hoarding agents,1,0.2,central_cap2,Central capped (2),102,8,27,15,35
96,cooperative_to_hoarding,Cooperative → hoarding,Hoarding agents,1,0.2,central_cap2,Central capped (2),125,17,14,9,36
97,cooperative_to_hoarding,Cooperative → hoarding,Hoarding agents,1,0.2,central_cap2,Central capped (2),104,9,21,4,36
98,cooperative_to_hoarding,Cooperative → hoarding,Hoarding agents,1,0.2,central_cap2,Central capped (2),114,9,24,9,34
99,cooperative_to_hoarding,Cooperative → hoarding,Hoarding agents,1,0.2,central_cap2,Central capped (2),125,6,40,7,35
0,cooperative_to_hoarding,Cooperative → hoarding,Hoarding agents,1,0.2,central_full,Central clearing,125,14,22,15,48
1,cooperative_to_hoarding,Cooperative → hoarding,Hoarding agents,1,0.2,central_full,Central clearing,161,12,42,5,51
2,cooperative_to_hoarding,Cooperative → hoarding,Hoarding agents,1,0.2,central_full,Central clearing,175,30,14,7,64
3,cooperative_to_hoarding,Cooperative → hoarding,Hoarding agents,1,0.2,central_full,Central clearing,174,27,17,10,58
4,cooperative_to_hoarding,Cooperative → hoarding,Hoarding agents,1,0.2,central_full,Central clearing,98,9,30,17,45
5,cooperative_to_hoarding,Cooperative → hoarding,Hoarding agents,1,0.2,central_full,Central clearing,161,25,13,6,63
6,cooperative_to_hoarding,Cooperative → hoarding,Hoarding agents,1,0.2,central_full,Central clearing,97,11,17,18,37
7,cooperative_to_hoarding,Cooperative → hoarding,Hoarding agents,1,0.2,central_full,Central clearing,138,24,6,12,47
8,cooperative_to_hoarding,Cooperative → hoarding,Hoarding agents,1,0.2,central_full,Central clearing,144,14,27,8,51
9,cooperative_to_hoarding,Cooperative → hoarding,Hoarding agents,1,0.2,central_full,Central clearing,129,14,32,16,51
10,cooperative_to_hoarding,Cooperative → hoarding,Hoarding agents,1,0.2,central_full,Central clearing,172,30,6,12,63
11,cooperative_to_hoarding,Cooperative → hoarding,Hoarding agents,1,0.2,central_full,Central clearing,130,14,19,6,61
12,cooperative_to_hoarding,Cooperative → hoarding,Hoarding agents,1,0.2,central_full,Central clearing,135,19,19,7,40
13,cooperative_to_hoarding,Cooperative → hoarding,Hoarding agents,1,0.2,central_full,Central clearing,153,25,16,6,53
14,cooperative_to_hoarding,Cooperative → hoarding,Hoarding agents,1,0.2,central_full,Central clearing,157,20,24,5,55
15,cooperative_to_hoarding,Cooperative → hoarding,Hoarding agents,1,0.2,central_full,Central clearing,125,12,20,12,36
16,cooperative_to_hoarding,Cooperative → hoarding,Hoarding agents,1,0.2,central_full,Central clearing,143,22,16,6,45
17,cooperative_to_hoarding,Cooperative → hoarding,Hoarding agents,1,0.2,central_full,Central clearing,105,11,21,16,35
18,cooperative_to_hoarding,Cooperative → hoarding,Hoarding agents,1,0.2,central_full,Central clearing,182,22,27,7,53
19,cooperative_to_hoarding,Cooperative → hoarding,Hoarding agents,1,0.2,central_full,Central clearing,170,27,14,11,59
20,cooperative_to_hoarding,Cooperative → hoarding,Hoarding agents,1,0.2,central_full,Central clearing,175,30,16,11,68
21,cooperative_to_hoarding,Cooperative → hoarding,Hoarding agents,1,0.2,central_full,Central clearing,173,27,11,10,45
22,cooperative_to_hoarding,Cooperative → hoarding,Hoarding agents,1,0.2,central_full,Central clearing,215,35,16,5,72
23,cooperative_to_hoarding,Cooperative → hoarding,Hoarding agents,1,0.2,central_full,Central clearing,160,25,12,7,58
24,cooperative_to_hoarding,Cooperative → hoarding,Hoarding agents,1,0.2,central_full,Central clearing,149,26,9,8,56
25,cooperative_to_hoarding,Cooperative → hoarding,Hoarding agents,1,0.2,central_full,Central clearing,144,19,16,8,58
26,cooperative_to_hoarding,Cooperative → hoarding,Hoarding agents,1,0.2,central_full,Central clearing,128,18,12,9,52
27,cooperative_to_hoarding,Cooperative → hoarding,Hoarding agents,1,0.2,central_full,Central clearing,116,9,28,16,29
28,cooperative_to_hoarding,Cooperative → hoarding,Hoarding agents,1,0.2,central_full,Central clearing,138,14,24,15,47
29,cooperative_to_hoarding,Cooperative → hoarding,Hoarding agents,1,0.2,central_full,Central clearing,140,17,29,6,50
30,cooperative_to_hoarding,Cooperative → hoarding,Hoarding agents,1,0.2,central_full,Central clearing,173,22,19,8,52
31,cooperative_to_hoarding,Cooperative → hoarding,Hoarding agents,1,0.2,central_full,Central clearing,166,25,23,6,64
32,cooperative_to_hoarding,Cooperative → hoarding,Hoarding agents,1,0.2,central_full,Central clearing,186,30,16,7,62
33,cooperative_to_hoarding,Cooperative → hoarding,Hoarding agents,1,0.2,central_full,Central clearing,139,25,5,10,43
34,cooperative_to_hoarding,Cooperative → hoarding,Hoarding agents,1,0.2,central_full,Central clearing,131,24,4,19,48
35,cooperative_to_hoarding,Cooperative → hoarding,Hoarding agents,1,0.2,central_full,Central clearing,168,30,10,4,44
36,cooperative_to_hoarding,Cooperative → hoarding,Hoarding agents,1,0.2,central_full,Central clearing,159,26,20,7,63
37,cooperative_to_hoarding,Cooperative → hoarding,Hoarding agents,1,0.2,central_full,Central clearing,119,11,23,14,43
38,cooperative_to_hoarding,Cooperative → hoarding,Hoarding agents,1,0.2,central_full,Central clearing,116,12,26,6,51
39,cooperative_to_hoarding,Cooperative → hoarding,Hoarding agents,1,0.2,central_full,Central clearing,188,33,10,7,61
40,cooperative_to_hoarding,Cooperative → hoarding,Hoarding agents,1,0.2,central_full,Central clearing,156,17,30,8,58
41,cooperative_to_hoarding,Cooperative → hoarding,Hoarding agents,1,0.2,central_full,Central clearing,172,25,24,4,61
42,cooperative_to_hoarding,Cooperative → hoarding,Hoarding agents,1,0.2,central_full,Central clearing,107,11,15,4,42
43,cooperative_to_hoarding,Cooperative → hoarding,Hoarding agents,1,0.2,central_full,Central clearing,127,19,15,8,54
44,cooperative_to_hoarding,Cooperative → hoarding,Hoarding agents,1,0.2,central_full,Central clearing,155,25,13,9,47
45,cooperative_to_hoarding,Cooperative → hoarding,Hoarding agents,1,0.2,central_full,Central clearing,132,22,9,17,44
46,cooperative_to_hoarding,Cooperative → hoarding,Hoarding agents,1,0.2,central_full,Central clearing,145,22,14,4,51
47,cooperative_to_hoarding,Cooperative → hoarding,Hoarding agents,1,0.2,central_full,Central clearing,149,22,24,8,50
48,cooperative_to_hoarding,Cooperative → hoarding,Hoarding agents,1,0.2,central_full,Central clearing,159,22,24,6,68
49,cooperative_to_hoarding,Cooperative → hoarding,Hoarding agents,1,0.2,central_full,Central clearing,141,25,6,8,45
50,cooperative_to_hoarding,Cooperative → hoarding,Hoarding agents,1,0.2,central_full,Central clearing,161,22,20,12,56
51,cooperative_to_hoarding,Cooperative → hoarding,Hoarding agents,1,0.2,central_full,Central clearing,167,25,16,7,62
52,cooperative_to_hoarding,Cooperative → hoarding,Hoarding agents,1,0.2,central_full,Central clearing,127,17,15,10,61
53,cooperative_to_hoarding,Cooperative → hoarding,Hoarding agents,1,0.2,central_full,Central clearing,166,22,19,7,42
54,cooperative_to_hoarding,Cooperative → hoarding,Hoarding agents,1,0.2,central_full,Central clearing,133,19,11,13,48
55,cooperative_to_hoarding,Cooperative → hoarding,Hoarding agents,1,0.2,central_full,Central clearing,142,19,24,10,48
56,cooperative_to_hoarding,Cooperative → hoarding,Hoarding agents,1,0.2,central_full,Central clearing,123,15,20,11,50
57,cooperative_to_hoarding,Cooperative → hoarding,Hoarding agents,1,0.2,central_full,Central clearing,170,27,17,10,57
58,cooperative_to_hoarding,Cooperative → hoarding,Hoarding agents,1,0.2,central_full,Central clearing,97,9,24,11,44
59,cooperative_to_hoarding,Cooperative → hoarding,Hoarding agents,1,0.2,central_full,Central clearing,180,25,20,6,57
60,cooperative_to_hoarding,Cooperative → hoarding,Hoarding agents,1,0.2,central_full,Central clearing,160,22,21,10,62
61,cooperative_to_hoarding,Cooperative → hoarding,Hoarding agents,1,0.2,central_full,Central clearing,134,9,30,6,45
62,cooperative_to_hoarding,Cooperative → hoarding,Hoarding agents,1,0.2,central_full,Central clearing,130,18,15,12,32
63,cooperative_to_hoarding,Cooperative → hoarding,Hoarding agents,1,0.2,central_full,Central clearing,167,22,24,8,60
64,cooperative_to_hoarding,Cooperative → hoarding,Hoarding agents,1,0.2,central_full,Central clearing,164,22,27,5,55
65,cooperative_to_hoarding,Cooperative → hoarding,Hoarding agents,1,0.2,central_full,Central clearing,138,19,23,7,47
66,cooperative_to_hoarding,Cooperative → hoarding,Hoarding agents,1,0.2,central_full,Central clearing,128,19,17,5,53
67,cooperative_to_hoarding,Cooperative → hoarding,Hoarding agents,1,0.2,central_full,Central clearing,141,20,16,13,53
68,cooperative_to_hoarding,Cooperative → hoarding,Hoarding agents,1,0.2,central_full,Central clearing,97,9,22,7,36
69,cooperative_to_hoarding,Cooperative → hoarding,Hoarding agents,1,0.2,central_full,Central clearing,152,27,8,12,58
70,cooperative_to_hoarding,Cooperative → hoarding,Hoarding agents,1,0.2,central_full,Central clearing,148,22,16,13,55
71,cooperative_to_hoarding,Cooperative → hoarding,Hoarding agents,1,0.2,central_full,Central clearing,174,28,12,3,60
72,cooperative_to_hoarding,Cooperative → hoarding,Hoarding agents,1,0.2,central_full,Central clearing,153,25,16,6,53
73,cooperative_to_hoarding,Cooperative → hoarding,Hoarding agents,1,0.2,central_full,Central clearing,163,30,4,8,52
74,cooperative_to_hoarding,Cooperative → hoarding,Hoarding agents,1,0.2,central_full,Central clearing,139,19,32,7,57
75,cooperative_to_hoarding,Cooperative → hoarding,Hoarding agents,1,0.2,central_full,Central clearing,164,29,10,0,55
76,cooperative_to_hoarding,Cooperative → hoarding,Hoarding agents,1,0.2,central_full,Central clearing,117,17,14,5,48
77,cooperative_to_hoarding,Cooperative → hoarding,Hoarding agents,1,0.2,central_full,Central clearing,135,22,16,11,47
78,cooperative_to_hoarding,Cooperative → hoarding,Hoarding agents,1,0.2,central_full,Central clearing,139,23,10,9,54
79,cooperative_to_hoarding,Cooperative → hoarding,Hoarding agents,1,0.2,central_full,Central clearing,149,26,12,11,49
80,cooperative_to_hoarding,Cooperative → hoarding,Hoarding agents,1,0.2,central_full,Central clearing,156,11,35,7,50
81,cooperative_to_hoarding,Cooperative → hoarding,Hoarding agents,1,0.2,central_full,Central clearing,180,28,15,5,57
82,cooperative_to_hoarding,Cooperative → hoarding,Hoarding agents,1,0.2,central_full,Central clearing,179,22,21,9,49
83,cooperative_to_hoarding,Cooperative → hoarding,Hoarding agents,1,0.2,central_full,Central clearing,115,17,21,14,45
84,cooperative_to_hoarding,Cooperative → hoarding,Hoarding agents,1,0.2,central_full,Central clearing,129,17,14,7,56
85,cooperative_to_hoarding,Cooperative → hoarding,Hoarding agents,1,0.2,central_full,Central clearing,167,21,18,9,45
86,cooperative_to_hoarding,Cooperative → hoarding,Hoarding agents,1,0.2,central_full,Central clearing,140,16,21,7,38
87,cooperative_to_hoarding,Cooperative → hoarding,Hoarding agents,1,0.2,central_full,Central clearing,143,20,19,5,61
88,cooperative_to_hoarding,Cooperative → hoarding,Hoarding agents,1,0.2,central_full,Central clearing,84,11,13,8,30
89,cooperative_to_hoarding,Cooperative → hoarding,Hoarding agents,1,0.2,central_full,Central clearing,186,30,15,5,51
90,cooperative_to_hoarding,Cooperative → hoarding,Hoarding agents,1,0.2,central_full,Central clearing,159,29,6,7,56
91,cooperative_to_hoarding,Cooperative → hoarding,Hoarding agents,1,0.2,central_full,Central clearing,141,25,14,11,60
92,cooperative_to_hoarding,Cooperative → hoarding,Hoarding agents,1,0.2,central_full,Central clearing,168,27,15,5,56
93,cooperative_to_hoarding,Cooperative → hoarding,Hoarding agents,1,0.2,central_full,Central clearing,104,9,18,14,45
94,cooperative_to_hoarding,Cooperative → hoarding,Hoarding agents,1,0.2,central_full,Central clearing,165,27,11,9,54
95,cooperative_to_hoarding,Cooperative → hoarding,Hoarding agents,1,0.2,central_full,Central clearing,146,22,16,6,61
96,cooperative_to_hoarding,Cooperative → hoarding,Hoarding agents,1,0.2,central_full,Central clearing,178,27,16,10,71
97,cooperative_to_hoarding,Cooperative → hoarding,Hoarding agents,1,0.2,central_full,Central clearing,114,9,24,15,44
98,cooperative_to_hoarding,Cooperative → hoarding,Hoarding agents,1,0.2,central_full,Central clearing,133,14,19,6,40
99,cooperative_to_hoarding,Cooperative → hoarding,Hoarding agents,1,0.2,central_full,Central clearing,168,19,36,6,66
0,cooperative_to_hoarding,Cooperative → hoarding,Hoarding agents,1,0.2,equity_central,Equity central,136,22,18,7,54
1,cooperative_to_hoarding,Cooperative → hoarding,Hoarding agents,1,0.2,equity_central,Equity central,149,17,33,8,49
2,cooperative_to_hoarding,Cooperative → hoarding,Hoarding agents,1,0.2,equity_central,Equity central,166,25,21,10,54
3,cooperative_to_hoarding,Cooperative → hoarding,Hoarding agents,1,0.2,equity_central,Equity central,181,30,13,7,68
4,cooperative_to_hoarding,Cooperative → hoarding,Hoarding agents,1,0.2,equity_central,Equity central,126,22,11,18,51
5,cooperative_to_hoarding,Cooperative → hoarding,Hoarding agents,1,0.2,equity_central,Equity central,162,28,13,7,55
6,cooperative_to_hoarding,Cooperative → hoarding,Hoarding agents,1,0.2,equity_central,Equity central,67,9,10,17,35
7,cooperative_to_hoarding,Cooperative → hoarding,Hoarding agents,1,0.2,equity_central,Equity central,139,24,6,11,46
8,cooperative_to_hoarding,Cooperative → hoarding,Hoarding agents,1,0.2,equity_central,Equity central,165,22,19,4,52
9,cooperative_to_hoarding,Cooperative → hoarding,Hoarding agents,1,0.2,equity_central,Equity central,125,22,6,9,51
10,cooperative_to_hoarding,Cooperative → hoarding,Hoarding agents,1,0.2,equity_central,Equity central,178,30,10,9,61
11,cooperative_to_hoarding,Cooperative → hoarding,Hoarding agents,1,0.2,equity_central,Equity central,137,22,8,6,48
12,cooperative_to_hoarding,Cooperative → hoarding,Hoarding agents,1,0.2,equity_central,Equity central,137,19,20,9,45
13,cooperative_to_hoarding,Cooperative → hoarding,Hoarding agents,1,0.2,equity_central,Equity central,157,27,14,9,50
14,cooperative_to_hoarding,Cooperative → hoarding,Hoarding agents,1,0.2,equity_central,Equity central,175,27,18,10,65
15,cooperative_to_hoarding,Cooperative → hoarding,Hoarding agents,1,0.2,equity_central,Equity central,128,12,20,10,36
16,cooperative_to_hoarding,Cooperative → hoarding,Hoarding agents,1,0.2,equity_central,Equity central,135,25,5,6,65
17,cooperative_to_hoarding,Cooperative → hoarding,Hoarding agents,1,0.2,equity_central,Equity central,93,9,21,16,35
18,cooperative_to_hoarding,Cooperative → hoarding,Hoarding agents,1,0.2,equity_central,Equity central,169,22,21,8,47
19,cooperative_to_hoarding,Cooperative → hoarding,Hoarding agents,1,0.2,equity_central,Equity central,186,33,11,8,64
20,cooperative_to_hoarding,Cooperative → hoarding,Hoarding agents,1,0.2,equity_central,Equity central,147,19,22,9,58
21,cooperative_to_hoarding,Cooperative → hoarding,Hoarding agents,1,0.2,equity_central,Equity central,137,22,8,12,56
22,cooperative_to_hoarding,Cooperative → hoarding,Hoarding agents,1,0.2,equity_central,Equity central,212,35,12,3,66
23,cooperative_to_hoarding,Cooperative → hoarding,Hoarding agents,1,0.2,equity_central,Equity central,157,27,10,4,55
24,cooperative_to_hoarding,Cooperative → hoarding,Hoarding agents,1,0.2,equity_central,Equity central,147,23,13,7,60
25,cooperative_to_hoarding,Cooperative → hoarding,Hoarding agents,1,0.2,equity_central,Equity central,186,30,13,0,63
26,cooperative_to_hoarding,Cooperative → hoarding,Hoarding agents,1,0.2,equity_central,Equity central,125,22,8,15,58
27,cooperative_to_hoarding,Cooperative → hoarding,Hoarding agents,1,0.2,equity_central,Equity central,123,19,19,13,33
28,cooperative_to_hoarding,Cooperative → hoarding,Hoarding agents,1,0.2,equity_central,Equity central,116,14,19,10,47
29,cooperative_to_hoarding,Cooperative → hoarding,Hoarding agents,1,0.2,equity_central,Equity central,140,22,16,7,54
30,cooperative_to_hoarding,Cooperative → hoarding,Hoarding agents,1,0.2,equity_central,Equity central,182,22,27,7,56
31,cooperative_to_hoarding,Cooperative → hoarding,Hoarding agents,1,0.2,equity_central,Equity central,158,27,19,8,57
32,cooperative_to_hoarding,Cooperative → hoarding,Hoarding agents,1,0.2,equity_central,Equity central,166,27,14,3,54
33,cooperative_to_hoarding,Cooperative → hoarding,Hoarding agents,1,0.2,equity_central,Equity central,134,25,3,12,41
34,cooperative_to_hoarding,Cooperative → hoarding,Hoarding agents,1,0.2,equity_central,Equity central,139,25,6,14,49
35,cooperative_to_hoarding,Cooperative → hoarding,Hoarding agents,1,0.2,equity_central,Equity central,174,27,14,6,51
36,cooperative_to_hoarding,Cooperative → hoarding,Hoarding agents,1,0.2,equity_central,Equity central,131,17,18,20,48
37,cooperative_to_hoarding,Cooperative → hoarding,Hoarding agents,1,0.2,equity_central,Equity central,146,22,10,9,56
38,cooperative_to_hoarding,Cooperative → hoarding,Hoarding agents,1,0.2,equity_central,Equity central,151,20,21,7,61
39,cooperative_to_hoarding,Cooperative → hoarding,Hoarding agents,1,0.2,equity_central,Equity central,184,33,11,7,48
40,cooperative_to_hoarding,Cooperative → hoarding,Hoarding agents,1,0.2,equity_central,Equity central,161,27,11,6,59
41,cooperative_to_hoarding,Cooperative → hoarding,Hoarding agents,1,0.2,equity_central,Equity central,181,30,18,4,62
42,cooperative_to_hoarding,Cooperative → hoarding,Hoarding agents,1,0.2,equity_central,Equity central,130,17,21,10,55
43,cooperative_to_hoarding,Cooperative → hoarding,Hoarding agents,1,0.2,equity_central,Equity central,130,19,12,8,48
44,cooperative_to_hoarding,Cooperative → hoarding,Hoarding agents,1,0.2,equity_central,Equity central,155,27,16,6,34
45,cooperative_to_hoarding,Cooperative → hoarding,Hoarding agents,1,0.2,equity_central,Equity central,129,22,8,19,46
46,cooperative_to_hoarding,Cooperative → hoarding,Hoarding agents,1,0.2,equity_central,Equity central,163,27,9,10,72
47,cooperative_to_hoarding,Cooperative → hoarding,Hoarding agents,1,0.2,equity_central,Equity central,148,22,20,11,47
48,cooperative_to_hoarding,Cooperative → hoarding,Hoarding agents,1,0.2,equity_central,Equity central,165,25,16,5,72
49,cooperative_to_hoarding,Cooperative → hoarding,Hoarding agents,1,0.2,equity_central,Equity central,157,28,10,9,46
50,cooperative_to_hoarding,Cooperative → hoarding,Hoarding agents,1,0.2,equity_central,Equity central,139,17,20,11,47
51,cooperative_to_hoarding,Cooperative → hoarding,Hoarding agents,1,0.2,equity_central,Equity central,142,22,14,15,54
52,cooperative_to_hoarding,Cooperative → hoarding,Hoarding agents,1,0.2,equity_central,Equity central,104,15,12,7,53
53,cooperative_to_hoarding,Cooperative → hoarding,Hoarding agents,1,0.2,equity_central,Equity central,174,30,10,6,53
54,cooperative_to_hoarding,Cooperative → hoarding,Hoarding agents,1,0.2,equity_central,Equity central,131,19,11,9,47
55,cooperative_to_hoarding,Cooperative → hoarding,Hoarding agents,1,0.2,equity_central,Equity central,142,19,24,11,48
56,cooperative_to_hoarding,Cooperative → hoarding,Hoarding agents,1,0.2,equity_central,Equity central,141,27,3,12,47
57,cooperative_to_hoarding,Cooperative → hoarding,Hoarding agents,1,0.2,equity_central,Equity central,181,33,9,5,51
58,cooperative_to_hoarding,Cooperative → hoarding,Hoarding agents,1,0.2,equity_central,Equity central,129,19,19,11,64
59,cooperative_to_hoarding,Cooperative → hoarding,Hoarding agents,1,0.2,equity_central,Equity central,179,27,22,10,53
60,cooperative_to_hoarding,Cooperative → hoarding,Hoarding agents,1,0.2,equity_central,Equity central,166,25,21,8,61
61,cooperative_to_hoarding,Cooperative → hoarding,Hoarding agents,1,0.2,equity_central,Equity central,128,14,19,8,40
62,cooperative_to_hoarding,Cooperative → hoarding,Hoarding agents,1,0.2,equity_central,Equity central,116,13,25,23,35
63,cooperative_to_hoarding,Cooperative → hoarding,Hoarding agents,1,0.2,equity_central,Equity central,140,22,17,14,65
64,cooperative_to_hoarding,Cooperative → hoarding,Hoarding agents,1,0.2,equity_central,Equity central,199,35,8,5,74
65,cooperative_to_hoarding,Cooperative → hoarding,Hoarding agents,1,0.2,equity_central,Equity central,144,19,23,5,52
66,cooperative_to_hoarding,Cooperative → hoarding,Hoarding agents,1,0.2,equity_central,Equity central,137,19,25,3,53
67,cooperative_to_hoarding,Cooperative → hoarding,Hoarding agents,1,0.2,equity_central,Equity central,122,15,23,12,42
68,cooperative_to_hoarding,Cooperative → hoarding,Hoarding agents,1,0.2,equity_central,Equity central,103,15,9,8,43
69,cooperative_to_hoarding,Cooperative → hoarding,Hoarding agents,1,0.2,equity_central,Equity central,138,25,11,6,51
70,cooperative_to_hoarding,Cooperative → hoarding,Hoarding agents,1,0.2,equity_central,Equity central,167,27,14,9,64
71,cooperative_to_hoarding,Cooperative → hoarding,Hoarding agents,1,0.2,equity_central,Equity central,158,22,16,6,50
72,cooperative_to_hoarding,Cooperative → hoarding,Hoarding agents,1,0.2,equity_central,Equity central,163,25,16,4,51
73,cooperative_to_hoarding,Cooperative → hoarding,Hoarding agents,1,0.2,equity_central,Equity central,163,27,8,13,53
74,cooperative_to_hoarding,Cooperative → hoarding,Hoarding agents,1,0.2,equity_central,Equity central,155,22,32,6,60
75,cooperative_to_hoarding,Cooperative → hoarding,Hoarding agents,1,0.2,equity_central,Equity central,167,27,11,9,62
76,cooperative_to_hoarding,Cooperative → hoarding,Hoarding agents,1,0.2,equity_central,Equity central,137,22,11,10,67
77,cooperative_to_hoarding,Cooperative → hoarding,Hoarding agents,1,0.2,equity_central,Equity central,135,22,11,10,48
78,cooperative_to_hoarding,Cooperative → hoarding,Hoarding agents,1,0.2,equity_central,Equity central,134,17,18,15,54
79,cooperative_to_hoarding,Cooperative → hoarding,Hoarding agents,1,0.2,equity_central,Equity central,142,27,3,11,47
80,cooperative_to_hoarding,Cooperative → hoarding,Hoarding agents,1,0.2,equity_central,Equity central,111,20,7,14,41
81,cooperative_to_hoarding,Cooperative → hoarding,Hoarding agents,1,0.2,equity_central,Equity central,157,22,17,7,55
82,cooperative_to_hoarding,Cooperative → hoarding,Hoarding agents,1,0.2,equity_central,Equity central,161,22,22,8,47
83,cooperative_to_hoarding,Cooperative → hoarding,Hoarding agents,1,0.2,equity_central,Equity central,135,22,11,12,48
84,cooperative_to_hoarding,Cooperative → hoarding,Hoarding agents,1,0.2,equity_central,Equity central,136,22,19,9,56
85,cooperative_to_hoarding,Cooperative → hoarding,Hoarding agents,1,0.2,equity_central,Equity central,119,11,27,14,50
86,cooperative_to_hoarding,Cooperative → hoarding,Hoarding agents,1,0.2,equity_central,Equity central,134,17,29,9,45
87,cooperative_to_hoarding,Cooperative → hoarding,Hoarding agents,1,0.2,equity_central,Equity central,147,27,6,12,70
88,cooperative_to_hoarding,Cooperative → hoarding,Hoarding agents,1,0.2,equity_central,Equity central,75,11,11,15,28
89,cooperative_to_hoarding,Cooperative → hoarding,Hoarding agents,1,0.2,equity_central,Equity central,170,30,8,14,61
90,cooperative_to_hoarding,Cooperative → hoarding,Hoarding agents,1,0.2,equity_central,Equity central,137,22,13,13,48
91,cooperative_to_hoarding,Cooperative → hoarding,Hoarding agents,1,0.2,equity_central,Equity central,124,20,10,16,44
92,cooperative_to_hoarding,Cooperative → hoarding,Hoarding agents,1,0.2,equity_central,Equity central,138,25,5,12,51
93,cooperative_to_hoarding,Cooperative → hoarding,Hoarding agents,1,0.2,equity_central,Equity central,111,19,8,13,52
94,cooperative_to_hoarding,Cooperative → hoarding,Hoarding agents,1,0.2,equity_central,Equity central,173,27,14,8,58
95,cooperative_to_hoarding,Cooperative → hoarding,Hoarding agents,1,0.2,equity_central,Equity central,140,22,13,7,62
96,cooperative_to_hoarding,Cooperative → hoarding,Hoarding agents,1,0.2,equity_central,Equity central,167,30,9,11,60
97,cooperative_to_hoarding,Cooperative → hoarding,Hoarding agents,1,0.2,equity_central,Equity central,115,22,3,4,45
98,cooperative_to_hoarding,Cooperative → hoarding,Hoarding agents,1,0.2,equity_central,Equity central,112,17,10,7,45
99,cooperative_to_hoarding,Cooperative → hoarding,Hoarding agents,1,0.2,equity_central,Equity central,155,19,26,8,63
0,cooperative_to_hoarding,Cooperative → hoarding,Hoarding agents,2,0.4,no_trade,No trade,56,2,35,12,0
1,cooperative_to_hoarding,Cooperative → hoarding,Hoarding agents,2,0.4,no_trade,No trade,28,2,13,11,0
2,cooperative_to_hoarding,Cooperative → hoarding,Hoarding agents,2,0.4,no_trade,No trade,22,2,7,12,0
3,cooperative_to_hoarding,Cooperative → hoarding,Hoarding agents,2,0.4,no_trade,No trade,12,0,6,14,0
4,cooperative_to_hoarding,Cooperative → hoarding,Hoarding agents,2,0.4,no_trade,No trade,21,3,3,11,0
5,cooperative_to_hoarding,Cooperative → hoarding,Hoarding agents,2,0.4,no_trade,No trade,13,1,5,5,0
6,cooperative_to_hoarding,Cooperative → hoarding,Hoarding agents,2,0.4,no_trade,No trade,52,3,17,8,0
7,cooperative_to_hoarding,Cooperative → hoarding,Hoarding agents,2,0.4,no_trade,No trade,36,3,8,10,0
8,cooperative_to_hoarding,Cooperative → hoarding,Hoarding agents,2,0.4,no_trade,No trade,36,0,15,11,0
9,cooperative_to_hoarding,Cooperative → hoarding,Hoarding agents,2,0.4,no_trade,No trade,39,3,10,11,0
10,cooperative_to_hoarding,Cooperative → hoarding,Hoarding agents,2,0.4,no_trade,No trade,25,2,7,22,0
11,cooperative_to_hoarding,Cooperative → hoarding,Hoarding agents,2,0.4,no_trade,No trade,34,3,12,26,0
12,cooperative_to_hoarding,Cooperative → hoarding,Hoarding agents,2,0.4,no_trade,No trade,44,1,25,11,0
13,cooperative_to_hoarding,Cooperative → hoarding,Hoarding agents,2,0.4,no_trade,No trade,30,0,20,16,0
14,cooperative_to_hoarding,Cooperative → hoarding,Hoarding agents,2,0.4,no_trade,No trade,18,0,9,15,0
15,cooperative_to_hoarding,Cooperative → hoarding,Hoarding agents,2,0.4,no_trade,No trade,27,1,10,14,0
16,cooperative_to_hoarding,Cooperative → hoarding,Hoarding agents,2,0.4,no_trade,No trade,37,0,26,16,0
17,cooperative_to_hoarding,Cooperative → hoarding,Hoarding agents,2,0.4,no_trade,No trade,39,1,19,22,0
18,cooperative_to_hoarding,Cooperative → hoarding,Hoarding agents,2,0.4,no_trade,No trade,44,3,23,12,0
19,cooperative_to_hoarding,Cooperative → hoarding,Hoarding agents,2,0.4,no_trade,No trade,34,2,11,16,0
20,cooperative_to_hoarding,Cooperative → hoarding,Hoarding agents,2,0.4,no_trade,No trade,19,2,4,16,0
21,cooperative_to_hoarding,Cooperative → hoarding,Hoarding agents,2,0.4,no_trade,No trade,31,2,10,14,0
22,cooperative_to_hoarding,Cooperative → hoarding,Hoarding agents,2,0.4,no_trade,No trade,28,2,12,21,0
23,cooperative_to_hoarding,Cooperative → hoarding,Hoarding agents,2,0.4,no_trade,No trade,27,2,8,20,0
24,cooperative_to_hoarding,Cooperative → hoarding,Hoarding agents,2,0.4,no_trade,No trade,33,3,15,9,0
25,cooperative_to_hoarding,Cooperative → hoarding,Hoarding agents,2,0.4,no_trade,No trade,33,2,15,14,0
26,cooperative_to_hoarding,Cooperative → hoarding,Hoarding agents,2,0.4,no_trade,No trade,25,1,8,13,0
27,cooperative_to_hoarding,Cooperative → hoarding,Hoarding agents,2,0.4,no_trade,No trade,23,1,6,19,0
28,cooperative_to_hoarding,Cooperative → hoarding,Hoarding agents,2,0.4,no_trade,No trade,33,1,16,20,0
29,cooperative_to_hoarding,Cooperative → hoarding,Hoarding agents,2,0.4,no_trade,No trade,36,2,21,17,0
30,cooperative_to_hoarding,Cooperative → hoarding,Hoarding agents,2,0.4,no_trade,No trade,45,1,16,7,0
31,cooperative_to_hoarding,Cooperative → hoarding,Hoarding agents,2,0.4,no_trade,No trade,45,3,13,6,0
32,cooperative_to_hoarding,Cooperative → hoarding,Hoarding agents,2,0.4,no_trade,No trade,25,2,7,15,0
33,cooperative_to_hoarding,Cooperative → hoarding,Hoarding agents,2,0.4,no_trade,No trade,42,1,30,19,0
34,cooperative_to_hoarding,Cooperative → hoarding,Hoarding agents,2,0.4,no_trade,No trade,37,3,11,17,0
35,cooperative_to_hoarding,Cooperative → hoarding,Hoarding agents,2,0.4,no_trade,No trade,28,1,8,11,0
36,cooperative_to_hoarding,Cooperative → hoarding,Hoarding agents,2,0.4,no_trade,No trade,24,2,7,14,0
37,cooperative_to_hoarding,Cooperative → hoarding,Hoarding agents,2,0.4,no_trade,No trade,21,2,7,14,0
38,cooperative_to_hoarding,Cooperative → hoarding,Hoarding agents,2,0.4,no_trade,No trade,23,3,3,7,0
39,cooperative_to_hoarding,Cooperative → hoarding,Hoarding agents,2,0.4,no_trade,No trade,32,1,13,16,0
40,cooperative_to_hoarding,Cooperative → hoarding,Hoarding agents,2,0.4,no_trade,No trade,34,1,14,9,0
41,cooperative_to_hoarding,Cooperative → hoarding,Hoarding agents,2,0.4,no_trade,No trade,35,2,19,16,0
42,cooperative_to_hoarding,Cooperative → hoarding,Hoarding agents,2,0.4,no_trade,No trade,27,3,3,10,0
43,cooperative_to_hoarding,Cooperative → hoarding,Hoarding agents,2,0.4,no_trade,No trade,36,2,19,20,0
44,cooperative_to_hoarding,Cooperative → hoarding,Hoarding agents,2,0.4,no_trade,No trade,40,3,19,15,0
45,cooperative_to_hoarding,Cooperative → hoarding,Hoarding agents,2,0.4,no_trade,No trade,31,2,14,17,0
46,cooperative_to_hoarding,Cooperative → hoarding,Hoarding agents,2,0.4,no_trade,No trade,32,1,20,14,0
47,cooperative_to_hoarding,Cooperative → hoarding,Hoarding agents,2,0.4,no_trade,No trade,20,2,4,19,0
48,cooperative_to_hoarding,Cooperative → hoarding,Hoarding agents,2,0.4,no_trade,No trade,22,1,8,12,0
49,cooperative_to_hoarding,Cooperative → hoarding,Hoarding agents,2,0.4,no_trade,No trade,47,3,14,16,0
50,cooperative_to_hoarding,Cooperative → hoarding,Hoarding agents,2,0.4,no_trade,No trade,29,2,10,13,0
51,cooperative_to_hoarding,Cooperative → hoarding,Hoarding agents,2,0.4,no_trade,No trade,29,2,12,28,0
52,cooperative_to_hoarding,Cooperative → hoarding,Hoarding agents,2,0.4,no_trade,No trade,24,1,11,16,0
53,cooperative_to_hoarding,Cooperative → hoarding,Hoarding agents,2,0.4,no_trade,No trade,25,3,5,23,0
54,cooperative_to_hoarding,Cooperative → hoarding,Hoarding agents,2,0.4,no_trade,No trade,18,2,4,27,0
55,cooperative_to_hoarding,Cooperative → hoarding,Hoarding agents,2,0.4,no_trade,No trade,17,1,5,18,0
56,cooperative_to_hoarding,Cooperative → hoarding,Hoarding agents,2,0.4,no_trade,No trade,35,2,16,18,0
57,cooperative_to_hoarding,Cooperative → hoarding,Hoarding agents,2,0.4,no_trade,No trade,34,3,13,22,0
58,cooperative_to_hoarding,Cooperative → hoarding,Hoarding agents,2,0.4,no_trade,No trade,16,0,6,9,0
59,cooperative_to_hoarding,Cooperative → hoarding,Hoarding agents,2,0.4,no_trade,No trade,29,2,13,13,0
60,cooperative_to_hoarding,Cooperative → hoarding,Hoarding agents,2,0.4,no_trade,No trade,22,3,3,23,0
61,cooperative_to_hoarding,Cooperative → hoarding,Hoarding agents,2,0.4,no_trade,No trade,25,3,4,15,0
62,cooperative_to_hoarding,Cooperative → hoarding,Hoarding agents,2,0.4,no_trade,No trade,30,1,20,23,0
63,cooperative_to_hoarding,Cooperative → hoarding,Hoarding agents,2,0.4,no_trade,No trade,18,1,5,7,0
64,cooperative_to_hoarding,Cooperative → hoarding,Hoarding agents,2,0.4,no_trade,No trade,40,1,23,16,0
65,cooperative_to_hoarding,Cooperative → hoarding,Hoarding agents,2,0.4,no_trade,No trade,22,3,3,21,0
66,cooperative_to_hoarding,Cooperative → hoarding,Hoarding agents,2,0.4,no_trade,No trade,35,2,13,16,0
67,cooperative_to_hoarding,Cooperative → hoarding,Hoarding agents,2,0.4,no_trade,No trade,33,2,10,20,0
68,cooperative_to_hoarding,Cooperative → hoarding,Hoarding agents,2,0.4,no_trade,No trade,36,3,9,15,0
69,cooperative_to_hoarding,Cooperative → hoarding,Hoarding agents,2,0.4,no_trade,No trade,30,1,11,19,0
70,cooperative_to_hoarding,Cooperative → hoarding,Hoarding agents,2,0.4,no_trade,No trade,30,3,7,18,0
71,cooperative_to_hoarding,Cooperative → hoarding,Hoarding agents,2,0.4,no_trade,No trade,17,2,4,17,0
72,cooperative_to_hoarding,Cooperative → hoarding,Hoarding agents,2,0.4,no_trade,No trade,37,3,15,18,0
73,cooperative_to_hoarding,Cooperative → hoarding,Hoarding agents,2,0.4,no_trade,No trade,48,1,20,17,0
74,cooperative_to_hoarding,Cooperative → hoarding,Hoarding agents,2,0.4,no_trade,No trade,30,0,9,11,0
75,cooperative_to_hoarding,Cooperative → hoarding,Hoarding agents,2,0.4,no_trade,No trade,24,1,11,10,0
76,cooperative_to_hoarding,Cooperative → hoarding,Hoarding agents,2,0.4,no_trade,No trade,18,1,8,12,0
77,cooperative_to_hoarding,Cooperative → hoarding,Hoarding agents,2,0.4,no_trade,No trade,27,3,6,8,0
78,cooperative_to_hoarding,Cooperative → hoarding,Hoarding agents,2,0.4,no_trade,No trade,31,3,9,18,0
79,cooperative_to_hoarding,Cooperative → hoarding,Hoarding agents,2,0.4,no_trade,No trade,22,1,8,23,0
80,cooperative_to_hoarding,Cooperative → hoarding,Hoarding agents,2,0.4,no_trade,No trade,51,4,20,14,0
81,cooperative_to_hoarding,Cooperative → hoarding,Hoarding agents,2,0.4,no_trade,No trade,34,0,11,15,0
82,cooperative_to_hoarding,Cooperative → hoarding,Hoarding agents,2,0.4,no_trade,No trade,37,1,22,22,0
83,cooperative_to_hoarding,Cooperative → hoarding,Hoarding agents,2,0.4,no_trade,No trade,37,3,11,13,0
84,cooperative_to_hoarding,Cooperative → hoarding,Hoarding agents,2,0.4,no_trade,No trade,35,2,13,14,0
85,cooperative_to_hoarding,Cooperative → hoarding,Hoarding agents,2,0.4,no_trade,No trade,31,0,12,18,0
86,cooperative_to_hoarding,Cooperative → hoarding,Hoarding agents,2,0.4,no_trade,No trade,16,0,6,23,0
87,cooperative_to_hoarding,Cooperative → hoarding,Hoarding agents,2,0.4,no_trade,No trade,18,1,5,19,0
88,cooperative_to_hoarding,Cooperative → hoarding,Hoarding agents,2,0.4,no_trade,No trade,27,3,6,13,0
89,cooperative_to_hoarding,Cooperative → hoarding,Hoarding agents,2,0.4,no_trade,No trade,31,1,15,8,0
90,cooperative_to_hoarding,Cooperative → hoarding,Hoarding agents,2,0.4,no_trade,No trade,21,1,5,18,0
91,cooperative_to_hoarding,Cooperative → hoarding,Hoarding agents,2,0.4,no_trade,No trade,39,3,10,18,0
92,cooperative_to_hoarding,Cooperative → hoarding,Hoarding agents,2,0.4,no_trade,No trade,24,1,8,13,0
93,cooperative_to_hoarding,Cooperative → hoarding,Hoarding agents,2,0.4,no_trade,No trade,16,1,5,17,0
94,cooperative_to_hoarding,Cooperative → hoarding,Hoarding agents,2,0.4,no_trade,No trade,27,3,9,19,0
95,cooperative_to_hoarding,Cooperative → hoarding,Hoarding agents,2,0.4,no_trade,No trade,24,3,4,29,0
96,cooperative_to_hoarding,Cooperative → hoarding,Hoarding agents,2,0.4,no_trade,No trade,35,2,11,14,0
97,cooperative_to_hoarding,Cooperative → hoarding,Hoarding agents,2,0.4,no_trade,No trade,24,1,8,17,0
98,cooperative_to_hoarding,Cooperative → hoarding,Hoarding agents,2,0.4,no_trade,No trade,19,3,3,30,0
99,cooperative_to_hoarding,Cooperative → hoarding,Hoarding agents,2,0.4,no_trade,No trade,34,2,10,17,0
0,cooperative_to_hoarding,Cooperative → hoarding,Hoarding agents,2,0.4,bilateral_3pass,Bilateral 3-pass,139,12,30,2,47
1,cooperative_to_hoarding,Cooperative → hoarding,Hoarding agents,2,0.4,bilateral_3pass,Bilateral 3-pass,119,6,25,10,58
2,cooperative_to_hoarding,Cooperative → hoarding,Hoarding agents,2,0.4,bilateral_3pass,Bilateral 3-pass,131,11,33,12,47
3,cooperative_to_hoarding,Cooperative → hoarding,Hoarding agents,2,0.4,bilateral_3pass,Bilateral 3-pass,86,6,22,14,56
4,cooperative_to_hoarding,Cooperative → hoarding,Hoarding agents,2,0.4,bilateral_3pass,Bilateral 3-pass,95,9,19,16,42
5,cooperative_to_hoarding,Cooperative → hoarding,Hoarding agents,2,0.4,bilateral_3pass,Bilateral 3-pass,107,5,28,24,61
6,cooperative_to_hoarding,Cooperative → hoarding,Hoarding agents,2,0.4,bilateral_3pass,Bilateral 3-pass,99,14,17,22,27
7,cooperative_to_hoarding,Cooperative → hoarding,Hoarding agents,2,0.4,bilateral_3pass,Bilateral 3-pass,110,14,16,13,41
8,cooperative_to_hoarding,Cooperative → hoarding,Hoarding agents,2,0.4,bilateral_3pass,Bilateral 3-pass,138,14,32,5,49
9,cooperative_to_hoarding,Cooperative → hoarding,Hoarding agents,2,0.4,bilateral_3pass,Bilateral 3-pass,126,17,21,6,45
10,cooperative_to_hoarding,Cooperative → hoarding,Hoarding agents,2,0.4,bilateral_3pass,Bilateral 3-pass,111,13,14,17,51
11,cooperative_to_hoarding,Cooperative → hoarding,Hoarding agents,2,0.4,bilateral_3pass,Bilateral 3-pass,101,11,19,14,36
12,cooperative_to_hoarding,Cooperative → hoarding,Hoarding agents,2,0.4,bilateral_3pass,Bilateral 3-pass,81,3,44,18,44
13,cooperative_to_hoarding,Cooperative → hoarding,Hoarding agents,2,0.4,bilateral_3pass,Bilateral 3-pass,85,9,20,20,29
14,cooperative_to_hoarding,Cooperative → hoarding,Hoarding agents,2,0.4,bilateral_3pass,Bilateral 3-pass,117,12,18,17,50
15,cooperative_to_hoarding,Cooperative → hoarding,Hoarding agents,2,0.4,bilateral_3pass,Bilateral 3-pass,115,9,44,5,56
16,cooperative_to_hoarding,Cooperative → hoarding,Hoarding agents,2,0.4,bilateral_3pass,Bilateral 3-pass,118,6,31,15,42
17,cooperative_to_hoarding,Cooperative → hoarding,Hoarding agents,2,0.4,bilateral_3pass,Bilateral 3-pass,67,6,13,17,34
18,cooperative_to_hoarding,Cooperative → hoarding,Hoarding agents,2,0.4,bilateral_3pass,Bilateral 3-pass,96,6,36,19,50
19,cooperative_to_hoarding,Cooperative → hoarding,Hoarding agents,2,0.4,bilateral_3pass,Bilateral 3-pass,121,11,30,15,49
20,cooperative_to_hoarding,Cooperative → hoarding,Hoarding agents,2,0.4,bilateral_3pass,Bilateral 3-pass,159,11,38,4,56
21,cooperative_to_hoarding,Cooperative → hoarding,Hoarding agents,2,0.4,bilateral_3pass,Bilateral 3-pass,115,6,33,12,41
22,cooperative_to_hoarding,Cooperative → hoarding,Hoarding agents,2,0.4,bilateral_3pass,Bilateral 3-pass,152,11,46,8,55
23,cooperative_to_hoarding,Cooperative → hoarding,Hoarding agents,2,0.4,bilateral_3pass,Bilateral 3-pass,87,9,24,7,50
24,cooperative_to_hoarding,Cooperative → hoarding,Hoarding agents,2,0.4,bilateral_3pass,Bilateral 3-pass,79,11,12,21,57
25,cooperative_to_hoarding,Cooperative → hoarding,Hoarding agents,2,0.4,bilateral_3pass,Bilateral 3-pass,86,9,14,6,42
26,cooperative_to_hoarding,Cooperative → hoarding,Hoarding agents,2,0.4,bilateral_3pass,Bilateral 3-pass,98,12,13,13,40
27,cooperative_to_hoarding,Cooperative → hoarding,Hoarding agents,2,0.4,bilateral_3pass,Bilateral 3-pass,95,5,33,15,32
28,cooperative_to_hoarding,Cooperative → hoarding,Hoarding agents,2,0.4,bilateral_3pass,Bilateral 3-pass,140,6,51,9,54
29,cooperative_to_hoarding,Cooperative → hoarding,Hoarding agents,2,0.4,bilateral_3pass,Bilateral 3-pass,166,6,43,8,51
30,cooperative_to_hoarding,Cooperative → hoarding,Hoarding agents,2,0.4,bilateral_3pass,Bilateral 3-pass,148,14,33,11,47
31,cooperative_to_hoarding,Cooperative → hoarding,Hoarding agents,2,0.4,bilateral_3pass,Bilateral 3-pass,111,9,38,11,53
32,cooperative_to_hoarding,Cooperative → hoarding,Hoarding agents,2,0.4,bilateral_3pass,Bilateral 3-pass,110,3,35,21,47
33,cooperative_to_hoarding,Cooperative → hoarding,Hoarding agents,2,0.4,bilateral_3pass,Bilateral 3-pass,43,3,11,29,20
34,cooperative_to_hoarding,Cooperative → hoarding,Hoarding agents,2,0.4,bilateral_3pass,Bilateral 3-pass,103,8,34,11,43
35,cooperative_to_hoarding,Cooperative → hoarding,Hoarding agents,2,0.4,bilateral_3pass,Bilateral 3-pass,126,3,40,18,51
36,cooperative_to_hoarding,Cooperative → hoarding,Hoarding agents,2,0.4,bilateral_3pass,Bilateral 3-pass,139,17,16,12,37
37,cooperative_to_hoarding,Cooperative → hoarding,Hoarding agents,2,0.4,bilateral_3pass,Bilateral 3-pass,84,6,30,19,45
38,cooperative_to_hoarding,Cooperative → hoarding,Hoarding agents,2,0.4,bilateral_3pass,Bilateral 3-pass,122,14,30,12,42
39,cooperative_to_hoarding,Cooperative → hoarding,Hoarding agents,2,0.4,bilateral_3pass,Bilateral 3-pass,120,2,34,13,48
40,cooperative_to_hoarding,Cooperative → hoarding,Hoarding agents,2,0.4,bilateral_3pass,Bilateral 3-pass,103,14,16,6,39
41,cooperative_to_hoarding,Cooperative → hoarding,Hoarding agents,2,0.4,bilateral_3pass,Bilateral 3-pass,147,10,36,8,52
42,cooperative_to_hoarding,Cooperative → hoarding,Hoarding agents,2,0.4,bilateral_3pass,Bilateral 3-pass,113,11,21,9,38
43,cooperative_to_hoarding,Cooperative → hoarding,Hoarding agents,2,0.4,bilateral_3pass,Bilateral 3-pass,128,3,38,8,63
44,cooperative_to_hoarding,Cooperative → hoarding,Hoarding agents,2,0.4,bilateral_3pass,Bilateral 3-pass,98,1,48,21,57
45,cooperative_to_hoarding,Cooperative → hoarding,Hoarding agents,2,0.4,bilateral_3pass,Bilateral 3-pass,87,2,32,16,29
46,cooperative_to_hoarding,Cooperative → hoarding,Hoarding agents,2,0.4,bilateral_3pass,Bilateral 3-pass,99,9,17,7,39
47,cooperative_to_hoarding,Cooperative → hoarding,Hoarding agents,2,0.4,bilateral_3pass,Bilateral 3-pass,56,6,8,18,27
48,cooperative_to_hoarding,Cooperative → hoarding,Hoarding agents,2,0.4,bilateral_3pass,Bilateral 3-pass,123,11,30,13,46
49,cooperative_to_hoarding,Cooperative → hoarding,Hoarding agents,2,0.4,bilateral_3pass,Bilateral 3-pass,90,14,11,12,33
50,cooperative_to_hoarding,Cooperative → hoarding,Hoarding agents,2,0.4,bilateral_3pass,Bilateral 3-pass,98,9,30,16,39
51,cooperative_to_hoarding,Cooperative → hoarding,Hoarding agents,2,0.4,bilateral_3pass,Bilateral 3-pass,157,15,37,5,46
52,cooperative_to_hoarding,Cooperative → hoarding,Hoarding agents,2,0.4,bilateral_3pass,Bilateral 3-pass,87,3,35,19,41
53,cooperative_to_hoarding,Cooperative → hoarding,Hoarding agents,2,0.4,bilateral_3pass,Bilateral 3-pass,136,13,32,14,41
54,cooperative_to_hoarding,Cooperative → hoarding,Hoarding agents,2,0.4,bilateral_3pass,Bilateral 3-pass,102,11,17,18,46
55,cooperative_to_hoarding,Cooperative → hoarding,Hoarding agents,2,0.4,bilateral_3pass,Bilateral 3-pass,94,6,21,21,57
56,cooperative_to_hoarding,Cooperative → hoarding,Hoarding agents,2,0.4,bilateral_3pass,Bilateral 3-pass,117,9,29,16,55
57,cooperative_to_hoarding,Cooperative → hoarding,Hoarding agents,2,0.4,bilateral_3pass,Bilateral 3-pass,127,11,31,8,60
58,cooperative_to_hoarding,Cooperative → hoarding,Hoarding agents,2,0.4,bilateral_3pass,Bilateral 3-pass,108,11,25,16,35
59,cooperative_to_hoarding,Cooperative → hoarding,Hoarding agents,2,0.4,bilateral_3pass,Bilateral 3-pass,141,11,31,9,41
60,cooperative_to_hoarding,Cooperative → hoarding,Hoarding agents,2,0.4,bilateral_3pass,Bilateral 3-pass,125,9,32,6,34
61,cooperative_to_hoarding,Cooperative → hoarding,Hoarding agents,2,0.4,bilateral_3pass,Bilateral 3-pass,118,6,32,11,37
62,cooperative_to_hoarding,Cooperative → hoarding,Hoarding agents,2,0.4,bilateral_3pass,Bilateral 3-pass,112,8,25,16,28
63,cooperative_to_hoarding,Cooperative → hoarding,Hoarding agents,2,0.4,bilateral_3pass,Bilateral 3-pass,130,11,28,6,54
64,cooperative_to_hoarding,Cooperative → hoarding,Hoarding agents,2,0.4,bilateral_3pass,Bilateral 3-pass,117,14,23,16,36
65,cooperative_to_hoarding,Cooperative → hoarding,Hoarding agents,2,0.4,bilateral_3pass,Bilateral 3-pass,100,3,30,9,67
66,cooperative_to_hoarding,Cooperative → hoarding,Hoarding agents,2,0.4,bilateral_3pass,Bilateral 3-pass,138,14,28,3,51
67,cooperative_to_hoarding,Cooperative → hoarding,Hoarding agents,2,0.4,bilateral_3pass,Bilateral 3-pass,62,6,17,24,25
68,cooperative_to_hoarding,Cooperative → hoarding,Hoarding agents,2,0.4,bilateral_3pass,Bilateral 3-pass,100,9,20,6,40
69,cooperative_to_hoarding,Cooperative → hoarding,Hoarding agents,2,0.4,bilateral_3pass,Bilateral 3-pass,98,6,25,4,37
70,cooperative_to_hoarding,Cooperative → hoarding,Hoarding agents,2,0.4,bilateral_3pass,Bilateral 3-pass,111,14,21,7,41
71,cooperative_to_hoarding,Cooperative → hoarding,Hoarding agents,2,0.4,bilateral_3pass,Bilateral 3-pass,115,6,43,19,55
72,cooperative_to_hoarding,Cooperative → hoarding,Hoarding agents,2,0.4,bilateral_3pass,Bilateral 3-pass,116,9,30,9,45
73,cooperative_to_hoarding,Cooperative → hoarding,Hoarding agents,2,0.4,bilateral_3pass,Bilateral 3-pass,129,13,18,16,52
74,cooperative_to_hoarding,Cooperative → hoarding,Hoarding agents,2,0.4,bilateral_3pass,Bilateral 3-pass,130,14,25,6,65
75,cooperative_to_hoarding,Cooperative → hoarding,Hoarding agents,2,0.4,bilateral_3pass,Bilateral 3-pass,118,12,34,12,39
76,cooperative_to_hoarding,Cooperative → hoarding,Hoarding agents,2,0.4,bilateral_3pass,Bilateral 3-pass,92,6,35,15,46
77,cooperative_to_hoarding,Cooperative → hoarding,Hoarding agents,2,0.4,bilateral_3pass,Bilateral 3-pass,73,11,11,20,36
78,cooperative_to_hoarding,Cooperative → hoarding,Hoarding agents,2,0.4,bilateral_3pass,Bilateral 3-pass,159,22,22,9,51
79,cooperative_to_hoarding,Cooperative → hoarding,Hoarding agents,2,0.4,bilateral_3pass,Bilateral 3-pass,94,3,28,24,45
80,cooperative_to_hoarding,Cooperative → hoarding,Hoarding agents,2,0.4,bilateral_3pass,Bilateral 3-pass,124,9,30,4,64
81,cooperative_to_hoarding,Cooperative → hoarding,Hoarding agents,2,0.4,bilateral_3pass,Bilateral 3-pass,118,10,34,21,55
82,cooperative_to_hoarding,Cooperative → hoarding,Hoarding agents,2,0.4,bilateral_3pass,Bilateral 3-pass,134,6,35,12,44
83,cooperative_to_hoarding,Cooperative → hoarding,Hoarding agents,2,0.4,bilateral_3pass,Bilateral 3-pass,104,5,30,14,61
84,cooperative_to_hoarding,Cooperative → hoarding,Hoarding agents,2,0.4,bilateral_3pass,Bilateral 3-pass,147,19,19,11,49
85,cooperative_to_hoarding,Cooperative → hoarding,Hoarding agents,2,0.4,bilateral_3pass,Bilateral 3-pass,151,12,30,9,42
86,cooperative_to_hoarding,Cooperative → hoarding,Hoarding agents,2,0.4,bilateral_3pass,Bilateral 3-pass,82,5,28,21,25
87,cooperative_to_hoarding,Cooperative → hoarding,Hoarding agents,2,0.4,bilateral_3pass,Bilateral 3-pass,89,6,30,20,47
88,cooperative_to_hoarding,Cooperative → hoarding,Hoarding agents,2,0.4,bilateral_3pass,Bilateral 3-pass,106,13,17,15,47
89,cooperative_to_hoarding,Cooperative → hoarding,Hoarding agents,2,0.4,bilateral_3pass,Bilateral 3-pass,133,14,41,7,34
90,cooperative_to_hoarding,Cooperative → hoarding,Hoarding agents,2,0.4,bilateral_3pass,Bilateral 3-pass,113,0,50,24,71
91,cooperative_to_hoarding,Cooperative → hoarding,Hoarding agents,2,0.4,bilateral_3pass,Bilateral 3-pass,124,9,26,13,54
92,cooperative_to_hoarding,Cooperative → hoarding,Hoarding agents,2,0.4,bilateral_3pass,Bilateral 3-pass,88,9,22,22,51
93,cooperative_to_hoarding,Cooperative → hoarding,Hoarding agents,2,0.4,bilateral_3pass,Bilateral 3-pass,100,6,25,15,43
94,cooperative_to_hoarding,Cooperative → hoarding,Hoarding agents,2,0.4,bilateral_3pass,Bilateral 3-pass,160,20,22,6,51
95,cooperative_to_hoarding,Cooperative → hoarding,Hoarding agents,2,0.4,bilateral_3pass,Bilateral 3-pass,84,14,8,15,44
96,cooperative_to_hoarding,Cooperative → hoarding,Hoarding agents,2,0.4,bilateral_3pass,Bilateral 3-pass,122,9,43,11,38
97,cooperative_to_hoarding,Cooperative → hoarding,Hoarding agents,2,0.4,bilateral_3pass,Bilateral 3-pass,104,17,9,6,35
98,cooperative_to_hoarding,Cooperative → hoarding,Hoarding agents,2,0.4,bilateral_3pass,Bilateral 3-pass,126,14,20,7,36
99,cooperative_to_hoarding,Cooperative → hoarding,Hoarding agents,2,0.4,bilateral_3pass,Bilateral 3-pass,107,9,25,4,39
0,cooperative_to_hoarding,Cooperative → hoarding,Hoarding agents,2,0.4,public_pool,Public pool,93,6,36,5,44
1,cooperative_to_hoarding,Cooperative → hoarding,Hoarding agents,2,0.4,public_pool,Public pool,102,5,47,6,38
2,cooperative_to_hoarding,Cooperative → hoarding,Hoarding agents,2,0.4,public_pool,Public pool,147,19,28,4,45
3,cooperative_to_hoarding,Cooperative → hoarding,Hoarding agents,2,0.4,public_pool,Public pool,74,5,25,6,44
4,cooperative_to_hoarding,Cooperative → hoarding,Hoarding agents,2,0.4,public_pool,Public pool,100,6,27,11,38
5,cooperative_to_hoarding,Cooperative → hoarding,Hoarding agents,2,0.4,public_pool,Public pool,111,12,37,6,38
6,cooperative_to_hoarding,Cooperative → hoarding,Hoarding agents,2,0.4,public_pool,Public pool,75,6,17,22,32
7,cooperative_to_hoarding,Cooperative → hoarding,Hoarding agents,2,0.4,public_pool,Public pool,75,3,32,21,33
8,cooperative_to_hoarding,Cooperative → hoarding,Hoarding agents,2,0.4,public_pool,Public pool,106,9,35,5,47
9,cooperative_to_hoarding,Cooperative → hoarding,Hoarding agents,2,0.4,public_pool,Public pool,98,6,35,7,35
10,cooperative_to_hoarding,Cooperative → hoarding,Hoarding agents,2,0.4,public_pool,Public pool,109,9,53,3,34
11,cooperative_to_hoarding,Cooperative → hoarding,Hoarding agents,2,0.4,public_pool,Public pool,132,11,22,7,39
12,cooperative_to_hoarding,Cooperative → hoarding,Hoarding agents,2,0.4,public_pool,Public pool,110,9,27,4,38
13,cooperative_to_hoarding,Cooperative → hoarding,Hoarding agents,2,0.4,public_pool,Public pool,116,6,30,6,42
14,cooperative_to_hoarding,Cooperative → hoarding,Hoarding agents,2,0.4,public_pool,Public pool,94,5,39,3,45
15,cooperative_to_hoarding,Cooperative → hoarding,Hoarding agents,2,0.4,public_pool,Public pool,63,3,27,22,35
16,cooperative_to_hoarding,Cooperative → hoarding,Hoarding agents,2,0.4,public_pool,Public pool,79,4,37,16,34
17,cooperative_to_hoarding,Cooperative → hoarding,Hoarding agents,2,0.4,public_pool,Public pool,135,11,47,9,44
18,cooperative_to_hoarding,Cooperative → hoarding,Hoarding agents,2,0.4,public_pool,Public pool,119,14,17,10,41
19,cooperative_to_hoarding,Cooperative → hoarding,Hoarding agents,2,0.4,public_pool,Public pool,155,19,30,5,51
20,cooperative_to_hoarding,Cooperative → hoarding,Hoarding agents,2,0.4,public_pool,Public pool,117,11,41,15,49
21,cooperative_to_hoarding,Cooperative → hoarding,Hoarding agents,2,0.4,public_pool,Public pool,73,6,30,8,27
22,cooperative_to_hoarding,Cooperative → hoarding,Hoarding agents,2,0.4,public_pool,Public pool,125,13,32,7,37
23,cooperative_to_hoarding,Cooperative → hoarding,Hoarding agents,2,0.4,public_pool,Public pool,106,11,22,6,34
24,cooperative_to_hoarding,Cooperative → hoarding,Hoarding agents,2,0.4,public_pool,Public pool,119,14,20,4,42
25,cooperative_to_hoarding,Cooperative → hoarding,Hoarding agents,2,0.4,public_pool,Public pool,90,10,35,11,31
26,cooperative_to_hoarding,Cooperative → hoarding,Hoarding agents,2,0.4,public_pool,Public pool,107,5,40,13,32
27,cooperative_to_hoarding,Cooperative → hoarding,Hoarding agents,2,0.4,public_pool,Public pool,104,5,44,12,42
28,cooperative_to_hoarding,Cooperative → hoarding,Hoarding agents,2,0.4,public_pool,Public pool,131,25,2,12,47
29,cooperative_to_hoarding,Cooperative → hoarding,Hoarding agents,2,0.4,public_pool,Public pool,108,11,19,6,41
30,cooperative_to_hoarding,Cooperative → hoarding,Hoarding agents,2,0.4,public_pool,Public pool,110,13,28,6,35
31,cooperative_to_hoarding,Cooperative → hoarding,Hoarding agents,2,0.4,public_pool,Public pool,93,6,19,9,29
32,cooperative_to_hoarding,Cooperative → hoarding,Hoarding agents,2,0.4,public_pool,Public pool,94,6,24,8,35
33,cooperative_to_hoarding,Cooperative → hoarding,Hoarding agents,2,0.4,public_pool,Public pool,118,11,37,6,33
34,cooperative_to_hoarding,Cooperative → hoarding,Hoarding agents,2,0.4,public_pool,Public pool,121,14,29,3,41
35,cooperative_to_hoarding,Cooperative → hoarding,Hoarding agents,2,0.4,public_pool,Public pool,121,11,30,7,39
36,cooperative_to_hoarding,Cooperative → hoarding,Hoarding agents,2,0.4,public_pool,Public pool,123,14,27,12,41
37,cooperative_to_hoarding,Cooperative → hoarding,Hoarding agents,2,0.4,public_pool,Public pool,141,5,46,5,37
38,cooperative_to_hoarding,Cooperative → hoarding,Hoarding agents,2,0.4,public_pool,Public pool,108,7,30,8,38
39,cooperative_to_hoarding,Cooperative → hoarding,Hoarding agents,2,0.4,public_pool,Public pool,121,6,32,11,38
40,cooperative_to_hoarding,Cooperative → hoarding,Hoarding agents,2,0.4,public_pool,Public pool,121,5,50,9,36
41,cooperative_to_hoarding,Cooperative → hoarding,Hoarding agents,2,0.4,public_pool,Public pool,130,3,53,8,37
42,cooperative_to_hoarding,Cooperative → hoarding,Hoarding agents,2,0.4,public_pool,Public pool,96,14,15,5,41
43,cooperative_to_hoarding,Cooperative → hoarding,Hoarding agents,2,0.4,public_pool,Public pool,82,0,41,12,29
44,cooperative_to_hoarding,Cooperative → hoarding,Hoarding agents,2,0.4,public_pool,Public pool,117,12,32,6,40
45,cooperative_to_hoarding,Cooperative → hoarding,Hoarding agents,2,0.4,public_pool,Public pool,99,5,35,7,35
46,cooperative_to_hoarding,Cooperative → hoarding,Hoarding agents,2,0.4,public_pool,Public pool,124,11,40,9,41
47,cooperative_to_hoarding,Cooperative → hoarding,Hoarding agents,2,0.4,public_pool,Public pool,118,16,21,9,43
48,cooperative_to_hoarding,Cooperative → hoarding,Hoarding agents,2,0.4,public_pool,Public pool,125,11,28,7,37
49,cooperative_to_hoarding,Cooperative → hoarding,Hoarding agents,2,0.4,public_pool,Public pool,125,11,38,5,38
50,cooperative_to_hoarding,Cooperative → hoarding,Hoarding agents,2,0.4,public_pool,Public pool,75,3,34,13,35
51,cooperative_to_hoarding,Cooperative → hoarding,Hoarding agents,2,0.4,public_pool,Public pool,137,5,45,6,42
52,cooperative_to_hoarding,Cooperative → hoarding,Hoarding agents,2,0.4,public_pool,Public pool,128,19,28,11,37
53,cooperative_to_hoarding,Cooperative → hoarding,Hoarding agents,2,0.4,public_pool,Public pool,118,4,39,15,36
54,cooperative_to_hoarding,Cooperative → hoarding,Hoarding agents,2,0.4,public_pool,Public pool,97,14,19,9,38
55,cooperative_to_hoarding,Cooperative → hoarding,Hoarding agents,2,0.4,public_pool,Public pool,103,6,38,7,42
56,cooperative_to_hoarding,Cooperative → hoarding,Hoarding agents,2,0.4,public_pool,Public pool,101,2,52,17,42
57,cooperative_to_hoarding,Cooperative → hoarding,Hoarding agents,2,0.4,public_pool,Public pool,121,11,26,10,35
58,cooperative_to_hoarding,Cooperative → hoarding,Hoarding agents,2,0.4,public_pool,Public pool,95,1,32,12,44
59,cooperative_to_hoarding,Cooperative → hoarding,Hoarding agents,2,0.4,public_pool,Public pool,90,11,12,9,29
60,cooperative_to_hoarding,Cooperative → hoarding,Hoarding agents,2,0.4,public_pool,Public pool,121,6,35,8,40
61,cooperative_to_hoarding,Cooperative → hoarding,Hoarding agents,2,0.4,public_pool,Public pool,108,3,41,17,42
62,cooperative_to_hoarding,Cooperative → hoarding,Hoarding agents,2,0.4,public_pool,Public pool,106,14,21,10,36
63,cooperative_to_hoarding,Cooperative → hoarding,Hoarding agents,2,0.4,public_pool,Public pool,103,6,46,9,44
64,cooperative_to_hoarding,Cooperative → hoarding,Hoarding agents,2,0.4,public_pool,Public pool,107,14,15,6,36
65,cooperative_to_hoarding,Cooperative → hoarding,Hoarding agents,2,0.4,public_pool,Public pool,112,1,56,7,28
66,cooperative_to_hoarding,Cooperative → hoarding,Hoarding agents,2,0.4,public_pool,Public pool,120,3,54,8,34
67,cooperative_to_hoarding,Cooperative → hoarding,Hoarding agents,2,0.4,public_pool,Public pool,80,11,10,16,36
68,cooperative_to_hoarding,Cooperative → hoarding,Hoarding agents,2,0.4,public_pool,Public pool,78,3,27,4,38
69,cooperative_to_hoarding,Cooperative → hoarding,Hoarding agents,2,0.4,public_pool,Public pool,121,17,25,6,40
70,cooperative_to_hoarding,Cooperative → hoarding,Hoarding agents,2,0.4,public_pool,Public pool,80,11,11,7,33
71,cooperative_to_hoarding,Cooperative → hoarding,Hoarding agents,2,0.4,public_pool,Public pool,134,14,24,6,43
72,cooperative_to_hoarding,Cooperative → hoarding,Hoarding agents,2,0.4,public_pool,Public pool,103,8,30,8,34
73,cooperative_to_hoarding,Cooperative → hoarding,Hoarding agents,2,0.4,public_pool,Public pool,150,14,40,5,35
74,cooperative_to_hoarding,Cooperative → hoarding,Hoarding agents,2,0.4,public_pool,Public pool,137,17,24,10,46
75,cooperative_to_hoarding,Cooperative → hoarding,Hoarding agents,2,0.4,public_pool,Public pool,111,14,20,5,43
76,cooperative_to_hoarding,Cooperative → hoarding,Hoarding agents,2,0.4,public_pool,Public pool,88,5,47,9,39
77,cooperative_to_hoarding,Cooperative → hoarding,Hoarding agents,2,0.4,public_pool,Public pool,116,14,19,4,44
78,cooperative_to_hoarding,Cooperative → hoarding,Hoarding agents,2,0.4,public_pool,Public pool,122,17,13,4,41
79,cooperative_to_hoarding,Cooperative → hoarding,Hoarding agents,2,0.4,public_pool,Public pool,130,22,10,9,43
80,cooperative_to_hoarding,Cooperative → hoarding,Hoarding agents,2,0.4,public_pool,Public pool,106,6,37,13,26
81,cooperative_to_hoarding,Cooperative → hoarding,Hoarding agents,2,0.4,public_pool,Public pool,87,12,14,10,29
82,cooperative_to_hoarding,Cooperative → hoarding,Hoarding agents,2,0.4,public_pool,Public pool,135,19,17,6,40
83,cooperative_to_hoarding,Cooperative → hoarding,Hoarding agents,2,0.4,public_pool,Public pool,119,8,33,8,34
84,cooperative_to_hoarding,Cooperative → hoarding,Hoarding agents,2,0.4,public_pool,Public pool,146,17,35,3,38
85,cooperative_to_hoarding,Cooperative → hoarding,Hoarding agents,2,0.4,public_pool,Public pool,120,11,34,6,35
86,cooperative_to_hoarding,Cooperative → hoarding,Hoarding agents,2,0.4,public_pool,Public pool,108,14,19,10,39
87,cooperative_to_hoarding,Cooperative → hoarding,Hoarding agents,2,0.4,public_pool,Public pool,92,6,40,6,34
88,cooperative_to_hoarding,Cooperative → hoarding,Hoarding agents,2,0.4,public_pool,Public pool,110,9,32,8,35
89,cooperative_to_hoarding,Cooperative → hoarding,Hoarding agents,2,0.4,public_pool,Public pool,75,6,29,11,38
90,cooperative_to_hoarding,Cooperative → hoarding,Hoarding agents,2,0.4,public_pool,Public pool,118,6,30,7,30
91,cooperative_to_hoarding,Cooperative → hoarding,Hoarding agents,2,0.4,public_pool,Public pool,129,11,35,3,41
92,cooperative_to_hoarding,Cooperative → hoarding,Hoarding agents,2,0.4,public_pool,Public pool,124,4,48,3,33
93,cooperative_to_hoarding,Cooperative → hoarding,Hoarding agents,2,0.4,public_pool,Public pool,108,9,32,5,39
94,cooperative_to_hoarding,Cooperative → hoarding,Hoarding agents,2,0.4,public_pool,Public pool,89,6,39,6,33
95,cooperative_to_hoarding,Cooperative → hoarding,Hoarding agents,2,0.4,public_pool,Public pool,85,3,43,14,33
96,cooperative_to_hoarding,Cooperative → hoarding,Hoarding agents,2,0.4,public_pool,Public pool,91,4,31,13,33
97,cooperative_to_hoarding,Cooperative → hoarding,Hoarding agents,2,0.4,public_pool,Public pool,126,3,59,3,38
98,cooperative_to_hoarding,Cooperative → hoarding,Hoarding agents,2,0.4,public_pool,Public pool,124,14,28,9,49
99,cooperative_to_hoarding,Cooperative → hoarding,Hoarding agents,2,0.4,public_pool,Public pool,115,9,36,4,39
0,cooperative_to_hoarding,Cooperative → hoarding,Hoarding agents,2,0.4,central_cap2,Central capped (2),131,14,24,10,38
1,cooperative_to_hoarding,Cooperative → hoarding,Hoarding agents,2,0.4,central_cap2,Central capped (2),122,11,24,10,37
2,cooperative_to_hoarding,Cooperative → hoarding,Hoarding agents,2,0.4,central_cap2,Central capped (2),113,17,16,11,38
3,cooperative_to_hoarding,Cooperative → hoarding,Hoarding agents,2,0.4,central_cap2,Central capped (2),109,17,14,8,37
4,cooperative_to_hoarding,Cooperative → hoarding,Hoarding agents,2,0.4,central_cap2,Central capped (2),114,9,30,10,33
5,cooperative_to_hoarding,Cooperative → hoarding,Hoarding agents,2,0.4,central_cap2,Central capped (2),109,14,25,5,37
6,cooperative_to_hoarding,Cooperative → hoarding,Hoarding agents,2,0.4,central_cap2,Central capped (2),141,20,15,12,37
7,cooperative_to_hoarding,Cooperative → hoarding,Hoarding agents,2,0.4,central_cap2,Central capped (2),132,9,27,4,36
8,cooperative_to_hoarding,Cooperative → hoarding,Hoarding agents,2,0.4,central_cap2,Central capped (2),121,17,20,7,36
9,cooperative_to_hoarding,Cooperative → hoarding,Hoarding agents,2,0.4,central_cap2,Central capped (2),78,9,11,12,33
10,cooperative_to_hoarding,Cooperative → hoarding,Hoarding agents,2,0.4,central_cap2,Central capped (2),139,19,19,9,36
11,cooperative_to_hoarding,Cooperative → hoarding,Hoarding agents,2,0.4,central_cap2,Central capped (2),119,19,19,17,37
12,cooperative_to_hoarding,Cooperative → hoarding,Hoarding agents,2,0.4,central_cap2,Central capped (2),100,9,28,8,31
13,cooperative_to_hoarding,Cooperative → hoarding,Hoarding agents,2,0.4,central_cap2,Central capped (2),127,12,24,5,33
14,cooperative_to_hoarding,Cooperative → hoarding,Hoarding agents,2,0.4,central_cap2,Central capped (2),120,12,23,4,37
15,cooperative_to_hoarding,Cooperative → hoarding,Hoarding agents,2,0.4,central_cap2,Central capped (2),113,11,19,10,38
16,cooperative_to_hoarding,Cooperative → hoarding,Hoarding agents,2,0.4,central_cap2,Central capped (2),111,11,17,8,36
17,cooperative_to_hoarding,Cooperative → hoarding,Hoarding agents,2,0.4,central_cap2,Central capped (2),117,14,19,9,31
18,cooperative_to_hoarding,Cooperative → hoarding,Hoarding agents,2,0.4,central_cap2,Central capped (2),167,19,26,5,34
19,cooperative_to_hoarding,Cooperative → hoarding,Hoarding agents,2,0.4,central_cap2,Central capped (2),130,20,16,14,36
20,cooperative_to_hoarding,Cooperative → hoarding,Hoarding agents,2,0.4,central_cap2,Central capped (2),124,14,24,10,38
21,cooperative_to_hoarding,Cooperative → hoarding,Hoarding agents,2,0.4,central_cap2,Central capped (2),103,9,22,14,35
22,cooperative_to_hoarding,Cooperative → hoarding,Hoarding agents,2,0.4,central_cap2,Central capped (2),141,17,21,7,37
23,cooperative_to_hoarding,Cooperative → hoarding,Hoarding agents,2,0.4,central_cap2,Central capped (2),157,22,16,8,38
24,cooperative_to_hoarding,Cooperative → hoarding,Hoarding agents,2,0.4,central_cap2,Central capped (2),104,12,26,6,34
25,cooperative_to_hoarding,Cooperative → hoarding,Hoarding agents,2,0.4,central_cap2,Central capped (2),138,17,29,6,37
26,cooperative_to_hoarding,Cooperative → hoarding,Hoarding agents,2,0.4,central_cap2,Central capped (2),117,6,32,19,33
27,cooperative_to_hoarding,Cooperative → hoarding,Hoarding agents,2,0.4,central_cap2,Central capped (2),128,19,11,18,35
28,cooperative_to_hoarding,Cooperative → hoarding,Hoarding agents,2,0.4,central_cap2,Central capped (2),125,17,18,12,34
29,cooperative_to_hoarding,Cooperative → hoarding,Hoarding agents,2,0.4,central_cap2,Central capped (2),120,14,23,5,38
30,cooperative_to_hoarding,Cooperative → hoarding,Hoarding agents,2,0.4,central_cap2,Central capped (2),154,27,11,5,36
31,cooperative_to_hoarding,Cooperative → hoarding,Hoarding agents,2,0.4,central_cap2,Central capped (2),114,9,22,7,37
32,cooperative_to_hoarding,Cooperative → hoarding,Hoarding agents,2,0.4,central_cap2,Central capped (2),90,14,17,2,37
33,cooperative_to_hoarding,Cooperative → hoarding,Hoarding agents,2,0.4,central_cap2,Central capped (2),91,9,13,15,30
34,cooperative_to_hoarding,Cooperative → hoarding,Hoarding agents,2,0.4,central_cap2,Central capped (2),111,12,18,5,31
35,cooperative_to_hoarding,Cooperative → hoarding,Hoarding agents,2,0.4,central_cap2,Central capped (2),107,11,23,14,31
36,cooperative_to_hoarding,Cooperative → hoarding,Hoarding agents,2,0.4,central_cap2,Central capped (2),122,14,22,14,38
37,cooperative_to_hoarding,Cooperative → hoarding,Hoarding agents,2,0.4,central_cap2,Central capped (2),96,11,18,19,34
38,cooperative_to_hoarding,Cooperative → hoarding,Hoarding agents,2,0.4,central_cap2,Central capped (2),111,18,10,9,37
39,cooperative_to_hoarding,Cooperative → hoarding,Hoarding agents,2,0.4,central_cap2,Central capped (2),139,9,33,5,37
40,cooperative_to_hoarding,Cooperative → hoarding,Hoarding agents,2,0.4,central_cap2,Central capped (2),93,9,24,12,39
41,cooperative_to_hoarding,Cooperative → hoarding,Hoarding agents,2,0.4,central_cap2,Central capped (2),143,14,26,4,37
42,cooperative_to_hoarding,Cooperative → hoarding,Hoarding agents,2,0.4,central_cap2,Central capped (2),96,9,26,16,32
43,cooperative_to_hoarding,Cooperative → hoarding,Hoarding agents,2,0.4,central_cap2,Central capped (2),127,11,30,8,38
44,cooperative_to_hoarding,Cooperative → hoarding,Hoarding agents,2,0.4,central_cap2,Central capped (2),123,17,24,9,38
45,cooperative_to_hoarding,Cooperative → hoarding,Hoarding agents,2,0.4,central_cap2,Central capped (2),106,9,22,13,36
46,cooperative_to_hoarding,Cooperative → hoarding,Hoarding agents,2,0.4,central_cap2,Central capped (2),145,22,22,10,40
47,cooperative_to_hoarding,Cooperative → hoarding,Hoarding agents,2,0.4,central_cap2,Central capped (2),111,9,32,11,33
48,cooperative_to_hoarding,Cooperative → hoarding,Hoarding agents,2,0.4,central_cap2,Central capped (2),141,22,19,8,39
49,cooperative_to_hoarding,Cooperative → hoarding,Hoarding agents,2,0.4,central_cap2,Central capped (2),143,22,16,5,39
50,cooperative_to_hoarding,Cooperative → hoarding,Hoarding agents,2,0.4,central_cap2,Central capped (2),102,9,23,17,32
51,cooperative_to_hoarding,Cooperative → hoarding,Hoarding agents,2,0.4,central_cap2,Central capped (2),124,11,23,11,33
52,cooperative_to_hoarding,Cooperative → hoarding,Hoarding agents,2,0.4,central_cap2,Central capped (2),101,14,17,4,36
53,cooperative_to_hoarding,Cooperative → hoarding,Hoarding agents,2,0.4,central_cap2,Central capped (2),155,17,24,7,34
54,cooperative_to_hoarding,Cooperative → hoarding,Hoarding agents,2,0.4,central_cap2,Central capped (2),87,6,27,14,32
55,cooperative_to_hoarding,Cooperative → hoarding,Hoarding agents,2,0.4,central_cap2,Central capped (2),114,9,33,7,36
56,cooperative_to_hoarding,Cooperative → hoarding,Hoarding agents,2,0.4,central_cap2,Central capped (2),110,16,22,10,32
57,cooperative_to_hoarding,Cooperative → hoarding,Hoarding agents,2,0.4,central_cap2,Central capped (2),155,20,19,7,36
58,cooperative_to_hoarding,Cooperative → hoarding,Hoarding agents,2,0.4,central_cap2,Central capped (2),126,11,30,5,39
59,cooperative_to_hoarding,Cooperative → hoarding,Hoarding agents,2,0.4,central_cap2,Central capped (2),134,17,21,9,38
60,cooperative_to_hoarding,Cooperative → hoarding,Hoarding agents,2,0.4,central_cap2,Central capped (2),140,19,25,6,36
61,cooperative_to_hoarding,Cooperative → hoarding,Hoarding agents,2,0.4,central_cap2,Central capped (2),120,6,36,12,32
62,cooperative_to_hoarding,Cooperative → hoarding,Hoarding agents,2,0.4,central_cap2,Central capped (2),128,17,27,8,31
63,cooperative_to_hoarding,Cooperative → hoarding,Hoarding agents,2,0.4,central_cap2,Central capped (2),121,14,27,7,38
64,cooperative_to_hoarding,Cooperative → hoarding,Hoarding agents,2,0.4,central_cap2,Central capped (2),137,17,21,7,35
65,cooperative_to_hoarding,Cooperative → hoarding,Hoarding agents,2,0.4,central_cap2,Central capped (2),114,6,25,7,36
66,cooperative_to_hoarding,Cooperative → hoarding,Hoarding agents,2,0.4,central_cap2,Central capped (2),124,17,22,5,36
67,cooperative_to_hoarding,Cooperative → hoarding,Hoarding agents,2,0.4,central_cap2,Central capped (2),106,9,20,5,40
68,cooperative_to_hoarding,Cooperative → hoarding,Hoarding agents,2,0.4,central_cap2,Central capped (2),102,9,22,11,33
69,cooperative_to_hoarding,Cooperative → hoarding,Hoarding agents,2,0.4,central_cap2,Central capped (2),106,14,23,12,33
70,cooperative_to_hoarding,Cooperative → hoarding,Hoarding agents,2,0.4,central_cap2,Central capped (2),121,12,21,9,36
71,cooperative_to_hoarding,Cooperative → hoarding,Hoarding agents,2,0.4,central_cap2,Central capped (2),130,16,22,14,37
72,cooperative_to_hoarding,Cooperative → hoarding,Hoarding agents,2,0.4,central_cap2,Central capped (2),154,17,29,6,38
73,cooperative_to_hoarding,Cooperative → hoarding,Hoarding agents,2,0.4,central_cap2,Central capped (2),137,17,28,12,35
74,cooperative_to_hoarding,Cooperative → hoarding,Hoarding agents,2,0.4,central_cap2,Central capped (2),124,14,17,8,38
75,cooperative_to_hoarding,Cooperative → hoarding,Hoarding agents,2,0.4,central_cap2,Central capped (2),166,18,28,12,39
76,cooperative_to_hoarding,Cooperative → hoarding,Hoarding agents,2,0.4,central_cap2,Central capped (2),111,11,22,3,36
77,cooperative_to_hoarding,Cooperative → hoarding,Hoarding agents,2,0.4,central_cap2,Central capped (2),111,17,10,3,33
78,cooperative_to_hoarding,Cooperative → hoarding,Hoarding agents,2,0.4,central_cap2,Central capped (2),137,17,21,18,35
79,cooperative_to_hoarding,Cooperative → hoarding,Hoarding agents,2,0.4,central_cap2,Central capped (2),133,19,11,10,35
80,cooperative_to_hoarding,Cooperative → hoarding,Hoarding agents,2,0.4,central_cap2,Central capped (2),99,6,35,17,32
81,cooperative_to_hoarding,Cooperative → hoarding,Hoarding agents,2,0.4,central_cap2,Central capped (2),153,14,22,6,34
82,cooperative_to_hoarding,Cooperative → hoarding,Hoarding agents,2,0.4,central_cap2,Central capped (2),148,22,22,5,33
83,cooperative_to_hoarding,Cooperative → hoarding,Hoarding agents,2,0.4,central_cap2,Central capped (2),112,11,33,12,36
84,cooperative_to_hoarding,Cooperative → hoarding,Hoarding agents,2,0.4,central_cap2,Central capped (2),137,9,30,7,34
85,cooperative_to_hoarding,Cooperative → hoarding,Hoarding agents,2,0.4,central_cap2,Central capped (2),133,14,21,9,33
86,cooperative_to_hoarding,Cooperative → hoarding,Hoarding agents,2,0.4,central_cap2,Central capped (2),154,20,24,12,35
87,cooperative_to_hoarding,Cooperative → hoarding,Hoarding agents,2,0.4,central_cap2,Central capped (2),111,6,37,14,32
88,cooperative_to_hoarding,Cooperative → hoarding,Hoarding agents,2,0.4,central_cap2,Central capped (2),77,11,14,11,27
89,cooperative_to_hoarding,Cooperative → hoarding,Hoarding agents,2,0.4,central_cap2,Central capped (2),121,15,23,13,33
90,cooperative_to_hoarding,Cooperative → hoarding,Hoarding agents,2,0.4,central_cap2,Central capped (2),139,14,27,19,34
91,cooperative_to_hoarding,Cooperative → hoarding,Hoarding agents,2,0.4,central_cap2,Central capped (2),137,17,22,7,34
92,cooperative_to_hoarding,Cooperative → hoarding,Hoarding agents,2,0.4,central_cap2,Central capped (2),147,23,13,11,37
93,cooperative_to_hoarding,Cooperative → hoarding,Hoarding agents,2,0.4,central_cap2,Central capped (2),108,14,13,10,37
94,cooperative_to_hoarding,Cooperative → hoarding,Hoarding agents,2,0.4,central_cap2,Central capped (2),121,12,29,6,34
95,cooperative_to_hoarding,Cooperative → hoarding,Hoarding agents,2,0.4,central_cap2,Central capped (2),81,6,21,13,36
96,cooperative_to_hoarding,Cooperative → hoarding,Hoarding agents,2,0.4,central_cap2,Central capped (2),136,14,33,6,37
97,cooperative_to_hoarding,Cooperative → hoarding,Hoarding agents,2,0.4,central_cap2,Central capped (2),125,17,16,11,33
98,cooperative_to_hoarding,Cooperative → hoarding,Hoarding agents,2,0.4,central_cap2,Central capped (2),128,19,14,6,35
99,cooperative_to_hoarding,Cooperative → hoarding,Hoarding agents,2,0.4,central_cap2,Central capped (2),130,14,25,10,36
0,cooperative_to_hoarding,Cooperative → hoarding,Hoarding agents,2,0.4,central_full,Central clearing,119,14,19,17,47
1,cooperative_to_hoarding,Cooperative → hoarding,Hoarding agents,2,0.4,central_full,Central clearing,130,17,14,6,57
2,cooperative_to_hoarding,Cooperative → hoarding,Hoarding agents,2,0.4,central_full,Central clearing,178,27,19,7,58
3,cooperative_to_hoarding,Cooperative → hoarding,Hoarding agents,2,0.4,central_full,Central clearing,174,27,17,10,58
4,cooperative_to_hoarding,Cooperative → hoarding,Hoarding agents,2,0.4,central_full,Central clearing,92,9,18,16,41
5,cooperative_to_hoarding,Cooperative → hoarding,Hoarding agents,2,0.4,central_full,Central clearing,144,22,15,6,58
6,cooperative_to_hoarding,Cooperative → hoarding,Hoarding agents,2,0.4,central_full,Central clearing,97,11,17,18,37
7,cooperative_to_hoarding,Cooperative → hoarding,Hoarding agents,2,0.4,central_full,Central clearing,138,24,6,12,47
8,cooperative_to_hoarding,Cooperative → hoarding,Hoarding agents,2,0.4,central_full,Central clearing,139,14,26,8,52
9,cooperative_to_hoarding,Cooperative → hoarding,Hoarding agents,2,0.4,central_full,Central clearing,140,22,11,7,48
10,cooperative_to_hoarding,Cooperative → hoarding,Hoarding agents,2,0.4,central_full,Central clearing,166,27,12,6,52
11,cooperative_to_hoarding,Cooperative → hoarding,Hoarding agents,2,0.4,central_full,Central clearing,130,14,24,17,52
12,cooperative_to_hoarding,Cooperative → hoarding,Hoarding agents,2,0.4,central_full,Central clearing,134,18,21,13,44
13,cooperative_to_hoarding,Cooperative → hoarding,Hoarding agents,2,0.4,central_full,Central clearing,163,27,14,6,58
14,cooperative_to_hoarding,Cooperative → hoarding,Hoarding agents,2,0.4,central_full,Central clearing,177,30,19,8,66
15,cooperative_to_hoarding,Cooperative → hoarding,Hoarding agents,2,0.4,central_full,Central clearing,130,17,15,11,46
16,cooperative_to_hoarding,Cooperative → hoarding,Hoarding agents,2,0.4,central_full,Central clearing,143,22,16,6,45
17,cooperative_to_hoarding,Cooperative → hoarding,Hoarding agents,2,0.4,central_full,Central clearing,120,17,16,6,37
18,cooperative_to_hoarding,Cooperative → hoarding,Hoarding agents,2,0.4,central_full,Central clearing,179,28,17,5,48
19,cooperative_to_hoarding,Cooperative → hoarding,Hoarding agents,2,0.4,central_full,Central clearing,187,34,13,6,56
20,cooperative_to_hoarding,Cooperative → hoarding,Hoarding agents,2,0.4,central_full,Central clearing,151,22,21,5,57
21,cooperative_to_hoarding,Cooperative → hoarding,Hoarding agents,2,0.4,central_full,Central clearing,173,27,11,10,45
22,cooperative_to_hoarding,Cooperative → hoarding,Hoarding agents,2,0.4,central_full,Central clearing,177,25,21,7,70
23,cooperative_to_hoarding,Cooperative → hoarding,Hoarding agents,2,0.4,central_full,Central clearing,179,30,13,4,55
24,cooperative_to_hoarding,Cooperative → hoarding,Hoarding agents,2,0.4,central_full,Central clearing,142,18,22,5,56
25,cooperative_to_hoarding,Cooperative → hoarding,Hoarding agents,2,0.4,central_full,Central clearing,160,27,16,8,64
26,cooperative_to_hoarding,Cooperative → hoarding,Hoarding agents,2,0.4,central_full,Central clearing,113,17,18,17,44
27,cooperative_to_hoarding,Cooperative → hoarding,Hoarding agents,2,0.4,central_full,Central clearing,176,27,16,10,67
28,cooperative_to_hoarding,Cooperative → hoarding,Hoarding agents,2,0.4,central_full,Central clearing,163,27,11,10,50
29,cooperative_to_hoarding,Cooperative → hoarding,Hoarding agents,2,0.4,central_full,Central clearing,132,20,15,7,64
30,cooperative_to_hoarding,Cooperative → hoarding,Hoarding agents,2,0.4,central_full,Central clearing,181,30,14,6,60
31,cooperative_to_hoarding,Cooperative → hoarding,Hoarding agents,2,0.4,central_full,Central clearing,117,9,27,8,41
32,cooperative_to_hoarding,Cooperative → hoarding,Hoarding agents,2,0.4,central_full,Central clearing,179,33,8,3,66
33,cooperative_to_hoarding,Cooperative → hoarding,Hoarding agents,2,0.4,central_full,Central clearing,126,17,13,20,35
34,cooperative_to_hoarding,Cooperative → hoarding,Hoarding agents,2,0.4,central_full,Central clearing,144,22,11,15,46
35,cooperative_to_hoarding,Cooperative → hoarding,Hoarding agents,2,0.4,central_full,Central clearing,173,30,11,9,57
36,cooperative_to_hoarding,Cooperative → hoarding,Hoarding agents,2,0.4,central_full,Central clearing,157,26,18,10,62
37,cooperative_to_hoarding,Cooperative → hoarding,Hoarding agents,2,0.4,central_full,Central clearing,139,22,11,6,44
38,cooperative_to_hoarding,Cooperative → hoarding,Hoarding agents,2,0.4,central_full,Central clearing,146,25,11,7,59
39,cooperative_to_hoarding,Cooperative → hoarding,Hoarding agents,2,0.4,central_full,Central clearing,166,27,17,11,53
40,cooperative_to_hoarding,Cooperative → hoarding,Hoarding agents,2,0.4,central_full,Central clearing,173,25,25,8,66
41,cooperative_to_hoarding,Cooperative → hoarding,Hoarding agents,2,0.4,central_full,Central clearing,176,27,22,8,66
42,cooperative_to_hoarding,Cooperative → hoarding,Hoarding agents,2,0.4,central_full,Central clearing,145,22,25,2,47
43,cooperative_to_hoarding,Cooperative → hoarding,Hoarding agents,2,0.4,central_full,Central clearing,148,27,4,5,47
44,cooperative_to_hoarding,Cooperative → hoarding,Hoarding agents,2,0.4,central_full,Central clearing,173,28,13,4,52
45,cooperative_to_hoarding,Cooperative → hoarding,Hoarding agents,2,0.4,central_full,Central clearing,132,22,9,20,45
46,cooperative_to_hoarding,Cooperative → hoarding,Hoarding agents,2,0.4,central_full,Central clearing,166,27,12,6,58
47,cooperative_to_hoarding,Cooperative → hoarding,Hoarding agents,2,0.4,central_full,Central clearing,156,25,18,18,40
48,cooperative_to_hoarding,Cooperative → hoarding,Hoarding agents,2,0.4,central_full,Central clearing,174,30,13,6,67
49,cooperative_to_hoarding,Cooperative → hoarding,Hoarding agents,2,0.4,central_full,Central clearing,155,28,5,5,44
50,cooperative_to_hoarding,Cooperative → hoarding,Hoarding agents,2,0.4,central_full,Central clearing,137,20,17,7,46
51,cooperative_to_hoarding,Cooperative → hoarding,Hoarding agents,2,0.4,central_full,Central clearing,161,25,19,11,57
52,cooperative_to_hoarding,Cooperative → hoarding,Hoarding agents,2,0.4,central_full,Central clearing,115,11,28,23,43
53,cooperative_to_hoarding,Cooperative → hoarding,Hoarding agents,2,0.4,central_full,Central clearing,182,29,14,8,44
54,cooperative_to_hoarding,Cooperative → hoarding,Hoarding agents,2,0.4,central_full,Central clearing,133,19,11,13,48
55,cooperative_to_hoarding,Cooperative → hoarding,Hoarding agents,2,0.4,central_full,Central clearing,142,19,24,10,48
56,cooperative_to_hoarding,Cooperative → hoarding,Hoarding agents,2,0.4,central_full,Central clearing,134,19,16,9,48
57,cooperative_to_hoarding,Cooperative → hoarding,Hoarding agents,2,0.4,central_full,Central clearing,172,30,14,2,54
58,cooperative_to_hoarding,Cooperative → hoarding,Hoarding agents,2,0.4,central_full,Central clearing,144,22,19,10,66
59,cooperative_to_hoarding,Cooperative → hoarding,Hoarding agents,2,0.4,central_full,Central clearing,177,30,15,9,56
60,cooperative_to_hoarding,Cooperative → hoarding,Hoarding agents,2,0.4,central_full,Central clearing,167,25,21,10,63
61,cooperative_to_hoarding,Cooperative → hoarding,Hoarding agents,2,0.4,central_full,Central clearing,149,22,16,6,42
62,cooperative_to_hoarding,Cooperative → hoarding,Hoarding agents,2,0.4,central_full,Central clearing,130,18,15,12,32
63,cooperative_to_hoarding,Cooperative → hoarding,Hoarding agents,2,0.4,central_full,Central clearing,165,27,18,6,66
64,cooperative_to_hoarding,Cooperative → hoarding,Hoarding agents,2,0.4,central_full,Central clearing,151,20,24,8,50
65,cooperative_to_hoarding,Cooperative → hoarding,Hoarding agents,2,0.4,central_full,Central clearing,141,14,31,6,46
66,cooperative_to_hoarding,Cooperative → hoarding,Hoarding agents,2,0.4,central_full,Central clearing,145,19,25,7,62
67,cooperative_to_hoarding,Cooperative → hoarding,Hoarding agents,2,0.4,central_full,Central clearing,94,9,16,11,51
68,cooperative_to_hoarding,Cooperative → hoarding,Hoarding agents,2,0.4,central_full,Central clearing,108,14,15,5,40
69,cooperative_to_hoarding,Cooperative → hoarding,Hoarding agents,2,0.4,central_full,Central clearing,118,19,9,16,46
70,cooperative_to_hoarding,Cooperative → hoarding,Hoarding agents,2,0.4,central_full,Central clearing,134,17,14,7,53
71,cooperative_to_hoarding,Cooperative → hoarding,Hoarding agents,2,0.4,central_full,Central clearing,181,30,13,4,59
72,cooperative_to_hoarding,Cooperative → hoarding,Hoarding agents,2,0.4,central_full,Central clearing,158,27,8,8,53
73,cooperative_to_hoarding,Cooperative → hoarding,Hoarding agents,2,0.4,central_full,Central clearing,187,25,21,9,61
74,cooperative_to_hoarding,Cooperative → hoarding,Hoarding agents,2,0.4,central_full,Central clearing,150,25,13,10,51
75,cooperative_to_hoarding,Cooperative → hoarding,Hoarding agents,2,0.4,central_full,Central clearing,164,29,10,0,55
76,cooperative_to_hoarding,Cooperative → hoarding,Hoarding agents,2,0.4,central_full,Central clearing,153,25,16,7,65
77,cooperative_to_hoarding,Cooperative → hoarding,Hoarding agents,2,0.4,central_full,Central clearing,101,14,8,16,45
78,cooperative_to_hoarding,Cooperative → hoarding,Hoarding agents,2,0.4,central_full,Central clearing,167,29,15,13,60
79,cooperative_to_hoarding,Cooperative → hoarding,Hoarding agents,2,0.4,central_full,Central clearing,144,23,12,14,46
80,cooperative_to_hoarding,Cooperative → hoarding,Hoarding agents,2,0.4,central_full,Central clearing,153,25,14,7,54
81,cooperative_to_hoarding,Cooperative → hoarding,Hoarding agents,2,0.4,central_full,Central clearing,186,30,14,3,57
82,cooperative_to_hoarding,Cooperative → hoarding,Hoarding agents,2,0.4,central_full,Central clearing,157,22,18,12,46
83,cooperative_to_hoarding,Cooperative → hoarding,Hoarding agents,2,0.4,central_full,Central clearing,160,20,18,2,59
84,cooperative_to_hoarding,Cooperative → hoarding,Hoarding agents,2,0.4,central_full,Central clearing,167,19,28,5,53
85,cooperative_to_hoarding,Cooperative → hoarding,Hoarding agents,2,0.4,central_full,Central clearing,163,21,18,10,44
86,cooperative_to_hoarding,Cooperative → hoarding,Hoarding agents,2,0.4,central_full,Central clearing,152,22,17,5,52
87,cooperative_to_hoarding,Cooperative → hoarding,Hoarding agents,2,0.4,central_full,Central clearing,143,20,19,5,61
88,cooperative_to_hoarding,Cooperative → hoarding,Hoarding agents,2,0.4,central_full,Central clearing,84,11,13,8,30
89,cooperative_to_hoarding,Cooperative → hoarding,Hoarding agents,2,0.4,central_full,Central clearing,182,30,11,3,57
90,cooperative_to_hoarding,Cooperative → hoarding,Hoarding agents,2,0.4,central_full,Central clearing,159,29,6,7,56
91,cooperative_to_hoarding,Cooperative → hoarding,Hoarding agents,2,0.4,central_full,Central clearing,162,27,12,5,51
92,cooperative_to_hoarding,Cooperative → hoarding,Hoarding agents,2,0.4,central_full,Central clearing,168,27,15,5,56
93,cooperative_to_hoarding,Cooperative → hoarding,Hoarding agents,2,0.4,central_full,Central clearing,104,9,18,14,45
94,cooperative_to_hoarding,Cooperative → hoarding,Hoarding agents,2,0.4,central_full,Central clearing,202,36,10,4,62
95,cooperative_to_hoarding,Cooperative → hoarding,Hoarding agents,2,0.4,central_full,Central clearing,139,20,11,6,56
96,cooperative_to_hoarding,Cooperative → hoarding,Hoarding agents,2,0.4,central_full,Central clearing,161,25,16,8,69
97,cooperative_to_hoarding,Cooperative → hoarding,Hoarding agents,2,0.4,central_full,Central clearing,122,17,18,12,51
98,cooperative_to_hoarding,Cooperative → hoarding,Hoarding agents,2,0.4,central_full,Central clearing,125,12,19,4,38
99,cooperative_to_hoarding,Cooperative → hoarding,Hoarding agents,2,0.4,central_full,Central clearing,147,19,24,9,59
0,cooperative_to_hoarding,Cooperative → hoarding,Hoarding agents,2,0.4,equity_central,Equity central,136,22,18,7,54
1,cooperative_to_hoarding,Cooperative → hoarding,Hoarding agents,2,0.4,equity_central,Equity central,163,30,5,11,53
2,cooperative_to_hoarding,Cooperative → hoarding,Hoarding agents,2,0.4,equity_central,Equity central,177,30,19,4,62
3,cooperative_to_hoarding,Cooperative → hoarding,Hoarding agents,2,0.4,equity_central,Equity central,181,30,13,7,68
4,cooperative_to_hoarding,Cooperative → hoarding,Hoarding agents,2,0.4,equity_central,Equity central,119,14,17,12,43
5,cooperative_to_hoarding,Cooperative → hoarding,Hoarding agents,2,0.4,equity_central,Equity central,135,23,10,12,58
6,cooperative_to_hoarding,Cooperative → hoarding,Hoarding agents,2,0.4,equity_central,Equity central,67,9,10,17,35
7,cooperative_to_hoarding,Cooperative → hoarding,Hoarding agents,2,0.4,equity_central,Equity central,139,24,6,11,46
8,cooperative_to_hoarding,Cooperative → hoarding,Hoarding agents,2,0.4,equity_central,Equity central,168,25,15,6,60
9,cooperative_to_hoarding,Cooperative → hoarding,Hoarding agents,2,0.4,equity_central,Equity central,142,22,13,11,59
10,cooperative_to_hoarding,Cooperative → hoarding,Hoarding agents,2,0.4,equity_central,Equity central,171,30,18,6,55
11,cooperative_to_hoarding,Cooperative → hoarding,Hoarding agents,2,0.4,equity_central,Equity central,137,22,11,4,50
12,cooperative_to_hoarding,Cooperative → hoarding,Hoarding agents,2,0.4,equity_central,Equity central,111,14,14,15,44
13,cooperative_to_hoarding,Cooperative → hoarding,Hoarding agents,2,0.4,equity_central,Equity central,169,30,14,3,61
14,cooperative_to_hoarding,Cooperative → hoarding,Hoarding agents,2,0.4,equity_central,Equity central,190,30,19,6,63
15,cooperative_to_hoarding,Cooperative → hoarding,Hoarding agents,2,0.4,equity_central,Equity central,104,14,17,5,54
16,cooperative_to_hoarding,Cooperative → hoarding,Hoarding agents,2,0.4,equity_central,Equity central,135,25,5,6,65
17,cooperative_to_hoarding,Cooperative → hoarding,Hoarding agents,2,0.4,equity_central,Equity central,92,9,21,12,28
18,cooperative_to_hoarding,Cooperative → hoarding,Hoarding agents,2,0.4,equity_central,Equity central,174,22,25,9,40
19,cooperative_to_hoarding,Cooperative → hoarding,Hoarding agents,2,0.4,equity_central,Equity central,181,30,13,5,53
20,cooperative_to_hoarding,Cooperative → hoarding,Hoarding agents,2,0.4,equity_central,Equity central,125,14,21,16,53
21,cooperative_to_hoarding,Cooperative → hoarding,Hoarding agents,2,0.4,equity_central,Equity central,137,22,8,12,56
22,cooperative_to_hoarding,Cooperative → hoarding,Hoarding agents,2,0.4,equity_central,Equity central,151,20,16,13,55
23,cooperative_to_hoarding,Cooperative → hoarding,Hoarding agents,2,0.4,equity_central,Equity central,188,30,15,5,61
24,cooperative_to_hoarding,Cooperative → hoarding,Hoarding agents,2,0.4,equity_central,Equity central,124,22,5,11,51
25,cooperative_to_hoarding,Cooperative → hoarding,Hoarding agents,2,0.4,equity_central,Equity central,170,28,15,3,62
26,cooperative_to_hoarding,Cooperative → hoarding,Hoarding agents,2,0.4,equity_central,Equity central,118,17,21,17,43
27,cooperative_to_hoarding,Cooperative → hoarding,Hoarding agents,2,0.4,equity_central,Equity central,169,30,8,9,64
28,cooperative_to_hoarding,Cooperative → hoarding,Hoarding agents,2,0.4,equity_central,Equity central,162,30,5,8,51
29,cooperative_to_hoarding,Cooperative → hoarding,Hoarding agents,2,0.4,equity_central,Equity central,148,22,24,8,61
30,cooperative_to_hoarding,Cooperative → hoarding,Hoarding agents,2,0.4,equity_central,Equity central,189,34,10,12,65
31,cooperative_to_hoarding,Cooperative → hoarding,Hoarding agents,2,0.4,equity_central,Equity central,107,14,17,5,50
32,cooperative_to_hoarding,Cooperative → hoarding,Hoarding agents,2,0.4,equity_central,Equity central,192,35,11,7,66
33,cooperative_to_hoarding,Cooperative → hoarding,Hoarding agents,2,0.4,equity_central,Equity central,116,19,8,19,40
34,cooperative_to_hoarding,Cooperative → hoarding,Hoarding agents,2,0.4,equity_central,Equity central,144,22,11,15,46
35,cooperative_to_hoarding,Cooperative → hoarding,Hoarding agents,2,0.4,equity_central,Equity central,178,27,16,8,54
36,cooperative_to_hoarding,Cooperative → hoarding,Hoarding agents,2,0.4,equity_central,Equity central,170,30,8,13,61
37,cooperative_to_hoarding,Cooperative → hoarding,Hoarding agents,2,0.4,equity_central,Equity central,141,22,11,9,42
38,cooperative_to_hoarding,Cooperative → hoarding,Hoarding agents,2,0.4,equity_central,Equity central,139,22,14,4,56
39,cooperative_to_hoarding,Cooperative → hoarding,Hoarding agents,2,0.4,equity_central,Equity central,195,30,19,7,68
40,cooperative_to_hoarding,Cooperative → hoarding,Hoarding agents,2,0.4,equity_central,Equity central,164,22,19,6,60
41,cooperative_to_hoarding,Cooperative → hoarding,Hoarding agents,2,0.4,equity_central,Equity central,181,30,18,4,62
42,cooperative_to_hoarding,Cooperative → hoarding,Hoarding agents,2,0.4,equity_central,Equity central,91,9,19,9,35
43,cooperative_to_hoarding,Cooperative → hoarding,Hoarding agents,2,0.4,equity_central,Equity central,158,22,14,7,56
44,cooperative_to_hoarding,Cooperative → hoarding,Hoarding agents,2,0.4,equity_central,Equity central,184,27,17,5,59
45,cooperative_to_hoarding,Cooperative → hoarding,Hoarding agents,2,0.4,equity_central,Equity central,118,22,3,19,42
46,cooperative_to_hoarding,Cooperative → hoarding,Hoarding agents,2,0.4,equity_central,Equity central,145,22,17,11,55
47,cooperative_to_hoarding,Cooperative → hoarding,Hoarding agents,2,0.4,equity_central,Equity central,126,22,8,16,42
48,cooperative_to_hoarding,Cooperative → hoarding,Hoarding agents,2,0.4,equity_central,Equity central,170,30,10,7,60
49,cooperative_to_hoarding,Cooperative → hoarding,Hoarding agents,2,0.4,equity_central,Equity central,144,25,10,4,42
50,cooperative_to_hoarding,Cooperative → hoarding,Hoarding agents,2,0.4,equity_central,Equity central,137,19,22,8,55
51,cooperative_to_hoarding,Cooperative → hoarding,Hoarding agents,2,0.4,equity_central,Equity central,160,22,16,7,51
52,cooperative_to_hoarding,Cooperative → hoarding,Hoarding agents,2,0.4,equity_central,Equity central,112,11,28,26,42
53,cooperative_to_hoarding,Cooperative → hoarding,Hoarding agents,2,0.4,equity_central,Equity central,177,30,16,13,55
54,cooperative_to_hoarding,Cooperative → hoarding,Hoarding agents,2,0.4,equity_central,Equity central,131,19,11,9,47
55,cooperative_to_hoarding,Cooperative → hoarding,Hoarding agents,2,0.4,equity_central,Equity central,142,19,24,11,48
56,cooperative_to_hoarding,Cooperative → hoarding,Hoarding agents,2,0.4,equity_central,Equity central,136,17,21,9,47
57,cooperative_to_hoarding,Cooperative → hoarding,Hoarding agents,2,0.4,equity_central,Equity central,170,30,12,9,49
58,cooperative_to_hoarding,Cooperative → hoarding,Hoarding agents,2,0.4,equity_central,Equity central,152,22,16,7,65
59,cooperative_to_hoarding,Cooperative → hoarding,Hoarding agents,2,0.4,equity_central,Equity central,177,30,15,11,54
60,cooperative_to_hoarding,Cooperative → hoarding,Hoarding agents,2,0.4,equity_central,Equity central,166,25,19,5,58
61,cooperative_to_hoarding,Cooperative → hoarding,Hoarding agents,2,0.4,equity_central,Equity central,141,25,9,8,50
62,cooperative_to_hoarding,Cooperative → hoarding,Hoarding agents,2,0.4,equity_central,Equity central,116,13,25,23,35
63,cooperative_to_hoarding,Cooperative → hoarding,Hoarding agents,2,0.4,equity_central,Equity central,166,27,14,8,65
64,cooperative_to_hoarding,Cooperative → hoarding,Hoarding agents,2,0.4,equity_central,Equity central,127,17,16,14,50
65,cooperative_to_hoarding,Cooperative → hoarding,Hoarding agents,2,0.4,equity_central,Equity central,117,14,23,7,46
66,cooperative_to_hoarding,Cooperative → hoarding,Hoarding agents,2,0.4,equity_central,Equity central,149,22,24,5,61
67,cooperative_to_hoarding,Cooperative → hoarding,Hoarding agents,2,0.4,equity_central,Equity central,134,17,19,6,57
68,cooperative_to_hoarding,Cooperative → hoarding,Hoarding agents,2,0.4,equity_central,Equity central,90,12,14,2,33
69,cooperative_to_hoarding,Cooperative → hoarding,Hoarding agents,2,0.4,equity_central,Equity central,132,19,15,9,45
70,cooperative_to_hoarding,Cooperative → hoarding,Hoarding agents,2,0.4,equity_central,Equity central,157,22,20,9,58
71,cooperative_to_hoarding,Cooperative → hoarding,Hoarding agents,2,0.4,equity_central,Equity central,181,27,20,2,58
72,cooperative_to_hoarding,Cooperative → hoarding,Hoarding agents,2,0.4,equity_central,Equity central,165,30,11,8,53
73,cooperative_to_hoarding,Cooperative → hoarding,Hoarding agents,2,0.4,equity_central,Equity central,168,27,14,7,62
74,cooperative_to_hoarding,Cooperative → hoarding,Hoarding agents,2,0.4,equity_central,Equity central,171,30,8,5,62
75,cooperative_to_hoarding,Cooperative → hoarding,Hoarding agents,2,0.4,equity_central,Equity central,167,27,11,9,62
76,cooperative_to_hoarding,Cooperative → hoarding,Hoarding agents,2,0.4,equity_central,Equity central,164,25,16,5,66
77,cooperative_to_hoarding,Cooperative → hoarding,Hoarding agents,2,0.4,equity_central,Equity central,120,22,6,12,36
78,cooperative_to_hoarding,Cooperative → hoarding,Hoarding agents,2,0.4,equity_central,Equity central,142,22,14,9,44
79,cooperative_to_hoarding,Cooperative → hoarding,Hoarding agents,2,0.4,equity_central,Equity central,148,25,9,9,47
80,cooperative_to_hoarding,Cooperative → hoarding,Hoarding agents,2,0.4,equity_central,Equity central,149,22,17,16,46
81,cooperative_to_hoarding,Cooperative → hoarding,Hoarding agents,2,0.4,equity_central,Equity central,197,35,12,6,67
82,cooperative_to_hoarding,Cooperative → hoarding,Hoarding agents,2,0.4,equity_central,Equity central,182,30,13,8,51
83,cooperative_to_hoarding,Cooperative → hoarding,Hoarding agents,2,0.4,equity_central,Equity central,106,12,29,12,44
84,cooperative_to_hoarding,Cooperative → hoarding,Hoarding agents,2,0.4,equity_central,Equity central,174,26,18,5,56
85,cooperative_to_hoarding,Cooperative → hoarding,Hoarding agents,2,0.4,equity_central,Equity central,128,11,31,11,51
86,cooperative_to_hoarding,Cooperative → hoarding,Hoarding agents,2,0.4,equity_central,Equity central,154,22,16,4,52
87,cooperative_to_hoarding,Cooperative → hoarding,Hoarding agents,2,0.4,equity_central,Equity central,147,27,6,12,70
88,cooperative_to_hoarding,Cooperative → hoarding,Hoarding agents,2,0.4,equity_central,Equity central,75,11,11,15,28
89,cooperative_to_hoarding,Cooperative → hoarding,Hoarding agents,2,0.4,equity_central,Equity central,170,30,8,14,61
90,cooperative_to_hoarding,Cooperative → hoarding,Hoarding agents,2,0.4,equity_central,Equity central,135,22,11,6,44
91,cooperative_to_hoarding,Cooperative → hoarding,Hoarding agents,2,0.4,equity_central,Equity central,147,27,7,7,52
92,cooperative_to_hoarding,Cooperative → hoarding,Hoarding agents,2,0.4,equity_central,Equity central,138,25,5,12,51
93,cooperative_to_hoarding,Cooperative → hoarding,Hoarding agents,2,0.4,equity_central,Equity central,111,19,8,13,52
94,cooperative_to_hoarding,Cooperative → hoarding,Hoarding agents,2,0.4,equity_central,Equity central,166,27,14,9,60
95,cooperative_to_hoarding,Cooperative → hoarding,Hoarding agents,2,0.4,equity_central,Equity central,142,22,11,5,59
96,cooperative_to_hoarding,Cooperative → hoarding,Hoarding agents,2,0.4,equity_central,Equity central,173,30,14,10,66
97,cooperative_to_hoarding,Cooperative → hoarding,Hoarding agents,2,0.4,equity_central,Equity central,117,19,8,8,43
98,cooperative_to_hoarding,Cooperative → hoarding,Hoarding agents,2,0.4,equity_central,Equity central,158,25,10,11,57
99,cooperative_to_hoarding,Cooperative → hoarding,Hoarding agents,2,0.4,equity_central,Equity central,170,27,18,5,60
0,cooperative_to_hoarding,Cooperative → hoarding,Hoarding agents,3,0.6,no_trade,No trade,56,2,35,12,0
1,cooperative_to_hoarding,Cooperative → hoarding,Hoarding agents,3,0.6,no_trade,No trade,28,2,13,11,0
2,cooperative_to_hoarding,Cooperative → hoarding,Hoarding agents,3,0.6,no_trade,No trade,22,2,7,12,0
3,cooperative_to_hoarding,Cooperative → hoarding,Hoarding agents,3,0.6,no_trade,No trade,12,0,6,14,0
4,cooperative_to_hoarding,Cooperative → hoarding,Hoarding agents,3,0.6,no_trade,No trade,21,3,3,11,0
5,cooperative_to_hoarding,Cooperative → hoarding,Hoarding agents,3,0.6,no_trade,No trade,13,1,5,5,0
6,cooperative_to_hoarding,Cooperative → hoarding,Hoarding agents,3,0.6,no_trade,No trade,52,3,17,8,0
7,cooperative_to_hoarding,Cooperative → hoarding,Hoarding agents,3,0.6,no_trade,No trade,36,3,8,10,0
8,cooperative_to_hoarding,Cooperative → hoarding,Hoarding agents,3,0.6,no_trade,No trade,36,0,15,11,0
9,cooperative_to_hoarding,Cooperative → hoarding,Hoarding agents,3,0.6,no_trade,No trade,39,3,10,11,0
10,cooperative_to_hoarding,Cooperative → hoarding,Hoarding agents,3,0.6,no_trade,No trade,25,2,7,22,0
11,cooperative_to_hoarding,Cooperative → hoarding,Hoarding agents,3,0.6,no_trade,No trade,34,3,12,26,0
12,cooperative_to_hoarding,Cooperative → hoarding,Hoarding agents,3,0.6,no_trade,No trade,44,1,25,11,0
13,cooperative_to_hoarding,Cooperative → hoarding,Hoarding agents,3,0.6,no_trade,No trade,30,0,20,16,0
14,cooperative_to_hoarding,Cooperative → hoarding,Hoarding agents,3,0.6,no_trade,No trade,18,0,9,15,0
15,cooperative_to_hoarding,Cooperative → hoarding,Hoarding agents,3,0.6,no_trade,No trade,27,1,10,14,0
16,cooperative_to_hoarding,Cooperative → hoarding,Hoarding agents,3,0.6,no_trade,No trade,37,0,26,16,0
17,cooperative_to_hoarding,Cooperative → hoarding,Hoarding agents,3,0.6,no_trade,No trade,39,1,19,22,0
18,cooperative_to_hoarding,Cooperative → hoarding,Hoarding agents,3,0.6,no_trade,No trade,44,3,23,12,0
19,cooperative_to_hoarding,Cooperative → hoarding,Hoarding agents,3,0.6,no_trade,No trade,34,2,11,16,0
20,cooperative_to_hoarding,Cooperative → hoarding,Hoarding agents,3,0.6,no_trade,No trade,19,2,4,16,0
21,cooperative_to_hoarding,Cooperative → hoarding,Hoarding agents,3,0.6,no_trade,No trade,31,2,10,14,0
22,cooperative_to_hoarding,Cooperative → hoarding,Hoarding agents,3,0.6,no_trade,No trade,28,2,12,21,0
23,cooperative_to_hoarding,Cooperative → hoarding,Hoarding agents,3,0.6,no_trade,No trade,27,2,8,20,0
24,cooperative_to_hoarding,Cooperative → hoarding,Hoarding agents,3,0.6,no_trade,No trade,33,3,15,9,0
25,cooperative_to_hoarding,Cooperative → hoarding,Hoarding agents,3,0.6,no_trade,No trade,33,2,15,14,0
26,cooperative_to_hoarding,Cooperative → hoarding,Hoarding agents,3,0.6,no_trade,No trade,25,1,8,13,0
27,cooperative_to_hoarding,Cooperative → hoarding,Hoarding agents,3,0.6,no_trade,No trade,23,1,6,19,0
28,cooperative_to_hoarding,Cooperative → hoarding,Hoarding agents,3,0.6,no_trade,No trade,33,1,16,20,0
29,cooperative_to_hoarding,Cooperative → hoarding,Hoarding agents,3,0.6,no_trade,No trade,36,2,21,17,0
30,cooperative_to_hoarding,Cooperative → hoarding,Hoarding agents,3,0.6,no_trade,No trade,45,1,16,7,0
31,cooperative_to_hoarding,Cooperative → hoarding,Hoarding agents,3,0.6,no_trade,No trade,45,3,13,6,0
32,cooperative_to_hoarding,Cooperative → hoarding,Hoarding agents,3,0.6,no_trade,No trade,25,2,7,15,0
33,cooperative_to_hoarding,Cooperative → hoarding,Hoarding agents,3,0.6,no_trade,No trade,42,1,30,19,0
34,cooperative_to_hoarding,Cooperative → hoarding,Hoarding agents,3,0.6,no_trade,No trade,37,3,11,17,0
35,cooperative_to_hoarding,Cooperative → hoarding,Hoarding agents,3,0.6,no_trade,No trade,28,1,8,11,0
36,cooperative_to_hoarding,Cooperative → hoarding,Hoarding agents,3,0.6,no_trade,No trade,24,2,7,14,0
37,cooperative_to_hoarding,Cooperative → hoarding,Hoarding agents,3,0.6,no_trade,No trade,21,2,7,14,0
38,cooperative_to_hoarding,Cooperative → hoarding,Hoarding agents,3,0.6,no_trade,No trade,23,3,3,7,0
39,cooperative_to_hoarding,Cooperative → hoarding,Hoarding agents,3,0.6,no_trade,No trade,32,1,13,16,0
40,cooperative_to_hoarding,Cooperative → hoarding,Hoarding agents,3,0.6,no_trade,No trade,34,1,14,9,0
41,cooperative_to_hoarding,Cooperative → hoarding,Hoarding agents,3,0.6,no_trade,No trade,35,2,19,16,0
42,cooperative_to_hoarding,Cooperative → hoarding,Hoarding agents,3,0.6,no_trade,No trade,27,3,3,10,0
43,cooperative_to_hoarding,Cooperative → hoarding,Hoarding agents,3,0.6,no_trade,No trade,36,2,19,20,0
44,cooperative_to_hoarding,Cooperative → hoarding,Hoarding agents,3,0.6,no_trade,No trade,40,3,19,15,0
45,cooperative_to_hoarding,Cooperative → hoarding,Hoarding agents,3,0.6,no_trade,No trade,31,2,14,17,0
46,cooperative_to_hoarding,Cooperative → hoarding,Hoarding agents,3,0.6,no_trade,No trade,32,1,20,14,0
47,cooperative_to_hoarding,Cooperative → hoarding,Hoarding agents,3,0.6,no_trade,No trade,20,2,4,19,0
48,cooperative_to_hoarding,Cooperative → hoarding,Hoarding agents,3,0.6,no_trade,No trade,22,1,8,12,0
49,cooperative_to_hoarding,Cooperative → hoarding,Hoarding agents,3,0.6,no_trade,No trade,47,3,14,16,0
50,cooperative_to_hoarding,Cooperative → hoarding,Hoarding agents,3,0.6,no_trade,No trade,29,2,10,13,0
51,cooperative_to_hoarding,Cooperative → hoarding,Hoarding agents,3,0.6,no_trade,No trade,29,2,12,28,0
52,cooperative_to_hoarding,Cooperative → hoarding,Hoarding agents,3,0.6,no_trade,No trade,24,1,11,16,0
53,cooperative_to_hoarding,Cooperative → hoarding,Hoarding agents,3,0.6,no_trade,No trade,25,3,5,23,0
54,cooperative_to_hoarding,Cooperative → hoarding,Hoarding agents,3,0.6,no_trade,No trade,18,2,4,27,0
55,cooperative_to_hoarding,Cooperative → hoarding,Hoarding agents,3,0.6,no_trade,No trade,17,1,5,18,0
56,cooperative_to_hoarding,Cooperative → hoarding,Hoarding agents,3,0.6,no_trade,No trade,35,2,16,18,0
57,cooperative_to_hoarding,Cooperative → hoarding,Hoarding agents,3,0.6,no_trade,No trade,34,3,13,22,0
58,cooperative_to_hoarding,Cooperative → hoarding,Hoarding agents,3,0.6,no_trade,No trade,16,0,6,9,0
59,cooperative_to_hoarding,Cooperative → hoarding,Hoarding agents,3,0.6,no_trade,No trade,29,2,13,13,0
60,cooperative_to_hoarding,Cooperative → hoarding,Hoarding agents,3,0.6,no_trade,No trade,22,3,3,23,0
61,cooperative_to_hoarding,Cooperative → hoarding,Hoarding agents,3,0.6,no_trade,No trade,25,3,4,15,0
62,cooperative_to_hoarding,Cooperative → hoarding,Hoarding agents,3,0.6,no_trade,No trade,30,1,20,23,0
63,cooperative_to_hoarding,Cooperative → hoarding,Hoarding agents,3,0.6,no_trade,No trade,18,1,5,7,0
64,cooperative_to_hoarding,Cooperative → hoarding,Hoarding agents,3,0.6,no_trade,No trade,40,1,23,16,0
65,cooperative_to_hoarding,Cooperative → hoarding,Hoarding agents,3,0.6,no_trade,No trade,22,3,3,21,0
66,cooperative_to_hoarding,Cooperative → hoarding,Hoarding agents,3,0.6,no_trade,No trade,35,2,13,16,0
67,cooperative_to_hoarding,Cooperative → hoarding,Hoarding agents,3,0.6,no_trade,No trade,33,2,10,20,0
68,cooperative_to_hoarding,Cooperative → hoarding,Hoarding agents,3,0.6,no_trade,No trade,36,3,9,15,0
69,cooperative_to_hoarding,Cooperative → hoarding,Hoarding agents,3,0.6,no_trade,No trade,30,1,11,19,0
70,cooperative_to_hoarding,Cooperative → hoarding,Hoarding agents,3,0.6,no_trade,No trade,30,3,7,18,0
71,cooperative_to_hoarding,Cooperative → hoarding,Hoarding agents,3,0.6,no_trade,No trade,17,2,4,17,0
72,cooperative_to_hoarding,Cooperative → hoarding,Hoarding agents,3,0.6,no_trade,No trade,37,3,15,18,0
73,cooperative_to_hoarding,Cooperative → hoarding,Hoarding agents,3,0.6,no_trade,No trade,48,1,20,17,0
74,cooperative_to_hoarding,Cooperative → hoarding,Hoarding agents,3,0.6,no_trade,No trade,30,0,9,11,0
75,cooperative_to_hoarding,Cooperative → hoarding,Hoarding agents,3,0.6,no_trade,No trade,24,1,11,10,0
76,cooperative_to_hoarding,Cooperative → hoarding,Hoarding agents,3,0.6,no_trade,No trade,18,1,8,12,0
77,cooperative_to_hoarding,Cooperative → hoarding,Hoarding agents,3,0.6,no_trade,No trade,27,3,6,8,0
78,cooperative_to_hoarding,Cooperative → hoarding,Hoarding agents,3,0.6,no_trade,No trade,31,3,9,18,0
79,cooperative_to_hoarding,Cooperative → hoarding,Hoarding agents,3,0.6,no_trade,No trade,22,1,8,23,0
80,cooperative_to_hoarding,Cooperative → hoarding,Hoarding agents,3,0.6,no_trade,No trade,51,4,20,14,0
81,cooperative_to_hoarding,Cooperative → hoarding,Hoarding agents,3,0.6,no_trade,No trade,34,0,11,15,0
82,cooperative_to_hoarding,Cooperative → hoarding,Hoarding agents,3,0.6,no_trade,No trade,37,1,22,22,0
83,cooperative_to_hoarding,Cooperative → hoarding,Hoarding agents,3,0.6,no_trade,No trade,37,3,11,13,0
84,cooperative_to_hoarding,Cooperative → hoarding,Hoarding agents,3,0.6,no_trade,No trade,35,2,13,14,0
85,cooperative_to_hoarding,Cooperative → hoarding,Hoarding agents,3,0.6,no_trade,No trade,31,0,12,18,0
86,cooperative_to_hoarding,Cooperative → hoarding,Hoarding agents,3,0.6,no_trade,No trade,16,0,6,23,0
87,cooperative_to_hoarding,Cooperative → hoarding,Hoarding agents,3,0.6,no_trade,No trade,18,1,5,19,0
88,cooperative_to_hoarding,Cooperative → hoarding,Hoarding agents,3,0.6,no_trade,No trade,27,3,6,13,0
89,cooperative_to_hoarding,Cooperative → hoarding,Hoarding agents,3,0.6,no_trade,No trade,31,1,15,8,0
90,cooperative_to_hoarding,Cooperative → hoarding,Hoarding agents,3,0.6,no_trade,No trade,21,1,5,18,0
91,cooperative_to_hoarding,Cooperative → hoarding,Hoarding agents,3,0.6,no_trade,No trade,39,3,10,18,0
92,cooperative_to_hoarding,Cooperative → hoarding,Hoarding agents,3,0.6,no_trade,No trade,24,1,8,13,0
93,cooperative_to_hoarding,Cooperative → hoarding,Hoarding agents,3,0.6,no_trade,No trade,16,1,5,17,0
94,cooperative_to_hoarding,Cooperative → hoarding,Hoarding agents,3,0.6,no_trade,No trade,27,3,9,19,0
95,cooperative_to_hoarding,Cooperative → hoarding,Hoarding agents,3,0.6,no_trade,No trade,24,3,4,29,0
96,cooperative_to_hoarding,Cooperative → hoarding,Hoarding agents,3,0.6,no_trade,No trade,35,2,11,14,0
97,cooperative_to_hoarding,Cooperative → hoarding,Hoarding agents,3,0.6,no_trade,No trade,24,1,8,17,0
98,cooperative_to_hoarding,Cooperative → hoarding,Hoarding agents,3,0.6,no_trade,No trade,19,3,3,30,0
99,cooperative_to_hoarding,Cooperative → hoarding,Hoarding agents,3,0.6,no_trade,No trade,34,2,10,17,0
0,cooperative_to_hoarding,Cooperative → hoarding,Hoarding agents,3,0.6,bilateral_3pass,Bilateral 3-pass,112,14,16,21,29
1,cooperative_to_hoarding,Cooperative → hoarding,Hoarding agents,3,0.6,bilateral_3pass,Bilateral 3-pass,132,6,29,11,34
2,cooperative_to_hoarding,Cooperative → hoarding,Hoarding agents,3,0.6,bilateral_3pass,Bilateral 3-pass,132,19,17,5,40
3,cooperative_to_hoarding,Cooperative → hoarding,Hoarding agents,3,0.6,bilateral_3pass,Bilateral 3-pass,114,14,24,9,44
4,cooperative_to_hoarding,Cooperative → hoarding,Hoarding agents,3,0.6,bilateral_3pass,Bilateral 3-pass,65,6,16,16,28
5,cooperative_to_hoarding,Cooperative → hoarding,Hoarding agents,3,0.6,bilateral_3pass,Bilateral 3-pass,65,6,14,24,30
6,cooperative_to_hoarding,Cooperative → hoarding,Hoarding agents,3,0.6,bilateral_3pass,Bilateral 3-pass,111,12,21,16,33
7,cooperative_to_hoarding,Cooperative → hoarding,Hoarding agents,3,0.6,bilateral_3pass,Bilateral 3-pass,149,9,32,8,30
8,cooperative_to_hoarding,Cooperative → hoarding,Hoarding agents,3,0.6,bilateral_3pass,Bilateral 3-pass,122,14,27,8,31
9,cooperative_to_hoarding,Cooperative → hoarding,Hoarding agents,3,0.6,bilateral_3pass,Bilateral 3-pass,130,11,25,10,48
10,cooperative_to_hoarding,Cooperative → hoarding,Hoarding agents,3,0.6,bilateral_3pass,Bilateral 3-pass,122,6,33,13,41
11,cooperative_to_hoarding,Cooperative → hoarding,Hoarding agents,3,0.6,bilateral_3pass,Bilateral 3-pass,109,6,36,20,27
12,cooperative_to_hoarding,Cooperative → hoarding,Hoarding agents,3,0.6,bilateral_3pass,Bilateral 3-pass,108,9,38,7,23
13,cooperative_to_hoarding,Cooperative → hoarding,Hoarding agents,3,0.6,bilateral_3pass,Bilateral 3-pass,123,11,38,13,41
14,cooperative_to_hoarding,Cooperative → hoarding,Hoarding agents,3,0.6,bilateral_3pass,Bilateral 3-pass,111,6,35,8,34
15,cooperative_to_hoarding,Cooperative → hoarding,Hoarding agents,3,0.6,bilateral_3pass,Bilateral 3-pass,65,9,8,12,30
16,cooperative_to_hoarding,Cooperative → hoarding,Hoarding agents,3,0.6,bilateral_3pass,Bilateral 3-pass,101,6,24,6,31
17,cooperative_to_hoarding,Cooperative → hoarding,Hoarding agents,3,0.6,bilateral_3pass,Bilateral 3-pass,97,11,22,19,34
18,cooperative_to_hoarding,Cooperative → hoarding,Hoarding agents,3,0.6,bilateral_3pass,Bilateral 3-pass,95,13,21,14,35
19,cooperative_to_hoarding,Cooperative → hoarding,Hoarding agents,3,0.6,bilateral_3pass,Bilateral 3-pass,129,11,27,5,36
20,cooperative_to_hoarding,Cooperative → hoarding,Hoarding agents,3,0.6,bilateral_3pass,Bilateral 3-pass,131,9,39,10,31
21,cooperative_to_hoarding,Cooperative → hoarding,Hoarding agents,3,0.6,bilateral_3pass,Bilateral 3-pass,119,13,18,15,25
22,cooperative_to_hoarding,Cooperative → hoarding,Hoarding agents,3,0.6,bilateral_3pass,Bilateral 3-pass,137,17,18,13,48
23,cooperative_to_hoarding,Cooperative → hoarding,Hoarding agents,3,0.6,bilateral_3pass,Bilateral 3-pass,144,12,30,4,43
24,cooperative_to_hoarding,Cooperative → hoarding,Hoarding agents,3,0.6,bilateral_3pass,Bilateral 3-pass,121,14,19,10,32
25,cooperative_to_hoarding,Cooperative → hoarding,Hoarding agents,3,0.6,bilateral_3pass,Bilateral 3-pass,127,14,32,9,41
26,cooperative_to_hoarding,Cooperative → hoarding,Hoarding agents,3,0.6,bilateral_3pass,Bilateral 3-pass,97,5,39,18,33
27,cooperative_to_hoarding,Cooperative → hoarding,Hoarding agents,3,0.6,bilateral_3pass,Bilateral 3-pass,79,5,23,18,28
28,cooperative_to_hoarding,Cooperative → hoarding,Hoarding agents,3,0.6,bilateral_3pass,Bilateral 3-pass,125,19,11,6,32
29,cooperative_to_hoarding,Cooperative → hoarding,Hoarding agents,3,0.6,bilateral_3pass,Bilateral 3-pass,73,9,13,16,39
30,cooperative_to_hoarding,Cooperative → hoarding,Hoarding agents,3,0.6,bilateral_3pass,Bilateral 3-pass,115,12,22,14,31
31,cooperative_to_hoarding,Cooperative → hoarding,Hoarding agents,3,0.6,bilateral_3pass,Bilateral 3-pass,92,6,38,15,38
32,cooperative_to_hoarding,Cooperative → hoarding,Hoarding agents,3,0.6,bilateral_3pass,Bilateral 3-pass,128,19,22,7,31
33,cooperative_to_hoarding,Cooperative → hoarding,Hoarding agents,3,0.6,bilateral_3pass,Bilateral 3-pass,85,2,39,18,17
34,cooperative_to_hoarding,Cooperative → hoarding,Hoarding agents,3,0.6,bilateral_3pass,Bilateral 3-pass,125,3,49,15,39
35,cooperative_to_hoarding,Cooperative → hoarding,Hoarding agents,3,0.6,bilateral_3pass,Bilateral 3-pass,106,11,25,12,28
36,cooperative_to_hoarding,Cooperative → hoarding,Hoarding agents,3,0.6,bilateral_3pass,Bilateral 3-pass,116,14,14,16,36
37,cooperative_to_hoarding,Cooperative → hoarding,Hoarding agents,3,0.6,bilateral_3pass,Bilateral 3-pass,123,17,25,4,31
38,cooperative_to_hoarding,Cooperative → hoarding,Hoarding agents,3,0.6,bilateral_3pass,Bilateral 3-pass,122,9,43,9,42
39,cooperative_to_hoarding,Cooperative → hoarding,Hoarding agents,3,0.6,bilateral_3pass,Bilateral 3-pass,111,10,37,13,34
40,cooperative_to_hoarding,Cooperative → hoarding,Hoarding agents,3,0.6,bilateral_3pass,Bilateral 3-pass,95,12,16,16,37
41,cooperative_to_hoarding,Cooperative → hoarding,Hoarding agents,3,0.6,bilateral_3pass,Bilateral 3-pass,127,11,30,13,41
42,cooperative_to_hoarding,Cooperative → hoarding,Hoarding agents,3,0.6,bilateral_3pass,Bilateral 3-pass,94,6,25,17,29
43,cooperative_to_hoarding,Cooperative → hoarding,Hoarding agents,3,0.6,bilateral_3pass,Bilateral 3-pass,100,6,32,12,28
44,cooperative_to_hoarding,Cooperative → hoarding,Hoarding agents,3,0.6,bilateral_3pass,Bilateral 3-pass,105,6,29,19,32
45,cooperative_to_hoarding,Cooperative → hoarding,Hoarding agents,3,0.6,bilateral_3pass,Bilateral 3-pass,96,6,44,8,28
46,cooperative_to_hoarding,Cooperative → hoarding,Hoarding agents,3,0.6,bilateral_3pass,Bilateral 3-pass,153,19,25,10,44
47,cooperative_to_hoarding,Cooperative → hoarding,Hoarding agents,3,0.6,bilateral_3pass,Bilateral 3-pass,115,6,37,18,35
48,cooperative_to_hoarding,Cooperative → hoarding,Hoarding agents,3,0.6,bilateral_3pass,Bilateral 3-pass,94,6,34,13,31
49,cooperative_to_hoarding,Cooperative → hoarding,Hoarding agents,3,0.6,bilateral_3pass,Bilateral 3-pass,83,14,9,15,31
50,cooperative_to_hoarding,Cooperative → hoarding,Hoarding agents,3,0.6,bilateral_3pass,Bilateral 3-pass,92,9,21,3,27
51,cooperative_to_hoarding,Cooperative → hoarding,Hoarding agents,3,0.6,bilateral_3pass,Bilateral 3-pass,125,9,46,8,36
52,cooperative_to_hoarding,Cooperative → hoarding,Hoarding agents,3,0.6,bilateral_3pass,Bilateral 3-pass,107,14,12,9,35
53,cooperative_to_hoarding,Cooperative → hoarding,Hoarding agents,3,0.6,bilateral_3pass,Bilateral 3-pass,123,17,21,9,32
54,cooperative_to_hoarding,Cooperative → hoarding,Hoarding agents,3,0.6,bilateral_3pass,Bilateral 3-pass,58,2,23,27,23
55,cooperative_to_hoarding,Cooperative → hoarding,Hoarding agents,3,0.6,bilateral_3pass,Bilateral 3-pass,122,3,41,25,47
56,cooperative_to_hoarding,Cooperative → hoarding,Hoarding agents,3,0.6,bilateral_3pass,Bilateral 3-pass,143,6,40,13,34
57,cooperative_to_hoarding,Cooperative → hoarding,Hoarding agents,3,0.6,bilateral_3pass,Bilateral 3-pass,135,17,30,8,41
58,cooperative_to_hoarding,Cooperative → hoarding,Hoarding agents,3,0.6,bilateral_3pass,Bilateral 3-pass,103,11,20,9,27
59,cooperative_to_hoarding,Cooperative → hoarding,Hoarding agents,3,0.6,bilateral_3pass,Bilateral 3-pass,149,18,23,8,25
60,cooperative_to_hoarding,Cooperative → hoarding,Hoarding agents,3,0.6,bilateral_3pass,Bilateral 3-pass,108,6,38,8,21
61,cooperative_to_hoarding,Cooperative → hoarding,Hoarding agents,3,0.6,bilateral_3pass,Bilateral 3-pass,117,14,25,13,38
62,cooperative_to_hoarding,Cooperative → hoarding,Hoarding agents,3,0.6,bilateral_3pass,Bilateral 3-pass,84,4,37,19,17
63,cooperative_to_hoarding,Cooperative → hoarding,Hoarding agents,3,0.6,bilateral_3pass,Bilateral 3-pass,79,6,22,7,31
64,cooperative_to_hoarding,Cooperative → hoarding,Hoarding agents,3,0.6,bilateral_3pass,Bilateral 3-pass,99,6,39,6,29
65,cooperative_to_hoarding,Cooperative → hoarding,Hoarding agents,3,0.6,bilateral_3pass,Bilateral 3-pass,86,6,23,13,21
66,cooperative_to_hoarding,Cooperative → hoarding,Hoarding agents,3,0.6,bilateral_3pass,Bilateral 3-pass,125,6,49,2,35
67,cooperative_to_hoarding,Cooperative → hoarding,Hoarding agents,3,0.6,bilateral_3pass,Bilateral 3-pass,103,11,22,13,28
68,cooperative_to_hoarding,Cooperative → hoarding,Hoarding agents,3,0.6,bilateral_3pass,Bilateral 3-pass,73,9,17,7,25
69,cooperative_to_hoarding,Cooperative → hoarding,Hoarding agents,3,0.6,bilateral_3pass,Bilateral 3-pass,112,9,27,3,32
70,cooperative_to_hoarding,Cooperative → hoarding,Hoarding agents,3,0.6,bilateral_3pass,Bilateral 3-pass,119,17,15,4,32
71,cooperative_to_hoarding,Cooperative → hoarding,Hoarding agents,3,0.6,bilateral_3pass,Bilateral 3-pass,97,5,36,19,24
72,cooperative_to_hoarding,Cooperative → hoarding,Hoarding agents,3,0.6,bilateral_3pass,Bilateral 3-pass,117,12,23,9,34
73,cooperative_to_hoarding,Cooperative → hoarding,Hoarding agents,3,0.6,bilateral_3pass,Bilateral 3-pass,134,14,23,10,30
74,cooperative_to_hoarding,Cooperative → hoarding,Hoarding agents,3,0.6,bilateral_3pass,Bilateral 3-pass,106,9,21,3,33
75,cooperative_to_hoarding,Cooperative → hoarding,Hoarding agents,3,0.6,bilateral_3pass,Bilateral 3-pass,126,11,37,6,38
76,cooperative_to_hoarding,Cooperative → hoarding,Hoarding agents,3,0.6,bilateral_3pass,Bilateral 3-pass,120,6,38,4,30
77,cooperative_to_hoarding,Cooperative → hoarding,Hoarding agents,3,0.6,bilateral_3pass,Bilateral 3-pass,95,12,15,10,30
78,cooperative_to_hoarding,Cooperative → hoarding,Hoarding agents,3,0.6,bilateral_3pass,Bilateral 3-pass,126,9,32,16,27
79,cooperative_to_hoarding,Cooperative → hoarding,Hoarding agents,3,0.6,bilateral_3pass,Bilateral 3-pass,97,13,15,5,51
80,cooperative_to_hoarding,Cooperative → hoarding,Hoarding agents,3,0.6,bilateral_3pass,Bilateral 3-pass,106,14,21,12,24
81,cooperative_to_hoarding,Cooperative → hoarding,Hoarding agents,3,0.6,bilateral_3pass,Bilateral 3-pass,98,14,11,21,30
82,cooperative_to_hoarding,Cooperative → hoarding,Hoarding agents,3,0.6,bilateral_3pass,Bilateral 3-pass,141,14,27,4,33
83,cooperative_to_hoarding,Cooperative → hoarding,Hoarding agents,3,0.6,bilateral_3pass,Bilateral 3-pass,78,6,24,20,22
84,cooperative_to_hoarding,Cooperative → hoarding,Hoarding agents,3,0.6,bilateral_3pass,Bilateral 3-pass,127,9,32,5,36
85,cooperative_to_hoarding,Cooperative → hoarding,Hoarding agents,3,0.6,bilateral_3pass,Bilateral 3-pass,92,5,39,15,29
86,cooperative_to_hoarding,Cooperative → hoarding,Hoarding agents,3,0.6,bilateral_3pass,Bilateral 3-pass,81,6,17,12,20
87,cooperative_to_hoarding,Cooperative → hoarding,Hoarding agents,3,0.6,bilateral_3pass,Bilateral 3-pass,97,6,36,18,37
88,cooperative_to_hoarding,Cooperative → hoarding,Hoarding agents,3,0.6,bilateral_3pass,Bilateral 3-pass,65,3,17,20,22
89,cooperative_to_hoarding,Cooperative → hoarding,Hoarding agents,3,0.6,bilateral_3pass,Bilateral 3-pass,115,14,25,11,35
90,cooperative_to_hoarding,Cooperative → hoarding,Hoarding agents,3,0.6,bilateral_3pass,Bilateral 3-pass,135,12,27,13,42
91,cooperative_to_hoarding,Cooperative → hoarding,Hoarding agents,3,0.6,bilateral_3pass,Bilateral 3-pass,122,17,21,12,38
92,cooperative_to_hoarding,Cooperative → hoarding,Hoarding agents,3,0.6,bilateral_3pass,Bilateral 3-pass,112,11,22,15,28
93,cooperative_to_hoarding,Cooperative → hoarding,Hoarding agents,3,0.6,bilateral_3pass,Bilateral 3-pass,114,17,13,4,32
94,cooperative_to_hoarding,Cooperative → hoarding,Hoarding agents,3,0.6,bilateral_3pass,Bilateral 3-pass,103,11,25,13,31
95,cooperative_to_hoarding,Cooperative → hoarding,Hoarding agents,3,0.6,bilateral_3pass,Bilateral 3-pass,62,6,14,16,24
96,cooperative_to_hoarding,Cooperative → hoarding,Hoarding agents,3,0.6,bilateral_3pass,Bilateral 3-pass,133,14,31,9,39
97,cooperative_to_hoarding,Cooperative → hoarding,Hoarding agents,3,0.6,bilateral_3pass,Bilateral 3-pass,97,9,19,5,25
98,cooperative_to_hoarding,Cooperative → hoarding,Hoarding agents,3,0.6,bilateral_3pass,Bilateral 3-pass,120,20,7,6,25
99,cooperative_to_hoarding,Cooperative → hoarding,Hoarding agents,3,0.6,bilateral_3pass,Bilateral 3-pass,107,6,40,12,35
0,cooperative_to_hoarding,Cooperative → hoarding,Hoarding agents,3,0.6,public_pool,Public pool,111,2,37,5,36
1,cooperative_to_hoarding,Cooperative → hoarding,Hoarding agents,3,0.6,public_pool,Public pool,121,6,41,4,33
2,cooperative_to_hoarding,Cooperative → hoarding,Hoarding agents,3,0.6,public_pool,Public pool,96,1,42,12,33
3,cooperative_to_hoarding,Cooperative → hoarding,Hoarding agents,3,0.6,public_pool,Public pool,72,6,16,20,28
4,cooperative_to_hoarding,Cooperative → hoarding,Hoarding agents,3,0.6,public_pool,Public pool,78,2,24,4,23
5,cooperative_to_hoarding,Cooperative → hoarding,Hoarding agents,3,0.6,public_pool,Public pool,78,2,31,17,26
6,cooperative_to_hoarding,Cooperative → hoarding,Hoarding agents,3,0.6,public_pool,Public pool,100,3,31,12,30
7,cooperative_to_hoarding,Cooperative → hoarding,Hoarding agents,3,0.6,public_pool,Public pool,90,10,24,7,30
8,cooperative_to_hoarding,Cooperative → hoarding,Hoarding agents,3,0.6,public_pool,Public pool,106,11,30,10,34
9,cooperative_to_hoarding,Cooperative → hoarding,Hoarding agents,3,0.6,public_pool,Public pool,88,13,17,10,28
10,cooperative_to_hoarding,Cooperative → hoarding,Hoarding agents,3,0.6,public_pool,Public pool,98,3,29,18,28
11,cooperative_to_hoarding,Cooperative → hoarding,Hoarding agents,3,0.6,public_pool,Public pool,108,5,29,13,34
12,cooperative_to_hoarding,Cooperative → hoarding,Hoarding agents,3,0.6,public_pool,Public pool,75,4,29,7,28
13,cooperative_to_hoarding,Cooperative → hoarding,Hoarding agents,3,0.6,public_pool,Public pool,104,2,44,16,38
14,cooperative_to_hoarding,Cooperative → hoarding,Hoarding agents,3,0.6,public_pool,Public pool,58,3,31,13,28
15,cooperative_to_hoarding,Cooperative → hoarding,Hoarding agents,3,0.6,public_pool,Public pool,65,6,24,8,30
16,cooperative_to_hoarding,Cooperative → hoarding,Hoarding agents,3,0.6,public_pool,Public pool,64,4,21,21,32
17,cooperative_to_hoarding,Cooperative → hoarding,Hoarding agents,3,0.6,public_pool,Public pool,108,3,36,13,32
18,cooperative_to_hoarding,Cooperative → hoarding,Hoarding agents,3,0.6,public_pool,Public pool,93,4,26,14,34
19,cooperative_to_hoarding,Cooperative → hoarding,Hoarding agents,3,0.6,public_pool,Public pool,124,1,52,22,34
20,cooperative_to_hoarding,Cooperative → hoarding,Hoarding agents,3,0.6,public_pool,Public pool,95,3,47,14,35
21,cooperative_to_hoarding,Cooperative → hoarding,Hoarding agents,3,0.6,public_pool,Public pool,67,6,17,13,27
22,cooperative_to_hoarding,Cooperative → hoarding,Hoarding agents,3,0.6,public_pool,Public pool,95,4,33,5,28
23,cooperative_to_hoarding,Cooperative → hoarding,Hoarding agents,3,0.6,public_pool,Public pool,96,3,38,7,34
24,cooperative_to_hoarding,Cooperative → hoarding,Hoarding agents,3,0.6,public_pool,Public pool,103,5,38,6,30
25,cooperative_to_hoarding,Cooperative → hoarding,Hoarding agents,3,0.6,public_pool,Public pool,105,6,46,6,28
26,cooperative_to_hoarding,Cooperative → hoarding,Hoarding agents,3,0.6,public_pool,Public pool,70,5,21,6,23
27,cooperative_to_hoarding,Cooperative → hoarding,Hoarding agents,3,0.6,public_pool,Public pool,60,4,18,25,28
28,cooperative_to_hoarding,Cooperative → hoarding,Hoarding agents,3,0.6,public_pool,Public pool,79,6,22,11,33
29,cooperative_to_hoarding,Cooperative → hoarding,Hoarding agents,3,0.6,public_pool,Public pool,65,3,31,11,22
30,cooperative_to_hoarding,Cooperative → hoarding,Hoarding agents,3,0.6,public_pool,Public pool,86,6,40,7,31
31,cooperative_to_hoarding,Cooperative → hoarding,Hoarding agents,3,0.6,public_pool,Public pool,77,3,34,14,22
32,cooperative_to_hoarding,Cooperative → hoarding,Hoarding agents,3,0.6,public_pool,Public pool,67,3,24,22,41
33,cooperative_to_hoarding,Cooperative → hoarding,Hoarding agents,3,0.6,public_pool,Public pool,133,2,43,5,27
34,cooperative_to_hoarding,Cooperative → hoarding,Hoarding agents,3,0.6,public_pool,Public pool,112,6,27,8,31
35,cooperative_to_hoarding,Cooperative → hoarding,Hoarding agents,3,0.6,public_pool,Public pool,119,9,38,6,34
36,cooperative_to_hoarding,Cooperative → hoarding,Hoarding agents,3,0.6,public_pool,Public pool,95,4,31,5,27
37,cooperative_to_hoarding,Cooperative → hoarding,Hoarding agents,3,0.6,public_pool,Public pool,95,6,30,8,28
38,cooperative_to_hoarding,Cooperative → hoarding,Hoarding agents,3,0.6,public_pool,Public pool,93,6,38,8,24
39,cooperative_to_hoarding,Cooperative → hoarding,Hoarding agents,3,0.6,public_pool,Public pool,106,9,26,14,28
40,cooperative_to_hoarding,Cooperative → hoarding,Hoarding agents,3,0.6,public_pool,Public pool,101,3,44,4,29
41,cooperative_to_hoarding,Cooperative → hoarding,Hoarding agents,3,0.6,public_pool,Public pool,123,3,46,14,30
42,cooperative_to_hoarding,Cooperative → hoarding,Hoarding agents,3,0.6,public_pool,Public pool,66,3,22,12,26
43,cooperative_to_hoarding,Cooperative → hoarding,Hoarding agents,3,0.6,public_pool,Public pool,93,4,32,11,32
44,cooperative_to_hoarding,Cooperative → hoarding,Hoarding agents,3,0.6,public_pool,Public pool,82,0,43,20,26
45,cooperative_to_hoarding,Cooperative → hoarding,Hoarding agents,3,0.6,public_pool,Public pool,88,2,42,10,32
46,cooperative_to_hoarding,Cooperative → hoarding,Hoarding agents,3,0.6,public_pool,Public pool,73,3,25,15,32
47,cooperative_to_hoarding,Cooperative → hoarding,Hoarding agents,3,0.6,public_pool,Public pool,112,13,17,9,38
48,cooperative_to_hoarding,Cooperative → hoarding,Hoarding agents,3,0.6,public_pool,Public pool,96,2,44,15,24
49,cooperative_to_hoarding,Cooperative → hoarding,Hoarding agents,3,0.6,public_pool,Public pool,110,4,34,8,38
50,cooperative_to_hoarding,Cooperative → hoarding,Hoarding agents,3,0.6,public_pool,Public pool,59,4,20,12,27
51,cooperative_to_hoarding,Cooperative → hoarding,Hoarding agents,3,0.6,public_pool,Public pool,109,11,23,9,31
52,cooperative_to_hoarding,Cooperative → hoarding,Hoarding agents,3,0.6,public_pool,Public pool,89,6,30,8,33
53,cooperative_to_hoarding,Cooperative → hoarding,Hoarding agents,3,0.6,public_pool,Public pool,84,4,38,12,28
54,cooperative_to_hoarding,Cooperative → hoarding,Hoarding agents,3,0.6,public_pool,Public pool,68,3,33,10,24
55,cooperative_to_hoarding,Cooperative → hoarding,Hoarding agents,3,0.6,public_pool,Public pool,96,3,38,12,29
56,cooperative_to_hoarding,Cooperative → hoarding,Hoarding agents,3,0.6,public_pool,Public pool,85,2,39,11,35
57,cooperative_to_hoarding,Cooperative → hoarding,Hoarding agents,3,0.6,public_pool,Public pool,93,6,31,6,28
58,cooperative_to_hoarding,Cooperative → hoarding,Hoarding agents,3,0.6,public_pool,Public pool,62,2,29,16,33
59,cooperative_to_hoarding,Cooperative → hoarding,Hoarding agents,3,0.6,public_pool,Public pool,71,3,30,19,27
60,cooperative_to_hoarding,Cooperative → hoarding,Hoarding agents,3,0.6,public_pool,Public pool,135,3,51,5,29
61,cooperative_to_hoarding,Cooperative → hoarding,Hoarding agents,3,0.6,public_pool,Public pool,101,5,34,13,32
62,cooperative_to_hoarding,Cooperative → hoarding,Hoarding agents,3,0.6,public_pool,Public pool,122,16,22,5,30
63,cooperative_to_hoarding,Cooperative → hoarding,Hoarding agents,3,0.6,public_pool,Public pool,81,3,38,9,30
64,cooperative_to_hoarding,Cooperative → hoarding,Hoarding agents,3,0.6,public_pool,Public pool,99,9,29,6,28
65,cooperative_to_hoarding,Cooperative → hoarding,Hoarding agents,3,0.6,public_pool,Public pool,105,3,39,3,23
66,cooperative_to_hoarding,Cooperative → hoarding,Hoarding agents,3,0.6,public_pool,Public pool,77,3,37,14,28
67,cooperative_to_hoarding,Cooperative → hoarding,Hoarding agents,3,0.6,public_pool,Public pool,72,10,9,27,34
68,cooperative_to_hoarding,Cooperative → hoarding,Hoarding agents,3,0.6,public_pool,Public pool,56,1,20,2,23
69,cooperative_to_hoarding,Cooperative → hoarding,Hoarding agents,3,0.6,public_pool,Public pool,85,9,17,17,27
70,cooperative_to_hoarding,Cooperative → hoarding,Hoarding agents,3,0.6,public_pool,Public pool,66,9,18,12,28
71,cooperative_to_hoarding,Cooperative → hoarding,Hoarding agents,3,0.6,public_pool,Public pool,99,3,32,10,33
72,cooperative_to_hoarding,Cooperative → hoarding,Hoarding agents,3,0.6,public_pool,Public pool,92,2,34,16,28
73,cooperative_to_hoarding,Cooperative → hoarding,Hoarding agents,3,0.6,public_pool,Public pool,101,4,43,10,26
74,cooperative_to_hoarding,Cooperative → hoarding,Hoarding agents,3,0.6,public_pool,Public pool,130,3,50,5,39
75,cooperative_to_hoarding,Cooperative → hoarding,Hoarding agents,3,0.6,public_pool,Public pool,101,6,35,6,34
76,cooperative_to_hoarding,Cooperative → hoarding,Hoarding agents,3,0.6,public_pool,Public pool,74,6,33,12,29
77,cooperative_to_hoarding,Cooperative → hoarding,Hoarding agents,3,0.6,public_pool,Public pool,84,3,38,8,34
78,cooperative_to_hoarding,Cooperative → hoarding,Hoarding agents,3,0.6,public_pool,Public pool,115,6,33,6,31
79,cooperative_to_hoarding,Cooperative → hoarding,Hoarding agents,3,0.6,public_pool,Public pool,85,4,34,5,32
80,cooperative_to_hoarding,Cooperative → hoarding,Hoarding agents,3,0.6,public_pool,Public pool,110,6,36,5,19
81,cooperative_to_hoarding,Cooperative → hoarding,Hoarding agents,3,0.6,public_pool,Public pool,78,6,16,12,30
82,cooperative_to_hoarding,Cooperative → hoarding,Hoarding agents,3,0.6,public_pool,Public pool,125,11,20,8,36
83,cooperative_to_hoarding,Cooperative → hoarding,Hoarding agents,3,0.6,public_pool,Public pool,112,3,40,4,34
84,cooperative_to_hoarding,Cooperative → hoarding,Hoarding agents,3,0.6,public_pool,Public pool,88,4,35,15,27
85,cooperative_to_hoarding,Cooperative → hoarding,Hoarding agents,3,0.6,public_pool,Public pool,111,14,19,22,32
86,cooperative_to_hoarding,Cooperative → hoarding,Hoarding agents,3,0.6,public_pool,Public pool,90,2,50,13,29
87,cooperative_to_hoarding,Cooperative → hoarding,Hoarding agents,3,0.6,public_pool,Public pool,89,9,16,6,38
88,cooperative_to_hoarding,Cooperative → hoarding,Hoarding agents,3,0.6,public_pool,Public pool,105,9,32,13,31
89,cooperative_to_hoarding,Cooperative → hoarding,Hoarding agents,3,0.6,public_pool,Public pool,75,5,20,11,31
90,cooperative_to_hoarding,Cooperative → hoarding,Hoarding agents,3,0.6,public_pool,Public pool,70,3,35,23,30
91,cooperative_to_hoarding,Cooperative → hoarding,Hoarding agents,3,0.6,public_pool,Public pool,99,3,32,9,34
92,cooperative_to_hoarding,Cooperative → hoarding,Hoarding agents,3,0.6,public_pool,Public pool,88,1,41,10,30
93,cooperative_to_hoarding,Cooperative → hoarding,Hoarding agents,3,0.6,public_pool,Public pool,107,1,46,8,27
94,cooperative_to_hoarding,Cooperative → hoarding,Hoarding agents,3,0.6,public_pool,Public pool,84,4,22,4,28
95,cooperative_to_hoarding,Cooperative → hoarding,Hoarding agents,3,0.6,public_pool,Public pool,91,3,43,8,22
96,cooperative_to_hoarding,Cooperative → hoarding,Hoarding agents,3,0.6,public_pool,Public pool,70,6,22,12,23
97,cooperative_to_hoarding,Cooperative → hoarding,Hoarding agents,3,0.6,public_pool,Public pool,78,1,50,10,31
98,cooperative_to_hoarding,Cooperative → hoarding,Hoarding agents,3,0.6,public_pool,Public pool,93,3,35,7,33
99,cooperative_to_hoarding,Cooperative → hoarding,Hoarding agents,3,0.6,public_pool,Public pool,76,3,25,8,30
0,cooperative_to_hoarding,Cooperative → hoarding,Hoarding agents,3,0.6,central_cap2,Central capped (2),151,22,20,6,38
1,cooperative_to_hoarding,Cooperative → hoarding,Hoarding agents,3,0.6,central_cap2,Central capped (2),109,9,26,13,38
2,cooperative_to_hoarding,Cooperative → hoarding,Hoarding agents,3,0.6,central_cap2,Central capped (2),151,12,31,6,37
3,cooperative_to_hoarding,Cooperative → hoarding,Hoarding agents,3,0.6,central_cap2,Central capped (2),109,14,25,4,37
4,cooperative_to_hoarding,Cooperative → hoarding,Hoarding agents,3,0.6,central_cap2,Central capped (2),103,12,21,8,33
5,cooperative_to_hoarding,Cooperative → hoarding,Hoarding agents,3,0.6,central_cap2,Central capped (2),106,6,30,12,37
6,cooperative_to_hoarding,Cooperative → hoarding,Hoarding agents,3,0.6,central_cap2,Central capped (2),82,14,6,18,32
7,cooperative_to_hoarding,Cooperative → hoarding,Hoarding agents,3,0.6,central_cap2,Central capped (2),120,17,16,5,36
8,cooperative_to_hoarding,Cooperative → hoarding,Hoarding agents,3,0.6,central_cap2,Central capped (2),115,9,29,9,33
9,cooperative_to_hoarding,Cooperative → hoarding,Hoarding agents,3,0.6,central_cap2,Central capped (2),110,12,18,14,32
10,cooperative_to_hoarding,Cooperative → hoarding,Hoarding agents,3,0.6,central_cap2,Central capped (2),125,19,19,3,37
11,cooperative_to_hoarding,Cooperative → hoarding,Hoarding agents,3,0.6,central_cap2,Central capped (2),127,14,19,2,38
12,cooperative_to_hoarding,Cooperative → hoarding,Hoarding agents,3,0.6,central_cap2,Central capped (2),118,14,21,8,32
13,cooperative_to_hoarding,Cooperative → hoarding,Hoarding agents,3,0.6,central_cap2,Central capped (2),113,14,19,8,32
14,cooperative_to_hoarding,Cooperative → hoarding,Hoarding agents,3,0.6,central_cap2,Central capped (2),146,14,22,3,39
15,cooperative_to_hoarding,Cooperative → hoarding,Hoarding agents,3,0.6,central_cap2,Central capped (2),129,17,18,7,34
16,cooperative_to_hoarding,Cooperative → hoarding,Hoarding agents,3,0.6,central_cap2,Central capped (2),89,6,21,16,30
17,cooperative_to_hoarding,Cooperative → hoarding,Hoarding agents,3,0.6,central_cap2,Central capped (2),117,14,19,9,31
18,cooperative_to_hoarding,Cooperative → hoarding,Hoarding agents,3,0.6,central_cap2,Central capped (2),167,19,26,5,34
19,cooperative_to_hoarding,Cooperative → hoarding,Hoarding agents,3,0.6,central_cap2,Central capped (2),144,20,16,5,36
20,cooperative_to_hoarding,Cooperative → hoarding,Hoarding agents,3,0.6,central_cap2,Central capped (2),150,9,43,3,37
21,cooperative_to_hoarding,Cooperative → hoarding,Hoarding agents,3,0.6,central_cap2,Central capped (2),124,14,19,12,38
22,cooperative_to_hoarding,Cooperative → hoarding,Hoarding agents,3,0.6,central_cap2,Central capped (2),132,14,24,5,38
23,cooperative_to_hoarding,Cooperative → hoarding,Hoarding agents,3,0.6,central_cap2,Central capped (2),146,12,26,4,36
24,cooperative_to_hoarding,Cooperative → hoarding,Hoarding agents,3,0.6,central_cap2,Central capped (2),136,17,21,3,39
25,cooperative_to_hoarding,Cooperative → hoarding,Hoarding agents,3,0.6,central_cap2,Central capped (2),138,17,29,6,37
26,cooperative_to_hoarding,Cooperative → hoarding,Hoarding agents,3,0.6,central_cap2,Central capped (2),98,13,25,8,31
27,cooperative_to_hoarding,Cooperative → hoarding,Hoarding agents,3,0.6,central_cap2,Central capped (2),133,19,12,13,36
28,cooperative_to_hoarding,Cooperative → hoarding,Hoarding agents,3,0.6,central_cap2,Central capped (2),129,15,18,11,33
29,cooperative_to_hoarding,Cooperative → hoarding,Hoarding agents,3,0.6,central_cap2,Central capped (2),115,6,29,12,38
30,cooperative_to_hoarding,Cooperative → hoarding,Hoarding agents,3,0.6,central_cap2,Central capped (2),136,19,27,9,39
31,cooperative_to_hoarding,Cooperative → hoarding,Hoarding agents,3,0.6,central_cap2,Central capped (2),114,11,24,13,35
32,cooperative_to_hoarding,Cooperative → hoarding,Hoarding agents,3,0.6,central_cap2,Central capped (2),105,14,19,10,39
33,cooperative_to_hoarding,Cooperative → hoarding,Hoarding agents,3,0.6,central_cap2,Central capped (2),117,17,14,5,34
34,cooperative_to_hoarding,Cooperative → hoarding,Hoarding agents,3,0.6,central_cap2,Central capped (2),114,9,22,8,30
35,cooperative_to_hoarding,Cooperative → hoarding,Hoarding agents,3,0.6,central_cap2,Central capped (2),132,18,23,16,33
36,cooperative_to_hoarding,Cooperative → hoarding,Hoarding agents,3,0.6,central_cap2,Central capped (2),137,14,29,19,38
37,cooperative_to_hoarding,Cooperative → hoarding,Hoarding agents,3,0.6,central_cap2,Central capped (2),101,9,19,23,35
38,cooperative_to_hoarding,Cooperative → hoarding,Hoarding agents,3,0.6,central_cap2,Central capped (2),116,14,19,15,39
39,cooperative_to_hoarding,Cooperative → hoarding,Hoarding agents,3,0.6,central_cap2,Central capped (2),132,11,24,13,38
40,cooperative_to_hoarding,Cooperative → hoarding,Hoarding agents,3,0.6,central_cap2,Central capped (2),126,9,33,8,38
41,cooperative_to_hoarding,Cooperative → hoarding,Hoarding agents,3,0.6,central_cap2,Central capped (2),143,17,21,7,38
42,cooperative_to_hoarding,Cooperative → hoarding,Hoarding agents,3,0.6,central_cap2,Central capped (2),145,25,10,4,36
43,cooperative_to_hoarding,Cooperative → hoarding,Hoarding agents,3,0.6,central_cap2,Central capped (2),108,6,25,5,37
44,cooperative_to_hoarding,Cooperative → hoarding,Hoarding agents,3,0.6,central_cap2,Central capped (2),123,17,24,9,37
45,cooperative_to_hoarding,Cooperative → hoarding,Hoarding agents,3,0.6,central_cap2,Central capped (2),106,9,22,13,36
46,cooperative_to_hoarding,Cooperative → hoarding,Hoarding agents,3,0.6,central_cap2,Central capped (2),106,14,13,7,36
47,cooperative_to_hoarding,Cooperative → hoarding,Hoarding agents,3,0.6,central_cap2,Central capped (2),128,17,25,10,33
48,cooperative_to_hoarding,Cooperative → hoarding,Hoarding agents,3,0.6,central_cap2,Central capped (2),125,9,27,3,38
49,cooperative_to_hoarding,Cooperative → hoarding,Hoarding agents,3,0.6,central_cap2,Central capped (2),125,17,16,14,39
50,cooperative_to_hoarding,Cooperative → hoarding,Hoarding agents,3,0.6,central_cap2,Central capped (2),142,17,21,5,37
51,cooperative_to_hoarding,Cooperative → hoarding,Hoarding agents,3,0.6,central_cap2,Central capped (2),151,20,16,9,34
52,cooperative_to_hoarding,Cooperative → hoarding,Hoarding agents,3,0.6,central_cap2,Central capped (2),112,13,22,17,35
53,cooperative_to_hoarding,Cooperative → hoarding,Hoarding agents,3,0.6,central_cap2,Central capped (2),142,22,14,6,31
54,cooperative_to_hoarding,Cooperative → hoarding,Hoarding agents,3,0.6,central_cap2,Central capped (2),82,5,17,20,26
55,cooperative_to_hoarding,Cooperative → hoarding,Hoarding agents,3,0.6,central_cap2,Central capped (2),114,9,33,7,36
56,cooperative_to_hoarding,Cooperative → hoarding,Hoarding agents,3,0.6,central_cap2,Central capped (2),106,13,21,7,35
57,cooperative_to_hoarding,Cooperative → hoarding,Hoarding agents,3,0.6,central_cap2,Central capped (2),140,22,19,4,38
58,cooperative_to_hoarding,Cooperative → hoarding,Hoarding agents,3,0.6,central_cap2,Central capped (2),126,11,30,5,39
59,cooperative_to_hoarding,Cooperative → hoarding,Hoarding agents,3,0.6,central_cap2,Central capped (2),134,17,21,9,38
60,cooperative_to_hoarding,Cooperative → hoarding,Hoarding agents,3,0.6,central_cap2,Central capped (2),135,17,27,6,37
61,cooperative_to_hoarding,Cooperative → hoarding,Hoarding agents,3,0.6,central_cap2,Central capped (2),124,20,11,2,28
62,cooperative_to_hoarding,Cooperative → hoarding,Hoarding agents,3,0.6,central_cap2,Central capped (2),105,7,24,14,29
63,cooperative_to_hoarding,Cooperative → hoarding,Hoarding agents,3,0.6,central_cap2,Central capped (2),121,14,27,7,38
64,cooperative_to_hoarding,Cooperative → hoarding,Hoarding agents,3,0.6,central_cap2,Central capped (2),143,25,16,11,33
65,cooperative_to_hoarding,Cooperative → hoarding,Hoarding agents,3,0.6,central_cap2,Central capped (2),133,14,25,3,35
66,cooperative_to_hoarding,Cooperative → hoarding,Hoarding agents,3,0.6,central_cap2,Central capped (2),122,11,34,5,36
67,cooperative_to_hoarding,Cooperative → hoarding,Hoarding agents,3,0.6,central_cap2,Central capped (2),85,9,20,14,38
68,cooperative_to_hoarding,Cooperative → hoarding,Hoarding agents,3,0.6,central_cap2,Central capped (2),109,6,35,7,33
69,cooperative_to_hoarding,Cooperative → hoarding,Hoarding agents,3,0.6,central_cap2,Central capped (2),109,11,21,11,30
70,cooperative_to_hoarding,Cooperative → hoarding,Hoarding agents,3,0.6,central_cap2,Central capped (2),136,17,18,9,32
71,cooperative_to_hoarding,Cooperative → hoarding,Hoarding agents,3,0.6,central_cap2,Central capped (2),151,12,26,6,37
72,cooperative_to_hoarding,Cooperative → hoarding,Hoarding agents,3,0.6,central_cap2,Central capped (2),151,19,34,8,35
73,cooperative_to_hoarding,Cooperative → hoarding,Hoarding agents,3,0.6,central_cap2,Central capped (2),120,17,13,7,32
74,cooperative_to_hoarding,Cooperative → hoarding,Hoarding agents,3,0.6,central_cap2,Central capped (2),116,17,13,10,38
75,cooperative_to_hoarding,Cooperative → hoarding,Hoarding agents,3,0.6,central_cap2,Central capped (2),119,11,27,7,36
76,cooperative_to_hoarding,Cooperative → hoarding,Hoarding agents,3,0.6,central_cap2,Central capped (2),116,6,30,8,38
77,cooperative_to_hoarding,Cooperative → hoarding,Hoarding agents,3,0.6,central_cap2,Central capped (2),90,6,22,18,32
78,cooperative_to_hoarding,Cooperative → hoarding,Hoarding agents,3,0.6,central_cap2,Central capped (2),138,20,16,13,34
79,cooperative_to_hoarding,Cooperative → hoarding,Hoarding agents,3,0.6,central_cap2,Central capped (2),106,9,21,10,33
80,cooperative_to_hoarding,Cooperative → hoarding,Hoarding agents,3,0.6,central_cap2,Central capped (2),113,14,19,9,34
81,cooperative_to_hoarding,Cooperative → hoarding,Hoarding agents,3,0.6,central_cap2,Central capped (2),156,17,19,2,34
82,cooperative_to_hoarding,Cooperative → hoarding,Hoarding agents,3,0.6,central_cap2,Central capped (2),140,17,29,6,33
83,cooperative_to_hoarding,Cooperative → hoarding,Hoarding agents,3,0.6,central_cap2,Central capped (2),117,9,30,8,37
84,cooperative_to_hoarding,Cooperative → hoarding,Hoarding agents,3,0.6,central_cap2,Central capped (2),112,6,27,7,33
85,cooperative_to_hoarding,Cooperative → hoarding,Hoarding agents,3,0.6,central_cap2,Central capped (2),136,17,18,6,33
86,cooperative_to_hoarding,Cooperative → hoarding,Hoarding agents,3,0.6,central_cap2,Central capped (2),140,12,37,6,36
87,cooperative_to_hoarding,Cooperative → hoarding,Hoarding agents,3,0.6,central_cap2,Central capped (2),122,9,34,9,32
88,cooperative_to_hoarding,Cooperative → hoarding,Hoarding agents,3,0.6,central_cap2,Central capped (2),89,12,13,10,29
89,cooperative_to_hoarding,Cooperative → hoarding,Hoarding agents,3,0.6,central_cap2,Central capped (2),142,19,25,8,38
90,cooperative_to_hoarding,Cooperative → hoarding,Hoarding agents,3,0.6,central_cap2,Central capped (2),163,27,16,9,38
91,cooperative_to_hoarding,Cooperative → hoarding,Hoarding agents,3,0.6,central_cap2,Central capped (2),127,12,24,8,34
92,cooperative_to_hoarding,Cooperative → hoarding,Hoarding agents,3,0.6,central_cap2,Central capped (2),107,6,28,17,34
93,cooperative_to_hoarding,Cooperative → hoarding,Hoarding agents,3,0.6,central_cap2,Central capped (2),127,17,27,8,35
94,cooperative_to_hoarding,Cooperative → hoarding,Hoarding agents,3,0.6,central_cap2,Central capped (2),128,12,24,5,33
95,cooperative_to_hoarding,Cooperative → hoarding,Hoarding agents,3,0.6,central_cap2,Central capped (2),112,6,37,9,34
96,cooperative_to_hoarding,Cooperative → hoarding,Hoarding agents,3,0.6,central_cap2,Central capped (2),139,17,29,3,37
97,cooperative_to_hoarding,Cooperative → hoarding,Hoarding agents,3,0.6,central_cap2,Central capped (2),125,17,16,11,33
98,cooperative_to_hoarding,Cooperative → hoarding,Hoarding agents,3,0.6,central_cap2,Central capped (2),124,15,18,3,37
99,cooperative_to_hoarding,Cooperative → hoarding,Hoarding agents,3,0.6,central_cap2,Central capped (2),123,14,19,12,35
0,cooperative_to_hoarding,Cooperative → hoarding,Hoarding agents,3,0.6,central_full,Central clearing,178,25,22,5,61
1,cooperative_to_hoarding,Cooperative → hoarding,Hoarding agents,3,0.6,central_full,Central clearing,149,22,17,14,56
2,cooperative_to_hoarding,Cooperative → hoarding,Hoarding agents,3,0.6,central_full,Central clearing,163,20,23,6,47
3,cooperative_to_hoarding,Cooperative → hoarding,Hoarding agents,3,0.6,central_full,Central clearing,171,27,22,10,66
4,cooperative_to_hoarding,Cooperative → hoarding,Hoarding agents,3,0.6,central_full,Central clearing,125,22,6,7,48
5,cooperative_to_hoarding,Cooperative → hoarding,Hoarding agents,3,0.6,central_full,Central clearing,144,22,15,6,57
6,cooperative_to_hoarding,Cooperative → hoarding,Hoarding agents,3,0.6,central_full,Central clearing,151,22,15,12,43
7,cooperative_to_hoarding,Cooperative → hoarding,Hoarding agents,3,0.6,central_full,Central clearing,128,22,7,12,49
8,cooperative_to_hoarding,Cooperative → hoarding,Hoarding agents,3,0.6,central_full,Central clearing,153,22,13,5,58
9,cooperative_to_hoarding,Cooperative → hoarding,Hoarding agents,3,0.6,central_full,Central clearing,133,20,16,7,45
10,cooperative_to_hoarding,Cooperative → hoarding,Hoarding agents,3,0.6,central_full,Central clearing,171,30,13,5,65
11,cooperative_to_hoarding,Cooperative → hoarding,Hoarding agents,3,0.6,central_full,Central clearing,139,19,14,4,54
12,cooperative_to_hoarding,Cooperative → hoarding,Hoarding agents,3,0.6,central_full,Central clearing,145,22,18,6,50
13,cooperative_to_hoarding,Cooperative → hoarding,Hoarding agents,3,0.6,central_full,Central clearing,173,27,14,5,58
14,cooperative_to_hoarding,Cooperative → hoarding,Hoarding agents,3,0.6,central_full,Central clearing,182,27,28,8,69
15,cooperative_to_hoarding,Cooperative → hoarding,Hoarding agents,3,0.6,central_full,Central clearing,126,17,15,16,45
16,cooperative_to_hoarding,Cooperative → hoarding,Hoarding agents,3,0.6,central_full,Central clearing,143,22,17,13,53
17,cooperative_to_hoarding,Cooperative → hoarding,Hoarding agents,3,0.6,central_full,Central clearing,120,17,16,6,37
18,cooperative_to_hoarding,Cooperative → hoarding,Hoarding agents,3,0.6,central_full,Central clearing,174,22,19,6,48
19,cooperative_to_hoarding,Cooperative → hoarding,Hoarding agents,3,0.6,central_full,Central clearing,172,25,14,6,51
20,cooperative_to_hoarding,Cooperative → hoarding,Hoarding agents,3,0.6,central_full,Central clearing,174,25,21,7,59
21,cooperative_to_hoarding,Cooperative → hoarding,Hoarding agents,3,0.6,central_full,Central clearing,104,17,6,21,31
22,cooperative_to_hoarding,Cooperative → hoarding,Hoarding agents,3,0.6,central_full,Central clearing,180,30,17,6,66
23,cooperative_to_hoarding,Cooperative → hoarding,Hoarding agents,3,0.6,central_full,Central clearing,191,30,14,12,51
24,cooperative_to_hoarding,Cooperative → hoarding,Hoarding agents,3,0.6,central_full,Central clearing,141,25,6,4,49
25,cooperative_to_hoarding,Cooperative → hoarding,Hoarding agents,3,0.6,central_full,Central clearing,158,23,20,7,64
26,cooperative_to_hoarding,Cooperative → hoarding,Hoarding agents,3,0.6,central_full,Central clearing,101,9,25,9,39
27,cooperative_to_hoarding,Cooperative → hoarding,Hoarding agents,3,0.6,central_full,Central clearing,156,22,15,10,49
28,cooperative_to_hoarding,Cooperative → hoarding,Hoarding agents,3,0.6,central_full,Central clearing,135,14,22,6,51
29,cooperative_to_hoarding,Cooperative → hoarding,Hoarding agents,3,0.6,central_full,Central clearing,158,27,11,6,55
30,cooperative_to_hoarding,Cooperative → hoarding,Hoarding agents,3,0.6,central_full,Central clearing,164,30,7,7,73
31,cooperative_to_hoarding,Cooperative → hoarding,Hoarding agents,3,0.6,central_full,Central clearing,128,12,30,9,50
32,cooperative_to_hoarding,Cooperative → hoarding,Hoarding agents,3,0.6,central_full,Central clearing,140,19,21,9,56
33,cooperative_to_hoarding,Cooperative → hoarding,Hoarding agents,3,0.6,central_full,Central clearing,144,25,11,5,52
34,cooperative_to_hoarding,Cooperative → hoarding,Hoarding agents,3,0.6,central_full,Central clearing,153,25,10,4,50
35,cooperative_to_hoarding,Cooperative → hoarding,Hoarding agents,3,0.6,central_full,Central clearing,211,36,13,11,66
36,cooperative_to_hoarding,Cooperative → hoarding,Hoarding agents,3,0.6,central_full,Central clearing,174,27,15,17,63
37,cooperative_to_hoarding,Cooperative → hoarding,Hoarding agents,3,0.6,central_full,Central clearing,139,22,11,6,44
38,cooperative_to_hoarding,Cooperative → hoarding,Hoarding agents,3,0.6,central_full,Central clearing,147,27,6,9,68
39,cooperative_to_hoarding,Cooperative → hoarding,Hoarding agents,3,0.6,central_full,Central clearing,187,35,6,10,59
40,cooperative_to_hoarding,Cooperative → hoarding,Hoarding agents,3,0.6,central_full,Central clearing,183,30,17,7,61
41,cooperative_to_hoarding,Cooperative → hoarding,Hoarding agents,3,0.6,central_full,Central clearing,186,25,28,5,61
42,cooperative_to_hoarding,Cooperative → hoarding,Hoarding agents,3,0.6,central_full,Central clearing,128,15,21,12,41
43,cooperative_to_hoarding,Cooperative → hoarding,Hoarding agents,3,0.6,central_full,Central clearing,181,30,18,7,66
44,cooperative_to_hoarding,Cooperative → hoarding,Hoarding agents,3,0.6,central_full,Central clearing,164,29,10,10,52
45,cooperative_to_hoarding,Cooperative → hoarding,Hoarding agents,3,0.6,central_full,Central clearing,132,22,9,20,45
46,cooperative_to_hoarding,Cooperative → hoarding,Hoarding agents,3,0.6,central_full,Central clearing,166,27,11,8,56
47,cooperative_to_hoarding,Cooperative → hoarding,Hoarding agents,3,0.6,central_full,Central clearing,146,22,22,18,39
48,cooperative_to_hoarding,Cooperative → hoarding,Hoarding agents,3,0.6,central_full,Central clearing,175,30,15,8,64
49,cooperative_to_hoarding,Cooperative → hoarding,Hoarding agents,3,0.6,central_full,Central clearing,148,17,22,9,44
50,cooperative_to_hoarding,Cooperative → hoarding,Hoarding agents,3,0.6,central_full,Central clearing,171,27,19,8,60
51,cooperative_to_hoarding,Cooperative → hoarding,Hoarding agents,3,0.6,central_full,Central clearing,166,27,14,6,53
52,cooperative_to_hoarding,Cooperative → hoarding,Hoarding agents,3,0.6,central_full,Central clearing,150,22,15,10,42
53,cooperative_to_hoarding,Cooperative → hoarding,Hoarding agents,3,0.6,central_full,Central clearing,182,29,14,8,44
54,cooperative_to_hoarding,Cooperative → hoarding,Hoarding agents,3,0.6,central_full,Central clearing,142,22,16,9,51
55,cooperative_to_hoarding,Cooperative → hoarding,Hoarding agents,3,0.6,central_full,Central clearing,147,22,22,12,50
56,cooperative_to_hoarding,Cooperative → hoarding,Hoarding agents,3,0.6,central_full,Central clearing,112,11,21,16,48
57,cooperative_to_hoarding,Cooperative → hoarding,Hoarding agents,3,0.6,central_full,Central clearing,183,30,16,10,59
58,cooperative_to_hoarding,Cooperative → hoarding,Hoarding agents,3,0.6,central_full,Central clearing,145,17,22,10,68
59,cooperative_to_hoarding,Cooperative → hoarding,Hoarding agents,3,0.6,central_full,Central clearing,177,30,15,9,56
60,cooperative_to_hoarding,Cooperative → hoarding,Hoarding agents,3,0.6,central_full,Central clearing,172,27,20,7,61
61,cooperative_to_hoarding,Cooperative → hoarding,Hoarding agents,3,0.6,central_full,Central clearing,143,22,17,14,49
62,cooperative_to_hoarding,Cooperative → hoarding,Hoarding agents,3,0.6,central_full,Central clearing,142,22,12,13,31
63,cooperative_to_hoarding,Cooperative → hoarding,Hoarding agents,3,0.6,central_full,Central clearing,165,27,18,6,66
64,cooperative_to_hoarding,Cooperative → hoarding,Hoarding agents,3,0.6,central_full,Central clearing,149,17,30,6,50
65,cooperative_to_hoarding,Cooperative → hoarding,Hoarding agents,3,0.6,central_full,Central clearing,133,14,25,3,47
66,cooperative_to_hoarding,Cooperative → hoarding,Hoarding agents,3,0.6,central_full,Central clearing,153,19,28,5,63
67,cooperative_to_hoarding,Cooperative → hoarding,Hoarding agents,3,0.6,central_full,Central clearing,153,27,8,5,63
68,cooperative_to_hoarding,Cooperative → hoarding,Hoarding agents,3,0.6,central_full,Central clearing,143,9,33,7,46
69,cooperative_to_hoarding,Cooperative → hoarding,Hoarding agents,3,0.6,central_full,Central clearing,149,17,19,9,39
70,cooperative_to_hoarding,Cooperative → hoarding,Hoarding agents,3,0.6,central_full,Central clearing,154,25,16,7,44
71,cooperative_to_hoarding,Cooperative → hoarding,Hoarding agents,3,0.6,central_full,Central clearing,179,27,12,3,53
72,cooperative_to_hoarding,Cooperative → hoarding,Hoarding agents,3,0.6,central_full,Central clearing,174,30,8,8,51
73,cooperative_to_hoarding,Cooperative → hoarding,Hoarding agents,3,0.6,central_full,Central clearing,173,25,21,3,48
74,cooperative_to_hoarding,Cooperative → hoarding,Hoarding agents,3,0.6,central_full,Central clearing,161,27,17,4,66
75,cooperative_to_hoarding,Cooperative → hoarding,Hoarding agents,3,0.6,central_full,Central clearing,133,19,17,7,45
76,cooperative_to_hoarding,Cooperative → hoarding,Hoarding agents,3,0.6,central_full,Central clearing,154,22,16,8,66
77,cooperative_to_hoarding,Cooperative → hoarding,Hoarding agents,3,0.6,central_full,Central clearing,134,25,5,8,44
78,cooperative_to_hoarding,Cooperative → hoarding,Hoarding agents,3,0.6,central_full,Central clearing,167,29,15,13,60
79,cooperative_to_hoarding,Cooperative → hoarding,Hoarding agents,3,0.6,central_full,Central clearing,146,21,22,13,45
80,cooperative_to_hoarding,Cooperative → hoarding,Hoarding agents,3,0.6,central_full,Central clearing,153,25,10,6,56
81,cooperative_to_hoarding,Cooperative → hoarding,Hoarding agents,3,0.6,central_full,Central clearing,173,25,24,4,52
82,cooperative_to_hoarding,Cooperative → hoarding,Hoarding agents,3,0.6,central_full,Central clearing,157,22,18,12,46
83,cooperative_to_hoarding,Cooperative → hoarding,Hoarding agents,3,0.6,central_full,Central clearing,163,27,13,6,63
84,cooperative_to_hoarding,Cooperative → hoarding,Hoarding agents,3,0.6,central_full,Central clearing,170,20,28,8,55
85,cooperative_to_hoarding,Cooperative → hoarding,Hoarding agents,3,0.6,central_full,Central clearing,163,21,18,10,44
86,cooperative_to_hoarding,Cooperative → hoarding,Hoarding agents,3,0.6,central_full,Central clearing,158,25,18,4,53
87,cooperative_to_hoarding,Cooperative → hoarding,Hoarding agents,3,0.6,central_full,Central clearing,138,22,12,5,57
88,cooperative_to_hoarding,Cooperative → hoarding,Hoarding agents,3,0.6,central_full,Central clearing,98,16,14,9,30
89,cooperative_to_hoarding,Cooperative → hoarding,Hoarding agents,3,0.6,central_full,Central clearing,177,27,20,7,62
90,cooperative_to_hoarding,Cooperative → hoarding,Hoarding agents,3,0.6,central_full,Central clearing,176,33,9,15,58
91,cooperative_to_hoarding,Cooperative → hoarding,Hoarding agents,3,0.6,central_full,Central clearing,136,22,12,10,49
92,cooperative_to_hoarding,Cooperative → hoarding,Hoarding agents,3,0.6,central_full,Central clearing,182,28,19,6,61
93,cooperative_to_hoarding,Cooperative → hoarding,Hoarding agents,3,0.6,central_full,Central clearing,104,9,18,14,45
94,cooperative_to_hoarding,Cooperative → hoarding,Hoarding agents,3,0.6,central_full,Central clearing,152,28,8,4,50
95,cooperative_to_hoarding,Cooperative → hoarding,Hoarding agents,3,0.6,central_full,Central clearing,141,25,6,7,52
96,cooperative_to_hoarding,Cooperative → hoarding,Hoarding agents,3,0.6,central_full,Central clearing,169,25,16,6,68
97,cooperative_to_hoarding,Cooperative → hoarding,Hoarding agents,3,0.6,central_full,Central clearing,136,20,13,9,47
98,cooperative_to_hoarding,Cooperative → hoarding,Hoarding agents,3,0.6,central_full,Central clearing,166,27,9,12,59
99,cooperative_to_hoarding,Cooperative → hoarding,Hoarding agents,3,0.6,central_full,Central clearing,147,19,25,6,59
0,cooperative_to_hoarding,Cooperative → hoarding,Hoarding agents,3,0.6,equity_central,Equity central,185,30,15,4,65
1,cooperative_to_hoarding,Cooperative → hoarding,Hoarding agents,3,0.6,equity_central,Equity central,152,22,26,1,55
2,cooperative_to_hoarding,Cooperative → hoarding,Hoarding agents,3,0.6,equity_central,Equity central,152,25,13,9,59
3,cooperative_to_hoarding,Cooperative → hoarding,Hoarding agents,3,0.6,equity_central,Equity central,172,30,11,11,56
4,cooperative_to_hoarding,Cooperative → hoarding,Hoarding agents,3,0.6,equity_central,Equity central,111,17,10,9,41
5,cooperative_to_hoarding,Cooperative → hoarding,Hoarding agents,3,0.6,equity_central,Equity central,138,20,16,9,61
6,cooperative_to_hoarding,Cooperative → hoarding,Hoarding agents,3,0.6,equity_central,Equity central,154,25,10,12,44
7,cooperative_to_hoarding,Cooperative → hoarding,Hoarding agents,3,0.6,equity_central,Equity central,138,24,6,12,45
8,cooperative_to_hoarding,Cooperative → hoarding,Hoarding agents,3,0.6,equity_central,Equity central,125,17,14,6,54
9,cooperative_to_hoarding,Cooperative → hoarding,Hoarding agents,3,0.6,equity_central,Equity central,115,17,13,10,42
10,cooperative_to_hoarding,Cooperative → hoarding,Hoarding agents,3,0.6,equity_central,Equity central,139,22,19,9,46
11,cooperative_to_hoarding,Cooperative → hoarding,Hoarding agents,3,0.6,equity_central,Equity central,152,22,14,6,55
12,cooperative_to_hoarding,Cooperative → hoarding,Hoarding agents,3,0.6,equity_central,Equity central,137,19,22,7,49
13,cooperative_to_hoarding,Cooperative → hoarding,Hoarding agents,3,0.6,equity_central,Equity central,167,27,11,6,55
14,cooperative_to_hoarding,Cooperative → hoarding,Hoarding agents,3,0.6,equity_central,Equity central,185,28,26,8,67
15,cooperative_to_hoarding,Cooperative → hoarding,Hoarding agents,3,0.6,equity_central,Equity central,139,22,12,7,52
16,cooperative_to_hoarding,Cooperative → hoarding,Hoarding agents,3,0.6,equity_central,Equity central,134,21,15,7,50
17,cooperative_to_hoarding,Cooperative → hoarding,Hoarding agents,3,0.6,equity_central,Equity central,92,9,21,12,28
18,cooperative_to_hoarding,Cooperative → hoarding,Hoarding agents,3,0.6,equity_central,Equity central,174,22,25,9,40
19,cooperative_to_hoarding,Cooperative → hoarding,Hoarding agents,3,0.6,equity_central,Equity central,170,28,15,6,59
20,cooperative_to_hoarding,Cooperative → hoarding,Hoarding agents,3,0.6,equity_central,Equity central,143,19,19,7,57
21,cooperative_to_hoarding,Cooperative → hoarding,Hoarding agents,3,0.6,equity_central,Equity central,104,17,6,25,30
22,cooperative_to_hoarding,Cooperative → hoarding,Hoarding agents,3,0.6,equity_central,Equity central,157,25,10,5,61
23,cooperative_to_hoarding,Cooperative → hoarding,Hoarding agents,3,0.6,equity_central,Equity central,193,33,13,8,66
24,cooperative_to_hoarding,Cooperative → hoarding,Hoarding agents,3,0.6,equity_central,Equity central,128,14,25,8,51
25,cooperative_to_hoarding,Cooperative → hoarding,Hoarding agents,3,0.6,equity_central,Equity central,171,27,13,8,68
26,cooperative_to_hoarding,Cooperative → hoarding,Hoarding agents,3,0.6,equity_central,Equity central,100,6,25,18,38
27,cooperative_to_hoarding,Cooperative → hoarding,Hoarding agents,3,0.6,equity_central,Equity central,152,25,12,11,47
28,cooperative_to_hoarding,Cooperative → hoarding,Hoarding agents,3,0.6,equity_central,Equity central,123,14,16,8,49
29,cooperative_to_hoarding,Cooperative → hoarding,Hoarding agents,3,0.6,equity_central,Equity central,146,20,21,9,50
30,cooperative_to_hoarding,Cooperative → hoarding,Hoarding agents,3,0.6,equity_central,Equity central,181,30,15,9,68
31,cooperative_to_hoarding,Cooperative → hoarding,Hoarding agents,3,0.6,equity_central,Equity central,113,17,17,6,53
32,cooperative_to_hoarding,Cooperative → hoarding,Hoarding agents,3,0.6,equity_central,Equity central,113,17,22,4,51
33,cooperative_to_hoarding,Cooperative → hoarding,Hoarding agents,3,0.6,equity_central,Equity central,101,15,10,18,33
34,cooperative_to_hoarding,Cooperative → hoarding,Hoarding agents,3,0.6,equity_central,Equity central,140,22,11,9,52
35,cooperative_to_hoarding,Cooperative → hoarding,Hoarding agents,3,0.6,equity_central,Equity central,203,38,6,15,64
36,cooperative_to_hoarding,Cooperative → hoarding,Hoarding agents,3,0.6,equity_central,Equity central,171,22,19,12,56
37,cooperative_to_hoarding,Cooperative → hoarding,Hoarding agents,3,0.6,equity_central,Equity central,141,22,11,9,42
38,cooperative_to_hoarding,Cooperative → hoarding,Hoarding agents,3,0.6,equity_central,Equity central,157,25,16,5,66
39,cooperative_to_hoarding,Cooperative → hoarding,Hoarding agents,3,0.6,equity_central,Equity central,177,30,13,6,60
40,cooperative_to_hoarding,Cooperative → hoarding,Hoarding agents,3,0.6,equity_central,Equity central,171,30,13,3,57
41,cooperative_to_hoarding,Cooperative → hoarding,Hoarding agents,3,0.6,equity_central,Equity central,164,22,22,7,57
42,cooperative_to_hoarding,Cooperative → hoarding,Hoarding agents,3,0.6,equity_central,Equity central,141,22,13,6,47
43,cooperative_to_hoarding,Cooperative → hoarding,Hoarding agents,3,0.6,equity_central,Equity central,122,20,10,14,51
44,cooperative_to_hoarding,Cooperative → hoarding,Hoarding agents,3,0.6,equity_central,Equity central,128,17,17,13,46
45,cooperative_to_hoarding,Cooperative → hoarding,Hoarding agents,3,0.6,equity_central,Equity central,118,22,3,19,42
46,cooperative_to_hoarding,Cooperative → hoarding,Hoarding agents,3,0.6,equity_central,Equity central,164,27,12,5,57
47,cooperative_to_hoarding,Cooperative → hoarding,Hoarding agents,3,0.6,equity_central,Equity central,145,22,22,17,40
48,cooperative_to_hoarding,Cooperative → hoarding,Hoarding agents,3,0.6,equity_central,Equity central,178,30,15,4,62
49,cooperative_to_hoarding,Cooperative → hoarding,Hoarding agents,3,0.6,equity_central,Equity central,155,25,12,14,43
50,cooperative_to_hoarding,Cooperative → hoarding,Hoarding agents,3,0.6,equity_central,Equity central,112,11,17,12,42
51,cooperative_to_hoarding,Cooperative → hoarding,Hoarding agents,3,0.6,equity_central,Equity central,138,20,14,5,53
52,cooperative_to_hoarding,Cooperative → hoarding,Hoarding agents,3,0.6,equity_central,Equity central,184,30,14,5,54
53,cooperative_to_hoarding,Cooperative → hoarding,Hoarding agents,3,0.6,equity_central,Equity central,150,27,11,7,47
54,cooperative_to_hoarding,Cooperative → hoarding,Hoarding agents,3,0.6,equity_central,Equity central,117,17,14,12,50
55,cooperative_to_hoarding,Cooperative → hoarding,Hoarding agents,3,0.6,equity_central,Equity central,147,22,22,12,50
56,cooperative_to_hoarding,Cooperative → hoarding,Hoarding agents,3,0.6,equity_central,Equity central,129,22,6,4,47
57,cooperative_to_hoarding,Cooperative → hoarding,Hoarding agents,3,0.6,equity_central,Equity central,187,27,22,12,61
58,cooperative_to_hoarding,Cooperative → hoarding,Hoarding agents,3,0.6,equity_central,Equity central,134,19,14,5,62
59,cooperative_to_hoarding,Cooperative → hoarding,Hoarding agents,3,0.6,equity_central,Equity central,177,30,15,11,54
60,cooperative_to_hoarding,Cooperative → hoarding,Hoarding agents,3,0.6,equity_central,Equity central,174,27,20,9,62
61,cooperative_to_hoarding,Cooperative → hoarding,Hoarding agents,3,0.6,equity_central,Equity central,138,25,5,18,51
62,cooperative_to_hoarding,Cooperative → hoarding,Hoarding agents,3,0.6,equity_central,Equity central,142,26,7,16,36
63,cooperative_to_hoarding,Cooperative → hoarding,Hoarding agents,3,0.6,equity_central,Equity central,170,27,14,8,65
64,cooperative_to_hoarding,Cooperative → hoarding,Hoarding agents,3,0.6,equity_central,Equity central,147,22,22,7,46
65,cooperative_to_hoarding,Cooperative → hoarding,Hoarding agents,3,0.6,equity_central,Equity central,156,19,20,5,64
66,cooperative_to_hoarding,Cooperative → hoarding,Hoarding agents,3,0.6,equity_central,Equity central,150,19,25,4,52
67,cooperative_to_hoarding,Cooperative → hoarding,Hoarding agents,3,0.6,equity_central,Equity central,166,27,13,8,63
68,cooperative_to_hoarding,Cooperative → hoarding,Hoarding agents,3,0.6,equity_central,Equity central,147,22,12,4,47
69,cooperative_to_hoarding,Cooperative → hoarding,Hoarding agents,3,0.6,equity_central,Equity central,154,27,10,12,47
70,cooperative_to_hoarding,Cooperative → hoarding,Hoarding agents,3,0.6,equity_central,Equity central,160,27,12,9,50
71,cooperative_to_hoarding,Cooperative → hoarding,Hoarding agents,3,0.6,equity_central,Equity central,187,30,14,4,50
72,cooperative_to_hoarding,Cooperative → hoarding,Hoarding agents,3,0.6,equity_central,Equity central,164,30,9,7,50
73,cooperative_to_hoarding,Cooperative → hoarding,Hoarding agents,3,0.6,equity_central,Equity central,174,30,10,13,52
74,cooperative_to_hoarding,Cooperative → hoarding,Hoarding agents,3,0.6,equity_central,Equity central,156,25,11,6,71
75,cooperative_to_hoarding,Cooperative → hoarding,Hoarding agents,3,0.6,equity_central,Equity central,175,30,17,3,61
76,cooperative_to_hoarding,Cooperative → hoarding,Hoarding agents,3,0.6,equity_central,Equity central,182,27,17,8,77
77,cooperative_to_hoarding,Cooperative → hoarding,Hoarding agents,3,0.6,equity_central,Equity central,134,22,8,11,45
78,cooperative_to_hoarding,Cooperative → hoarding,Hoarding agents,3,0.6,equity_central,Equity central,145,22,14,5,43
79,cooperative_to_hoarding,Cooperative → hoarding,Hoarding agents,3,0.6,equity_central,Equity central,143,24,11,13,45
80,cooperative_to_hoarding,Cooperative → hoarding,Hoarding agents,3,0.6,equity_central,Equity central,149,22,17,16,46
81,cooperative_to_hoarding,Cooperative → hoarding,Hoarding agents,3,0.6,equity_central,Equity central,197,35,12,6,67
82,cooperative_to_hoarding,Cooperative → hoarding,Hoarding agents,3,0.6,equity_central,Equity central,182,30,13,8,51
83,cooperative_to_hoarding,Cooperative → hoarding,Hoarding agents,3,0.6,equity_central,Equity central,166,27,13,6,61
84,cooperative_to_hoarding,Cooperative → hoarding,Hoarding agents,3,0.6,equity_central,Equity central,176,26,15,8,55
85,cooperative_to_hoarding,Cooperative → hoarding,Hoarding agents,3,0.6,equity_central,Equity central,111,11,26,14,40
86,cooperative_to_hoarding,Cooperative → hoarding,Hoarding agents,3,0.6,equity_central,Equity central,146,22,16,7,48
87,cooperative_to_hoarding,Cooperative → hoarding,Hoarding agents,3,0.6,equity_central,Equity central,147,27,6,12,70
88,cooperative_to_hoarding,Cooperative → hoarding,Hoarding agents,3,0.6,equity_central,Equity central,85,11,14,17,31
89,cooperative_to_hoarding,Cooperative → hoarding,Hoarding agents,3,0.6,equity_central,Equity central,192,27,22,4,73
90,cooperative_to_hoarding,Cooperative → hoarding,Hoarding agents,3,0.6,equity_central,Equity central,173,30,12,15,52
91,cooperative_to_hoarding,Cooperative → hoarding,Hoarding agents,3,0.6,equity_central,Equity central,172,27,15,7,56
92,cooperative_to_hoarding,Cooperative → hoarding,Hoarding agents,3,0.6,equity_central,Equity central,184,30,12,4,64
93,cooperative_to_hoarding,Cooperative → hoarding,Hoarding agents,3,0.6,equity_central,Equity central,111,19,8,13,52
94,cooperative_to_hoarding,Cooperative → hoarding,Hoarding agents,3,0.6,equity_central,Equity central,132,20,10,5,47
95,cooperative_to_hoarding,Cooperative → hoarding,Hoarding agents,3,0.6,equity_central,Equity central,155,25,21,9,57
96,cooperative_to_hoarding,Cooperative → hoarding,Hoarding agents,3,0.6,equity_central,Equity central,181,30,14,10,74
97,cooperative_to_hoarding,Cooperative → hoarding,Hoarding agents,3,0.6,equity_central,Equity central,124,19,20,7,50
98,cooperative_to_hoarding,Cooperative → hoarding,Hoarding agents,3,0.6,equity_central,Equity central,147,17,19,12,54
99,cooperative_to_hoarding,Cooperative → hoarding,Hoarding agents,3,0.6,equity_central,Equity central,148,22,20,4,57
0,cooperative_to_hoarding,Cooperative → hoarding,Hoarding agents,4,0.8,no_trade,No trade,56,2,35,12,0
1,cooperative_to_hoarding,Cooperative → hoarding,Hoarding agents,4,0.8,no_trade,No trade,28,2,13,11,0
2,cooperative_to_hoarding,Cooperative → hoarding,Hoarding agents,4,0.8,no_trade,No trade,22,2,7,12,0
3,cooperative_to_hoarding,Cooperative → hoarding,Hoarding agents,4,0.8,no_trade,No trade,12,0,6,14,0
4,cooperative_to_hoarding,Cooperative → hoarding,Hoarding agents,4,0.8,no_trade,No trade,21,3,3,11,0
5,cooperative_to_hoarding,Cooperative → hoarding,Hoarding agents,4,0.8,no_trade,No trade,13,1,5,5,0
6,cooperative_to_hoarding,Cooperative → hoarding,Hoarding agents,4,0.8,no_trade,No trade,52,3,17,8,0
7,cooperative_to_hoarding,Cooperative → hoarding,Hoarding agents,4,0.8,no_trade,No trade,36,3,8,10,0
8,cooperative_to_hoarding,Cooperative → hoarding,Hoarding agents,4,0.8,no_trade,No trade,36,0,15,11,0
9,cooperative_to_hoarding,Cooperative → hoarding,Hoarding agents,4,0.8,no_trade,No trade,39,3,10,11,0
10,cooperative_to_hoarding,Cooperative → hoarding,Hoarding agents,4,0.8,no_trade,No trade,25,2,7,22,0
11,cooperative_to_hoarding,Cooperative → hoarding,Hoarding agents,4,0.8,no_trade,No trade,34,3,12,26,0
12,cooperative_to_hoarding,Cooperative → hoarding,Hoarding agents,4,0.8,no_trade,No trade,44,1,25,11,0
13,cooperative_to_hoarding,Cooperative → hoarding,Hoarding agents,4,0.8,no_trade,No trade,30,0,20,16,0
14,cooperative_to_hoarding,Cooperative → hoarding,Hoarding agents,4,0.8,no_trade,No trade,18,0,9,15,0
15,cooperative_to_hoarding,Cooperative → hoarding,Hoarding agents,4,0.8,no_trade,No trade,27,1,10,14,0
16,cooperative_to_hoarding,Cooperative → hoarding,Hoarding agents,4,0.8,no_trade,No trade,37,0,26,16,0
17,cooperative_to_hoarding,Cooperative → hoarding,Hoarding agents,4,0.8,no_trade,No trade,39,1,19,22,0
18,cooperative_to_hoarding,Cooperative → hoarding,Hoarding agents,4,0.8,no_trade,No trade,44,3,23,12,0
19,cooperative_to_hoarding,Cooperative → hoarding,Hoarding agents,4,0.8,no_trade,No trade,34,2,11,16,0
20,cooperative_to_hoarding,Cooperative → hoarding,Hoarding agents,4,0.8,no_trade,No trade,19,2,4,16,0
21,cooperative_to_hoarding,Cooperative → hoarding,Hoarding agents,4,0.8,no_trade,No trade,31,2,10,14,0
22,cooperative_to_hoarding,Cooperative → hoarding,Hoarding agents,4,0.8,no_trade,No trade,28,2,12,21,0
23,cooperative_to_hoarding,Cooperative → hoarding,Hoarding agents,4,0.8,no_trade,No trade,27,2,8,20,0
24,cooperative_to_hoarding,Cooperative → hoarding,Hoarding agents,4,0.8,no_trade,No trade,33,3,15,9,0
25,cooperative_to_hoarding,Cooperative → hoarding,Hoarding agents,4,0.8,no_trade,No trade,33,2,15,14,0
26,cooperative_to_hoarding,Cooperative → hoarding,Hoarding agents,4,0.8,no_trade,No trade,25,1,8,13,0
27,cooperative_to_hoarding,Cooperative → hoarding,Hoarding agents,4,0.8,no_trade,No trade,23,1,6,19,0
28,cooperative_to_hoarding,Cooperative → hoarding,Hoarding agents,4,0.8,no_trade,No trade,33,1,16,20,0
29,cooperative_to_hoarding,Cooperative → hoarding,Hoarding agents,4,0.8,no_trade,No trade,36,2,21,17,0
30,cooperative_to_hoarding,Cooperative → hoarding,Hoarding agents,4,0.8,no_trade,No trade,45,1,16,7,0
31,cooperative_to_hoarding,Cooperative → hoarding,Hoarding agents,4,0.8,no_trade,No trade,45,3,13,6,0
32,cooperative_to_hoarding,Cooperative → hoarding,Hoarding agents,4,0.8,no_trade,No trade,25,2,7,15,0
33,cooperative_to_hoarding,Cooperative → hoarding,Hoarding agents,4,0.8,no_trade,No trade,42,1,30,19,0
34,cooperative_to_hoarding,Cooperative → hoarding,Hoarding agents,4,0.8,no_trade,No trade,37,3,11,17,0
35,cooperative_to_hoarding,Cooperative → hoarding,Hoarding agents,4,0.8,no_trade,No trade,28,1,8,11,0
36,cooperative_to_hoarding,Cooperative → hoarding,Hoarding agents,4,0.8,no_trade,No trade,24,2,7,14,0
37,cooperative_to_hoarding,Cooperative → hoarding,Hoarding agents,4,0.8,no_trade,No trade,21,2,7,14,0
38,cooperative_to_hoarding,Cooperative → hoarding,Hoarding agents,4,0.8,no_trade,No trade,23,3,3,7,0
39,cooperative_to_hoarding,Cooperative → hoarding,Hoarding agents,4,0.8,no_trade,No trade,32,1,13,16,0
40,cooperative_to_hoarding,Cooperative → hoarding,Hoarding agents,4,0.8,no_trade,No trade,34,1,14,9,0
41,cooperative_to_hoarding,Cooperative → hoarding,Hoarding agents,4,0.8,no_trade,No trade,35,2,19,16,0
42,cooperative_to_hoarding,Cooperative → hoarding,Hoarding agents,4,0.8,no_trade,No trade,27,3,3,10,0
43,cooperative_to_hoarding,Cooperative → hoarding,Hoarding agents,4,0.8,no_trade,No trade,36,2,19,20,0
44,cooperative_to_hoarding,Cooperative → hoarding,Hoarding agents,4,0.8,no_trade,No trade,40,3,19,15,0
45,cooperative_to_hoarding,Cooperative → hoarding,Hoarding agents,4,0.8,no_trade,No trade,31,2,14,17,0
46,cooperative_to_hoarding,Cooperative → hoarding,Hoarding agents,4,0.8,no_trade,No trade,32,1,20,14,0
47,cooperative_to_hoarding,Cooperative → hoarding,Hoarding agents,4,0.8,no_trade,No trade,20,2,4,19,0
48,cooperative_to_hoarding,Cooperative → hoarding,Hoarding agents,4,0.8,no_trade,No trade,22,1,8,12,0
49,cooperative_to_hoarding,Cooperative → hoarding,Hoarding agents,4,0.8,no_trade,No trade,47,3,14,16,0
50,cooperative_to_hoarding,Cooperative → hoarding,Hoarding agents,4,0.8,no_trade,No trade,29,2,10,13,0
51,cooperative_to_hoarding,Cooperative → hoarding,Hoarding agents,4,0.8,no_trade,No trade,29,2,12,28,0
52,cooperative_to_hoarding,Cooperative → hoarding,Hoarding agents,4,0.8,no_trade,No trade,24,1,11,16,0
53,cooperative_to_hoarding,Cooperative → hoarding,Hoarding agents,4,0.8,no_trade,No trade,25,3,5,23,0
54,cooperative_to_hoarding,Cooperative → hoarding,Hoarding agents,4,0.8,no_trade,No trade,18,2,4,27,0
55,cooperative_to_hoarding,Cooperative → hoarding,Hoarding agents,4,0.8,no_trade,No trade,17,1,5,18,0
56,cooperative_to_hoarding,Cooperative → hoarding,Hoarding agents,4,0.8,no_trade,No trade,35,2,16,18,0
57,cooperative_to_hoarding,Cooperative → hoarding,Hoarding agents,4,0.8,no_trade,No trade,34,3,13,22,0
58,cooperative_to_hoarding,Cooperative → hoarding,Hoarding agents,4,0.8,no_trade,No trade,16,0,6,9,0
59,cooperative_to_hoarding,Cooperative → hoarding,Hoarding agents,4,0.8,no_trade,No trade,29,2,13,13,0
60,cooperative_to_hoarding,Cooperative → hoarding,Hoarding agents,4,0.8,no_trade,No trade,22,3,3,23,0
61,cooperative_to_hoarding,Cooperative → hoarding,Hoarding agents,4,0.8,no_trade,No trade,25,3,4,15,0
62,cooperative_to_hoarding,Cooperative → hoarding,Hoarding agents,4,0.8,no_trade,No trade,30,1,20,23,0
63,cooperative_to_hoarding,Cooperative → hoarding,Hoarding agents,4,0.8,no_trade,No trade,18,1,5,7,0
64,cooperative_to_hoarding,Cooperative → hoarding,Hoarding agents,4,0.8,no_trade,No trade,40,1,23,16,0
65,cooperative_to_hoarding,Cooperative → hoarding,Hoarding agents,4,0.8,no_trade,No trade,22,3,3,21,0
66,cooperative_to_hoarding,Cooperative → hoarding,Hoarding agents,4,0.8,no_trade,No trade,35,2,13,16,0
67,cooperative_to_hoarding,Cooperative → hoarding,Hoarding agents,4,0.8,no_trade,No trade,33,2,10,20,0
68,cooperative_to_hoarding,Cooperative → hoarding,Hoarding agents,4,0.8,no_trade,No trade,36,3,9,15,0
69,cooperative_to_hoarding,Cooperative → hoarding,Hoarding agents,4,0.8,no_trade,No trade,30,1,11,19,0
70,cooperative_to_hoarding,Cooperative → hoarding,Hoarding agents,4,0.8,no_trade,No trade,30,3,7,18,0
71,cooperative_to_hoarding,Cooperative → hoarding,Hoarding agents,4,0.8,no_trade,No trade,17,2,4,17,0
72,cooperative_to_hoarding,Cooperative → hoarding,Hoarding agents,4,0.8,no_trade,No trade,37,3,15,18,0
73,cooperative_to_hoarding,Cooperative → hoarding,Hoarding agents,4,0.8,no_trade,No trade,48,1,20,17,0
74,cooperative_to_hoarding,Cooperative → hoarding,Hoarding agents,4,0.8,no_trade,No trade,30,0,9,11,0
75,cooperative_to_hoarding,Cooperative → hoarding,Hoarding agents,4,0.8,no_trade,No trade,24,1,11,10,0
76,cooperative_to_hoarding,Cooperative → hoarding,Hoarding agents,4,0.8,no_trade,No trade,18,1,8,12,0
77,cooperative_to_hoarding,Cooperative → hoarding,Hoarding agents,4,0.8,no_trade,No trade,27,3,6,8,0
78,cooperative_to_hoarding,Cooperative → hoarding,Hoarding agents,4,0.8,no_trade,No trade,31,3,9,18,0
79,cooperative_to_hoarding,Cooperative → hoarding,Hoarding agents,4,0.8,no_trade,No trade,22,1,8,23,0
80,cooperative_to_hoarding,Cooperative → hoarding,Hoarding agents,4,0.8,no_trade,No trade,51,4,20,14,0
81,cooperative_to_hoarding,Cooperative → hoarding,Hoarding agents,4,0.8,no_trade,No trade,34,0,11,15,0
82,cooperative_to_hoarding,Cooperative → hoarding,Hoarding agents,4,0.8,no_trade,No trade,37,1,22,22,0
83,cooperative_to_hoarding,Cooperative → hoarding,Hoarding agents,4,0.8,no_trade,No trade,37,3,11,13,0
84,cooperative_to_hoarding,Cooperative → hoarding,Hoarding agents,4,0.8,no_trade,No trade,35,2,13,14,0
85,cooperative_to_hoarding,Cooperative → hoarding,Hoarding agents,4,0.8,no_trade,No trade,31,0,12,18,0
86,cooperative_to_hoarding,Cooperative → hoarding,Hoarding agents,4,0.8,no_trade,No trade,16,0,6,23,0
87,cooperative_to_hoarding,Cooperative → hoarding,Hoarding agents,4,0.8,no_trade,No trade,18,1,5,19,0
88,cooperative_to_hoarding,Cooperative → hoarding,Hoarding agents,4,0.8,no_trade,No trade,27,3,6,13,0
89,cooperative_to_hoarding,Cooperative → hoarding,Hoarding agents,4,0.8,no_trade,No trade,31,1,15,8,0
90,cooperative_to_hoarding,Cooperative → hoarding,Hoarding agents,4,0.8,no_trade,No trade,21,1,5,18,0
91,cooperative_to_hoarding,Cooperative → hoarding,Hoarding agents,4,0.8,no_trade,No trade,39,3,10,18,0
92,cooperative_to_hoarding,Cooperative → hoarding,Hoarding agents,4,0.8,no_trade,No trade,24,1,8,13,0
93,cooperative_to_hoarding,Cooperative → hoarding,Hoarding agents,4,0.8,no_trade,No trade,16,1,5,17,0
94,cooperative_to_hoarding,Cooperative → hoarding,Hoarding agents,4,0.8,no_trade,No trade,27,3,9,19,0
95,cooperative_to_hoarding,Cooperative → hoarding,Hoarding agents,4,0.8,no_trade,No trade,24,3,4,29,0
96,cooperative_to_hoarding,Cooperative → hoarding,Hoarding agents,4,0.8,no_trade,No trade,35,2,11,14,0
97,cooperative_to_hoarding,Cooperative → hoarding,Hoarding agents,4,0.8,no_trade,No trade,24,1,8,17,0
98,cooperative_to_hoarding,Cooperative → hoarding,Hoarding agents,4,0.8,no_trade,No trade,19,3,3,30,0
99,cooperative_to_hoarding,Cooperative → hoarding,Hoarding agents,4,0.8,no_trade,No trade,34,2,10,17,0
0,cooperative_to_hoarding,Cooperative → hoarding,Hoarding agents,4,0.8,bilateral_3pass,Bilateral 3-pass,73,5,24,21,16
1,cooperative_to_hoarding,Cooperative → hoarding,Hoarding agents,4,0.8,bilateral_3pass,Bilateral 3-pass,110,12,21,4,26
2,cooperative_to_hoarding,Cooperative → hoarding,Hoarding agents,4,0.8,bilateral_3pass,Bilateral 3-pass,136,11,30,7,33
3,cooperative_to_hoarding,Cooperative → hoarding,Hoarding agents,4,0.8,bilateral_3pass,Bilateral 3-pass,126,9,40,9,26
4,cooperative_to_hoarding,Cooperative → hoarding,Hoarding agents,4,0.8,bilateral_3pass,Bilateral 3-pass,106,9,32,10,26
5,cooperative_to_hoarding,Cooperative → hoarding,Hoarding agents,4,0.8,bilateral_3pass,Bilateral 3-pass,130,13,46,10,27
6,cooperative_to_hoarding,Cooperative → hoarding,Hoarding agents,4,0.8,bilateral_3pass,Bilateral 3-pass,71,1,22,19,17
7,cooperative_to_hoarding,Cooperative → hoarding,Hoarding agents,4,0.8,bilateral_3pass,Bilateral 3-pass,128,9,39,12,22
8,cooperative_to_hoarding,Cooperative → hoarding,Hoarding agents,4,0.8,bilateral_3pass,Bilateral 3-pass,106,6,36,10,27
9,cooperative_to_hoarding,Cooperative → hoarding,Hoarding agents,4,0.8,bilateral_3pass,Bilateral 3-pass,141,20,16,5,21
10,cooperative_to_hoarding,Cooperative → hoarding,Hoarding agents,4,0.8,bilateral_3pass,Bilateral 3-pass,98,3,52,20,32
11,cooperative_to_hoarding,Cooperative → hoarding,Hoarding agents,4,0.8,bilateral_3pass,Bilateral 3-pass,105,6,38,21,19
12,cooperative_to_hoarding,Cooperative → hoarding,Hoarding agents,4,0.8,bilateral_3pass,Bilateral 3-pass,115,13,25,8,23
13,cooperative_to_hoarding,Cooperative → hoarding,Hoarding agents,4,0.8,bilateral_3pass,Bilateral 3-pass,91,3,34,14,23
14,cooperative_to_hoarding,Cooperative → hoarding,Hoarding agents,4,0.8,bilateral_3pass,Bilateral 3-pass,107,6,22,13,21
15,cooperative_to_hoarding,Cooperative → hoarding,Hoarding agents,4,0.8,bilateral_3pass,Bilateral 3-pass,72,6,24,20,34
16,cooperative_to_hoarding,Cooperative → hoarding,Hoarding agents,4,0.8,bilateral_3pass,Bilateral 3-pass,91,14,17,6,27
17,cooperative_to_hoarding,Cooperative → hoarding,Hoarding agents,4,0.8,bilateral_3pass,Bilateral 3-pass,108,6,43,12,20
18,cooperative_to_hoarding,Cooperative → hoarding,Hoarding agents,4,0.8,bilateral_3pass,Bilateral 3-pass,148,14,38,12,24
19,cooperative_to_hoarding,Cooperative → hoarding,Hoarding agents,4,0.8,bilateral_3pass,Bilateral 3-pass,137,21,12,15,24
20,cooperative_to_hoarding,Cooperative → hoarding,Hoarding agents,4,0.8,bilateral_3pass,Bilateral 3-pass,75,6,18,19,31
21,cooperative_to_hoarding,Cooperative → hoarding,Hoarding agents,4,0.8,bilateral_3pass,Bilateral 3-pass,99,6,26,20,21
22,cooperative_to_hoarding,Cooperative → hoarding,Hoarding agents,4,0.8,bilateral_3pass,Bilateral 3-pass,120,3,35,19,26
23,cooperative_to_hoarding,Cooperative → hoarding,Hoarding agents,4,0.8,bilateral_3pass,Bilateral 3-pass,100,3,54,14,33
24,cooperative_to_hoarding,Cooperative → hoarding,Hoarding agents,4,0.8,bilateral_3pass,Bilateral 3-pass,91,3,31,12,24
25,cooperative_to_hoarding,Cooperative → hoarding,Hoarding agents,4,0.8,bilateral_3pass,Bilateral 3-pass,95,6,24,12,23
26,cooperative_to_hoarding,Cooperative → hoarding,Hoarding agents,4,0.8,bilateral_3pass,Bilateral 3-pass,81,5,20,16,27
27,cooperative_to_hoarding,Cooperative → hoarding,Hoarding agents,4,0.8,bilateral_3pass,Bilateral 3-pass,84,6,17,11,26
28,cooperative_to_hoarding,Cooperative → hoarding,Hoarding agents,4,0.8,bilateral_3pass,Bilateral 3-pass,88,6,27,6,22
29,cooperative_to_hoarding,Cooperative → hoarding,Hoarding agents,4,0.8,bilateral_3pass,Bilateral 3-pass,77,6,29,9,24
30,cooperative_to_hoarding,Cooperative → hoarding,Hoarding agents,4,0.8,bilateral_3pass,Bilateral 3-pass,120,14,31,15,27
31,cooperative_to_hoarding,Cooperative → hoarding,Hoarding agents,4,0.8,bilateral_3pass,Bilateral 3-pass,92,14,7,8,17
32,cooperative_to_hoarding,Cooperative → hoarding,Hoarding agents,4,0.8,bilateral_3pass,Bilateral 3-pass,71,3,23,13,23
33,cooperative_to_hoarding,Cooperative → hoarding,Hoarding agents,4,0.8,bilateral_3pass,Bilateral 3-pass,91,3,34,13,25
34,cooperative_to_hoarding,Cooperative → hoarding,Hoarding agents,4,0.8,bilateral_3pass,Bilateral 3-pass,116,6,35,9,24
35,cooperative_to_hoarding,Cooperative → hoarding,Hoarding agents,4,0.8,bilateral_3pass,Bilateral 3-pass,92,3,30,21,22
36,cooperative_to_hoarding,Cooperative → hoarding,Hoarding agents,4,0.8,bilateral_3pass,Bilateral 3-pass,115,17,11,5,24
37,cooperative_to_hoarding,Cooperative → hoarding,Hoarding agents,4,0.8,bilateral_3pass,Bilateral 3-pass,74,9,13,21,27
38,cooperative_to_hoarding,Cooperative → hoarding,Hoarding agents,4,0.8,bilateral_3pass,Bilateral 3-pass,84,6,35,19,25
39,cooperative_to_hoarding,Cooperative → hoarding,Hoarding agents,4,0.8,bilateral_3pass,Bilateral 3-pass,121,11,24,13,24
40,cooperative_to_hoarding,Cooperative → hoarding,Hoarding agents,4,0.8,bilateral_3pass,Bilateral 3-pass,119,14,19,17,20
41,cooperative_to_hoarding,Cooperative → hoarding,Hoarding agents,4,0.8,bilateral_3pass,Bilateral 3-pass,151,11,44,5,29
42,cooperative_to_hoarding,Cooperative → hoarding,Hoarding agents,4,0.8,bilateral_3pass,Bilateral 3-pass,108,12,21,3,24
43,cooperative_to_hoarding,Cooperative → hoarding,Hoarding agents,4,0.8,bilateral_3pass,Bilateral 3-pass,104,6,29,23,29
44,cooperative_to_hoarding,Cooperative → hoarding,Hoarding agents,4,0.8,bilateral_3pass,Bilateral 3-pass,69,3,25,19,17
45,cooperative_to_hoarding,Cooperative → hoarding,Hoarding agents,4,0.8,bilateral_3pass,Bilateral 3-pass,92,6,42,15,18
46,cooperative_to_hoarding,Cooperative → hoarding,Hoarding agents,4,0.8,bilateral_3pass,Bilateral 3-pass,110,11,31,12,27
47,cooperative_to_hoarding,Cooperative → hoarding,Hoarding agents,4,0.8,bilateral_3pass,Bilateral 3-pass,51,3,22,22,17
48,cooperative_to_hoarding,Cooperative → hoarding,Hoarding agents,4,0.8,bilateral_3pass,Bilateral 3-pass,125,9,51,12,24
49,cooperative_to_hoarding,Cooperative → hoarding,Hoarding agents,4,0.8,bilateral_3pass,Bilateral 3-pass,89,9,25,8,16
50,cooperative_to_hoarding,Cooperative → hoarding,Hoarding agents,4,0.8,bilateral_3pass,Bilateral 3-pass,114,3,39,16,31
51,cooperative_to_hoarding,Cooperative → hoarding,Hoarding agents,4,0.8,bilateral_3pass,Bilateral 3-pass,125,14,31,13,26
52,cooperative_to_hoarding,Cooperative → hoarding,Hoarding agents,4,0.8,bilateral_3pass,Bilateral 3-pass,81,6,29,11,16
53,cooperative_to_hoarding,Cooperative → hoarding,Hoarding agents,4,0.8,bilateral_3pass,Bilateral 3-pass,75,6,17,23,21
54,cooperative_to_hoarding,Cooperative → hoarding,Hoarding agents,4,0.8,bilateral_3pass,Bilateral 3-pass,64,3,16,20,17
55,cooperative_to_hoarding,Cooperative → hoarding,Hoarding agents,4,0.8,bilateral_3pass,Bilateral 3-pass,96,9,26,8,19
56,cooperative_to_hoarding,Cooperative → hoarding,Hoarding agents,4,0.8,bilateral_3pass,Bilateral 3-pass,89,9,25,16,19
57,cooperative_to_hoarding,Cooperative → hoarding,Hoarding agents,4,0.8,bilateral_3pass,Bilateral 3-pass,122,9,35,10,24
58,cooperative_to_hoarding,Cooperative → hoarding,Hoarding agents,4,0.8,bilateral_3pass,Bilateral 3-pass,40,5,6,19,14
59,cooperative_to_hoarding,Cooperative → hoarding,Hoarding agents,4,0.8,bilateral_3pass,Bilateral 3-pass,165,22,20,6,28
60,cooperative_to_hoarding,Cooperative → hoarding,Hoarding agents,4,0.8,bilateral_3pass,Bilateral 3-pass,116,6,32,13,20
61,cooperative_to_hoarding,Cooperative → hoarding,Hoarding agents,4,0.8,bilateral_3pass,Bilateral 3-pass,108,8,32,16,24
62,cooperative_to_hoarding,Cooperative → hoarding,Hoarding agents,4,0.8,bilateral_3pass,Bilateral 3-pass,78,2,31,24,13
63,cooperative_to_hoarding,Cooperative → hoarding,Hoarding agents,4,0.8,bilateral_3pass,Bilateral 3-pass,90,6,24,10,23
64,cooperative_to_hoarding,Cooperative → hoarding,Hoarding agents,4,0.8,bilateral_3pass,Bilateral 3-pass,130,6,43,5,19
65,cooperative_to_hoarding,Cooperative → hoarding,Hoarding agents,4,0.8,bilateral_3pass,Bilateral 3-pass,106,3,32,11,33
66,cooperative_to_hoarding,Cooperative → hoarding,Hoarding agents,4,0.8,bilateral_3pass,Bilateral 3-pass,112,6,38,5,25
67,cooperative_to_hoarding,Cooperative → hoarding,Hoarding agents,4,0.8,bilateral_3pass,Bilateral 3-pass,105,11,22,14,24
68,cooperative_to_hoarding,Cooperative → hoarding,Hoarding agents,4,0.8,bilateral_3pass,Bilateral 3-pass,117,19,8,7,26
69,cooperative_to_hoarding,Cooperative → hoarding,Hoarding agents,4,0.8,bilateral_3pass,Bilateral 3-pass,90,14,9,7,27
70,cooperative_to_hoarding,Cooperative → hoarding,Hoarding agents,4,0.8,bilateral_3pass,Bilateral 3-pass,94,9,22,12,17
71,cooperative_to_hoarding,Cooperative → hoarding,Hoarding agents,4,0.8,bilateral_3pass,Bilateral 3-pass,120,6,46,10,28
72,cooperative_to_hoarding,Cooperative → hoarding,Hoarding agents,4,0.8,bilateral_3pass,Bilateral 3-pass,119,14,19,9,21
73,cooperative_to_hoarding,Cooperative → hoarding,Hoarding agents,4,0.8,bilateral_3pass,Bilateral 3-pass,118,12,29,4,18
74,cooperative_to_hoarding,Cooperative → hoarding,Hoarding agents,4,0.8,bilateral_3pass,Bilateral 3-pass,134,17,17,6,29
75,cooperative_to_hoarding,Cooperative → hoarding,Hoarding agents,4,0.8,bilateral_3pass,Bilateral 3-pass,74,9,19,16,27
76,cooperative_to_hoarding,Cooperative → hoarding,Hoarding agents,4,0.8,bilateral_3pass,Bilateral 3-pass,80,9,24,6,21
77,cooperative_to_hoarding,Cooperative → hoarding,Hoarding agents,4,0.8,bilateral_3pass,Bilateral 3-pass,97,11,19,16,22
78,cooperative_to_hoarding,Cooperative → hoarding,Hoarding agents,4,0.8,bilateral_3pass,Bilateral 3-pass,78,6,31,19,19
79,cooperative_to_hoarding,Cooperative → hoarding,Hoarding agents,4,0.8,bilateral_3pass,Bilateral 3-pass,83,6,24,17,17
80,cooperative_to_hoarding,Cooperative → hoarding,Hoarding agents,4,0.8,bilateral_3pass,Bilateral 3-pass,110,15,16,4,21
81,cooperative_to_hoarding,Cooperative → hoarding,Hoarding agents,4,0.8,bilateral_3pass,Bilateral 3-pass,111,13,31,10,20
82,cooperative_to_hoarding,Cooperative → hoarding,Hoarding agents,4,0.8,bilateral_3pass,Bilateral 3-pass,134,9,43,5,27
83,cooperative_to_hoarding,Cooperative → hoarding,Hoarding agents,4,0.8,bilateral_3pass,Bilateral 3-pass,102,6,22,6,26
84,cooperative_to_hoarding,Cooperative → hoarding,Hoarding agents,4,0.8,bilateral_3pass,Bilateral 3-pass,118,11,38,7,24
85,cooperative_to_hoarding,Cooperative → hoarding,Hoarding agents,4,0.8,bilateral_3pass,Bilateral 3-pass,108,7,24,16,25
86,cooperative_to_hoarding,Cooperative → hoarding,Hoarding agents,4,0.8,bilateral_3pass,Bilateral 3-pass,74,3,30,20,12
87,cooperative_to_hoarding,Cooperative → hoarding,Hoarding agents,4,0.8,bilateral_3pass,Bilateral 3-pass,51,3,16,23,17
88,cooperative_to_hoarding,Cooperative → hoarding,Hoarding agents,4,0.8,bilateral_3pass,Bilateral 3-pass,90,6,27,17,17
89,cooperative_to_hoarding,Cooperative → hoarding,Hoarding agents,4,0.8,bilateral_3pass,Bilateral 3-pass,91,6,28,10,19
90,cooperative_to_hoarding,Cooperative → hoarding,Hoarding agents,4,0.8,bilateral_3pass,Bilateral 3-pass,95,6,30,17,22
91,cooperative_to_hoarding,Cooperative → hoarding,Hoarding agents,4,0.8,bilateral_3pass,Bilateral 3-pass,112,11,28,6,22
92,cooperative_to_hoarding,Cooperative → hoarding,Hoarding agents,4,0.8,bilateral_3pass,Bilateral 3-pass,105,15,21,8,23
93,cooperative_to_hoarding,Cooperative → hoarding,Hoarding agents,4,0.8,bilateral_3pass,Bilateral 3-pass,94,1,39,12,25
94,cooperative_to_hoarding,Cooperative → hoarding,Hoarding agents,4,0.8,bilateral_3pass,Bilateral 3-pass,133,14,32,13,28
95,cooperative_to_hoarding,Cooperative → hoarding,Hoarding agents,4,0.8,bilateral_3pass,Bilateral 3-pass,78,3,36,14,17
96,cooperative_to_hoarding,Cooperative → hoarding,Hoarding agents,4,0.8,bilateral_3pass,Bilateral 3-pass,98,9,16,11,23
97,cooperative_to_hoarding,Cooperative → hoarding,Hoarding agents,4,0.8,bilateral_3pass,Bilateral 3-pass,66,6,22,10,20
98,cooperative_to_hoarding,Cooperative → hoarding,Hoarding agents,4,0.8,bilateral_3pass,Bilateral 3-pass,101,9,19,7,17
99,cooperative_to_hoarding,Cooperative → hoarding,Hoarding agents,4,0.8,bilateral_3pass,Bilateral 3-pass,93,9,16,5,18
0,cooperative_to_hoarding,Cooperative → hoarding,Hoarding agents,4,0.8,public_pool,Public pool,57,3,19,8,13
1,cooperative_to_hoarding,Cooperative → hoarding,Hoarding agents,4,0.8,public_pool,Public pool,48,2,24,12,18
2,cooperative_to_hoarding,Cooperative → hoarding,Hoarding agents,4,0.8,public_pool,Public pool,53,2,17,9,13
3,cooperative_to_hoarding,Cooperative → hoarding,Hoarding agents,4,0.8,public_pool,Public pool,68,2,30,9,22
4,cooperative_to_hoarding,Cooperative → hoarding,Hoarding agents,4,0.8,public_pool,Public pool,55,3,15,8,21
5,cooperative_to_hoarding,Cooperative → hoarding,Hoarding agents,4,0.8,public_pool,Public pool,36,0,17,12,13
6,cooperative_to_hoarding,Cooperative → hoarding,Hoarding agents,4,0.8,public_pool,Public pool,39,2,16,14,21
7,cooperative_to_hoarding,Cooperative → hoarding,Hoarding agents,4,0.8,public_pool,Public pool,53,2,25,15,15
8,cooperative_to_hoarding,Cooperative → hoarding,Hoarding agents,4,0.8,public_pool,Public pool,63,3,36,14,16
9,cooperative_to_hoarding,Cooperative → hoarding,Hoarding agents,4,0.8,public_pool,Public pool,90,9,22,19,16
10,cooperative_to_hoarding,Cooperative → hoarding,Hoarding agents,4,0.8,public_pool,Public pool,35,2,12,25,18
11,cooperative_to_hoarding,Cooperative → hoarding,Hoarding agents,4,0.8,public_pool,Public pool,66,3,31,9,23
12,cooperative_to_hoarding,Cooperative → hoarding,Hoarding agents,4,0.8,public_pool,Public pool,51,5,16,22,20
13,cooperative_to_hoarding,Cooperative → hoarding,Hoarding agents,4,0.8,public_pool,Public pool,52,3,25,11,17
14,cooperative_to_hoarding,Cooperative → hoarding,Hoarding agents,4,0.8,public_pool,Public pool,47,2,16,11,19
15,cooperative_to_hoarding,Cooperative → hoarding,Hoarding agents,4,0.8,public_pool,Public pool,35,2,16,9,12
16,cooperative_to_hoarding,Cooperative → hoarding,Hoarding agents,4,0.8,public_pool,Public pool,78,1,29,14,19
17,cooperative_to_hoarding,Cooperative → hoarding,Hoarding agents,4,0.8,public_pool,Public pool,54,3,27,14,22
18,cooperative_to_hoarding,Cooperative → hoarding,Hoarding agents,4,0.8,public_pool,Public pool,46,6,7,20,25
19,cooperative_to_hoarding,Cooperative → hoarding,Hoarding agents,4,0.8,public_pool,Public pool,78,1,35,13,16
20,cooperative_to_hoarding,Cooperative → hoarding,Hoarding agents,4,0.8,public_pool,Public pool,52,3,25,15,17
21,cooperative_to_hoarding,Cooperative → hoarding,Hoarding agents,4,0.8,public_pool,Public pool,60,6,14,9,16
22,cooperative_to_hoarding,Cooperative → hoarding,Hoarding agents,4,0.8,public_pool,Public pool,73,3,25,13,25
23,cooperative_to_hoarding,Cooperative → hoarding,Hoarding agents,4,0.8,public_pool,Public pool,100,3,36,4,12
24,cooperative_to_hoarding,Cooperative → hoarding,Hoarding agents,4,0.8,public_pool,Public pool,51,3,18,6,16
25,cooperative_to_hoarding,Cooperative → hoarding,Hoarding agents,4,0.8,public_pool,Public pool,39,3,17,26,21
26,cooperative_to_hoarding,Cooperative → hoarding,Hoarding agents,4,0.8,public_pool,Public pool,46,3,14,17,10
27,cooperative_to_hoarding,Cooperative → hoarding,Hoarding agents,4,0.8,public_pool,Public pool,67,2,32,7,14
28,cooperative_to_hoarding,Cooperative → hoarding,Hoarding agents,4,0.8,public_pool,Public pool,91,5,30,8,19
29,cooperative_to_hoarding,Cooperative → hoarding,Hoarding agents,4,0.8,public_pool,Public pool,41,2,23,16,3
30,cooperative_to_hoarding,Cooperative → hoarding,Hoarding agents,4,0.8,public_pool,Public pool,75,1,48,10,19
31,cooperative_to_hoarding,Cooperative → hoarding,Hoarding agents,4,0.8,public_pool,Public pool,74,0,34,9,22
32,cooperative_to_hoarding,Cooperative → hoarding,Hoarding agents,4,0.8,public_pool,Public pool,68,4,17,3,17
33,cooperative_to_hoarding,Cooperative → hoarding,Hoarding agents,4,0.8,public_pool,Public pool,89,2,40,10,21
34,cooperative_to_hoarding,Cooperative → hoarding,Hoarding agents,4,0.8,public_pool,Public pool,58,3,19,10,18
35,cooperative_to_hoarding,Cooperative → hoarding,Hoarding agents,4,0.8,public_pool,Public pool,83,2,31,6,19
36,cooperative_to_hoarding,Cooperative → hoarding,Hoarding agents,4,0.8,public_pool,Public pool,73,2,30,12,18
37,cooperative_to_hoarding,Cooperative → hoarding,Hoarding agents,4,0.8,public_pool,Public pool,41,2,18,15,13
38,cooperative_to_hoarding,Cooperative → hoarding,Hoarding agents,4,0.8,public_pool,Public pool,51,1,17,9,18
39,cooperative_to_hoarding,Cooperative → hoarding,Hoarding agents,4,0.8,public_pool,Public pool,65,1,23,13,19
40,cooperative_to_hoarding,Cooperative → hoarding,Hoarding agents,4,0.8,public_pool,Public pool,58,3,33,16,12
41,cooperative_to_hoarding,Cooperative → hoarding,Hoarding agents,4,0.8,public_pool,Public pool,95,9,24,11,16
42,cooperative_to_hoarding,Cooperative → hoarding,Hoarding agents,4,0.8,public_pool,Public pool,62,5,23,13,19
43,cooperative_to_hoarding,Cooperative → hoarding,Hoarding agents,4,0.8,public_pool,Public pool,58,3,19,15,18
44,cooperative_to_hoarding,Cooperative → hoarding,Hoarding agents,4,0.8,public_pool,Public pool,64,2,20,11,11
45,cooperative_to_hoarding,Cooperative → hoarding,Hoarding agents,4,0.8,public_pool,Public pool,58,3,23,19,20
46,cooperative_to_hoarding,Cooperative → hoarding,Hoarding agents,4,0.8,public_pool,Public pool,76,3,24,11,16
47,cooperative_to_hoarding,Cooperative → hoarding,Hoarding agents,4,0.8,public_pool,Public pool,83,3,47,15,22
48,cooperative_to_hoarding,Cooperative → hoarding,Hoarding agents,4,0.8,public_pool,Public pool,52,1,16,14,22
49,cooperative_to_hoarding,Cooperative → hoarding,Hoarding agents,4,0.8,public_pool,Public pool,86,4,37,12,20
50,cooperative_to_hoarding,Cooperative → hoarding,Hoarding agents,4,0.8,public_pool,Public pool,74,2,28,4,13
51,cooperative_to_hoarding,Cooperative → hoarding,Hoarding agents,4,0.8,public_pool,Public pool,101,3,45,14,18
52,cooperative_to_hoarding,Cooperative → hoarding,Hoarding agents,4,0.8,public_pool,Public pool,30,0,12,22,11
53,cooperative_to_hoarding,Cooperative → hoarding,Hoarding agents,4,0.8,public_pool,Public pool,93,3,27,13,22
54,cooperative_to_hoarding,Cooperative → hoarding,Hoarding agents,4,0.8,public_pool,Public pool,54,3,17,16,25
55,cooperative_to_hoarding,Cooperative → hoarding,Hoarding agents,4,0.8,public_pool,Public pool,103,3,42,3,17
56,cooperative_to_hoarding,Cooperative → hoarding,Hoarding agents,4,0.8,public_pool,Public pool,59,1,21,23,18
57,cooperative_to_hoarding,Cooperative → hoarding,Hoarding agents,4,0.8,public_pool,Public pool,76,0,47,14,25
58,cooperative_to_hoarding,Cooperative → hoarding,Hoarding agents,4,0.8,public_pool,Public pool,68,3,27,6,19
59,cooperative_to_hoarding,Cooperative → hoarding,Hoarding agents,4,0.8,public_pool,Public pool,77,4,37,16,14
60,cooperative_to_hoarding,Cooperative → hoarding,Hoarding agents,4,0.8,public_pool,Public pool,86,3,30,19,26
61,cooperative_to_hoarding,Cooperative → hoarding,Hoarding agents,4,0.8,public_pool,Public pool,61,1,38,16,20
62,cooperative_to_hoarding,Cooperative → hoarding,Hoarding agents,4,0.8,public_pool,Public pool,51,0,33,23,19
63,cooperative_to_hoarding,Cooperative → hoarding,Hoarding agents,4,0.8,public_pool,Public pool,41,3,11,11,15
64,cooperative_to_hoarding,Cooperative → hoarding,Hoarding agents,4,0.8,public_pool,Public pool,59,3,21,10,24
65,cooperative_to_hoarding,Cooperative → hoarding,Hoarding agents,4,0.8,public_pool,Public pool,64,3,15,5,20
66,cooperative_to_hoarding,Cooperative → hoarding,Hoarding agents,4,0.8,public_pool,Public pool,68,3,28,8,18
67,cooperative_to_hoarding,Cooperative → hoarding,Hoarding agents,4,0.8,public_pool,Public pool,44,1,18,20,17
68,cooperative_to_hoarding,Cooperative → hoarding,Hoarding agents,4,0.8,public_pool,Public pool,38,1,13,15,15
69,cooperative_to_hoarding,Cooperative → hoarding,Hoarding agents,4,0.8,public_pool,Public pool,71,1,38,14,19
70,cooperative_to_hoarding,Cooperative → hoarding,Hoarding agents,4,0.8,public_pool,Public pool,81,3,30,6,21
71,cooperative_to_hoarding,Cooperative → hoarding,Hoarding agents,4,0.8,public_pool,Public pool,42,1,13,25,23
72,cooperative_to_hoarding,Cooperative → hoarding,Hoarding agents,4,0.8,public_pool,Public pool,58,2,25,18,21
73,cooperative_to_hoarding,Cooperative → hoarding,Hoarding agents,4,0.8,public_pool,Public pool,94,3,36,8,19
74,cooperative_to_hoarding,Cooperative → hoarding,Hoarding agents,4,0.8,public_pool,Public pool,33,1,13,23,18
75,cooperative_to_hoarding,Cooperative → hoarding,Hoarding agents,4,0.8,public_pool,Public pool,48,2,18,12,19
76,cooperative_to_hoarding,Cooperative → hoarding,Hoarding agents,4,0.8,public_pool,Public pool,57,3,20,7,18
77,cooperative_to_hoarding,Cooperative → hoarding,Hoarding agents,4,0.8,public_pool,Public pool,90,3,33,9,17
78,cooperative_to_hoarding,Cooperative → hoarding,Hoarding agents,4,0.8,public_pool,Public pool,76,1,27,17,23
79,cooperative_to_hoarding,Cooperative → hoarding,Hoarding agents,4,0.8,public_pool,Public pool,58,6,13,1,19
80,cooperative_to_hoarding,Cooperative → hoarding,Hoarding agents,4,0.8,public_pool,Public pool,81,2,45,13,12
81,cooperative_to_hoarding,Cooperative → hoarding,Hoarding agents,4,0.8,public_pool,Public pool,61,8,9,19,20
82,cooperative_to_hoarding,Cooperative → hoarding,Hoarding agents,4,0.8,public_pool,Public pool,75,3,27,15,21
83,cooperative_to_hoarding,Cooperative → hoarding,Hoarding agents,4,0.8,public_pool,Public pool,58,0,18,19,19
84,cooperative_to_hoarding,Cooperative → hoarding,Hoarding agents,4,0.8,public_pool,Public pool,69,3,24,11,15
85,cooperative_to_hoarding,Cooperative → hoarding,Hoarding agents,4,0.8,public_pool,Public pool,95,0,42,13,25
86,cooperative_to_hoarding,Cooperative → hoarding,Hoarding agents,4,0.8,public_pool,Public pool,31,2,12,19,10
87,cooperative_to_hoarding,Cooperative → hoarding,Hoarding agents,4,0.8,public_pool,Public pool,64,3,24,14,22
88,cooperative_to_hoarding,Cooperative → hoarding,Hoarding agents,4,0.8,public_pool,Public pool,47,2,20,20,14
89,cooperative_to_hoarding,Cooperative → hoarding,Hoarding agents,4,0.8,public_pool,Public pool,40,1,22,23,25
90,cooperative_to_hoarding,Cooperative → hoarding,Hoarding agents,4,0.8,public_pool,Public pool,47,3,13,21,16
91,cooperative_to_hoarding,Cooperative → hoarding,Hoarding agents,4,0.8,public_pool,Public pool,67,3,26,8,17
92,cooperative_to_hoarding,Cooperative → hoarding,Hoarding agents,4,0.8,public_pool,Public pool,86,1,33,9,24
93,cooperative_to_hoarding,Cooperative → hoarding,Hoarding agents,4,0.8,public_pool,Public pool,73,1,40,8,17
94,cooperative_to_hoarding,Cooperative → hoarding,Hoarding agents,4,0.8,public_pool,Public pool,74,3,25,8,16
95,cooperative_to_hoarding,Cooperative → hoarding,Hoarding agents,4,0.8,public_pool,Public pool,44,0,17,22,14
96,cooperative_to_hoarding,Cooperative → hoarding,Hoarding agents,4,0.8,public_pool,Public pool,75,5,19,9,23
97,cooperative_to_hoarding,Cooperative → hoarding,Hoarding agents,4,0.8,public_pool,Public pool,67,3,40,6,19
98,cooperative_to_hoarding,Cooperative → hoarding,Hoarding agents,4,0.8,public_pool,Public pool,92,2,28,10,20
99,cooperative_to_hoarding,Cooperative → hoarding,Hoarding agents,4,0.8,public_pool,Public pool,65,2,32,5,15
0,cooperative_to_hoarding,Cooperative → hoarding,Hoarding agents,4,0.8,central_cap2,Central capped (2),150,19,27,7,38
1,cooperative_to_hoarding,Cooperative → hoarding,Hoarding agents,4,0.8,central_cap2,Central capped (2),144,12,29,10,35
2,cooperative_to_hoarding,Cooperative → hoarding,Hoarding agents,4,0.8,central_cap2,Central capped (2),149,12,27,6,37
3,cooperative_to_hoarding,Cooperative → hoarding,Hoarding agents,4,0.8,central_cap2,Central capped (2),108,12,28,5,37
4,cooperative_to_hoarding,Cooperative → hoarding,Hoarding agents,4,0.8,central_cap2,Central capped (2),134,17,18,8,35
5,cooperative_to_hoarding,Cooperative → hoarding,Hoarding agents,4,0.8,central_cap2,Central capped (2),140,9,29,12,35
6,cooperative_to_hoarding,Cooperative → hoarding,Hoarding agents,4,0.8,central_cap2,Central capped (2),97,11,17,15,32
7,cooperative_to_hoarding,Cooperative → hoarding,Hoarding agents,4,0.8,central_cap2,Central capped (2),110,17,12,10,35
8,cooperative_to_hoarding,Cooperative → hoarding,Hoarding agents,4,0.8,central_cap2,Central capped (2),115,9,35,5,32
9,cooperative_to_hoarding,Cooperative → hoarding,Hoarding agents,4,0.8,central_cap2,Central capped (2),103,12,18,6,33
10,cooperative_to_hoarding,Cooperative → hoarding,Hoarding agents,4,0.8,central_cap2,Central capped (2),111,14,16,7,38
11,cooperative_to_hoarding,Cooperative → hoarding,Hoarding agents,4,0.8,central_cap2,Central capped (2),130,14,33,9,36
12,cooperative_to_hoarding,Cooperative → hoarding,Hoarding agents,4,0.8,central_cap2,Central capped (2),122,9,30,3,29
13,cooperative_to_hoarding,Cooperative → hoarding,Hoarding agents,4,0.8,central_cap2,Central capped (2),105,17,9,8,30
14,cooperative_to_hoarding,Cooperative → hoarding,Hoarding agents,4,0.8,central_cap2,Central capped (2),125,17,18,7,37
15,cooperative_to_hoarding,Cooperative → hoarding,Hoarding agents,4,0.8,central_cap2,Central capped (2),129,17,18,7,34
16,cooperative_to_hoarding,Cooperative → hoarding,Hoarding agents,4,0.8,central_cap2,Central capped (2),125,22,8,3,37
17,cooperative_to_hoarding,Cooperative → hoarding,Hoarding agents,4,0.8,central_cap2,Central capped (2),107,9,30,16,30
18,cooperative_to_hoarding,Cooperative → hoarding,Hoarding agents,4,0.8,central_cap2,Central capped (2),167,19,26,5,34
19,cooperative_to_hoarding,Cooperative → hoarding,Hoarding agents,4,0.8,central_cap2,Central capped (2),144,20,16,5,36
20,cooperative_to_hoarding,Cooperative → hoarding,Hoarding agents,4,0.8,central_cap2,Central capped (2),139,9,29,10,36
21,cooperative_to_hoarding,Cooperative → hoarding,Hoarding agents,4,0.8,central_cap2,Central capped (2),96,6,28,12,32
22,cooperative_to_hoarding,Cooperative → hoarding,Hoarding agents,4,0.8,central_cap2,Central capped (2),132,14,24,5,38
23,cooperative_to_hoarding,Cooperative → hoarding,Hoarding agents,4,0.8,central_cap2,Central capped (2),153,22,15,6,36
24,cooperative_to_hoarding,Cooperative → hoarding,Hoarding agents,4,0.8,central_cap2,Central capped (2),144,22,22,6,38
25,cooperative_to_hoarding,Cooperative → hoarding,Hoarding agents,4,0.8,central_cap2,Central capped (2),124,14,23,7,36
26,cooperative_to_hoarding,Cooperative → hoarding,Hoarding agents,4,0.8,central_cap2,Central capped (2),114,6,36,14,35
27,cooperative_to_hoarding,Cooperative → hoarding,Hoarding agents,4,0.8,central_cap2,Central capped (2),133,19,12,13,36
28,cooperative_to_hoarding,Cooperative → hoarding,Hoarding agents,4,0.8,central_cap2,Central capped (2),129,15,18,11,33
29,cooperative_to_hoarding,Cooperative → hoarding,Hoarding agents,4,0.8,central_cap2,Central capped (2),114,9,25,9,35
30,cooperative_to_hoarding,Cooperative → hoarding,Hoarding agents,4,0.8,central_cap2,Central capped (2),136,19,27,9,39
31,cooperative_to_hoarding,Cooperative → hoarding,Hoarding agents,4,0.8,central_cap2,Central capped (2),118,9,30,8,34
32,cooperative_to_hoarding,Cooperative → hoarding,Hoarding agents,4,0.8,central_cap2,Central capped (2),115,11,22,7,39
33,cooperative_to_hoarding,Cooperative → hoarding,Hoarding agents,4,0.8,central_cap2,Central capped (2),117,17,13,4,33
34,cooperative_to_hoarding,Cooperative → hoarding,Hoarding agents,4,0.8,central_cap2,Central capped (2),114,9,22,8,30
35,cooperative_to_hoarding,Cooperative → hoarding,Hoarding agents,4,0.8,central_cap2,Central capped (2),136,14,27,20,34
36,cooperative_to_hoarding,Cooperative → hoarding,Hoarding agents,4,0.8,central_cap2,Central capped (2),138,12,26,7,36
37,cooperative_to_hoarding,Cooperative → hoarding,Hoarding agents,4,0.8,central_cap2,Central capped (2),114,9,27,11,34
38,cooperative_to_hoarding,Cooperative → hoarding,Hoarding agents,4,0.8,central_cap2,Central capped (2),122,14,20,5,38
39,cooperative_to_hoarding,Cooperative → hoarding,Hoarding agents,4,0.8,central_cap2,Central capped (2),132,11,24,13,38
40,cooperative_to_hoarding,Cooperative → hoarding,Hoarding agents,4,0.8,central_cap2,Central capped (2),116,14,25,11,38
41,cooperative_to_hoarding,Cooperative → hoarding,Hoarding agents,4,0.8,central_cap2,Central capped (2),138,17,18,12,35
42,cooperative_to_hoarding,Cooperative → hoarding,Hoarding agents,4,0.8,central_cap2,Central capped (2),117,12,18,8,32
43,cooperative_to_hoarding,Cooperative → hoarding,Hoarding agents,4,0.8,central_cap2,Central capped (2),146,22,13,7,37
44,cooperative_to_hoarding,Cooperative → hoarding,Hoarding agents,4,0.8,central_cap2,Central capped (2),111,14,19,5,35
45,cooperative_to_hoarding,Cooperative → hoarding,Hoarding agents,4,0.8,central_cap2,Central capped (2),122,18,12,20,34
46,cooperative_to_hoarding,Cooperative → hoarding,Hoarding agents,4,0.8,central_cap2,Central capped (2),139,14,24,12,38
47,cooperative_to_hoarding,Cooperative → hoarding,Hoarding agents,4,0.8,central_cap2,Central capped (2),128,17,25,10,33
48,cooperative_to_hoarding,Cooperative → hoarding,Hoarding agents,4,0.8,central_cap2,Central capped (2),82,9,18,25,37
49,cooperative_to_hoarding,Cooperative → hoarding,Hoarding agents,4,0.8,central_cap2,Central capped (2),133,17,19,10,38
50,cooperative_to_hoarding,Cooperative → hoarding,Hoarding agents,4,0.8,central_cap2,Central capped (2),139,17,25,5,38
51,cooperative_to_hoarding,Cooperative → hoarding,Hoarding agents,4,0.8,central_cap2,Central capped (2),142,19,22,10,33
52,cooperative_to_hoarding,Cooperative → hoarding,Hoarding agents,4,0.8,central_cap2,Central capped (2),117,11,25,9,35
53,cooperative_to_hoarding,Cooperative → hoarding,Hoarding agents,4,0.8,central_cap2,Central capped (2),131,19,15,10,30
54,cooperative_to_hoarding,Cooperative → hoarding,Hoarding agents,4,0.8,central_cap2,Central capped (2),94,8,17,11,29
55,cooperative_to_hoarding,Cooperative → hoarding,Hoarding agents,4,0.8,central_cap2,Central capped (2),116,14,25,7,36
56,cooperative_to_hoarding,Cooperative → hoarding,Hoarding agents,4,0.8,central_cap2,Central capped (2),94,14,11,12,33
57,cooperative_to_hoarding,Cooperative → hoarding,Hoarding agents,4,0.8,central_cap2,Central capped (2),125,17,13,10,35
58,cooperative_to_hoarding,Cooperative → hoarding,Hoarding agents,4,0.8,central_cap2,Central capped (2),89,8,20,13,36
59,cooperative_to_hoarding,Cooperative → hoarding,Hoarding agents,4,0.8,central_cap2,Central capped (2),134,19,16,10,37
60,cooperative_to_hoarding,Cooperative → hoarding,Hoarding agents,4,0.8,central_cap2,Central capped (2),144,19,23,9,37
61,cooperative_to_hoarding,Cooperative → hoarding,Hoarding agents,4,0.8,central_cap2,Central capped (2),113,17,14,6,32
62,cooperative_to_hoarding,Cooperative → hoarding,Hoarding agents,4,0.8,central_cap2,Central capped (2),126,20,13,5,33
63,cooperative_to_hoarding,Cooperative → hoarding,Hoarding agents,4,0.8,central_cap2,Central capped (2),100,6,32,7,38
64,cooperative_to_hoarding,Cooperative → hoarding,Hoarding agents,4,0.8,central_cap2,Central capped (2),139,22,23,12,28
65,cooperative_to_hoarding,Cooperative → hoarding,Hoarding agents,4,0.8,central_cap2,Central capped (2),112,6,28,5,37
66,cooperative_to_hoarding,Cooperative → hoarding,Hoarding agents,4,0.8,central_cap2,Central capped (2),123,19,14,8,36
67,cooperative_to_hoarding,Cooperative → hoarding,Hoarding agents,4,0.8,central_cap2,Central capped (2),99,9,21,12,37
68,cooperative_to_hoarding,Cooperative → hoarding,Hoarding agents,4,0.8,central_cap2,Central capped (2),123,9,32,8,30
69,cooperative_to_hoarding,Cooperative → hoarding,Hoarding agents,4,0.8,central_cap2,Central capped (2),122,6,31,8,29
70,cooperative_to_hoarding,Cooperative → hoarding,Hoarding agents,4,0.8,central_cap2,Central capped (2),136,17,18,9,32
71,cooperative_to_hoarding,Cooperative → hoarding,Hoarding agents,4,0.8,central_cap2,Central capped (2),146,20,13,10,37
72,cooperative_to_hoarding,Cooperative → hoarding,Hoarding agents,4,0.8,central_cap2,Central capped (2),139,20,16,7,35
73,cooperative_to_hoarding,Cooperative → hoarding,Hoarding agents,4,0.8,central_cap2,Central capped (2),160,17,26,8,37
74,cooperative_to_hoarding,Cooperative → hoarding,Hoarding agents,4,0.8,central_cap2,Central capped (2),124,17,16,6,38
75,cooperative_to_hoarding,Cooperative → hoarding,Hoarding agents,4,0.8,central_cap2,Central capped (2),156,17,31,9,38
76,cooperative_to_hoarding,Cooperative → hoarding,Hoarding agents,4,0.8,central_cap2,Central capped (2),101,6,27,7,38
77,cooperative_to_hoarding,Cooperative → hoarding,Hoarding agents,4,0.8,central_cap2,Central capped (2),124,14,19,7,33
78,cooperative_to_hoarding,Cooperative → hoarding,Hoarding agents,4,0.8,central_cap2,Central capped (2),146,22,13,6,35
79,cooperative_to_hoarding,Cooperative → hoarding,Hoarding agents,4,0.8,central_cap2,Central capped (2),106,9,21,10,33
80,cooperative_to_hoarding,Cooperative → hoarding,Hoarding agents,4,0.8,central_cap2,Central capped (2),129,14,23,11,35
81,cooperative_to_hoarding,Cooperative → hoarding,Hoarding agents,4,0.8,central_cap2,Central capped (2),156,17,19,2,34
82,cooperative_to_hoarding,Cooperative → hoarding,Hoarding agents,4,0.8,central_cap2,Central capped (2),140,17,29,6,33
83,cooperative_to_hoarding,Cooperative → hoarding,Hoarding agents,4,0.8,central_cap2,Central capped (2),138,14,19,13,34
84,cooperative_to_hoarding,Cooperative → hoarding,Hoarding agents,4,0.8,central_cap2,Central capped (2),126,11,22,8,30
85,cooperative_to_hoarding,Cooperative → hoarding,Hoarding agents,4,0.8,central_cap2,Central capped (2),147,20,21,11,36
86,cooperative_to_hoarding,Cooperative → hoarding,Hoarding agents,4,0.8,central_cap2,Central capped (2),140,12,37,6,36
87,cooperative_to_hoarding,Cooperative → hoarding,Hoarding agents,4,0.8,central_cap2,Central capped (2),144,14,24,5,36
88,cooperative_to_hoarding,Cooperative → hoarding,Hoarding agents,4,0.8,central_cap2,Central capped (2),85,10,20,18,28
89,cooperative_to_hoarding,Cooperative → hoarding,Hoarding agents,4,0.8,central_cap2,Central capped (2),93,13,17,16,37
90,cooperative_to_hoarding,Cooperative → hoarding,Hoarding agents,4,0.8,central_cap2,Central capped (2),140,20,15,14,35
91,cooperative_to_hoarding,Cooperative → hoarding,Hoarding agents,4,0.8,central_cap2,Central capped (2),131,17,19,8,33
92,cooperative_to_hoarding,Cooperative → hoarding,Hoarding agents,4,0.8,central_cap2,Central capped (2),131,6,39,15,38
93,cooperative_to_hoarding,Cooperative → hoarding,Hoarding agents,4,0.8,central_cap2,Central capped (2),115,20,10,8,38
94,cooperative_to_hoarding,Cooperative → hoarding,Hoarding agents,4,0.8,central_cap2,Central capped (2),138,14,27,8,37
95,cooperative_to_hoarding,Cooperative → hoarding,Hoarding agents,4,0.8,central_cap2,Central capped (2),121,14,17,12,35
96,cooperative_to_hoarding,Cooperative → hoarding,Hoarding agents,4,0.8,central_cap2,Central capped (2),132,12,21,13,33
97,cooperative_to_hoarding,Cooperative → hoarding,Hoarding agents,4,0.8,central_cap2,Central capped (2),105,12,19,7,33
98,cooperative_to_hoarding,Cooperative → hoarding,Hoarding agents,4,0.8,central_cap2,Central capped (2),96,6,21,8,33
99,cooperative_to_hoarding,Cooperative → hoarding,Hoarding agents,4,0.8,central_cap2,Central capped (2),119,14,20,5,35
0,cooperative_to_hoarding,Cooperative → hoarding,Hoarding agents,4,0.8,central_full,Central clearing,185,27,21,8,69
1,cooperative_to_hoarding,Cooperative → hoarding,Hoarding agents,4,0.8,central_full,Central clearing,187,27,23,5,58
2,cooperative_to_hoarding,Cooperative → hoarding,Hoarding agents,4,0.8,central_full,Central clearing,166,30,11,5,57
3,cooperative_to_hoarding,Cooperative → hoarding,Hoarding agents,4,0.8,central_full,Central clearing,164,25,24,9,67
4,cooperative_to_hoarding,Cooperative → hoarding,Hoarding agents,4,0.8,central_full,Central clearing,136,14,26,13,48
5,cooperative_to_hoarding,Cooperative → hoarding,Hoarding agents,4,0.8,central_full,Central clearing,165,20,26,7,48
6,cooperative_to_hoarding,Cooperative → hoarding,Hoarding agents,4,0.8,central_full,Central clearing,117,17,11,17,37
7,cooperative_to_hoarding,Cooperative → hoarding,Hoarding agents,4,0.8,central_full,Central clearing,156,27,11,8,49
8,cooperative_to_hoarding,Cooperative → hoarding,Hoarding agents,4,0.8,central_full,Central clearing,132,14,29,6,47
9,cooperative_to_hoarding,Cooperative → hoarding,Hoarding agents,4,0.8,central_full,Central clearing,101,9,19,8,41
10,cooperative_to_hoarding,Cooperative → hoarding,Hoarding agents,4,0.8,central_full,Central clearing,154,22,24,11,56
11,cooperative_to_hoarding,Cooperative → hoarding,Hoarding agents,4,0.8,central_full,Central clearing,131,14,24,12,45
12,cooperative_to_hoarding,Cooperative → hoarding,Hoarding agents,4,0.8,central_full,Central clearing,148,22,16,6,44
13,cooperative_to_hoarding,Cooperative → hoarding,Hoarding agents,4,0.8,central_full,Central clearing,174,27,18,7,46
14,cooperative_to_hoarding,Cooperative → hoarding,Hoarding agents,4,0.8,central_full,Central clearing,181,25,19,7,68
15,cooperative_to_hoarding,Cooperative → hoarding,Hoarding agents,4,0.8,central_full,Central clearing,126,17,15,16,45
16,cooperative_to_hoarding,Cooperative → hoarding,Hoarding agents,4,0.8,central_full,Central clearing,173,27,16,4,65
17,cooperative_to_hoarding,Cooperative → hoarding,Hoarding agents,4,0.8,central_full,Central clearing,162,22,24,6,43
18,cooperative_to_hoarding,Cooperative → hoarding,Hoarding agents,4,0.8,central_full,Central clearing,186,22,25,5,45
19,cooperative_to_hoarding,Cooperative → hoarding,Hoarding agents,4,0.8,central_full,Central clearing,169,25,13,8,52
20,cooperative_to_hoarding,Cooperative → hoarding,Hoarding agents,4,0.8,central_full,Central clearing,161,19,23,10,64
21,cooperative_to_hoarding,Cooperative → hoarding,Hoarding agents,4,0.8,central_full,Central clearing,122,17,20,20,41
22,cooperative_to_hoarding,Cooperative → hoarding,Hoarding agents,4,0.8,central_full,Central clearing,197,30,18,9,74
23,cooperative_to_hoarding,Cooperative → hoarding,Hoarding agents,4,0.8,central_full,Central clearing,205,33,20,7,65
24,cooperative_to_hoarding,Cooperative → hoarding,Hoarding agents,4,0.8,central_full,Central clearing,134,22,12,3,46
25,cooperative_to_hoarding,Cooperative → hoarding,Hoarding agents,4,0.8,central_full,Central clearing,167,27,10,6,60
26,cooperative_to_hoarding,Cooperative → hoarding,Hoarding agents,4,0.8,central_full,Central clearing,87,9,14,20,30
27,cooperative_to_hoarding,Cooperative → hoarding,Hoarding agents,4,0.8,central_full,Central clearing,158,22,17,8,48
28,cooperative_to_hoarding,Cooperative → hoarding,Hoarding agents,4,0.8,central_full,Central clearing,137,17,18,10,55
29,cooperative_to_hoarding,Cooperative → hoarding,Hoarding agents,4,0.8,central_full,Central clearing,166,27,15,6,56
30,cooperative_to_hoarding,Cooperative → hoarding,Hoarding agents,4,0.8,central_full,Central clearing,164,30,7,7,73
31,cooperative_to_hoarding,Cooperative → hoarding,Hoarding agents,4,0.8,central_full,Central clearing,166,25,24,13,60
32,cooperative_to_hoarding,Cooperative → hoarding,Hoarding agents,4,0.8,central_full,Central clearing,146,25,15,4,63
33,cooperative_to_hoarding,Cooperative → hoarding,Hoarding agents,4,0.8,central_full,Central clearing,145,25,8,4,53
34,cooperative_to_hoarding,Cooperative → hoarding,Hoarding agents,4,0.8,central_full,Central clearing,156,25,10,5,49
35,cooperative_to_hoarding,Cooperative → hoarding,Hoarding agents,4,0.8,central_full,Central clearing,209,33,18,13,65
36,cooperative_to_hoarding,Cooperative → hoarding,Hoarding agents,4,0.8,central_full,Central clearing,183,30,10,12,62
37,cooperative_to_hoarding,Cooperative → hoarding,Hoarding agents,4,0.8,central_full,Central clearing,157,25,14,6,46
38,cooperative_to_hoarding,Cooperative → hoarding,Hoarding agents,4,0.8,central_full,Central clearing,155,26,9,5,67
39,cooperative_to_hoarding,Cooperative → hoarding,Hoarding agents,4,0.8,central_full,Central clearing,167,27,12,5,56
40,cooperative_to_hoarding,Cooperative → hoarding,Hoarding agents,4,0.8,central_full,Central clearing,160,20,29,6,57
41,cooperative_to_hoarding,Cooperative → hoarding,Hoarding agents,4,0.8,central_full,Central clearing,175,27,22,5,59
42,cooperative_to_hoarding,Cooperative → hoarding,Hoarding agents,4,0.8,central_full,Central clearing,107,12,16,9,42
43,cooperative_to_hoarding,Cooperative → hoarding,Hoarding agents,4,0.8,central_full,Central clearing,136,19,19,7,52
44,cooperative_to_hoarding,Cooperative → hoarding,Hoarding agents,4,0.8,central_full,Central clearing,163,25,16,7,53
45,cooperative_to_hoarding,Cooperative → hoarding,Hoarding agents,4,0.8,central_full,Central clearing,148,25,9,18,48
46,cooperative_to_hoarding,Cooperative → hoarding,Hoarding agents,4,0.8,central_full,Central clearing,153,19,22,6,52
47,cooperative_to_hoarding,Cooperative → hoarding,Hoarding agents,4,0.8,central_full,Central clearing,146,22,22,18,39
48,cooperative_to_hoarding,Cooperative → hoarding,Hoarding agents,4,0.8,central_full,Central clearing,166,30,8,9,66
49,cooperative_to_hoarding,Cooperative → hoarding,Hoarding agents,4,0.8,central_full,Central clearing,139,22,10,10,52
50,cooperative_to_hoarding,Cooperative → hoarding,Hoarding agents,4,0.8,central_full,Central clearing,164,25,22,8,56
51,cooperative_to_hoarding,Cooperative → hoarding,Hoarding agents,4,0.8,central_full,Central clearing,177,30,12,7,52
52,cooperative_to_hoarding,Cooperative → hoarding,Hoarding agents,4,0.8,central_full,Central clearing,152,22,15,5,45
53,cooperative_to_hoarding,Cooperative → hoarding,Hoarding agents,4,0.8,central_full,Central clearing,127,14,30,20,35
54,cooperative_to_hoarding,Cooperative → hoarding,Hoarding agents,4,0.8,central_full,Central clearing,122,17,13,9,40
55,cooperative_to_hoarding,Cooperative → hoarding,Hoarding agents,4,0.8,central_full,Central clearing,161,22,24,7,57
56,cooperative_to_hoarding,Cooperative → hoarding,Hoarding agents,4,0.8,central_full,Central clearing,135,19,16,4,46
57,cooperative_to_hoarding,Cooperative → hoarding,Hoarding agents,4,0.8,central_full,Central clearing,166,27,14,10,52
58,cooperative_to_hoarding,Cooperative → hoarding,Hoarding agents,4,0.8,central_full,Central clearing,144,26,10,9,66
59,cooperative_to_hoarding,Cooperative → hoarding,Hoarding agents,4,0.8,central_full,Central clearing,202,30,19,9,62
60,cooperative_to_hoarding,Cooperative → hoarding,Hoarding agents,4,0.8,central_full,Central clearing,184,25,20,6,63
61,cooperative_to_hoarding,Cooperative → hoarding,Hoarding agents,4,0.8,central_full,Central clearing,130,11,27,10,42
62,cooperative_to_hoarding,Cooperative → hoarding,Hoarding agents,4,0.8,central_full,Central clearing,129,13,30,9,33
63,cooperative_to_hoarding,Cooperative → hoarding,Hoarding agents,4,0.8,central_full,Central clearing,149,22,19,8,62
64,cooperative_to_hoarding,Cooperative → hoarding,Hoarding agents,4,0.8,central_full,Central clearing,173,27,16,7,38
65,cooperative_to_hoarding,Cooperative → hoarding,Hoarding agents,4,0.8,central_full,Central clearing,158,19,22,6,54
66,cooperative_to_hoarding,Cooperative → hoarding,Hoarding agents,4,0.8,central_full,Central clearing,155,25,24,3,59
67,cooperative_to_hoarding,Cooperative → hoarding,Hoarding agents,4,0.8,central_full,Central clearing,157,22,18,9,64
68,cooperative_to_hoarding,Cooperative → hoarding,Hoarding agents,4,0.8,central_full,Central clearing,148,22,14,3,45
69,cooperative_to_hoarding,Cooperative → hoarding,Hoarding agents,4,0.8,central_full,Central clearing,151,14,22,8,36
70,cooperative_to_hoarding,Cooperative → hoarding,Hoarding agents,4,0.8,central_full,Central clearing,155,25,13,12,49
71,cooperative_to_hoarding,Cooperative → hoarding,Hoarding agents,4,0.8,central_full,Central clearing,183,30,13,4,56
72,cooperative_to_hoarding,Cooperative → hoarding,Hoarding agents,4,0.8,central_full,Central clearing,163,28,11,6,57
73,cooperative_to_hoarding,Cooperative → hoarding,Hoarding agents,4,0.8,central_full,Central clearing,180,25,20,4,53
74,cooperative_to_hoarding,Cooperative → hoarding,Hoarding agents,4,0.8,central_full,Central clearing,161,27,11,4,55
75,cooperative_to_hoarding,Cooperative → hoarding,Hoarding agents,4,0.8,central_full,Central clearing,173,26,16,10,64
76,cooperative_to_hoarding,Cooperative → hoarding,Hoarding agents,4,0.8,central_full,Central clearing,154,22,16,8,66
77,cooperative_to_hoarding,Cooperative → hoarding,Hoarding agents,4,0.8,central_full,Central clearing,154,25,12,4,55
78,cooperative_to_hoarding,Cooperative → hoarding,Hoarding agents,4,0.8,central_full,Central clearing,146,23,12,13,46
79,cooperative_to_hoarding,Cooperative → hoarding,Hoarding agents,4,0.8,central_full,Central clearing,140,17,21,11,45
80,cooperative_to_hoarding,Cooperative → hoarding,Hoarding agents,4,0.8,central_full,Central clearing,152,18,25,13,51
81,cooperative_to_hoarding,Cooperative → hoarding,Hoarding agents,4,0.8,central_full,Central clearing,183,28,21,5,52
82,cooperative_to_hoarding,Cooperative → hoarding,Hoarding agents,4,0.8,central_full,Central clearing,182,30,15,6,49
83,cooperative_to_hoarding,Cooperative → hoarding,Hoarding agents,4,0.8,central_full,Central clearing,163,27,13,6,63
84,cooperative_to_hoarding,Cooperative → hoarding,Hoarding agents,4,0.8,central_full,Central clearing,178,25,22,5,58
85,cooperative_to_hoarding,Cooperative → hoarding,Hoarding agents,4,0.8,central_full,Central clearing,144,15,25,15,41
86,cooperative_to_hoarding,Cooperative → hoarding,Hoarding agents,4,0.8,central_full,Central clearing,154,27,14,7,51
87,cooperative_to_hoarding,Cooperative → hoarding,Hoarding agents,4,0.8,central_full,Central clearing,162,17,24,8,54
88,cooperative_to_hoarding,Cooperative → hoarding,Hoarding agents,4,0.8,central_full,Central clearing,132,14,24,4,42
89,cooperative_to_hoarding,Cooperative → hoarding,Hoarding agents,4,0.8,central_full,Central clearing,193,27,23,7,70
90,cooperative_to_hoarding,Cooperative → hoarding,Hoarding agents,4,0.8,central_full,Central clearing,145,22,16,10,40
91,cooperative_to_hoarding,Cooperative → hoarding,Hoarding agents,4,0.8,central_full,Central clearing,150,20,22,11,55
92,cooperative_to_hoarding,Cooperative → hoarding,Hoarding agents,4,0.8,central_full,Central clearing,170,30,10,7,65
93,cooperative_to_hoarding,Cooperative → hoarding,Hoarding agents,4,0.8,central_full,Central clearing,139,19,19,7,57
94,cooperative_to_hoarding,Cooperative → hoarding,Hoarding agents,4,0.8,central_full,Central clearing,190,32,14,7,61
95,cooperative_to_hoarding,Cooperative → hoarding,Hoarding agents,4,0.8,central_full,Central clearing,191,30,16,8,68
96,cooperative_to_hoarding,Cooperative → hoarding,Hoarding agents,4,0.8,central_full,Central clearing,173,25,21,8,57
97,cooperative_to_hoarding,Cooperative → hoarding,Hoarding agents,4,0.8,central_full,Central clearing,121,9,32,9,44
98,cooperative_to_hoarding,Cooperative → hoarding,Hoarding agents,4,0.8,central_full,Central clearing,181,33,11,3,64
99,cooperative_to_hoarding,Cooperative → hoarding,Hoarding agents,4,0.8,central_full,Central clearing,155,22,25,7,60
0,cooperative_to_hoarding,Cooperative → hoarding,Hoarding agents,4,0.8,equity_central,Equity central,185,30,15,4,65
1,cooperative_to_hoarding,Cooperative → hoarding,Hoarding agents,4,0.8,equity_central,Equity central,175,25,24,6,56
2,cooperative_to_hoarding,Cooperative → hoarding,Hoarding agents,4,0.8,equity_central,Equity central,158,22,19,7,56
3,cooperative_to_hoarding,Cooperative → hoarding,Hoarding agents,4,0.8,equity_central,Equity central,177,30,11,12,60
4,cooperative_to_hoarding,Cooperative → hoarding,Hoarding agents,4,0.8,equity_central,Equity central,159,27,11,13,58
5,cooperative_to_hoarding,Cooperative → hoarding,Hoarding agents,4,0.8,equity_central,Equity central,149,22,16,10,53
6,cooperative_to_hoarding,Cooperative → hoarding,Hoarding agents,4,0.8,equity_central,Equity central,147,27,5,16,43
7,cooperative_to_hoarding,Cooperative → hoarding,Hoarding agents,4,0.8,equity_central,Equity central,120,17,11,10,48
8,cooperative_to_hoarding,Cooperative → hoarding,Hoarding agents,4,0.8,equity_central,Equity central,144,23,18,3,48
9,cooperative_to_hoarding,Cooperative → hoarding,Hoarding agents,4,0.8,equity_central,Equity central,106,14,17,8,41
10,cooperative_to_hoarding,Cooperative → hoarding,Hoarding agents,4,0.8,equity_central,Equity central,171,27,19,6,64
11,cooperative_to_hoarding,Cooperative → hoarding,Hoarding agents,4,0.8,equity_central,Equity central,120,14,22,13,41
12,cooperative_to_hoarding,Cooperative → hoarding,Hoarding agents,4,0.8,equity_central,Equity central,158,25,19,8,48
13,cooperative_to_hoarding,Cooperative → hoarding,Hoarding agents,4,0.8,equity_central,Equity central,163,27,11,10,51
14,cooperative_to_hoarding,Cooperative → hoarding,Hoarding agents,4,0.8,equity_central,Equity central,180,30,14,12,61
15,cooperative_to_hoarding,Cooperative → hoarding,Hoarding agents,4,0.8,equity_central,Equity central,139,22,12,7,52
16,cooperative_to_hoarding,Cooperative → hoarding,Hoarding agents,4,0.8,equity_central,Equity central,166,27,17,4,70
17,cooperative_to_hoarding,Cooperative → hoarding,Hoarding agents,4,0.8,equity_central,Equity central,188,30,14,3,66
18,cooperative_to_hoarding,Cooperative → hoarding,Hoarding agents,4,0.8,equity_central,Equity central,199,35,17,5,58
19,cooperative_to_hoarding,Cooperative → hoarding,Hoarding agents,4,0.8,equity_central,Equity central,170,30,8,9,57
20,cooperative_to_hoarding,Cooperative → hoarding,Hoarding agents,4,0.8,equity_central,Equity central,155,19,19,14,54
21,cooperative_to_hoarding,Cooperative → hoarding,Hoarding agents,4,0.8,equity_central,Equity central,134,20,18,11,45
22,cooperative_to_hoarding,Cooperative → hoarding,Hoarding agents,4,0.8,equity_central,Equity central,170,30,7,5,66
23,cooperative_to_hoarding,Cooperative → hoarding,Hoarding agents,4,0.8,equity_central,Equity central,206,36,9,9,71
24,cooperative_to_hoarding,Cooperative → hoarding,Hoarding agents,4,0.8,equity_central,Equity central,150,27,8,7,58
25,cooperative_to_hoarding,Cooperative → hoarding,Hoarding agents,4,0.8,equity_central,Equity central,140,20,21,9,52
26,cooperative_to_hoarding,Cooperative → hoarding,Hoarding agents,4,0.8,equity_central,Equity central,143,25,7,18,54
27,cooperative_to_hoarding,Cooperative → hoarding,Hoarding agents,4,0.8,equity_central,Equity central,152,25,12,11,47
28,cooperative_to_hoarding,Cooperative → hoarding,Hoarding agents,4,0.8,equity_central,Equity central,146,22,13,7,55
29,cooperative_to_hoarding,Cooperative → hoarding,Hoarding agents,4,0.8,equity_central,Equity central,154,22,16,5,50
30,cooperative_to_hoarding,Cooperative → hoarding,Hoarding agents,4,0.8,equity_central,Equity central,181,30,15,9,68
31,cooperative_to_hoarding,Cooperative → hoarding,Hoarding agents,4,0.8,equity_central,Equity central,132,19,18,18,52
32,cooperative_to_hoarding,Cooperative → hoarding,Hoarding agents,4,0.8,equity_central,Equity central,126,19,20,5,59
33,cooperative_to_hoarding,Cooperative → hoarding,Hoarding agents,4,0.8,equity_central,Equity central,125,19,13,10,39
34,cooperative_to_hoarding,Cooperative → hoarding,Hoarding agents,4,0.8,equity_central,Equity central,135,22,11,8,51
35,cooperative_to_hoarding,Cooperative → hoarding,Hoarding agents,4,0.8,equity_central,Equity central,204,37,7,8,63
36,cooperative_to_hoarding,Cooperative → hoarding,Hoarding agents,4,0.8,equity_central,Equity central,182,30,10,13,61
37,cooperative_to_hoarding,Cooperative → hoarding,Hoarding agents,4,0.8,equity_central,Equity central,164,25,21,15,48
38,cooperative_to_hoarding,Cooperative → hoarding,Hoarding agents,4,0.8,equity_central,Equity central,148,27,6,7,68
39,cooperative_to_hoarding,Cooperative → hoarding,Hoarding agents,4,0.8,equity_central,Equity central,159,27,12,4,52
40,cooperative_to_hoarding,Cooperative → hoarding,Hoarding agents,4,0.8,equity_central,Equity central,162,25,20,4,59
41,cooperative_to_hoarding,Cooperative → hoarding,Hoarding agents,4,0.8,equity_central,Equity central,188,27,26,5,68
42,cooperative_to_hoarding,Cooperative → hoarding,Hoarding agents,4,0.8,equity_central,Equity central,99,9,19,7,41
43,cooperative_to_hoarding,Cooperative → hoarding,Hoarding agents,4,0.8,equity_central,Equity central,132,17,24,3,49
44,cooperative_to_hoarding,Cooperative → hoarding,Hoarding agents,4,0.8,equity_central,Equity central,153,26,10,13,56
45,cooperative_to_hoarding,Cooperative → hoarding,Hoarding agents,4,0.8,equity_central,Equity central,153,21,20,11,51
46,cooperative_to_hoarding,Cooperative → hoarding,Hoarding agents,4,0.8,equity_central,Equity central,156,22,20,10,57
47,cooperative_to_hoarding,Cooperative → hoarding,Hoarding agents,4,0.8,equity_central,Equity central,145,22,22,17,40
48,cooperative_to_hoarding,Cooperative → hoarding,Hoarding agents,4,0.8,equity_central,Equity central,181,33,10,7,61
49,cooperative_to_hoarding,Cooperative → hoarding,Hoarding agents,4,0.8,equity_central,Equity central,147,22,15,6,53
50,cooperative_to_hoarding,Cooperative → hoarding,Hoarding agents,4,0.8,equity_central,Equity central,173,30,13,8,61
51,cooperative_to_hoarding,Cooperative → hoarding,Hoarding agents,4,0.8,equity_central,Equity central,177,30,12,7,52
52,cooperative_to_hoarding,Cooperative → hoarding,Hoarding agents,4,0.8,equity_central,Equity central,161,22,20,8,53
53,cooperative_to_hoarding,Cooperative → hoarding,Hoarding agents,4,0.8,equity_central,Equity central,150,22,20,4,41
54,cooperative_to_hoarding,Cooperative → hoarding,Hoarding agents,4,0.8,equity_central,Equity central,126,22,6,7,42
55,cooperative_to_hoarding,Cooperative → hoarding,Hoarding agents,4,0.8,equity_central,Equity central,168,27,20,12,63
56,cooperative_to_hoarding,Cooperative → hoarding,Hoarding agents,4,0.8,equity_central,Equity central,151,22,16,5,49
57,cooperative_to_hoarding,Cooperative → hoarding,Hoarding agents,4,0.8,equity_central,Equity central,166,27,14,10,52
58,cooperative_to_hoarding,Cooperative → hoarding,Hoarding agents,4,0.8,equity_central,Equity central,135,22,8,6,63
59,cooperative_to_hoarding,Cooperative → hoarding,Hoarding agents,4,0.8,equity_central,Equity central,185,33,13,8,60
60,cooperative_to_hoarding,Cooperative → hoarding,Hoarding agents,4,0.8,equity_central,Equity central,177,22,27,6,54
61,cooperative_to_hoarding,Cooperative → hoarding,Hoarding agents,4,0.8,equity_central,Equity central,145,22,11,6,40
62,cooperative_to_hoarding,Cooperative → hoarding,Hoarding agents,4,0.8,equity_central,Equity central,148,22,22,7,42
63,cooperative_to_hoarding,Cooperative → hoarding,Hoarding agents,4,0.8,equity_central,Equity central,173,27,14,4,64
64,cooperative_to_hoarding,Cooperative → hoarding,Hoarding agents,4,0.8,equity_central,Equity central,183,27,16,8,46
65,cooperative_to_hoarding,Cooperative → hoarding,Hoarding agents,4,0.8,equity_central,Equity central,170,22,20,7,59
66,cooperative_to_hoarding,Cooperative → hoarding,Hoarding agents,4,0.8,equity_central,Equity central,150,22,25,3,56
67,cooperative_to_hoarding,Cooperative → hoarding,Hoarding agents,4,0.8,equity_central,Equity central,160,27,10,6,61
68,cooperative_to_hoarding,Cooperative → hoarding,Hoarding agents,4,0.8,equity_central,Equity central,137,17,17,6,39
69,cooperative_to_hoarding,Cooperative → hoarding,Hoarding agents,4,0.8,equity_central,Equity central,144,25,9,8,46
70,cooperative_to_hoarding,Cooperative → hoarding,Hoarding agents,4,0.8,equity_central,Equity central,167,28,16,12,53
71,cooperative_to_hoarding,Cooperative → hoarding,Hoarding agents,4,0.8,equity_central,Equity central,165,27,15,5,51
72,cooperative_to_hoarding,Cooperative → hoarding,Hoarding agents,4,0.8,equity_central,Equity central,174,30,14,11,60
73,cooperative_to_hoarding,Cooperative → hoarding,Hoarding agents,4,0.8,equity_central,Equity central,167,22,28,4,55
74,cooperative_to_hoarding,Cooperative → hoarding,Hoarding agents,4,0.8,equity_central,Equity central,159,28,10,11,60
75,cooperative_to_hoarding,Cooperative → hoarding,Hoarding agents,4,0.8,equity_central,Equity central,172,30,10,4,58
76,cooperative_to_hoarding,Cooperative → hoarding,Hoarding agents,4,0.8,equity_central,Equity central,184,27,23,10,77
77,cooperative_to_hoarding,Cooperative → hoarding,Hoarding agents,4,0.8,equity_central,Equity central,160,30,5,11,52
78,cooperative_to_hoarding,Cooperative → hoarding,Hoarding agents,4,0.8,equity_central,Equity central,156,25,11,13,40
79,cooperative_to_hoarding,Cooperative → hoarding,Hoarding agents,4,0.8,equity_central,Equity central,143,24,11,13,45
80,cooperative_to_hoarding,Cooperative → hoarding,Hoarding agents,4,0.8,equity_central,Equity central,154,22,21,8,50
81,cooperative_to_hoarding,Cooperative → hoarding,Hoarding agents,4,0.8,equity_central,Equity central,197,35,12,6,67
82,cooperative_to_hoarding,Cooperative → hoarding,Hoarding agents,4,0.8,equity_central,Equity central,180,30,16,3,47
83,cooperative_to_hoarding,Cooperative → hoarding,Hoarding agents,4,0.8,equity_central,Equity central,166,27,13,6,61
84,cooperative_to_hoarding,Cooperative → hoarding,Hoarding agents,4,0.8,equity_central,Equity central,173,27,19,5,63
85,cooperative_to_hoarding,Cooperative → hoarding,Hoarding agents,4,0.8,equity_central,Equity central,122,15,19,17,51
86,cooperative_to_hoarding,Cooperative → hoarding,Hoarding agents,4,0.8,equity_central,Equity central,158,25,18,4,50
87,cooperative_to_hoarding,Cooperative → hoarding,Hoarding agents,4,0.8,equity_central,Equity central,175,25,24,5,54
88,cooperative_to_hoarding,Cooperative → hoarding,Hoarding agents,4,0.8,equity_central,Equity central,141,20,18,7,40
89,cooperative_to_hoarding,Cooperative → hoarding,Hoarding agents,4,0.8,equity_central,Equity central,187,27,27,5,69
90,cooperative_to_hoarding,Cooperative → hoarding,Hoarding agents,4,0.8,equity_central,Equity central,127,22,7,9,41
91,cooperative_to_hoarding,Cooperative → hoarding,Hoarding agents,4,0.8,equity_central,Equity central,139,22,11,8,51
92,cooperative_to_hoarding,Cooperative → hoarding,Hoarding agents,4,0.8,equity_central,Equity central,168,28,10,9,58
93,cooperative_to_hoarding,Cooperative → hoarding,Hoarding agents,4,0.8,equity_central,Equity central,104,14,13,12,50
94,cooperative_to_hoarding,Cooperative → hoarding,Hoarding agents,4,0.8,equity_central,Equity central,171,28,10,6,52
95,cooperative_to_hoarding,Cooperative → hoarding,Hoarding agents,4,0.8,equity_central,Equity central,137,20,16,4,46
96,cooperative_to_hoarding,Cooperative → hoarding,Hoarding agents,4,0.8,equity_central,Equity central,179,30,11,7,59
97,cooperative_to_hoarding,Cooperative → hoarding,Hoarding agents,4,0.8,equity_central,Equity central,122,19,12,4,46
98,cooperative_to_hoarding,Cooperative → hoarding,Hoarding agents,4,0.8,equity_central,Equity central,126,19,10,10,56
99,cooperative_to_hoarding,Cooperative → hoarding,Hoarding agents,4,0.8,equity_central,Equity central,148,22,20,4,57
0,cooperative_to_hoarding,Cooperative → hoarding,Hoarding agents,5,1.0,no_trade,No trade,56,2,35,12,0
1,cooperative_to_hoarding,Cooperative → hoarding,Hoarding agents,5,1.0,no_trade,No trade,28,2,13,11,0
2,cooperative_to_hoarding,Cooperative → hoarding,Hoarding agents,5,1.0,no_trade,No trade,22,2,7,12,0
3,cooperative_to_hoarding,Cooperative → hoarding,Hoarding agents,5,1.0,no_trade,No trade,12,0,6,14,0
4,cooperative_to_hoarding,Cooperative → hoarding,Hoarding agents,5,1.0,no_trade,No trade,21,3,3,11,0
5,cooperative_to_hoarding,Cooperative → hoarding,Hoarding agents,5,1.0,no_trade,No trade,13,1,5,5,0
6,cooperative_to_hoarding,Cooperative → hoarding,Hoarding agents,5,1.0,no_trade,No trade,52,3,17,8,0
7,cooperative_to_hoarding,Cooperative → hoarding,Hoarding agents,5,1.0,no_trade,No trade,36,3,8,10,0
8,cooperative_to_hoarding,Cooperative → hoarding,Hoarding agents,5,1.0,no_trade,No trade,36,0,15,11,0
9,cooperative_to_hoarding,Cooperative → hoarding,Hoarding agents,5,1.0,no_trade,No trade,39,3,10,11,0
10,cooperative_to_hoarding,Cooperative → hoarding,Hoarding agents,5,1.0,no_trade,No trade,25,2,7,22,0
11,cooperative_to_hoarding,Cooperative → hoarding,Hoarding agents,5,1.0,no_trade,No trade,34,3,12,26,0
12,cooperative_to_hoarding,Cooperative → hoarding,Hoarding agents,5,1.0,no_trade,No trade,44,1,25,11,0
13,cooperative_to_hoarding,Cooperative → hoarding,Hoarding agents,5,1.0,no_trade,No trade,30,0,20,16,0
14,cooperative_to_hoarding,Cooperative → hoarding,Hoarding agents,5,1.0,no_trade,No trade,18,0,9,15,0
15,cooperative_to_hoarding,Cooperative → hoarding,Hoarding agents,5,1.0,no_trade,No trade,27,1,10,14,0
16,cooperative_to_hoarding,Cooperative → hoarding,Hoarding agents,5,1.0,no_trade,No trade,37,0,26,16,0
17,cooperative_to_hoarding,Cooperative → hoarding,Hoarding agents,5,1.0,no_trade,No trade,39,1,19,22,0
18,cooperative_to_hoarding,Cooperative → hoarding,Hoarding agents,5,1.0,no_trade,No trade,44,3,23,12,0
19,cooperative_to_hoarding,Cooperative → hoarding,Hoarding agents,5,1.0,no_trade,No trade,34,2,11,16,0
20,cooperative_to_hoarding,Cooperative → hoarding,Hoarding agents,5,1.0,no_trade,No trade,19,2,4,16,0
21,cooperative_to_hoarding,Cooperative → hoarding,Hoarding agents,5,1.0,no_trade,No trade,31,2,10,14,0
22,cooperative_to_hoarding,Cooperative → hoarding,Hoarding agents,5,1.0,no_trade,No trade,28,2,12,21,0
23,cooperative_to_hoarding,Cooperative → hoarding,Hoarding agents,5,1.0,no_trade,No trade,27,2,8,20,0
24,cooperative_to_hoarding,Cooperative → hoarding,Hoarding agents,5,1.0,no_trade,No trade,33,3,15,9,0
25,cooperative_to_hoarding,Cooperative → hoarding,Hoarding agents,5,1.0,no_trade,No trade,33,2,15,14,0
26,cooperative_to_hoarding,Cooperative → hoarding,Hoarding agents,5,1.0,no_trade,No trade,25,1,8,13,0
27,cooperative_to_hoarding,Cooperative → hoarding,Hoarding agents,5,1.0,no_trade,No trade,23,1,6,19,0
28,cooperative_to_hoarding,Cooperative → hoarding,Hoarding agents,5,1.0,no_trade,No trade,33,1,16,20,0
29,cooperative_to_hoarding,Cooperative → hoarding,Hoarding agents,5,1.0,no_trade,No trade,36,2,21,17,0
30,cooperative_to_hoarding,Cooperative → hoarding,Hoarding agents,5,1.0,no_trade,No trade,45,1,16,7,0
31,cooperative_to_hoarding,Cooperative → hoarding,Hoarding agents,5,1.0,no_trade,No trade,45,3,13,6,0
32,cooperative_to_hoarding,Cooperative → hoarding,Hoarding agents,5,1.0,no_trade,No trade,25,2,7,15,0
33,cooperative_to_hoarding,Cooperative → hoarding,Hoarding agents,5,1.0,no_trade,No trade,42,1,30,19,0
34,cooperative_to_hoarding,Cooperative → hoarding,Hoarding agents,5,1.0,no_trade,No trade,37,3,11,17,0
35,cooperative_to_hoarding,Cooperative → hoarding,Hoarding agents,5,1.0,no_trade,No trade,28,1,8,11,0
36,cooperative_to_hoarding,Cooperative → hoarding,Hoarding agents,5,1.0,no_trade,No trade,24,2,7,14,0
37,cooperative_to_hoarding,Cooperative → hoarding,Hoarding agents,5,1.0,no_trade,No trade,21,2,7,14,0
38,cooperative_to_hoarding,Cooperative → hoarding,Hoarding agents,5,1.0,no_trade,No trade,23,3,3,7,0
39,cooperative_to_hoarding,Cooperative → hoarding,Hoarding agents,5,1.0,no_trade,No trade,32,1,13,16,0
40,cooperative_to_hoarding,Cooperative → hoarding,Hoarding agents,5,1.0,no_trade,No trade,34,1,14,9,0
41,cooperative_to_hoarding,Cooperative → hoarding,Hoarding agents,5,1.0,no_trade,No trade,35,2,19,16,0
42,cooperative_to_hoarding,Cooperative → hoarding,Hoarding agents,5,1.0,no_trade,No trade,27,3,3,10,0
43,cooperative_to_hoarding,Cooperative → hoarding,Hoarding agents,5,1.0,no_trade,No trade,36,2,19,20,0
44,cooperative_to_hoarding,Cooperative → hoarding,Hoarding agents,5,1.0,no_trade,No trade,40,3,19,15,0
45,cooperative_to_hoarding,Cooperative → hoarding,Hoarding agents,5,1.0,no_trade,No trade,31,2,14,17,0
46,cooperative_to_hoarding,Cooperative → hoarding,Hoarding agents,5,1.0,no_trade,No trade,32,1,20,14,0
47,cooperative_to_hoarding,Cooperative → hoarding,Hoarding agents,5,1.0,no_trade,No trade,20,2,4,19,0
48,cooperative_to_hoarding,Cooperative → hoarding,Hoarding agents,5,1.0,no_trade,No trade,22,1,8,12,0
49,cooperative_to_hoarding,Cooperative → hoarding,Hoarding agents,5,1.0,no_trade,No trade,47,3,14,16,0
50,cooperative_to_hoarding,Cooperative → hoarding,Hoarding agents,5,1.0,no_trade,No trade,29,2,10,13,0
51,cooperative_to_hoarding,Cooperative → hoarding,Hoarding agents,5,1.0,no_trade,No trade,29,2,12,28,0
52,cooperative_to_hoarding,Cooperative → hoarding,Hoarding agents,5,1.0,no_trade,No trade,24,1,11,16,0
53,cooperative_to_hoarding,Cooperative → hoarding,Hoarding agents,5,1.0,no_trade,No trade,25,3,5,23,0
54,cooperative_to_hoarding,Cooperative → hoarding,Hoarding agents,5,1.0,no_trade,No trade,18,2,4,27,0
55,cooperative_to_hoarding,Cooperative → hoarding,Hoarding agents,5,1.0,no_trade,No trade,17,1,5,18,0
56,cooperative_to_hoarding,Cooperative → hoarding,Hoarding agents,5,1.0,no_trade,No trade,35,2,16,18,0
57,cooperative_to_hoarding,Cooperative → hoarding,Hoarding agents,5,1.0,no_trade,No trade,34,3,13,22,0
58,cooperative_to_hoarding,Cooperative → hoarding,Hoarding agents,5,1.0,no_trade,No trade,16,0,6,9,0
59,cooperative_to_hoarding,Cooperative → hoarding,Hoarding agents,5,1.0,no_trade,No trade,29,2,13,13,0
60,cooperative_to_hoarding,Cooperative → hoarding,Hoarding agents,5,1.0,no_trade,No trade,22,3,3,23,0
61,cooperative_to_hoarding,Cooperative → hoarding,Hoarding agents,5,1.0,no_trade,No trade,25,3,4,15,0
62,cooperative_to_hoarding,Cooperative → hoarding,Hoarding agents,5,1.0,no_trade,No trade,30,1,20,23,0
63,cooperative_to_hoarding,Cooperative → hoarding,Hoarding agents,5,1.0,no_trade,No trade,18,1,5,7,0
64,cooperative_to_hoarding,Cooperative → hoarding,Hoarding agents,5,1.0,no_trade,No trade,40,1,23,16,0
65,cooperative_to_hoarding,Cooperative → hoarding,Hoarding agents,5,1.0,no_trade,No trade,22,3,3,21,0
66,cooperative_to_hoarding,Cooperative → hoarding,Hoarding agents,5,1.0,no_trade,No trade,35,2,13,16,0
67,cooperative_to_hoarding,Cooperative → hoarding,Hoarding agents,5,1.0,no_trade,No trade,33,2,10,20,0
68,cooperative_to_hoarding,Cooperative → hoarding,Hoarding agents,5,1.0,no_trade,No trade,36,3,9,15,0
69,cooperative_to_hoarding,Cooperative → hoarding,Hoarding agents,5,1.0,no_trade,No trade,30,1,11,19,0
70,cooperative_to_hoarding,Cooperative → hoarding,Hoarding agents,5,1.0,no_trade,No trade,30,3,7,18,0
71,cooperative_to_hoarding,Cooperative → hoarding,Hoarding agents,5,1.0,no_trade,No trade,17,2,4,17,0
72,cooperative_to_hoarding,Cooperative → hoarding,Hoarding agents,5,1.0,no_trade,No trade,37,3,15,18,0
73,cooperative_to_hoarding,Cooperative → hoarding,Hoarding agents,5,1.0,no_trade,No trade,47,1,19,17,0
74,cooperative_to_hoarding,Cooperative → hoarding,Hoarding agents,5,1.0,no_trade,No trade,30,0,9,11,0
75,cooperative_to_hoarding,Cooperative → hoarding,Hoarding agents,5,1.0,no_trade,No trade,24,1,11,10,0
76,cooperative_to_hoarding,Cooperative → hoarding,Hoarding agents,5,1.0,no_trade,No trade,18,1,8,12,0
77,cooperative_to_hoarding,Cooperative → hoarding,Hoarding agents,5,1.0,no_trade,No trade,27,3,6,8,0
78,cooperative_to_hoarding,Cooperative → hoarding,Hoarding agents,5,1.0,no_trade,No trade,31,3,9,18,0
79,cooperative_to_hoarding,Cooperative → hoarding,Hoarding agents,5,1.0,no_trade,No trade,22,1,8,23,0
80,cooperative_to_hoarding,Cooperative → hoarding,Hoarding agents,5,1.0,no_trade,No trade,51,4,20,14,0
81,cooperative_to_hoarding,Cooperative → hoarding,Hoarding agents,5,1.0,no_trade,No trade,34,0,11,15,0
82,cooperative_to_hoarding,Cooperative → hoarding,Hoarding agents,5,1.0,no_trade,No trade,37,1,22,22,0
83,cooperative_to_hoarding,Cooperative → hoarding,Hoarding agents,5,1.0,no_trade,No trade,37,3,11,13,0
84,cooperative_to_hoarding,Cooperative → hoarding,Hoarding agents,5,1.0,no_trade,No trade,35,2,13,14,0
85,cooperative_to_hoarding,Cooperative → hoarding,Hoarding agents,5,1.0,no_trade,No trade,31,0,12,18,0
86,cooperative_to_hoarding,Cooperative → hoarding,Hoarding agents,5,1.0,no_trade,No trade,16,0,6,23,0
87,cooperative_to_hoarding,Cooperative → hoarding,Hoarding agents,5,1.0,no_trade,No trade,18,1,5,19,0
88,cooperative_to_hoarding,Cooperative → hoarding,Hoarding agents,5,1.0,no_trade,No trade,27,3,6,13,0
89,cooperative_to_hoarding,Cooperative → hoarding,Hoarding agents,5,1.0,no_trade,No trade,31,1,15,8,0
90,cooperative_to_hoarding,Cooperative → hoarding,Hoarding agents,5,1.0,no_trade,No trade,21,1,5,18,0
91,cooperative_to_hoarding,Cooperative → hoarding,Hoarding agents,5,1.0,no_trade,No trade,39,3,10,18,0
92,cooperative_to_hoarding,Cooperative → hoarding,Hoarding agents,5,1.0,no_trade,No trade,24,1,8,13,0
93,cooperative_to_hoarding,Cooperative → hoarding,Hoarding agents,5,1.0,no_trade,No trade,16,1,5,17,0
94,cooperative_to_hoarding,Cooperative → hoarding,Hoarding agents,5,1.0,no_trade,No trade,27,3,9,19,0
95,cooperative_to_hoarding,Cooperative → hoarding,Hoarding agents,5,1.0,no_trade,No trade,24,3,4,29,0
96,cooperative_to_hoarding,Cooperative → hoarding,Hoarding agents,5,1.0,no_trade,No trade,35,2,11,14,0
97,cooperative_to_hoarding,Cooperative → hoarding,Hoarding agents,5,1.0,no_trade,No trade,24,1,8,17,0
98,cooperative_to_hoarding,Cooperative → hoarding,Hoarding agents,5,1.0,no_trade,No trade,19,3,3,30,0
99,cooperative_to_hoarding,Cooperative → hoarding,Hoarding agents,5,1.0,no_trade,No trade,34,2,10,17,0
0,cooperative_to_hoarding,Cooperative → hoarding,Hoarding agents,5,1.0,bilateral_3pass,Bilateral 3-pass,115,9,46,8,18
1,cooperative_to_hoarding,Cooperative → hoarding,Hoarding agents,5,1.0,bilateral_3pass,Bilateral 3-pass,113,9,47,5,18
2,cooperative_to_hoarding,Cooperative → hoarding,Hoarding agents,5,1.0,bilateral_3pass,Bilateral 3-pass,135,14,35,6,19
3,cooperative_to_hoarding,Cooperative → hoarding,Hoarding agents,5,1.0,bilateral_3pass,Bilateral 3-pass,98,9,30,6,16
4,cooperative_to_hoarding,Cooperative → hoarding,Hoarding agents,5,1.0,bilateral_3pass,Bilateral 3-pass,73,6,22,13,17
5,cooperative_to_hoarding,Cooperative → hoarding,Hoarding agents,5,1.0,bilateral_3pass,Bilateral 3-pass,147,16,24,13,24
6,cooperative_to_hoarding,Cooperative → hoarding,Hoarding agents,5,1.0,bilateral_3pass,Bilateral 3-pass,72,3,16,13,10
7,cooperative_to_hoarding,Cooperative → hoarding,Hoarding agents,5,1.0,bilateral_3pass,Bilateral 3-pass,113,6,29,11,20
8,cooperative_to_hoarding,Cooperative → hoarding,Hoarding agents,5,1.0,bilateral_3pass,Bilateral 3-pass,101,6,30,10,16
9,cooperative_to_hoarding,Cooperative → hoarding,Hoarding agents,5,1.0,bilateral_3pass,Bilateral 3-pass,79,6,32,15,17
10,cooperative_to_hoarding,Cooperative → hoarding,Hoarding agents,5,1.0,bilateral_3pass,Bilateral 3-pass,113,9,37,16,20
11,cooperative_to_hoarding,Cooperative → hoarding,Hoarding agents,5,1.0,bilateral_3pass,Bilateral 3-pass,100,6,32,15,16
12,cooperative_to_hoarding,Cooperative → hoarding,Hoarding agents,5,1.0,bilateral_3pass,Bilateral 3-pass,110,9,33,12,18
13,cooperative_to_hoarding,Cooperative → hoarding,Hoarding agents,5,1.0,bilateral_3pass,Bilateral 3-pass,124,14,24,7,23
14,cooperative_to_hoarding,Cooperative → hoarding,Hoarding agents,5,1.0,bilateral_3pass,Bilateral 3-pass,136,14,41,6,21
15,cooperative_to_hoarding,Cooperative → hoarding,Hoarding agents,5,1.0,bilateral_3pass,Bilateral 3-pass,41,3,9,16,10
16,cooperative_to_hoarding,Cooperative → hoarding,Hoarding agents,5,1.0,bilateral_3pass,Bilateral 3-pass,95,6,40,10,20
17,cooperative_to_hoarding,Cooperative → hoarding,Hoarding agents,5,1.0,bilateral_3pass,Bilateral 3-pass,119,3,49,14,18
18,cooperative_to_hoarding,Cooperative → hoarding,Hoarding agents,5,1.0,bilateral_3pass,Bilateral 3-pass,110,6,54,16,19
19,cooperative_to_hoarding,Cooperative → hoarding,Hoarding agents,5,1.0,bilateral_3pass,Bilateral 3-pass,138,14,33,9,19
20,cooperative_to_hoarding,Cooperative → hoarding,Hoarding agents,5,1.0,bilateral_3pass,Bilateral 3-pass,141,6,40,5,17
21,cooperative_to_hoarding,Cooperative → hoarding,Hoarding agents,5,1.0,bilateral_3pass,Bilateral 3-pass,126,6,31,13,14
22,cooperative_to_hoarding,Cooperative → hoarding,Hoarding agents,5,1.0,bilateral_3pass,Bilateral 3-pass,86,3,39,20,16
23,cooperative_to_hoarding,Cooperative → hoarding,Hoarding agents,5,1.0,bilateral_3pass,Bilateral 3-pass,28,3,7,31,8
24,cooperative_to_hoarding,Cooperative → hoarding,Hoarding agents,5,1.0,bilateral_3pass,Bilateral 3-pass,117,15,21,8,17
25,cooperative_to_hoarding,Cooperative → hoarding,Hoarding agents,5,1.0,bilateral_3pass,Bilateral 3-pass,86,5,45,6,15
26,cooperative_to_hoarding,Cooperative → hoarding,Hoarding agents,5,1.0,bilateral_3pass,Bilateral 3-pass,91,3,32,19,18
27,cooperative_to_hoarding,Cooperative → hoarding,Hoarding agents,5,1.0,bilateral_3pass,Bilateral 3-pass,149,19,23,10,23
28,cooperative_to_hoarding,Cooperative → hoarding,Hoarding agents,5,1.0,bilateral_3pass,Bilateral 3-pass,112,6,28,7,18
29,cooperative_to_hoarding,Cooperative → hoarding,Hoarding agents,5,1.0,bilateral_3pass,Bilateral 3-pass,74,6,30,11,19
30,cooperative_to_hoarding,Cooperative → hoarding,Hoarding agents,5,1.0,bilateral_3pass,Bilateral 3-pass,120,9,36,10,8
31,cooperative_to_hoarding,Cooperative → hoarding,Hoarding agents,5,1.0,bilateral_3pass,Bilateral 3-pass,109,9,26,8,17
32,cooperative_to_hoarding,Cooperative → hoarding,Hoarding agents,5,1.0,bilateral_3pass,Bilateral 3-pass,59,9,10,25,13
33,cooperative_to_hoarding,Cooperative → hoarding,Hoarding agents,5,1.0,bilateral_3pass,Bilateral 3-pass,78,5,37,23,12
34,cooperative_to_hoarding,Cooperative → hoarding,Hoarding agents,5,1.0,bilateral_3pass,Bilateral 3-pass,115,11,27,9,18
35,cooperative_to_hoarding,Cooperative → hoarding,Hoarding agents,5,1.0,bilateral_3pass,Bilateral 3-pass,104,17,8,4,15
36,cooperative_to_hoarding,Cooperative → hoarding,Hoarding agents,5,1.0,bilateral_3pass,Bilateral 3-pass,116,10,23,28,19
37,cooperative_to_hoarding,Cooperative → hoarding,Hoarding agents,5,1.0,bilateral_3pass,Bilateral 3-pass,112,6,43,5,17
38,cooperative_to_hoarding,Cooperative → hoarding,Hoarding agents,5,1.0,bilateral_3pass,Bilateral 3-pass,110,9,22,4,17
39,cooperative_to_hoarding,Cooperative → hoarding,Hoarding agents,5,1.0,bilateral_3pass,Bilateral 3-pass,117,17,10,7,20
40,cooperative_to_hoarding,Cooperative → hoarding,Hoarding agents,5,1.0,bilateral_3pass,Bilateral 3-pass,74,2,23,20,12
41,cooperative_to_hoarding,Cooperative → hoarding,Hoarding agents,5,1.0,bilateral_3pass,Bilateral 3-pass,144,14,38,7,22
42,cooperative_to_hoarding,Cooperative → hoarding,Hoarding agents,5,1.0,bilateral_3pass,Bilateral 3-pass,102,18,7,12,15
43,cooperative_to_hoarding,Cooperative → hoarding,Hoarding agents,5,1.0,bilateral_3pass,Bilateral 3-pass,119,14,27,9,17
44,cooperative_to_hoarding,Cooperative → hoarding,Hoarding agents,5,1.0,bilateral_3pass,Bilateral 3-pass,80,3,28,21,8
45,cooperative_to_hoarding,Cooperative → hoarding,Hoarding agents,5,1.0,bilateral_3pass,Bilateral 3-pass,105,4,33,13,18
46,cooperative_to_hoarding,Cooperative → hoarding,Hoarding agents,5,1.0,bilateral_3pass,Bilateral 3-pass,74,9,21,12,16
47,cooperative_to_hoarding,Cooperative → hoarding,Hoarding agents,5,1.0,bilateral_3pass,Bilateral 3-pass,116,14,22,7,14
48,cooperative_to_hoarding,Cooperative → hoarding,Hoarding agents,5,1.0,bilateral_3pass,Bilateral 3-pass,86,3,39,23,15
49,cooperative_to_hoarding,Cooperative → hoarding,Hoarding agents,5,1.0,bilateral_3pass,Bilateral 3-pass,114,14,15,7,14
50,cooperative_to_hoarding,Cooperative → hoarding,Hoarding agents,5,1.0,bilateral_3pass,Bilateral 3-pass,64,3,20,12,11
51,cooperative_to_hoarding,Cooperative → hoarding,Hoarding agents,5,1.0,bilateral_3pass,Bilateral 3-pass,113,14,20,13,13
52,cooperative_to_hoarding,Cooperative → hoarding,Hoarding agents,5,1.0,bilateral_3pass,Bilateral 3-pass,75,1,29,17,17
53,cooperative_to_hoarding,Cooperative → hoarding,Hoarding agents,5,1.0,bilateral_3pass,Bilateral 3-pass,82,9,21,18,17
54,cooperative_to_hoarding,Cooperative → hoarding,Hoarding agents,5,1.0,bilateral_3pass,Bilateral 3-pass,69,6,21,15,11
55,cooperative_to_hoarding,Cooperative → hoarding,Hoarding agents,5,1.0,bilateral_3pass,Bilateral 3-pass,95,3,40,11,22
56,cooperative_to_hoarding,Cooperative → hoarding,Hoarding agents,5,1.0,bilateral_3pass,Bilateral 3-pass,66,3,16,20,12
57,cooperative_to_hoarding,Cooperative → hoarding,Hoarding agents,5,1.0,bilateral_3pass,Bilateral 3-pass,129,11,35,8,18
58,cooperative_to_hoarding,Cooperative → hoarding,Hoarding agents,5,1.0,bilateral_3pass,Bilateral 3-pass,85,6,24,10,17
59,cooperative_to_hoarding,Cooperative → hoarding,Hoarding agents,5,1.0,bilateral_3pass,Bilateral 3-pass,96,9,22,16,11
60,cooperative_to_hoarding,Cooperative → hoarding,Hoarding agents,5,1.0,bilateral_3pass,Bilateral 3-pass,85,9,13,10,13
61,cooperative_to_hoarding,Cooperative → hoarding,Hoarding agents,5,1.0,bilateral_3pass,Bilateral 3-pass,93,9,22,17,19
62,cooperative_to_hoarding,Cooperative → hoarding,Hoarding agents,5,1.0,bilateral_3pass,Bilateral 3-pass,69,3,33,20,12
63,cooperative_to_hoarding,Cooperative → hoarding,Hoarding agents,5,1.0,bilateral_3pass,Bilateral 3-pass,88,6,44,4,13
64,cooperative_to_hoarding,Cooperative → hoarding,Hoarding agents,5,1.0,bilateral_3pass,Bilateral 3-pass,87,6,30,20,11
65,cooperative_to_hoarding,Cooperative → hoarding,Hoarding agents,5,1.0,bilateral_3pass,Bilateral 3-pass,103,13,26,4,17
66,cooperative_to_hoarding,Cooperative → hoarding,Hoarding agents,5,1.0,bilateral_3pass,Bilateral 3-pass,105,6,43,5,15
67,cooperative_to_hoarding,Cooperative → hoarding,Hoarding agents,5,1.0,bilateral_3pass,Bilateral 3-pass,91,6,25,23,16
68,cooperative_to_hoarding,Cooperative → hoarding,Hoarding agents,5,1.0,bilateral_3pass,Bilateral 3-pass,77,5,29,19,11
69,cooperative_to_hoarding,Cooperative → hoarding,Hoarding agents,5,1.0,bilateral_3pass,Bilateral 3-pass,98,11,14,13,16
70,cooperative_to_hoarding,Cooperative → hoarding,Hoarding agents,5,1.0,bilateral_3pass,Bilateral 3-pass,69,6,19,11,10
71,cooperative_to_hoarding,Cooperative → hoarding,Hoarding agents,5,1.0,bilateral_3pass,Bilateral 3-pass,39,3,8,33,11
72,cooperative_to_hoarding,Cooperative → hoarding,Hoarding agents,5,1.0,bilateral_3pass,Bilateral 3-pass,140,17,35,9,24
73,cooperative_to_hoarding,Cooperative → hoarding,Hoarding agents,5,1.0,bilateral_3pass,Bilateral 3-pass,118,13,20,18,14
74,cooperative_to_hoarding,Cooperative → hoarding,Hoarding agents,5,1.0,bilateral_3pass,Bilateral 3-pass,123,6,35,11,18
75,cooperative_to_hoarding,Cooperative → hoarding,Hoarding agents,5,1.0,bilateral_3pass,Bilateral 3-pass,92,5,41,20,19
76,cooperative_to_hoarding,Cooperative → hoarding,Hoarding agents,5,1.0,bilateral_3pass,Bilateral 3-pass,104,11,33,4,20
77,cooperative_to_hoarding,Cooperative → hoarding,Hoarding agents,5,1.0,bilateral_3pass,Bilateral 3-pass,104,14,22,8,13
78,cooperative_to_hoarding,Cooperative → hoarding,Hoarding agents,5,1.0,bilateral_3pass,Bilateral 3-pass,97,6,24,15,12
79,cooperative_to_hoarding,Cooperative → hoarding,Hoarding agents,5,1.0,bilateral_3pass,Bilateral 3-pass,84,4,31,16,14
80,cooperative_to_hoarding,Cooperative → hoarding,Hoarding agents,5,1.0,bilateral_3pass,Bilateral 3-pass,78,9,25,15,12
81,cooperative_to_hoarding,Cooperative → hoarding,Hoarding agents,5,1.0,bilateral_3pass,Bilateral 3-pass,121,2,49,11,13
82,cooperative_to_hoarding,Cooperative → hoarding,Hoarding agents,5,1.0,bilateral_3pass,Bilateral 3-pass,101,6,35,16,15
83,cooperative_to_hoarding,Cooperative → hoarding,Hoarding agents,5,1.0,bilateral_3pass,Bilateral 3-pass,77,6,19,15,14
84,cooperative_to_hoarding,Cooperative → hoarding,Hoarding agents,5,1.0,bilateral_3pass,Bilateral 3-pass,135,17,32,8,17
85,cooperative_to_hoarding,Cooperative → hoarding,Hoarding agents,5,1.0,bilateral_3pass,Bilateral 3-pass,90,0,29,15,17
86,cooperative_to_hoarding,Cooperative → hoarding,Hoarding agents,5,1.0,bilateral_3pass,Bilateral 3-pass,65,7,15,22,13
87,cooperative_to_hoarding,Cooperative → hoarding,Hoarding agents,5,1.0,bilateral_3pass,Bilateral 3-pass,114,9,35,5,22
88,cooperative_to_hoarding,Cooperative → hoarding,Hoarding agents,5,1.0,bilateral_3pass,Bilateral 3-pass,56,3,19,22,10
89,cooperative_to_hoarding,Cooperative → hoarding,Hoarding agents,5,1.0,bilateral_3pass,Bilateral 3-pass,82,6,27,7,15
90,cooperative_to_hoarding,Cooperative → hoarding,Hoarding agents,5,1.0,bilateral_3pass,Bilateral 3-pass,125,11,23,14,19
91,cooperative_to_hoarding,Cooperative → hoarding,Hoarding agents,5,1.0,bilateral_3pass,Bilateral 3-pass,113,9,25,6,16
92,cooperative_to_hoarding,Cooperative → hoarding,Hoarding agents,5,1.0,bilateral_3pass,Bilateral 3-pass,65,6,15,16,21
93,cooperative_to_hoarding,Cooperative → hoarding,Hoarding agents,5,1.0,bilateral_3pass,Bilateral 3-pass,92,6,33,11,14
94,cooperative_to_hoarding,Cooperative → hoarding,Hoarding agents,5,1.0,bilateral_3pass,Bilateral 3-pass,64,5,14,24,15
95,cooperative_to_hoarding,Cooperative → hoarding,Hoarding agents,5,1.0,bilateral_3pass,Bilateral 3-pass,75,6,16,10,13
96,cooperative_to_hoarding,Cooperative → hoarding,Hoarding agents,5,1.0,bilateral_3pass,Bilateral 3-pass,68,8,17,9,14
97,cooperative_to_hoarding,Cooperative → hoarding,Hoarding agents,5,1.0,bilateral_3pass,Bilateral 3-pass,60,3,31,24,13
98,cooperative_to_hoarding,Cooperative → hoarding,Hoarding agents,5,1.0,bilateral_3pass,Bilateral 3-pass,93,5,33,17,15
99,cooperative_to_hoarding,Cooperative → hoarding,Hoarding agents,5,1.0,bilateral_3pass,Bilateral 3-pass,126,3,43,5,22
0,cooperative_to_hoarding,Cooperative → hoarding,Hoarding agents,5,1.0,public_pool,Public pool,56,2,35,12,0
1,cooperative_to_hoarding,Cooperative → hoarding,Hoarding agents,5,1.0,public_pool,Public pool,28,2,13,11,0
2,cooperative_to_hoarding,Cooperative → hoarding,Hoarding agents,5,1.0,public_pool,Public pool,22,2,7,12,0
3,cooperative_to_hoarding,Cooperative → hoarding,Hoarding agents,5,1.0,public_pool,Public pool,12,0,6,14,0
4,cooperative_to_hoarding,Cooperative → hoarding,Hoarding agents,5,1.0,public_pool,Public pool,21,3,3,11,0
5,cooperative_to_hoarding,Cooperative → hoarding,Hoarding agents,5,1.0,public_pool,Public pool,13,1,5,5,0
6,cooperative_to_hoarding,Cooperative → hoarding,Hoarding agents,5,1.0,public_pool,Public pool,52,3,17,8,0
7,cooperative_to_hoarding,Cooperative → hoarding,Hoarding agents,5,1.0,public_pool,Public pool,36,3,8,10,0
8,cooperative_to_hoarding,Cooperative → hoarding,Hoarding agents,5,1.0,public_pool,Public pool,36,0,15,11,0
9,cooperative_to_hoarding,Cooperative → hoarding,Hoarding agents,5,1.0,public_pool,Public pool,39,3,10,11,0
10,cooperative_to_hoarding,Cooperative → hoarding,Hoarding agents,5,1.0,public_pool,Public pool,25,2,7,22,0
11,cooperative_to_hoarding,Cooperative → hoarding,Hoarding agents,5,1.0,public_pool,Public pool,34,3,12,26,0
12,cooperative_to_hoarding,Cooperative → hoarding,Hoarding agents,5,1.0,public_pool,Public pool,44,1,25,11,0
13,cooperative_to_hoarding,Cooperative → hoarding,Hoarding agents,5,1.0,public_pool,Public pool,30,0,20,16,0
14,cooperative_to_hoarding,Cooperative → hoarding,Hoarding agents,5,1.0,public_pool,Public pool,18,0,9,15,0
15,cooperative_to_hoarding,Cooperative → hoarding,Hoarding agents,5,1.0,public_pool,Public pool,27,1,10,14,0
16,cooperative_to_hoarding,Cooperative → hoarding,Hoarding agents,5,1.0,public_pool,Public pool,37,0,26,16,0
17,cooperative_to_hoarding,Cooperative → hoarding,Hoarding agents,5,1.0,public_pool,Public pool,39,1,19,22,0
18,cooperative_to_hoarding,Cooperative → hoarding,Hoarding agents,5,1.0,public_pool,Public pool,44,3,23,12,0
19,cooperative_to_hoarding,Cooperative → hoarding,Hoarding agents,5,1.0,public_pool,Public pool,34,2,11,16,0
20,cooperative_to_hoarding,Cooperative → hoarding,Hoarding agents,5,1.0,public_pool,Public pool,19,2,4,16,0
21,cooperative_to_hoarding,Cooperative → hoarding,Hoarding agents,5,1.0,public_pool,Public pool,31,2,10,14,0
22,cooperative_to_hoarding,Cooperative → hoarding,Hoarding agents,5,1.0,public_pool,Public pool,28,2,12,21,0
23,cooperative_to_hoarding,Cooperative → hoarding,Hoarding agents,5,1.0,public_pool,Public pool,27,2,8,20,0
24,cooperative_to_hoarding,Cooperative → hoarding,Hoarding agents,5,1.0,public_pool,Public pool,33,3,15,9,0
25,cooperative_to_hoarding,Cooperative → hoarding,Hoarding agents,5,1.0,public_pool,Public pool,33,2,15,14,0
26,cooperative_to_hoarding,Cooperative → hoarding,Hoarding agents,5,1.0,public_pool,Public pool,25,1,8,13,0
27,cooperative_to_hoarding,Cooperative → hoarding,Hoarding agents,5,1.0,public_pool,Public pool,23,1,6,19,0
28,cooperative_to_hoarding,Cooperative → hoarding,Hoarding agents,5,1.0,public_pool,Public pool,33,1,16,20,0
29,cooperative_to_hoarding,Cooperative → hoarding,Hoarding agents,5,1.0,public_pool,Public pool,36,2,21,17,0
30,cooperative_to_hoarding,Cooperative → hoarding,Hoarding agents,5,1.0,public_pool,Public pool,45,1,16,7,0
31,cooperative_to_hoarding,Cooperative → hoarding,Hoarding agents,5,1.0,public_pool,Public pool,45,3,13,6,0
32,cooperative_to_hoarding,Cooperative → hoarding,Hoarding agents,5,1.0,public_pool,Public pool,25,2,7,15,0
33,cooperative_to_hoarding,Cooperative → hoarding,Hoarding agents,5,1.0,public_pool,Public pool,42,1,30,19,0
34,cooperative_to_hoarding,Cooperative → hoarding,Hoarding agents,5,1.0,public_pool,Public pool,37,3,11,17,0
35,cooperative_to_hoarding,Cooperative → hoarding,Hoarding agents,5,1.0,public_pool,Public pool,28,1,8,11,0
36,cooperative_to_hoarding,Cooperative → hoarding,Hoarding agents,5,1.0,public_pool,Public pool,24,2,7,14,0
37,cooperative_to_hoarding,Cooperative → hoarding,Hoarding agents,5,1.0,public_pool,Public pool,21,2,7,14,0
38,cooperative_to_hoarding,Cooperative → hoarding,Hoarding agents,5,1.0,public_pool,Public pool,23,3,3,7,0
39,cooperative_to_hoarding,Cooperative → hoarding,Hoarding agents,5,1.0,public_pool,Public pool,32,1,13,16,0
40,cooperative_to_hoarding,Cooperative → hoarding,Hoarding agents,5,1.0,public_pool,Public pool,34,1,14,9,0
41,cooperative_to_hoarding,Cooperative → hoarding,Hoarding agents,5,1.0,public_pool,Public pool,35,2,19,16,0
42,cooperative_to_hoarding,Cooperative → hoarding,Hoarding agents,5,1.0,public_pool,Public pool,27,3,3,10,0
43,cooperative_to_hoarding,Cooperative → hoarding,Hoarding agents,5,1.0,public_pool,Public pool,36,2,19,20,0
44,cooperative_to_hoarding,Cooperative → hoarding,Hoarding agents,5,1.0,public_pool,Public pool,40,3,19,15,0
45,cooperative_to_hoarding,Cooperative → hoarding,Hoarding agents,5,1.0,public_pool,Public pool,31,2,14,17,0
46,cooperative_to_hoarding,Cooperative → hoarding,Hoarding agents,5,1.0,public_pool,Public pool,32,1,20,14,0
47,cooperative_to_hoarding,Cooperative → hoarding,Hoarding agents,5,1.0,public_pool,Public pool,20,2,4,19,0
48,cooperative_to_hoarding,Cooperative → hoarding,Hoarding agents,5,1.0,public_pool,Public pool,22,1,8,12,0
49,cooperative_to_hoarding,Cooperative → hoarding,Hoarding agents,5,1.0,public_pool,Public pool,47,3,14,16,0
50,cooperative_to_hoarding,Cooperative → hoarding,Hoarding agents,5,1.0,public_pool,Public pool,29,2,10,13,0
51,cooperative_to_hoarding,Cooperative → hoarding,Hoarding agents,5,1.0,public_pool,Public pool,29,2,12,28,0
52,cooperative_to_hoarding,Cooperative → hoarding,Hoarding agents,5,1.0,public_pool,Public pool,24,1,11,16,0
53,cooperative_to_hoarding,Cooperative → hoarding,Hoarding agents,5,1.0,public_pool,Public pool,25,3,5,23,0
54,cooperative_to_hoarding,Cooperative → hoarding,Hoarding agents,5,1.0,public_pool,Public pool,18,2,4,27,0
55,cooperative_to_hoarding,Cooperative → hoarding,Hoarding agents,5,1.0,public_pool,Public pool,17,1,5,18,0
56,cooperative_to_hoarding,Cooperative → hoarding,Hoarding agents,5,1.0,public_pool,Public pool,35,2,16,18,0
57,cooperative_to_hoarding,Cooperative → hoarding,Hoarding agents,5,1.0,public_pool,Public pool,34,3,13,22,0
58,cooperative_to_hoarding,Cooperative → hoarding,Hoarding agents,5,1.0,public_pool,Public pool,16,0,6,9,0
59,cooperative_to_hoarding,Cooperative → hoarding,Hoarding agents,5,1.0,public_pool,Public pool,29,2,13,13,0
60,cooperative_to_hoarding,Cooperative → hoarding,Hoarding agents,5,1.0,public_pool,Public pool,22,3,3,23,0
61,cooperative_to_hoarding,Cooperative → hoarding,Hoarding agents,5,1.0,public_pool,Public pool,25,3,4,15,0
62,cooperative_to_hoarding,Cooperative → hoarding,Hoarding agents,5,1.0,public_pool,Public pool,30,1,20,23,0
63,cooperative_to_hoarding,Cooperative → hoarding,Hoarding agents,5,1.0,public_pool,Public pool,18,1,5,7,0
64,cooperative_to_hoarding,Cooperative → hoarding,Hoarding agents,5,1.0,public_pool,Public pool,40,1,23,16,0
65,cooperative_to_hoarding,Cooperative → hoarding,Hoarding agents,5,1.0,public_pool,Public pool,22,3,3,21,0
66,cooperative_to_hoarding,Cooperative → hoarding,Hoarding agents,5,1.0,public_pool,Public pool,35,2,13,16,0
67,cooperative_to_hoarding,Cooperative → hoarding,Hoarding agents,5,1.0,public_pool,Public pool,33,2,10,20,0
68,cooperative_to_hoarding,Cooperative → hoarding,Hoarding agents,5,1.0,public_pool,Public pool,36,3,9,15,0
69,cooperative_to_hoarding,Cooperative → hoarding,Hoarding agents,5,1.0,public_pool,Public pool,30,1,11,19,0
70,cooperative_to_hoarding,Cooperative → hoarding,Hoarding agents,5,1.0,public_pool,Public pool,30,3,7,18,0
71,cooperative_to_hoarding,Cooperative → hoarding,Hoarding agents,5,1.0,public_pool,Public pool,17,2,4,17,0
72,cooperative_to_hoarding,Cooperative → hoarding,Hoarding agents,5,1.0,public_pool,Public pool,37,3,15,18,0
73,cooperative_to_hoarding,Cooperative → hoarding,Hoarding agents,5,1.0,public_pool,Public pool,47,1,19,17,0
74,cooperative_to_hoarding,Cooperative → hoarding,Hoarding agents,5,1.0,public_pool,Public pool,30,0,9,11,0
75,cooperative_to_hoarding,Cooperative → hoarding,Hoarding agents,5,1.0,public_pool,Public pool,24,1,11,10,0
76,cooperative_to_hoarding,Cooperative → hoarding,Hoarding agents,5,1.0,public_pool,Public pool,18,1,8,12,0
77,cooperative_to_hoarding,Cooperative → hoarding,Hoarding agents,5,1.0,public_pool,Public pool,27,3,6,8,0
78,cooperative_to_hoarding,Cooperative → hoarding,Hoarding agents,5,1.0,public_pool,Public pool,31,3,9,18,0
79,cooperative_to_hoarding,Cooperative → hoarding,Hoarding agents,5,1.0,public_pool,Public pool,22,1,8,23,0
80,cooperative_to_hoarding,Cooperative → hoarding,Hoarding agents,5,1.0,public_pool,Public pool,51,4,20,14,0
81,cooperative_to_hoarding,Cooperative → hoarding,Hoarding agents,5,1.0,public_pool,Public pool,34,0,11,15,0
82,cooperative_to_hoarding,Cooperative → hoarding,Hoarding agents,5,1.0,public_pool,Public pool,37,1,22,22,0
83,cooperative_to_hoarding,Cooperative → hoarding,Hoarding agents,5,1.0,public_pool,Public pool,37,3,11,13,0
84,cooperative_to_hoarding,Cooperative → hoarding,Hoarding agents,5,1.0,public_pool,Public pool,35,2,13,14,0
85,cooperative_to_hoarding,Cooperative → hoarding,Hoarding agents,5,1.0,public_pool,Public pool,31,0,12,18,0
86,cooperative_to_hoarding,Cooperative → hoarding,Hoarding agents,5,1.0,public_pool,Public pool,16,0,6,23,0
87,cooperative_to_hoarding,Cooperative → hoarding,Hoarding agents,5,1.0,public_pool,Public pool,18,1,5,19,0
88,cooperative_to_hoarding,Cooperative → hoarding,Hoarding agents,5,1.0,public_pool,Public pool,27,3,6,13,0
89,cooperative_to_hoarding,Cooperative → hoarding,Hoarding agents,5,1.0,public_pool,Public pool,31,1,15,8,0
90,cooperative_to_hoarding,Cooperative → hoarding,Hoarding agents,5,1.0,public_pool,Public pool,21,1,5,18,0
91,cooperative_to_hoarding,Cooperative → hoarding,Hoarding agents,5,1.0,public_pool,Public pool,39,3,10,18,0
92,cooperative_to_hoarding,Cooperative → hoarding,Hoarding agents,5,1.0,public_pool,Public pool,24,1,8,13,0
93,cooperative_to_hoarding,Cooperative → hoarding,Hoarding agents,5,1.0,public_pool,Public pool,16,1,5,17,0
94,cooperative_to_hoarding,Cooperative → hoarding,Hoarding agents,5,1.0,public_pool,Public pool,27,3,9,19,0
95,cooperative_to_hoarding,Cooperative → hoarding,Hoarding agents,5,1.0,public_pool,Public pool,24,3,4,29,0
96,cooperative_to_hoarding,Cooperative → hoarding,Hoarding agents,5,1.0,public_pool,Public pool,35,2,11,14,0
97,cooperative_to_hoarding,Cooperative → hoarding,Hoarding agents,5,1.0,public_pool,Public pool,24,1,8,17,0
98,cooperative_to_hoarding,Cooperative → hoarding,Hoarding agents,5,1.0,public_pool,Public pool,19,3,3,30,0
99,cooperative_to_hoarding,Cooperative → hoarding,Hoarding agents,5,1.0,public_pool,Public pool,34,2,10,17,0
0,cooperative_to_hoarding,Cooperative → hoarding,Hoarding agents,5,1.0,central_cap2,Central capped (2),148,17,24,5,36
1,cooperative_to_hoarding,Cooperative → hoarding,Hoarding agents,5,1.0,central_cap2,Central capped (2),122,14,21,7,37
2,cooperative_to_hoarding,Cooperative → hoarding,Hoarding agents,5,1.0,central_cap2,Central capped (2),148,14,24,7,37
3,cooperative_to_hoarding,Cooperative → hoarding,Hoarding agents,5,1.0,central_cap2,Central capped (2),132,6,35,14,37
4,cooperative_to_hoarding,Cooperative → hoarding,Hoarding agents,5,1.0,central_cap2,Central capped (2),121,11,23,8,33
5,cooperative_to_hoarding,Cooperative → hoarding,Hoarding agents,5,1.0,central_cap2,Central capped (2),104,9,22,12,37
6,cooperative_to_hoarding,Cooperative → hoarding,Hoarding agents,5,1.0,central_cap2,Central capped (2),92,8,20,18,29
7,cooperative_to_hoarding,Cooperative → hoarding,Hoarding agents,5,1.0,central_cap2,Central capped (2),110,17,12,10,35
8,cooperative_to_hoarding,Cooperative → hoarding,Hoarding agents,5,1.0,central_cap2,Central capped (2),143,17,23,6,34
9,cooperative_to_hoarding,Cooperative → hoarding,Hoarding agents,5,1.0,central_cap2,Central capped (2),99,12,16,9,32
10,cooperative_to_hoarding,Cooperative → hoarding,Hoarding agents,5,1.0,central_cap2,Central capped (2),125,19,11,7,34
11,cooperative_to_hoarding,Cooperative → hoarding,Hoarding agents,5,1.0,central_cap2,Central capped (2),130,17,27,5,36
12,cooperative_to_hoarding,Cooperative → hoarding,Hoarding agents,5,1.0,central_cap2,Central capped (2),114,9,32,7,28
13,cooperative_to_hoarding,Cooperative → hoarding,Hoarding agents,5,1.0,central_cap2,Central capped (2),105,17,9,8,30
14,cooperative_to_hoarding,Cooperative → hoarding,Hoarding agents,5,1.0,central_cap2,Central capped (2),109,12,15,8,37
15,cooperative_to_hoarding,Cooperative → hoarding,Hoarding agents,5,1.0,central_cap2,Central capped (2),100,6,25,7,37
16,cooperative_to_hoarding,Cooperative → hoarding,Hoarding agents,5,1.0,central_cap2,Central capped (2),122,19,20,9,33
17,cooperative_to_hoarding,Cooperative → hoarding,Hoarding agents,5,1.0,central_cap2,Central capped (2),151,12,40,5,37
18,cooperative_to_hoarding,Cooperative → hoarding,Hoarding agents,5,1.0,central_cap2,Central capped (2),167,19,26,5,34
19,cooperative_to_hoarding,Cooperative → hoarding,Hoarding agents,5,1.0,central_cap2,Central capped (2),151,25,10,8,35
20,cooperative_to_hoarding,Cooperative → hoarding,Hoarding agents,5,1.0,central_cap2,Central capped (2),143,14,25,5,36
21,cooperative_to_hoarding,Cooperative → hoarding,Hoarding agents,5,1.0,central_cap2,Central capped (2),126,14,19,13,33
22,cooperative_to_hoarding,Cooperative → hoarding,Hoarding agents,5,1.0,central_cap2,Central capped (2),146,17,24,6,38
23,cooperative_to_hoarding,Cooperative → hoarding,Hoarding agents,5,1.0,central_cap2,Central capped (2),153,22,15,6,36
24,cooperative_to_hoarding,Cooperative → hoarding,Hoarding agents,5,1.0,central_cap2,Central capped (2),117,17,11,6,36
25,cooperative_to_hoarding,Cooperative → hoarding,Hoarding agents,5,1.0,central_cap2,Central capped (2),135,12,34,4,36
26,cooperative_to_hoarding,Cooperative → hoarding,Hoarding agents,5,1.0,central_cap2,Central capped (2),106,19,6,8,32
27,cooperative_to_hoarding,Cooperative → hoarding,Hoarding agents,5,1.0,central_cap2,Central capped (2),136,22,11,12,33
28,cooperative_to_hoarding,Cooperative → hoarding,Hoarding agents,5,1.0,central_cap2,Central capped (2),137,20,15,7,35
29,cooperative_to_hoarding,Cooperative → hoarding,Hoarding agents,5,1.0,central_cap2,Central capped (2),137,9,38,5,38
30,cooperative_to_hoarding,Cooperative → hoarding,Hoarding agents,5,1.0,central_cap2,Central capped (2),157,18,25,3,35
31,cooperative_to_hoarding,Cooperative → hoarding,Hoarding agents,5,1.0,central_cap2,Central capped (2),114,12,27,11,36
32,cooperative_to_hoarding,Cooperative → hoarding,Hoarding agents,5,1.0,central_cap2,Central capped (2),122,14,17,2,38
33,cooperative_to_hoarding,Cooperative → hoarding,Hoarding agents,5,1.0,central_cap2,Central capped (2),121,6,29,12,29
34,cooperative_to_hoarding,Cooperative → hoarding,Hoarding agents,5,1.0,central_cap2,Central capped (2),111,12,18,7,25
35,cooperative_to_hoarding,Cooperative → hoarding,Hoarding agents,5,1.0,central_cap2,Central capped (2),138,12,25,8,37
36,cooperative_to_hoarding,Cooperative → hoarding,Hoarding agents,5,1.0,central_cap2,Central capped (2),152,9,34,12,35
37,cooperative_to_hoarding,Cooperative → hoarding,Hoarding agents,5,1.0,central_cap2,Central capped (2),114,9,27,11,34
38,cooperative_to_hoarding,Cooperative → hoarding,Hoarding agents,5,1.0,central_cap2,Central capped (2),100,14,13,10,36
39,cooperative_to_hoarding,Cooperative → hoarding,Hoarding agents,5,1.0,central_cap2,Central capped (2),130,17,22,10,35
40,cooperative_to_hoarding,Cooperative → hoarding,Hoarding agents,5,1.0,central_cap2,Central capped (2),116,14,22,8,38
41,cooperative_to_hoarding,Cooperative → hoarding,Hoarding agents,5,1.0,central_cap2,Central capped (2),141,14,21,8,33
42,cooperative_to_hoarding,Cooperative → hoarding,Hoarding agents,5,1.0,central_cap2,Central capped (2),97,9,19,6,28
43,cooperative_to_hoarding,Cooperative → hoarding,Hoarding agents,5,1.0,central_cap2,Central capped (2),133,12,27,10,38
44,cooperative_to_hoarding,Cooperative → hoarding,Hoarding agents,5,1.0,central_cap2,Central capped (2),111,14,19,5,35
45,cooperative_to_hoarding,Cooperative → hoarding,Hoarding agents,5,1.0,central_cap2,Central capped (2),129,14,21,10,35
46,cooperative_to_hoarding,Cooperative → hoarding,Hoarding agents,5,1.0,central_cap2,Central capped (2),120,14,18,16,37
47,cooperative_to_hoarding,Cooperative → hoarding,Hoarding agents,5,1.0,central_cap2,Central capped (2),148,22,19,7,35
48,cooperative_to_hoarding,Cooperative → hoarding,Hoarding agents,5,1.0,central_cap2,Central capped (2),123,9,26,16,37
49,cooperative_to_hoarding,Cooperative → hoarding,Hoarding agents,5,1.0,central_cap2,Central capped (2),140,17,22,7,36
50,cooperative_to_hoarding,Cooperative → hoarding,Hoarding agents,5,1.0,central_cap2,Central capped (2),150,9,29,9,36
51,cooperative_to_hoarding,Cooperative → hoarding,Hoarding agents,5,1.0,central_cap2,Central capped (2),156,22,19,6,33
52,cooperative_to_hoarding,Cooperative → hoarding,Hoarding agents,5,1.0,central_cap2,Central capped (2),131,21,12,3,36
53,cooperative_to_hoarding,Cooperative → hoarding,Hoarding agents,5,1.0,central_cap2,Central capped (2),141,12,42,17,34
54,cooperative_to_hoarding,Cooperative → hoarding,Hoarding agents,5,1.0,central_cap2,Central capped (2),94,6,24,16,25
55,cooperative_to_hoarding,Cooperative → hoarding,Hoarding agents,5,1.0,central_cap2,Central capped (2),113,14,24,7,36
56,cooperative_to_hoarding,Cooperative → hoarding,Hoarding agents,5,1.0,central_cap2,Central capped (2),120,19,9,5,31
57,cooperative_to_hoarding,Cooperative → hoarding,Hoarding agents,5,1.0,central_cap2,Central capped (2),149,22,13,7,36
58,cooperative_to_hoarding,Cooperative → hoarding,Hoarding agents,5,1.0,central_cap2,Central capped (2),98,6,30,5,35
59,cooperative_to_hoarding,Cooperative → hoarding,Hoarding agents,5,1.0,central_cap2,Central capped (2),134,19,16,10,37
60,cooperative_to_hoarding,Cooperative → hoarding,Hoarding agents,5,1.0,central_cap2,Central capped (2),149,11,31,9,38
61,cooperative_to_hoarding,Cooperative → hoarding,Hoarding agents,5,1.0,central_cap2,Central capped (2),126,18,22,6,32
62,cooperative_to_hoarding,Cooperative → hoarding,Hoarding agents,5,1.0,central_cap2,Central capped (2),134,22,14,8,29
63,cooperative_to_hoarding,Cooperative → hoarding,Hoarding agents,5,1.0,central_cap2,Central capped (2),121,9,35,6,38
64,cooperative_to_hoarding,Cooperative → hoarding,Hoarding agents,5,1.0,central_cap2,Central capped (2),139,22,23,12,28
65,cooperative_to_hoarding,Cooperative → hoarding,Hoarding agents,5,1.0,central_cap2,Central capped (2),130,14,22,6,34
66,cooperative_to_hoarding,Cooperative → hoarding,Hoarding agents,5,1.0,central_cap2,Central capped (2),123,19,14,8,36
67,cooperative_to_hoarding,Cooperative → hoarding,Hoarding agents,5,1.0,central_cap2,Central capped (2),115,9,23,7,32
68,cooperative_to_hoarding,Cooperative → hoarding,Hoarding agents,5,1.0,central_cap2,Central capped (2),129,20,10,7,35
69,cooperative_to_hoarding,Cooperative → hoarding,Hoarding agents,5,1.0,central_cap2,Central capped (2),120,14,21,6,27
70,cooperative_to_hoarding,Cooperative → hoarding,Hoarding agents,5,1.0,central_cap2,Central capped (2),140,20,17,2,32
71,cooperative_to_hoarding,Cooperative → hoarding,Hoarding agents,5,1.0,central_cap2,Central capped (2),127,12,29,11,37
72,cooperative_to_hoarding,Cooperative → hoarding,Hoarding agents,5,1.0,central_cap2,Central capped (2),161,27,11,5,33
73,cooperative_to_hoarding,Cooperative → hoarding,Hoarding agents,5,1.0,central_cap2,Central capped (2),179,23,23,8,36
74,cooperative_to_hoarding,Cooperative → hoarding,Hoarding agents,5,1.0,central_cap2,Central capped (2),135,25,6,9,37
75,cooperative_to_hoarding,Cooperative → hoarding,Hoarding agents,5,1.0,central_cap2,Central capped (2),164,22,21,15,38
76,cooperative_to_hoarding,Cooperative → hoarding,Hoarding agents,5,1.0,central_cap2,Central capped (2),132,14,29,4,36
77,cooperative_to_hoarding,Cooperative → hoarding,Hoarding agents,5,1.0,central_cap2,Central capped (2),110,14,13,6,32
78,cooperative_to_hoarding,Cooperative → hoarding,Hoarding agents,5,1.0,central_cap2,Central capped (2),120,15,15,11,34
79,cooperative_to_hoarding,Cooperative → hoarding,Hoarding agents,5,1.0,central_cap2,Central capped (2),131,11,25,11,34
80,cooperative_to_hoarding,Cooperative → hoarding,Hoarding agents,5,1.0,central_cap2,Central capped (2),129,9,29,14,33
81,cooperative_to_hoarding,Cooperative → hoarding,Hoarding agents,5,1.0,central_cap2,Central capped (2),156,17,19,2,34
82,cooperative_to_hoarding,Cooperative → hoarding,Hoarding agents,5,1.0,central_cap2,Central capped (2),132,9,26,11,34
83,cooperative_to_hoarding,Cooperative → hoarding,Hoarding agents,5,1.0,central_cap2,Central capped (2),75,5,28,20,27
84,cooperative_to_hoarding,Cooperative → hoarding,Hoarding agents,5,1.0,central_cap2,Central capped (2),144,13,31,4,29
85,cooperative_to_hoarding,Cooperative → hoarding,Hoarding agents,5,1.0,central_cap2,Central capped (2),147,20,21,11,36
86,cooperative_to_hoarding,Cooperative → hoarding,Hoarding agents,5,1.0,central_cap2,Central capped (2),140,22,14,8,34
87,cooperative_to_hoarding,Cooperative → hoarding,Hoarding agents,5,1.0,central_cap2,Central capped (2),144,14,23,4,36
88,cooperative_to_hoarding,Cooperative → hoarding,Hoarding agents,5,1.0,central_cap2,Central capped (2),102,11,19,16,26
89,cooperative_to_hoarding,Cooperative → hoarding,Hoarding agents,5,1.0,central_cap2,Central capped (2),134,14,19,7,35
90,cooperative_to_hoarding,Cooperative → hoarding,Hoarding agents,5,1.0,central_cap2,Central capped (2),142,20,16,7,35
91,cooperative_to_hoarding,Cooperative → hoarding,Hoarding agents,5,1.0,central_cap2,Central capped (2),118,17,22,8,31
92,cooperative_to_hoarding,Cooperative → hoarding,Hoarding agents,5,1.0,central_cap2,Central capped (2),159,20,27,7,38
93,cooperative_to_hoarding,Cooperative → hoarding,Hoarding agents,5,1.0,central_cap2,Central capped (2),90,9,16,16,35
94,cooperative_to_hoarding,Cooperative → hoarding,Hoarding agents,5,1.0,central_cap2,Central capped (2),122,17,16,5,34
95,cooperative_to_hoarding,Cooperative → hoarding,Hoarding agents,5,1.0,central_cap2,Central capped (2),123,14,24,7,35
96,cooperative_to_hoarding,Cooperative → hoarding,Hoarding agents,5,1.0,central_cap2,Central capped (2),135,17,16,10,33
97,cooperative_to_hoarding,Cooperative → hoarding,Hoarding agents,5,1.0,central_cap2,Central capped (2),128,15,20,6,31
98,cooperative_to_hoarding,Cooperative → hoarding,Hoarding agents,5,1.0,central_cap2,Central capped (2),115,12,18,4,31
99,cooperative_to_hoarding,Cooperative → hoarding,Hoarding agents,5,1.0,central_cap2,Central capped (2),101,6,35,3,36
0,cooperative_to_hoarding,Cooperative → hoarding,Hoarding agents,5,1.0,central_full,Central clearing,175,22,22,9,53
1,cooperative_to_hoarding,Cooperative → hoarding,Hoarding agents,5,1.0,central_full,Central clearing,187,27,23,5,58
2,cooperative_to_hoarding,Cooperative → hoarding,Hoarding agents,5,1.0,central_full,Central clearing,180,30,13,7,61
3,cooperative_to_hoarding,Cooperative → hoarding,Hoarding agents,5,1.0,central_full,Central clearing,179,27,20,8,58
4,cooperative_to_hoarding,Cooperative → hoarding,Hoarding agents,5,1.0,central_full,Central clearing,126,11,27,10,41
5,cooperative_to_hoarding,Cooperative → hoarding,Hoarding agents,5,1.0,central_full,Central clearing,117,17,19,8,44
6,cooperative_to_hoarding,Cooperative → hoarding,Hoarding agents,5,1.0,central_full,Central clearing,100,15,13,21,38
7,cooperative_to_hoarding,Cooperative → hoarding,Hoarding agents,5,1.0,central_full,Central clearing,134,19,19,9,52
8,cooperative_to_hoarding,Cooperative → hoarding,Hoarding agents,5,1.0,central_full,Central clearing,167,25,16,12,59
9,cooperative_to_hoarding,Cooperative → hoarding,Hoarding agents,5,1.0,central_full,Central clearing,122,17,13,10,49
10,cooperative_to_hoarding,Cooperative → hoarding,Hoarding agents,5,1.0,central_full,Central clearing,184,30,13,3,55
11,cooperative_to_hoarding,Cooperative → hoarding,Hoarding agents,5,1.0,central_full,Central clearing,173,30,11,8,58
12,cooperative_to_hoarding,Cooperative → hoarding,Hoarding agents,5,1.0,central_full,Central clearing,160,25,16,6,49
13,cooperative_to_hoarding,Cooperative → hoarding,Hoarding agents,5,1.0,central_full,Central clearing,168,27,11,9,47
14,cooperative_to_hoarding,Cooperative → hoarding,Hoarding agents,5,1.0,central_full,Central clearing,187,30,22,0,66
15,cooperative_to_hoarding,Cooperative → hoarding,Hoarding agents,5,1.0,central_full,Central clearing,132,22,11,15,49
16,cooperative_to_hoarding,Cooperative → hoarding,Hoarding agents,5,1.0,central_full,Central clearing,138,17,22,8,42
17,cooperative_to_hoarding,Cooperative → hoarding,Hoarding agents,5,1.0,central_full,Central clearing,164,22,29,6,65
18,cooperative_to_hoarding,Cooperative → hoarding,Hoarding agents,5,1.0,central_full,Central clearing,188,26,20,5,48
19,cooperative_to_hoarding,Cooperative → hoarding,Hoarding agents,5,1.0,central_full,Central clearing,201,35,11,4,58
20,cooperative_to_hoarding,Cooperative → hoarding,Hoarding agents,5,1.0,central_full,Central clearing,159,19,20,7,51
21,cooperative_to_hoarding,Cooperative → hoarding,Hoarding agents,5,1.0,central_full,Central clearing,166,30,5,4,41
22,cooperative_to_hoarding,Cooperative → hoarding,Hoarding agents,5,1.0,central_full,Central clearing,168,27,13,6,59
23,cooperative_to_hoarding,Cooperative → hoarding,Hoarding agents,5,1.0,central_full,Central clearing,205,33,20,7,65
24,cooperative_to_hoarding,Cooperative → hoarding,Hoarding agents,5,1.0,central_full,Central clearing,174,29,14,4,55
25,cooperative_to_hoarding,Cooperative → hoarding,Hoarding agents,5,1.0,central_full,Central clearing,157,27,9,7,57
26,cooperative_to_hoarding,Cooperative → hoarding,Hoarding agents,5,1.0,central_full,Central clearing,122,19,12,21,41
27,cooperative_to_hoarding,Cooperative → hoarding,Hoarding agents,5,1.0,central_full,Central clearing,163,22,16,10,49
28,cooperative_to_hoarding,Cooperative → hoarding,Hoarding agents,5,1.0,central_full,Central clearing,158,25,15,5,56
29,cooperative_to_hoarding,Cooperative → hoarding,Hoarding agents,5,1.0,central_full,Central clearing,114,9,27,8,51
30,cooperative_to_hoarding,Cooperative → hoarding,Hoarding agents,5,1.0,central_full,Central clearing,164,25,14,7,57
31,cooperative_to_hoarding,Cooperative → hoarding,Hoarding agents,5,1.0,central_full,Central clearing,192,33,17,4,51
32,cooperative_to_hoarding,Cooperative → hoarding,Hoarding agents,5,1.0,central_full,Central clearing,136,22,11,8,53
33,cooperative_to_hoarding,Cooperative → hoarding,Hoarding agents,5,1.0,central_full,Central clearing,172,28,11,7,54
34,cooperative_to_hoarding,Cooperative → hoarding,Hoarding agents,5,1.0,central_full,Central clearing,167,30,8,9,50
35,cooperative_to_hoarding,Cooperative → hoarding,Hoarding agents,5,1.0,central_full,Central clearing,157,25,15,12,56
36,cooperative_to_hoarding,Cooperative → hoarding,Hoarding agents,5,1.0,central_full,Central clearing,189,30,16,7,59
37,cooperative_to_hoarding,Cooperative → hoarding,Hoarding agents,5,1.0,central_full,Central clearing,157,25,14,6,46
38,cooperative_to_hoarding,Cooperative → hoarding,Hoarding agents,5,1.0,central_full,Central clearing,144,20,18,5,58
39,cooperative_to_hoarding,Cooperative → hoarding,Hoarding agents,5,1.0,central_full,Central clearing,182,27,19,5,55
40,cooperative_to_hoarding,Cooperative → hoarding,Hoarding agents,5,1.0,central_full,Central clearing,153,14,34,8,53
41,cooperative_to_hoarding,Cooperative → hoarding,Hoarding agents,5,1.0,central_full,Central clearing,192,25,29,2,68
42,cooperative_to_hoarding,Cooperative → hoarding,Hoarding agents,5,1.0,central_full,Central clearing,88,14,8,10,39
43,cooperative_to_hoarding,Cooperative → hoarding,Hoarding agents,5,1.0,central_full,Central clearing,170,25,13,9,65
44,cooperative_to_hoarding,Cooperative → hoarding,Hoarding agents,5,1.0,central_full,Central clearing,163,25,16,7,53
45,cooperative_to_hoarding,Cooperative → hoarding,Hoarding agents,5,1.0,central_full,Central clearing,177,29,13,12,55
46,cooperative_to_hoarding,Cooperative → hoarding,Hoarding agents,5,1.0,central_full,Central clearing,190,35,9,6,65
47,cooperative_to_hoarding,Cooperative → hoarding,Hoarding agents,5,1.0,central_full,Central clearing,173,25,25,2,46
48,cooperative_to_hoarding,Cooperative → hoarding,Hoarding agents,5,1.0,central_full,Central clearing,173,22,27,8,59
49,cooperative_to_hoarding,Cooperative → hoarding,Hoarding agents,5,1.0,central_full,Central clearing,171,25,19,11,52
50,cooperative_to_hoarding,Cooperative → hoarding,Hoarding agents,5,1.0,central_full,Central clearing,178,30,14,7,55
51,cooperative_to_hoarding,Cooperative → hoarding,Hoarding agents,5,1.0,central_full,Central clearing,173,28,14,5,56
52,cooperative_to_hoarding,Cooperative → hoarding,Hoarding agents,5,1.0,central_full,Central clearing,144,22,12,11,42
53,cooperative_to_hoarding,Cooperative → hoarding,Hoarding agents,5,1.0,central_full,Central clearing,168,27,12,8,45
54,cooperative_to_hoarding,Cooperative → hoarding,Hoarding agents,5,1.0,central_full,Central clearing,122,20,8,9,51
55,cooperative_to_hoarding,Cooperative → hoarding,Hoarding agents,5,1.0,central_full,Central clearing,161,22,19,2,59
56,cooperative_to_hoarding,Cooperative → hoarding,Hoarding agents,5,1.0,central_full,Central clearing,157,27,10,9,55
57,cooperative_to_hoarding,Cooperative → hoarding,Hoarding agents,5,1.0,central_full,Central clearing,177,28,14,5,62
58,cooperative_to_hoarding,Cooperative → hoarding,Hoarding agents,5,1.0,central_full,Central clearing,143,19,22,7,52
59,cooperative_to_hoarding,Cooperative → hoarding,Hoarding agents,5,1.0,central_full,Central clearing,212,27,24,11,62
60,cooperative_to_hoarding,Cooperative → hoarding,Hoarding agents,5,1.0,central_full,Central clearing,166,22,20,14,62
61,cooperative_to_hoarding,Cooperative → hoarding,Hoarding agents,5,1.0,central_full,Central clearing,133,20,23,1,40
62,cooperative_to_hoarding,Cooperative → hoarding,Hoarding agents,5,1.0,central_full,Central clearing,144,26,7,7,42
63,cooperative_to_hoarding,Cooperative → hoarding,Hoarding agents,5,1.0,central_full,Central clearing,176,27,19,6,60
64,cooperative_to_hoarding,Cooperative → hoarding,Hoarding agents,5,1.0,central_full,Central clearing,173,27,16,7,38
65,cooperative_to_hoarding,Cooperative → hoarding,Hoarding agents,5,1.0,central_full,Central clearing,158,22,19,8,59
66,cooperative_to_hoarding,Cooperative → hoarding,Hoarding agents,5,1.0,central_full,Central clearing,155,25,24,3,59
67,cooperative_to_hoarding,Cooperative → hoarding,Hoarding agents,5,1.0,central_full,Central clearing,111,6,26,8,33
68,cooperative_to_hoarding,Cooperative → hoarding,Hoarding agents,5,1.0,central_full,Central clearing,168,25,15,3,50
69,cooperative_to_hoarding,Cooperative → hoarding,Hoarding agents,5,1.0,central_full,Central clearing,174,30,12,9,46
70,cooperative_to_hoarding,Cooperative → hoarding,Hoarding agents,5,1.0,central_full,Central clearing,165,25,13,9,46
71,cooperative_to_hoarding,Cooperative → hoarding,Hoarding agents,5,1.0,central_full,Central clearing,169,27,19,7,62
72,cooperative_to_hoarding,Cooperative → hoarding,Hoarding agents,5,1.0,central_full,Central clearing,176,29,20,8,52
73,cooperative_to_hoarding,Cooperative → hoarding,Hoarding agents,5,1.0,central_full,Central clearing,186,30,12,8,48
74,cooperative_to_hoarding,Cooperative → hoarding,Hoarding agents,5,1.0,central_full,Central clearing,169,30,8,2,60
75,cooperative_to_hoarding,Cooperative → hoarding,Hoarding agents,5,1.0,central_full,Central clearing,163,23,22,7,61
76,cooperative_to_hoarding,Cooperative → hoarding,Hoarding agents,5,1.0,central_full,Central clearing,120,14,20,4,60
77,cooperative_to_hoarding,Cooperative → hoarding,Hoarding agents,5,1.0,central_full,Central clearing,161,27,11,3,46
78,cooperative_to_hoarding,Cooperative → hoarding,Hoarding agents,5,1.0,central_full,Central clearing,161,25,18,13,37
79,cooperative_to_hoarding,Cooperative → hoarding,Hoarding agents,5,1.0,central_full,Central clearing,149,22,21,11,46
80,cooperative_to_hoarding,Cooperative → hoarding,Hoarding agents,5,1.0,central_full,Central clearing,140,20,18,5,45
81,cooperative_to_hoarding,Cooperative → hoarding,Hoarding agents,5,1.0,central_full,Central clearing,188,33,18,3,54
82,cooperative_to_hoarding,Cooperative → hoarding,Hoarding agents,5,1.0,central_full,Central clearing,162,22,25,7,49
83,cooperative_to_hoarding,Cooperative → hoarding,Hoarding agents,5,1.0,central_full,Central clearing,136,21,24,8,44
84,cooperative_to_hoarding,Cooperative → hoarding,Hoarding agents,5,1.0,central_full,Central clearing,184,28,18,3,54
85,cooperative_to_hoarding,Cooperative → hoarding,Hoarding agents,5,1.0,central_full,Central clearing,144,15,25,15,41
86,cooperative_to_hoarding,Cooperative → hoarding,Hoarding agents,5,1.0,central_full,Central clearing,191,30,12,3,55
87,cooperative_to_hoarding,Cooperative → hoarding,Hoarding agents,5,1.0,central_full,Central clearing,141,19,25,6,49
88,cooperative_to_hoarding,Cooperative → hoarding,Hoarding agents,5,1.0,central_full,Central clearing,108,14,13,8,33
89,cooperative_to_hoarding,Cooperative → hoarding,Hoarding agents,5,1.0,central_full,Central clearing,201,27,27,5,65
90,cooperative_to_hoarding,Cooperative → hoarding,Hoarding agents,5,1.0,central_full,Central clearing,170,23,22,9,53
91,cooperative_to_hoarding,Cooperative → hoarding,Hoarding agents,5,1.0,central_full,Central clearing,150,22,14,7,49
92,cooperative_to_hoarding,Cooperative → hoarding,Hoarding agents,5,1.0,central_full,Central clearing,194,30,17,6,59
93,cooperative_to_hoarding,Cooperative → hoarding,Hoarding agents,5,1.0,central_full,Central clearing,114,14,15,6,43
94,cooperative_to_hoarding,Cooperative → hoarding,Hoarding agents,5,1.0,central_full,Central clearing,173,23,27,6,42
95,cooperative_to_hoarding,Cooperative → hoarding,Hoarding agents,5,1.0,central_full,Central clearing,189,33,14,9,62
96,cooperative_to_hoarding,Cooperative → hoarding,Hoarding agents,5,1.0,central_full,Central clearing,175,30,13,13,66
97,cooperative_to_hoarding,Cooperative → hoarding,Hoarding agents,5,1.0,central_full,Central clearing,119,17,14,3,57
98,cooperative_to_hoarding,Cooperative → hoarding,Hoarding agents,5,1.0,central_full,Central clearing,165,25,15,8,53
99,cooperative_to_hoarding,Cooperative → hoarding,Hoarding agents,5,1.0,central_full,Central clearing,161,19,25,7,64
0,cooperative_to_hoarding,Cooperative → hoarding,Hoarding agents,5,1.0,equity_central,Equity central,190,30,17,7,58
1,cooperative_to_hoarding,Cooperative → hoarding,Hoarding agents,5,1.0,equity_central,Equity central,175,25,24,6,56
2,cooperative_to_hoarding,Cooperative → hoarding,Hoarding agents,5,1.0,equity_central,Equity central,161,22,21,7,65
3,cooperative_to_hoarding,Cooperative → hoarding,Hoarding agents,5,1.0,equity_central,Equity central,178,27,18,6,56
4,cooperative_to_hoarding,Cooperative → hoarding,Hoarding agents,5,1.0,equity_central,Equity central,115,17,21,8,38
5,cooperative_to_hoarding,Cooperative → hoarding,Hoarding agents,5,1.0,equity_central,Equity central,114,17,10,9,45
6,cooperative_to_hoarding,Cooperative → hoarding,Hoarding agents,5,1.0,equity_central,Equity central,104,15,13,16,35
7,cooperative_to_hoarding,Cooperative → hoarding,Hoarding agents,5,1.0,equity_central,Equity central,116,17,13,10,39
8,cooperative_to_hoarding,Cooperative → hoarding,Hoarding agents,5,1.0,equity_central,Equity central,190,30,18,5,65
9,cooperative_to_hoarding,Cooperative → hoarding,Hoarding agents,5,1.0,equity_central,Equity central,116,12,18,15,41
10,cooperative_to_hoarding,Cooperative → hoarding,Hoarding agents,5,1.0,equity_central,Equity central,153,27,12,9,58
11,cooperative_to_hoarding,Cooperative → hoarding,Hoarding agents,5,1.0,equity_central,Equity central,177,30,14,7,63
12,cooperative_to_hoarding,Cooperative → hoarding,Hoarding agents,5,1.0,equity_central,Equity central,154,22,16,6,46
13,cooperative_to_hoarding,Cooperative → hoarding,Hoarding agents,5,1.0,equity_central,Equity central,166,27,11,8,52
14,cooperative_to_hoarding,Cooperative → hoarding,Hoarding agents,5,1.0,equity_central,Equity central,182,27,22,5,62
15,cooperative_to_hoarding,Cooperative → hoarding,Hoarding agents,5,1.0,equity_central,Equity central,138,19,23,6,56
16,cooperative_to_hoarding,Cooperative → hoarding,Hoarding agents,5,1.0,equity_central,Equity central,146,22,25,8,47
17,cooperative_to_hoarding,Cooperative → hoarding,Hoarding agents,5,1.0,equity_central,Equity central,189,30,16,4,68
18,cooperative_to_hoarding,Cooperative → hoarding,Hoarding agents,5,1.0,equity_central,Equity central,199,35,17,5,58
19,cooperative_to_hoarding,Cooperative → hoarding,Hoarding agents,5,1.0,equity_central,Equity central,204,35,16,7,64
20,cooperative_to_hoarding,Cooperative → hoarding,Hoarding agents,5,1.0,equity_central,Equity central,145,17,26,3,47
21,cooperative_to_hoarding,Cooperative → hoarding,Hoarding agents,5,1.0,equity_central,Equity central,166,30,5,4,41
22,cooperative_to_hoarding,Cooperative → hoarding,Hoarding agents,5,1.0,equity_central,Equity central,192,30,21,7,68
23,cooperative_to_hoarding,Cooperative → hoarding,Hoarding agents,5,1.0,equity_central,Equity central,203,33,12,8,65
24,cooperative_to_hoarding,Cooperative → hoarding,Hoarding agents,5,1.0,equity_central,Equity central,128,22,8,6,52
25,cooperative_to_hoarding,Cooperative → hoarding,Hoarding agents,5,1.0,equity_central,Equity central,180,30,11,2,57
26,cooperative_to_hoarding,Cooperative → hoarding,Hoarding agents,5,1.0,equity_central,Equity central,115,19,12,18,41
27,cooperative_to_hoarding,Cooperative → hoarding,Hoarding agents,5,1.0,equity_central,Equity central,168,27,12,9,53
28,cooperative_to_hoarding,Cooperative → hoarding,Hoarding agents,5,1.0,equity_central,Equity central,146,22,18,6,50
29,cooperative_to_hoarding,Cooperative → hoarding,Hoarding agents,5,1.0,equity_central,Equity central,114,14,17,8,38
30,cooperative_to_hoarding,Cooperative → hoarding,Hoarding agents,5,1.0,equity_central,Equity central,167,25,17,7,51
31,cooperative_to_hoarding,Cooperative → hoarding,Hoarding agents,5,1.0,equity_central,Equity central,192,33,17,4,51
32,cooperative_to_hoarding,Cooperative → hoarding,Hoarding agents,5,1.0,equity_central,Equity central,136,22,13,6,52
33,cooperative_to_hoarding,Cooperative → hoarding,Hoarding agents,5,1.0,equity_central,Equity central,121,20,9,16,31
34,cooperative_to_hoarding,Cooperative → hoarding,Hoarding agents,5,1.0,equity_central,Equity central,138,22,16,8,55
35,cooperative_to_hoarding,Cooperative → hoarding,Hoarding agents,5,1.0,equity_central,Equity central,135,18,20,7,47
36,cooperative_to_hoarding,Cooperative → hoarding,Hoarding agents,5,1.0,equity_central,Equity central,188,33,8,15,68
37,cooperative_to_hoarding,Cooperative → hoarding,Hoarding agents,5,1.0,equity_central,Equity central,164,25,21,15,48
38,cooperative_to_hoarding,Cooperative → hoarding,Hoarding agents,5,1.0,equity_central,Equity central,138,22,12,9,58
39,cooperative_to_hoarding,Cooperative → hoarding,Hoarding agents,5,1.0,equity_central,Equity central,205,38,7,8,62
40,cooperative_to_hoarding,Cooperative → hoarding,Hoarding agents,5,1.0,equity_central,Equity central,149,17,23,5,53
41,cooperative_to_hoarding,Cooperative → hoarding,Hoarding agents,5,1.0,equity_central,Equity central,143,27,7,7,52
42,cooperative_to_hoarding,Cooperative → hoarding,Hoarding agents,5,1.0,equity_central,Equity central,93,14,11,7,36
43,cooperative_to_hoarding,Cooperative → hoarding,Hoarding agents,5,1.0,equity_central,Equity central,152,22,16,14,61
44,cooperative_to_hoarding,Cooperative → hoarding,Hoarding agents,5,1.0,equity_central,Equity central,156,26,13,10,55
45,cooperative_to_hoarding,Cooperative → hoarding,Hoarding agents,5,1.0,equity_central,Equity central,179,28,14,9,56
46,cooperative_to_hoarding,Cooperative → hoarding,Hoarding agents,5,1.0,equity_central,Equity central,182,30,16,6,62
47,cooperative_to_hoarding,Cooperative → hoarding,Hoarding agents,5,1.0,equity_central,Equity central,169,25,15,4,47
48,cooperative_to_hoarding,Cooperative → hoarding,Hoarding agents,5,1.0,equity_central,Equity central,185,25,27,5,52
49,cooperative_to_hoarding,Cooperative → hoarding,Hoarding agents,5,1.0,equity_central,Equity central,178,33,6,5,48
50,cooperative_to_hoarding,Cooperative → hoarding,Hoarding agents,5,1.0,equity_central,Equity central,167,27,21,10,59
51,cooperative_to_hoarding,Cooperative → hoarding,Hoarding agents,5,1.0,equity_central,Equity central,183,27,14,6,52
52,cooperative_to_hoarding,Cooperative → hoarding,Hoarding agents,5,1.0,equity_central,Equity central,121,16,20,7,42
53,cooperative_to_hoarding,Cooperative → hoarding,Hoarding agents,5,1.0,equity_central,Equity central,151,27,9,3,53
54,cooperative_to_hoarding,Cooperative → hoarding,Hoarding agents,5,1.0,equity_central,Equity central,158,27,10,6,40
55,cooperative_to_hoarding,Cooperative → hoarding,Hoarding agents,5,1.0,equity_central,Equity central,160,22,26,4,54
56,cooperative_to_hoarding,Cooperative → hoarding,Hoarding agents,5,1.0,equity_central,Equity central,165,27,9,6,47
57,cooperative_to_hoarding,Cooperative → hoarding,Hoarding agents,5,1.0,equity_central,Equity central,179,27,16,5,55
58,cooperative_to_hoarding,Cooperative → hoarding,Hoarding agents,5,1.0,equity_central,Equity central,147,19,25,6,54
59,cooperative_to_hoarding,Cooperative → hoarding,Hoarding agents,5,1.0,equity_central,Equity central,191,30,16,10,64
60,cooperative_to_hoarding,Cooperative → hoarding,Hoarding agents,5,1.0,equity_central,Equity central,148,22,14,9,50
61,cooperative_to_hoarding,Cooperative → hoarding,Hoarding agents,5,1.0,equity_central,Equity central,128,17,28,3,35
62,cooperative_to_hoarding,Cooperative → hoarding,Hoarding agents,5,1.0,equity_central,Equity central,138,25,8,11,39
63,cooperative_to_hoarding,Cooperative → hoarding,Hoarding agents,5,1.0,equity_central,Equity central,180,26,20,7,66
64,cooperative_to_hoarding,Cooperative → hoarding,Hoarding agents,5,1.0,equity_central,Equity central,183,27,16,8,46
65,cooperative_to_hoarding,Cooperative → hoarding,Hoarding agents,5,1.0,equity_central,Equity central,155,27,9,4,65
66,cooperative_to_hoarding,Cooperative → hoarding,Hoarding agents,5,1.0,equity_central,Equity central,150,22,25,3,56
67,cooperative_to_hoarding,Cooperative → hoarding,Hoarding agents,5,1.0,equity_central,Equity central,115,17,12,8,36
68,cooperative_to_hoarding,Cooperative → hoarding,Hoarding agents,5,1.0,equity_central,Equity central,157,25,14,12,51
69,cooperative_to_hoarding,Cooperative → hoarding,Hoarding agents,5,1.0,equity_central,Equity central,160,25,12,7,45
70,cooperative_to_hoarding,Cooperative → hoarding,Hoarding agents,5,1.0,equity_central,Equity central,164,25,13,7,45
71,cooperative_to_hoarding,Cooperative → hoarding,Hoarding agents,5,1.0,equity_central,Equity central,180,30,11,5,60
72,cooperative_to_hoarding,Cooperative → hoarding,Hoarding agents,5,1.0,equity_central,Equity central,171,30,12,7,52
73,cooperative_to_hoarding,Cooperative → hoarding,Hoarding agents,5,1.0,equity_central,Equity central,181,30,11,13,49
74,cooperative_to_hoarding,Cooperative → hoarding,Hoarding agents,5,1.0,equity_central,Equity central,166,30,8,2,63
75,cooperative_to_hoarding,Cooperative → hoarding,Hoarding agents,5,1.0,equity_central,Equity central,158,27,16,12,57
76,cooperative_to_hoarding,Cooperative → hoarding,Hoarding agents,5,1.0,equity_central,Equity central,165,25,22,4,59
77,cooperative_to_hoarding,Cooperative → hoarding,Hoarding agents,5,1.0,equity_central,Equity central,138,19,12,7,54
78,cooperative_to_hoarding,Cooperative → hoarding,Hoarding agents,5,1.0,equity_central,Equity central,162,25,12,15,50
79,cooperative_to_hoarding,Cooperative → hoarding,Hoarding agents,5,1.0,equity_central,Equity central,149,27,9,12,47
80,cooperative_to_hoarding,Cooperative → hoarding,Hoarding agents,5,1.0,equity_central,Equity central,141,18,20,12,52
81,cooperative_to_hoarding,Cooperative → hoarding,Hoarding agents,5,1.0,equity_central,Equity central,199,35,13,4,64
82,cooperative_to_hoarding,Cooperative → hoarding,Hoarding agents,5,1.0,equity_central,Equity central,170,25,20,7,61
83,cooperative_to_hoarding,Cooperative → hoarding,Hoarding agents,5,1.0,equity_central,Equity central,81,6,32,20,33
84,cooperative_to_hoarding,Cooperative → hoarding,Hoarding agents,5,1.0,equity_central,Equity central,185,25,24,4,55
85,cooperative_to_hoarding,Cooperative → hoarding,Hoarding agents,5,1.0,equity_central,Equity central,121,15,18,16,51
86,cooperative_to_hoarding,Cooperative → hoarding,Hoarding agents,5,1.0,equity_central,Equity central,179,30,11,10,63
87,cooperative_to_hoarding,Cooperative → hoarding,Hoarding agents,5,1.0,equity_central,Equity central,117,14,22,8,42
88,cooperative_to_hoarding,Cooperative → hoarding,Hoarding agents,5,1.0,equity_central,Equity central,81,11,14,13,25
89,cooperative_to_hoarding,Cooperative → hoarding,Hoarding agents,5,1.0,equity_central,Equity central,203,35,15,4,70
90,cooperative_to_hoarding,Cooperative → hoarding,Hoarding agents,5,1.0,equity_central,Equity central,127,22,7,9,41
91,cooperative_to_hoarding,Cooperative → hoarding,Hoarding agents,5,1.0,equity_central,Equity central,147,22,16,14,49
92,cooperative_to_hoarding,Cooperative → hoarding,Hoarding agents,5,1.0,equity_central,Equity central,179,33,11,5,59
93,cooperative_to_hoarding,Cooperative → hoarding,Hoarding agents,5,1.0,equity_central,Equity central,111,19,8,10,45
94,cooperative_to_hoarding,Cooperative → hoarding,Hoarding agents,5,1.0,equity_central,Equity central,182,30,16,3,53
95,cooperative_to_hoarding,Cooperative → hoarding,Hoarding agents,5,1.0,equity_central,Equity central,154,22,23,5,39
96,cooperative_to_hoarding,Cooperative → hoarding,Hoarding agents,5,1.0,equity_central,Equity central,164,23,26,5,61
97,cooperative_to_hoarding,Cooperative → hoarding,Hoarding agents,5,1.0,equity_central,Equity central,124,19,12,2,53
98,cooperative_to_hoarding,Cooperative → hoarding,Hoarding agents,5,1.0,equity_central,Equity central,153,17,21,7,48
99,cooperative_to_hoarding,Cooperative → hoarding,Hoarding agents,5,1.0,equity_central,Equity central,165,22,23,10,57
0,need_based_to_competitive,Need-based → competitive,Competitive agents,0,0.0,no_trade,No trade,56,2,35,12,0
1,need_based_to_competitive,Need-based → competitive,Competitive agents,0,0.0,no_trade,No trade,28,2,13,11,0
2,need_based_to_competitive,Need-based → competitive,Competitive agents,0,0.0,no_trade,No trade,22,2,7,12,0
3,need_based_to_competitive,Need-based → competitive,Competitive agents,0,0.0,no_trade,No trade,12,0,6,14,0
4,need_based_to_competitive,Need-based → competitive,Competitive agents,0,0.0,no_trade,No trade,21,3,3,11,0
5,need_based_to_competitive,Need-based → competitive,Competitive agents,0,0.0,no_trade,No trade,13,1,5,5,0
6,need_based_to_competitive,Need-based → competitive,Competitive agents,0,0.0,no_trade,No trade,52,3,17,8,0
7,need_based_to_competitive,Need-based → competitive,Competitive agents,0,0.0,no_trade,No trade,36,3,8,10,0
8,need_based_to_competitive,Need-based → competitive,Competitive agents,0,0.0,no_trade,No trade,36,0,15,11,0
9,need_based_to_competitive,Need-based → competitive,Competitive agents,0,0.0,no_trade,No trade,39,3,10,11,0
10,need_based_to_competitive,Need-based → competitive,Competitive agents,0,0.0,no_trade,No trade,25,2,7,22,0
11,need_based_to_competitive,Need-based → competitive,Competitive agents,0,0.0,no_trade,No trade,34,3,12,26,0
12,need_based_to_competitive,Need-based → competitive,Competitive agents,0,0.0,no_trade,No trade,44,1,25,11,0
13,need_based_to_competitive,Need-based → competitive,Competitive agents,0,0.0,no_trade,No trade,30,0,20,16,0
14,need_based_to_competitive,Need-based → competitive,Competitive agents,0,0.0,no_trade,No trade,18,0,9,15,0
15,need_based_to_competitive,Need-based → competitive,Competitive agents,0,0.0,no_trade,No trade,27,1,10,14,0
16,need_based_to_competitive,Need-based → competitive,Competitive agents,0,0.0,no_trade,No trade,37,0,26,16,0
17,need_based_to_competitive,Need-based → competitive,Competitive agents,0,0.0,no_trade,No trade,39,1,19,22,0
18,need_based_to_competitive,Need-based → competitive,Competitive agents,0,0.0,no_trade,No trade,44,3,23,12,0
19,need_based_to_competitive,Need-based → competitive,Competitive agents,0,0.0,no_trade,No trade,34,2,11,16,0
20,need_based_to_competitive,Need-based → competitive,Competitive agents,0,0.0,no_trade,No trade,19,2,4,16,0
21,need_based_to_competitive,Need-based → competitive,Competitive agents,0,0.0,no_trade,No trade,31,2,10,14,0
22,need_based_to_competitive,Need-based → competitive,Competitive agents,0,0.0,no_trade,No trade,28,2,12,21,0
23,need_based_to_competitive,Need-based → competitive,Competitive agents,0,0.0,no_trade,No trade,27,2,8,20,0
24,need_based_to_competitive,Need-based → competitive,Competitive agents,0,0.0,no_trade,No trade,33,3,15,9,0
25,need_based_to_competitive,Need-based → competitive,Competitive agents,0,0.0,no_trade,No trade,33,2,15,14,0
26,need_based_to_competitive,Need-based → competitive,Competitive agents,0,0.0,no_trade,No trade,25,1,8,13,0
27,need_based_to_competitive,Need-based → competitive,Competitive agents,0,0.0,no_trade,No trade,23,1,6,19,0
28,need_based_to_competitive,Need-based → competitive,Competitive agents,0,0.0,no_trade,No trade,33,1,16,20,0
29,need_based_to_competitive,Need-based → competitive,Competitive agents,0,0.0,no_trade,No trade,36,2,21,17,0
30,need_based_to_competitive,Need-based → competitive,Competitive agents,0,0.0,no_trade,No trade,45,1,16,7,0
31,need_based_to_competitive,Need-based → competitive,Competitive agents,0,0.0,no_trade,No trade,45,3,13,6,0
32,need_based_to_competitive,Need-based → competitive,Competitive agents,0,0.0,no_trade,No trade,25,2,7,15,0
33,need_based_to_competitive,Need-based → competitive,Competitive agents,0,0.0,no_trade,No trade,42,1,30,19,0
34,need_based_to_competitive,Need-based → competitive,Competitive agents,0,0.0,no_trade,No trade,37,3,11,17,0
35,need_based_to_competitive,Need-based → competitive,Competitive agents,0,0.0,no_trade,No trade,28,1,8,11,0
36,need_based_to_competitive,Need-based → competitive,Competitive agents,0,0.0,no_trade,No trade,24,2,7,14,0
37,need_based_to_competitive,Need-based → competitive,Competitive agents,0,0.0,no_trade,No trade,21,2,7,14,0
38,need_based_to_competitive,Need-based → competitive,Competitive agents,0,0.0,no_trade,No trade,23,3,3,7,0
39,need_based_to_competitive,Need-based → competitive,Competitive agents,0,0.0,no_trade,No trade,32,1,13,16,0
40,need_based_to_competitive,Need-based → competitive,Competitive agents,0,0.0,no_trade,No trade,34,1,14,9,0
41,need_based_to_competitive,Need-based → competitive,Competitive agents,0,0.0,no_trade,No trade,35,2,19,16,0
42,need_based_to_competitive,Need-based → competitive,Competitive agents,0,0.0,no_trade,No trade,27,3,3,10,0
43,need_based_to_competitive,Need-based → competitive,Competitive agents,0,0.0,no_trade,No trade,36,2,19,20,0
44,need_based_to_competitive,Need-based → competitive,Competitive agents,0,0.0,no_trade,No trade,40,3,19,15,0
45,need_based_to_competitive,Need-based → competitive,Competitive agents,0,0.0,no_trade,No trade,31,2,14,17,0
46,need_based_to_competitive,Need-based → competitive,Competitive agents,0,0.0,no_trade,No trade,32,1,20,14,0
47,need_based_to_competitive,Need-based → competitive,Competitive agents,0,0.0,no_trade,No trade,20,2,4,19,0
48,need_based_to_competitive,Need-based → competitive,Competitive agents,0,0.0,no_trade,No trade,22,1,8,12,0
49,need_based_to_competitive,Need-based → competitive,Competitive agents,0,0.0,no_trade,No trade,47,3,14,16,0
50,need_based_to_competitive,Need-based → competitive,Competitive agents,0,0.0,no_trade,No trade,29,2,10,13,0
51,need_based_to_competitive,Need-based → competitive,Competitive agents,0,0.0,no_trade,No trade,29,2,12,28,0
52,need_based_to_competitive,Need-based → competitive,Competitive agents,0,0.0,no_trade,No trade,24,1,11,16,0
53,need_based_to_competitive,Need-based → competitive,Competitive agents,0,0.0,no_trade,No trade,25,3,5,23,0
54,need_based_to_competitive,Need-based → competitive,Competitive agents,0,0.0,no_trade,No trade,18,2,4,27,0
55,need_based_to_competitive,Need-based → competitive,Competitive agents,0,0.0,no_trade,No trade,17,1,5,18,0
56,need_based_to_competitive,Need-based → competitive,Competitive agents,0,0.0,no_trade,No trade,35,2,16,18,0
57,need_based_to_competitive,Need-based → competitive,Competitive agents,0,0.0,no_trade,No trade,34,3,13,22,0
58,need_based_to_competitive,Need-based → competitive,Competitive agents,0,0.0,no_trade,No trade,16,0,6,9,0
59,need_based_to_competitive,Need-based → competitive,Competitive agents,0,0.0,no_trade,No trade,29,2,13,13,0
60,need_based_to_competitive,Need-based → competitive,Competitive agents,0,0.0,no_trade,No trade,22,3,3,23,0
61,need_based_to_competitive,Need-based → competitive,Competitive agents,0,0.0,no_trade,No trade,25,3,4,15,0
62,need_based_to_competitive,Need-based → competitive,Competitive agents,0,0.0,no_trade,No trade,30,1,20,23,0
63,need_based_to_competitive,Need-based → competitive,Competitive agents,0,0.0,no_trade,No trade,18,1,5,7,0
64,need_based_to_competitive,Need-based → competitive,Competitive agents,0,0.0,no_trade,No trade,40,1,23,16,0
65,need_based_to_competitive,Need-based → competitive,Competitive agents,0,0.0,no_trade,No trade,22,3,3,21,0
66,need_based_to_competitive,Need-based → competitive,Competitive agents,0,0.0,no_trade,No trade,35,2,13,16,0
67,need_based_to_competitive,Need-based → competitive,Competitive agents,0,0.0,no_trade,No trade,33,2,10,20,0
68,need_based_to_competitive,Need-based → competitive,Competitive agents,0,0.0,no_trade,No trade,36,3,9,15,0
69,need_based_to_competitive,Need-based → competitive,Competitive agents,0,0.0,no_trade,No trade,30,1,11,19,0
70,need_based_to_competitive,Need-based → competitive,Competitive agents,0,0.0,no_trade,No trade,30,3,7,18,0
71,need_based_to_competitive,Need-based → competitive,Competitive agents,0,0.0,no_trade,No trade,17,2,4,17,0
72,need_based_to_competitive,Need-based → competitive,Competitive agents,0,0.0,no_trade,No trade,37,3,15,18,0
73,need_based_to_competitive,Need-based → competitive,Competitive agents,0,0.0,no_trade,No trade,47,1,19,17,0
74,need_based_to_competitive,Need-based → competitive,Competitive agents,0,0.0,no_trade,No trade,30,0,9,11,0
75,need_based_to_competitive,Need-based → competitive,Competitive agents,0,0.0,no_trade,No trade,24,1,11,10,0
76,need_based_to_competitive,Need-based → competitive,Competitive agents,0,0.0,no_trade,No trade,18,1,8,12,0
77,need_based_to_competitive,Need-based → competitive,Competitive agents,0,0.0,no_trade,No trade,27,3,6,8,0
78,need_based_to_competitive,Need-based → competitive,Competitive agents,0,0.0,no_trade,No trade,31,3,9,18,0
79,need_based_to_competitive,Need-based → competitive,Competitive agents,0,0.0,no_trade,No trade,22,1,8,23,0
80,need_based_to_competitive,Need-based → competitive,Competitive agents,0,0.0,no_trade,No trade,51,4,20,14,0
81,need_based_to_competitive,Need-based → competitive,Competitive agents,0,0.0,no_trade,No trade,34,0,11,15,0
82,need_based_to_competitive,Need-based → competitive,Competitive agents,0,0.0,no_trade,No trade,37,1,22,22,0
83,need_based_to_competitive,Need-based → competitive,Competitive agents,0,0.0,no_trade,No trade,37,3,11,13,0
84,need_based_to_competitive,Need-based → competitive,Competitive agents,0,0.0,no_trade,No trade,35,2,13,14,0
85,need_based_to_competitive,Need-based → competitive,Competitive agents,0,0.0,no_trade,No trade,31,0,12,18,0
86,need_based_to_competitive,Need-based → competitive,Competitive agents,0,0.0,no_trade,No trade,16,0,6,23,0
87,need_based_to_competitive,Need-based → competitive,Competitive agents,0,0.0,no_trade,No trade,18,1,5,19,0
88,need_based_to_competitive,Need-based → competitive,Competitive agents,0,0.0,no_trade,No trade,27,3,6,13,0
89,need_based_to_competitive,Need-based → competitive,Competitive agents,0,0.0,no_trade,No trade,31,1,15,8,0
90,need_based_to_competitive,Need-based → competitive,Competitive agents,0,0.0,no_trade,No trade,21,1,5,18,0
91,need_based_to_competitive,Need-based → competitive,Competitive agents,0,0.0,no_trade,No trade,39,3,10,18,0
92,need_based_to_competitive,Need-based → competitive,Competitive agents,0,0.0,no_trade,No trade,24,1,8,13,0
93,need_based_to_competitive,Need-based → competitive,Competitive agents,0,0.0,no_trade,No trade,16,1,5,17,0
94,need_based_to_competitive,Need-based → competitive,Competitive agents,0,0.0,no_trade,No trade,27,3,9,19,0
95,need_based_to_competitive,Need-based → competitive,Competitive agents,0,0.0,no_trade,No trade,24,3,4,29,0
96,need_based_to_competitive,Need-based → competitive,Competitive agents,0,0.0,no_trade,No trade,35,2,11,14,0
97,need_based_to_competitive,Need-based → competitive,Competitive agents,0,0.0,no_trade,No trade,24,1,8,17,0
98,need_based_to_competitive,Need-based → competitive,Competitive agents,0,0.0,no_trade,No trade,19,3,3,30,0
99,need_based_to_competitive,Need-based → competitive,Competitive agents,0,0.0,no_trade,No trade,34,2,10,17,0
0,need_based_to_competitive,Need-based → competitive,Competitive agents,0,0.0,bilateral_3pass,Bilateral 3-pass,165,25,15,6,39
1,need_based_to_competitive,Need-based → competitive,Competitive agents,0,0.0,bilateral_3pass,Bilateral 3-pass,121,6,32,18,46
2,need_based_to_competitive,Need-based → competitive,Competitive agents,0,0.0,bilateral_3pass,Bilateral 3-pass,139,22,15,19,41
3,need_based_to_competitive,Need-based → competitive,Competitive agents,0,0.0,bilateral_3pass,Bilateral 3-pass,120,6,35,21,40
4,need_based_to_competitive,Need-based → competitive,Competitive agents,0,0.0,bilateral_3pass,Bilateral 3-pass,145,6,38,10,40
5,need_based_to_competitive,Need-based → competitive,Competitive agents,0,0.0,bilateral_3pass,Bilateral 3-pass,153,6,39,16,59
6,need_based_to_competitive,Need-based → competitive,Competitive agents,0,0.0,bilateral_3pass,Bilateral 3-pass,88,9,14,20,30
7,need_based_to_competitive,Need-based → competitive,Competitive agents,0,0.0,bilateral_3pass,Bilateral 3-pass,162,22,20,9,50
8,need_based_to_competitive,Need-based → competitive,Competitive agents,0,0.0,bilateral_3pass,Bilateral 3-pass,133,14,23,6,35
9,need_based_to_competitive,Need-based → competitive,Competitive agents,0,0.0,bilateral_3pass,Bilateral 3-pass,119,6,33,15,37
10,need_based_to_competitive,Need-based → competitive,Competitive agents,0,0.0,bilateral_3pass,Bilateral 3-pass,122,12,29,10,43
11,need_based_to_competitive,Need-based → competitive,Competitive agents,0,0.0,bilateral_3pass,Bilateral 3-pass,161,13,40,19,44
12,need_based_to_competitive,Need-based → competitive,Competitive agents,0,0.0,bilateral_3pass,Bilateral 3-pass,91,6,29,23,24
13,need_based_to_competitive,Need-based → competitive,Competitive agents,0,0.0,bilateral_3pass,Bilateral 3-pass,123,14,21,5,32
14,need_based_to_competitive,Need-based → competitive,Competitive agents,0,0.0,bilateral_3pass,Bilateral 3-pass,172,30,8,5,41
15,need_based_to_competitive,Need-based → competitive,Competitive agents,0,0.0,bilateral_3pass,Bilateral 3-pass,105,14,17,4,40
16,need_based_to_competitive,Need-based → competitive,Competitive agents,0,0.0,bilateral_3pass,Bilateral 3-pass,142,14,27,9,50
17,need_based_to_competitive,Need-based → competitive,Competitive agents,0,0.0,bilateral_3pass,Bilateral 3-pass,157,11,44,5,43
18,need_based_to_competitive,Need-based → competitive,Competitive agents,0,0.0,bilateral_3pass,Bilateral 3-pass,169,21,28,4,36
19,need_based_to_competitive,Need-based → competitive,Competitive agents,0,0.0,bilateral_3pass,Bilateral 3-pass,163,10,36,17,43
20,need_based_to_competitive,Need-based → competitive,Competitive agents,0,0.0,bilateral_3pass,Bilateral 3-pass,166,14,27,11,48
21,need_based_to_competitive,Need-based → competitive,Competitive agents,0,0.0,bilateral_3pass,Bilateral 3-pass,112,9,32,25,37
22,need_based_to_competitive,Need-based → competitive,Competitive agents,0,0.0,bilateral_3pass,Bilateral 3-pass,197,30,17,8,52
23,need_based_to_competitive,Need-based → competitive,Competitive agents,0,0.0,bilateral_3pass,Bilateral 3-pass,136,6,45,8,47
24,need_based_to_competitive,Need-based → competitive,Competitive agents,0,0.0,bilateral_3pass,Bilateral 3-pass,166,25,14,5,41
25,need_based_to_competitive,Need-based → competitive,Competitive agents,0,0.0,bilateral_3pass,Bilateral 3-pass,166,19,20,2,58
26,need_based_to_competitive,Need-based → competitive,Competitive agents,0,0.0,bilateral_3pass,Bilateral 3-pass,115,13,21,27,32
27,need_based_to_competitive,Need-based → competitive,Competitive agents,0,0.0,bilateral_3pass,Bilateral 3-pass,141,9,36,8,42
28,need_based_to_competitive,Need-based → competitive,Competitive agents,0,0.0,bilateral_3pass,Bilateral 3-pass,135,3,41,24,38
29,need_based_to_competitive,Need-based → competitive,Competitive agents,0,0.0,bilateral_3pass,Bilateral 3-pass,107,14,25,3,46
30,need_based_to_competitive,Need-based → competitive,Competitive agents,0,0.0,bilateral_3pass,Bilateral 3-pass,171,21,26,10,51
31,need_based_to_competitive,Need-based → competitive,Competitive agents,0,0.0,bilateral_3pass,Bilateral 3-pass,176,26,23,2,50
32,need_based_to_competitive,Need-based → competitive,Competitive agents,0,0.0,bilateral_3pass,Bilateral 3-pass,133,3,46,16,50
33,need_based_to_competitive,Need-based → competitive,Competitive agents,0,0.0,bilateral_3pass,Bilateral 3-pass,139,14,24,10,32
34,need_based_to_competitive,Need-based → competitive,Competitive agents,0,0.0,bilateral_3pass,Bilateral 3-pass,107,11,27,14,30
35,need_based_to_competitive,Need-based → competitive,Competitive agents,0,0.0,bilateral_3pass,Bilateral 3-pass,115,3,31,27,41
36,need_based_to_competitive,Need-based → competitive,Competitive agents,0,0.0,bilateral_3pass,Bilateral 3-pass,178,27,20,15,50
37,need_based_to_competitive,Need-based → competitive,Competitive agents,0,0.0,bilateral_3pass,Bilateral 3-pass,153,19,25,7,53
38,need_based_to_competitive,Need-based → competitive,Competitive agents,0,0.0,bilateral_3pass,Bilateral 3-pass,143,14,22,3,39
39,need_based_to_competitive,Need-based → competitive,Competitive agents,0,0.0,bilateral_3pass,Bilateral 3-pass,124,11,34,6,32
40,need_based_to_competitive,Need-based → competitive,Competitive agents,0,0.0,bilateral_3pass,Bilateral 3-pass,108,17,8,5,43
41,need_based_to_competitive,Need-based → competitive,Competitive agents,0,0.0,bilateral_3pass,Bilateral 3-pass,120,14,35,4,26
42,need_based_to_competitive,Need-based → competitive,Competitive agents,0,0.0,bilateral_3pass,Bilateral 3-pass,91,6,29,4,25
43,need_based_to_competitive,Need-based → competitive,Competitive agents,0,0.0,bilateral_3pass,Bilateral 3-pass,177,27,11,6,49
44,need_based_to_competitive,Need-based → competitive,Competitive agents,0,0.0,bilateral_3pass,Bilateral 3-pass,119,13,23,20,42
45,need_based_to_competitive,Need-based → competitive,Competitive agents,0,0.0,bilateral_3pass,Bilateral 3-pass,101,5,28,9,39
46,need_based_to_competitive,Need-based → competitive,Competitive agents,0,0.0,bilateral_3pass,Bilateral 3-pass,146,19,35,10,53
47,need_based_to_competitive,Need-based → competitive,Competitive agents,0,0.0,bilateral_3pass,Bilateral 3-pass,165,22,15,9,38
48,need_based_to_competitive,Need-based → competitive,Competitive agents,0,0.0,bilateral_3pass,Bilateral 3-pass,147,11,33,14,40
49,need_based_to_competitive,Need-based → competitive,Competitive agents,0,0.0,bilateral_3pass,Bilateral 3-pass,102,11,23,10,32
50,need_based_to_competitive,Need-based → competitive,Competitive agents,0,0.0,bilateral_3pass,Bilateral 3-pass,114,19,12,17,30
51,need_based_to_competitive,Need-based → competitive,Competitive agents,0,0.0,bilateral_3pass,Bilateral 3-pass,173,22,34,6,41
52,need_based_to_competitive,Need-based → competitive,Competitive agents,0,0.0,bilateral_3pass,Bilateral 3-pass,97,11,19,10,37
53,need_based_to_competitive,Need-based → competitive,Competitive agents,0,0.0,bilateral_3pass,Bilateral 3-pass,148,17,28,15,40
54,need_based_to_competitive,Need-based → competitive,Competitive agents,0,0.0,bilateral_3pass,Bilateral 3-pass,135,19,23,6,41
55,need_based_to_competitive,Need-based → competitive,Competitive agents,0,0.0,bilateral_3pass,Bilateral 3-pass,129,14,35,8,39
56,need_based_to_competitive,Need-based → competitive,Competitive agents,0,0.0,bilateral_3pass,Bilateral 3-pass,133,3,54,14,50
57,need_based_to_competitive,Need-based → competitive,Competitive agents,0,0.0,bilateral_3pass,Bilateral 3-pass,146,11,41,2,29
58,need_based_to_competitive,Need-based → competitive,Competitive agents,0,0.0,bilateral_3pass,Bilateral 3-pass,107,11,19,10,40
59,need_based_to_competitive,Need-based → competitive,Competitive agents,0,0.0,bilateral_3pass,Bilateral 3-pass,173,25,29,7,45
60,need_based_to_competitive,Need-based → competitive,Competitive agents,0,0.0,bilateral_3pass,Bilateral 3-pass,136,17,22,1,39
61,need_based_to_competitive,Need-based → competitive,Competitive agents,0,0.0,bilateral_3pass,Bilateral 3-pass,172,19,31,7,44
62,need_based_to_competitive,Need-based → competitive,Competitive agents,0,0.0,bilateral_3pass,Bilateral 3-pass,139,18,18,12,37
63,need_based_to_competitive,Need-based → competitive,Competitive agents,0,0.0,bilateral_3pass,Bilateral 3-pass,144,11,41,7,47
64,need_based_to_competitive,Need-based → competitive,Competitive agents,0,0.0,bilateral_3pass,Bilateral 3-pass,161,19,38,8,43
65,need_based_to_competitive,Need-based → competitive,Competitive agents,0,0.0,bilateral_3pass,Bilateral 3-pass,122,9,21,1,40
66,need_based_to_competitive,Need-based → competitive,Competitive agents,0,0.0,bilateral_3pass,Bilateral 3-pass,132,14,25,7,38
67,need_based_to_competitive,Need-based → competitive,Competitive agents,0,0.0,bilateral_3pass,Bilateral 3-pass,109,12,24,18,35
68,need_based_to_competitive,Need-based → competitive,Competitive agents,0,0.0,bilateral_3pass,Bilateral 3-pass,122,9,31,3,33
69,need_based_to_competitive,Need-based → competitive,Competitive agents,0,0.0,bilateral_3pass,Bilateral 3-pass,134,6,29,12,36
70,need_based_to_competitive,Need-based → competitive,Competitive agents,0,0.0,bilateral_3pass,Bilateral 3-pass,117,19,12,8,41
71,need_based_to_competitive,Need-based → competitive,Competitive agents,0,0.0,bilateral_3pass,Bilateral 3-pass,146,14,41,9,45
72,need_based_to_competitive,Need-based → competitive,Competitive agents,0,0.0,bilateral_3pass,Bilateral 3-pass,140,17,36,6,32
73,need_based_to_competitive,Need-based → competitive,Competitive agents,0,0.0,bilateral_3pass,Bilateral 3-pass,172,27,19,17,39
74,need_based_to_competitive,Need-based → competitive,Competitive agents,0,0.0,bilateral_3pass,Bilateral 3-pass,161,22,27,4,41
75,need_based_to_competitive,Need-based → competitive,Competitive agents,0,0.0,bilateral_3pass,Bilateral 3-pass,174,22,38,7,53
76,need_based_to_competitive,Need-based → competitive,Competitive agents,0,0.0,bilateral_3pass,Bilateral 3-pass,120,6,30,13,44
77,need_based_to_competitive,Need-based → competitive,Competitive agents,0,0.0,bilateral_3pass,Bilateral 3-pass,128,6,33,11,42
78,need_based_to_competitive,Need-based → competitive,Competitive agents,0,0.0,bilateral_3pass,Bilateral 3-pass,152,22,22,7,55
79,need_based_to_competitive,Need-based → competitive,Competitive agents,0,0.0,bilateral_3pass,Bilateral 3-pass,119,14,17,13,38
80,need_based_to_competitive,Need-based → competitive,Competitive agents,0,0.0,bilateral_3pass,Bilateral 3-pass,134,14,23,7,36
81,need_based_to_competitive,Need-based → competitive,Competitive agents,0,0.0,bilateral_3pass,Bilateral 3-pass,144,9,41,8,52
82,need_based_to_competitive,Need-based → competitive,Competitive agents,0,0.0,bilateral_3pass,Bilateral 3-pass,163,22,19,9,42
83,need_based_to_competitive,Need-based → competitive,Competitive agents,0,0.0,bilateral_3pass,Bilateral 3-pass,161,22,24,4,47
84,need_based_to_competitive,Need-based → competitive,Competitive agents,0,0.0,bilateral_3pass,Bilateral 3-pass,151,19,28,4,26
85,need_based_to_competitive,Need-based → competitive,Competitive agents,0,0.0,bilateral_3pass,Bilateral 3-pass,158,22,27,13,47
86,need_based_to_competitive,Need-based → competitive,Competitive agents,0,0.0,bilateral_3pass,Bilateral 3-pass,154,19,31,6,52
87,need_based_to_competitive,Need-based → competitive,Competitive agents,0,0.0,bilateral_3pass,Bilateral 3-pass,127,9,34,9,49
88,need_based_to_competitive,Need-based → competitive,Competitive agents,0,0.0,bilateral_3pass,Bilateral 3-pass,124,11,30,14,42
89,need_based_to_competitive,Need-based → competitive,Competitive agents,0,0.0,bilateral_3pass,Bilateral 3-pass,117,14,21,23,36
90,need_based_to_competitive,Need-based → competitive,Competitive agents,0,0.0,bilateral_3pass,Bilateral 3-pass,144,3,38,17,43
91,need_based_to_competitive,Need-based → competitive,Competitive agents,0,0.0,bilateral_3pass,Bilateral 3-pass,111,6,28,15,41
92,need_based_to_competitive,Need-based → competitive,Competitive agents,0,0.0,bilateral_3pass,Bilateral 3-pass,152,6,37,13,49
93,need_based_to_competitive,Need-based → competitive,Competitive agents,0,0.0,bilateral_3pass,Bilateral 3-pass,134,10,36,16,49
94,need_based_to_competitive,Need-based → competitive,Competitive agents,0,0.0,bilateral_3pass,Bilateral 3-pass,164,22,25,14,47
95,need_based_to_competitive,Need-based → competitive,Competitive agents,0,0.0,bilateral_3pass,Bilateral 3-pass,185,22,24,6,43
96,need_based_to_competitive,Need-based → competitive,Competitive agents,0,0.0,bilateral_3pass,Bilateral 3-pass,162,22,22,8,41
97,need_based_to_competitive,Need-based → competitive,Competitive agents,0,0.0,bilateral_3pass,Bilateral 3-pass,132,17,26,4,35
98,need_based_to_competitive,Need-based → competitive,Competitive agents,0,0.0,bilateral_3pass,Bilateral 3-pass,182,26,16,10,42
99,need_based_to_competitive,Need-based → competitive,Competitive agents,0,0.0,bilateral_3pass,Bilateral 3-pass,109,9,35,7,40
0,need_based_to_competitive,Need-based → competitive,Competitive agents,0,0.0,public_pool,Public pool,149,25,9,7,52
1,need_based_to_competitive,Need-based → competitive,Competitive agents,0,0.0,public_pool,Public pool,152,27,8,5,57
2,need_based_to_competitive,Need-based → competitive,Competitive agents,0,0.0,public_pool,Public pool,152,25,12,3,46
3,need_based_to_competitive,Need-based → competitive,Competitive agents,0,0.0,public_pool,Public pool,140,25,5,3,55
4,need_based_to_competitive,Need-based → competitive,Competitive agents,0,0.0,public_pool,Public pool,156,25,13,6,51
5,need_based_to_competitive,Need-based → competitive,Competitive agents,0,0.0,public_pool,Public pool,158,27,11,6,54
6,need_based_to_competitive,Need-based → competitive,Competitive agents,0,0.0,public_pool,Public pool,139,25,8,4,51
7,need_based_to_competitive,Need-based → competitive,Competitive agents,0,0.0,public_pool,Public pool,133,24,7,6,50
8,need_based_to_competitive,Need-based → competitive,Competitive agents,0,0.0,public_pool,Public pool,141,25,6,5,50
9,need_based_to_competitive,Need-based → competitive,Competitive agents,0,0.0,public_pool,Public pool,136,25,5,5,45
10,need_based_to_competitive,Need-based → competitive,Competitive agents,0,0.0,public_pool,Public pool,142,25,12,6,50
11,need_based_to_competitive,Need-based → competitive,Competitive agents,0,0.0,public_pool,Public pool,161,24,12,4,47
12,need_based_to_competitive,Need-based → competitive,Competitive agents,0,0.0,public_pool,Public pool,139,22,14,6,47
13,need_based_to_competitive,Need-based → competitive,Competitive agents,0,0.0,public_pool,Public pool,132,24,6,7,47
14,need_based_to_competitive,Need-based → competitive,Competitive agents,0,0.0,public_pool,Public pool,163,26,17,3,52
15,need_based_to_competitive,Need-based → competitive,Competitive agents,0,0.0,public_pool,Public pool,120,11,25,6,47
16,need_based_to_competitive,Need-based → competitive,Competitive agents,0,0.0,public_pool,Public pool,149,22,13,8,55
17,need_based_to_competitive,Need-based → competitive,Competitive agents,0,0.0,public_pool,Public pool,149,27,5,5,53
18,need_based_to_competitive,Need-based → competitive,Competitive agents,0,0.0,public_pool,Public pool,155,25,13,4,49
19,need_based_to_competitive,Need-based → competitive,Competitive agents,0,0.0,public_pool,Public pool,157,27,12,3,46
20,need_based_to_competitive,Need-based → competitive,Competitive agents,0,0.0,public_pool,Public pool,154,25,11,7,54
21,need_based_to_competitive,Need-based → competitive,Competitive agents,0,0.0,public_pool,Public pool,149,25,13,4,51
22,need_based_to_competitive,Need-based → competitive,Competitive agents,0,0.0,public_pool,Public pool,164,26,11,1,54
23,need_based_to_competitive,Need-based → competitive,Competitive agents,0,0.0,public_pool,Public pool,153,29,6,4,52
24,need_based_to_competitive,Need-based → competitive,Competitive agents,0,0.0,public_pool,Public pool,148,24,14,4,49
25,need_based_to_competitive,Need-based → competitive,Competitive agents,0,0.0,public_pool,Public pool,136,22,9,6,52
26,need_based_to_competitive,Need-based → competitive,Competitive agents,0,0.0,public_pool,Public pool,147,25,12,2,47
27,need_based_to_competitive,Need-based → competitive,Competitive agents,0,0.0,public_pool,Public pool,150,25,13,4,48
28,need_based_to_competitive,Need-based → competitive,Competitive agents,0,0.0,public_pool,Public pool,160,27,12,5,54
29,need_based_to_competitive,Need-based → competitive,Competitive agents,0,0.0,public_pool,Public pool,149,27,8,6,55
30,need_based_to_competitive,Need-based → competitive,Competitive agents,0,0.0,public_pool,Public pool,154,27,9,5,53
31,need_based_to_competitive,Need-based → competitive,Competitive agents,0,0.0,public_pool,Public pool,153,27,9,6,51
32,need_based_to_competitive,Need-based → competitive,Competitive agents,0,0.0,public_pool,Public pool,127,18,13,4,47
33,need_based_to_competitive,Need-based → competitive,Competitive agents,0,0.0,public_pool,Public pool,130,24,8,6,42
34,need_based_to_competitive,Need-based → competitive,Competitive agents,0,0.0,public_pool,Public pool,139,22,13,4,49
35,need_based_to_competitive,Need-based → competitive,Competitive agents,0,0.0,public_pool,Public pool,162,29,5,3,52
36,need_based_to_competitive,Need-based → competitive,Competitive agents,0,0.0,public_pool,Public pool,148,25,11,6,47
37,need_based_to_competitive,Need-based → competitive,Competitive agents,0,0.0,public_pool,Public pool,146,26,10,5,50
38,need_based_to_competitive,Need-based → competitive,Competitive agents,0,0.0,public_pool,Public pool,151,26,11,4,51
39,need_based_to_competitive,Need-based → competitive,Competitive agents,0,0.0,public_pool,Public pool,152,25,11,8,46
40,need_based_to_competitive,Need-based → competitive,Competitive agents,0,0.0,public_pool,Public pool,156,27,10,6,52
41,need_based_to_competitive,Need-based → competitive,Competitive agents,0,0.0,public_pool,Public pool,160,25,20,4,48
42,need_based_to_competitive,Need-based → competitive,Competitive agents,0,0.0,public_pool,Public pool,142,25,10,6,49
43,need_based_to_competitive,Need-based → competitive,Competitive agents,0,0.0,public_pool,Public pool,143,27,4,5,47
44,need_based_to_competitive,Need-based → competitive,Competitive agents,0,0.0,public_pool,Public pool,147,25,10,3,52
45,need_based_to_competitive,Need-based → competitive,Competitive agents,0,0.0,public_pool,Public pool,150,18,22,5,53
46,need_based_to_competitive,Need-based → competitive,Competitive agents,0,0.0,public_pool,Public pool,150,27,10,4,52
47,need_based_to_competitive,Need-based → competitive,Competitive agents,0,0.0,public_pool,Public pool,161,26,13,1,53
48,need_based_to_competitive,Need-based → competitive,Competitive agents,0,0.0,public_pool,Public pool,146,25,12,3,48
49,need_based_to_competitive,Need-based → competitive,Competitive agents,0,0.0,public_pool,Public pool,152,29,4,5,52
50,need_based_to_competitive,Need-based → competitive,Competitive agents,0,0.0,public_pool,Public pool,139,22,15,5,48
51,need_based_to_competitive,Need-based → competitive,Competitive agents,0,0.0,public_pool,Public pool,140,25,7,7,47
52,need_based_to_competitive,Need-based → competitive,Competitive agents,0,0.0,public_pool,Public pool,127,18,25,6,47
53,need_based_to_competitive,Need-based → competitive,Competitive agents,0,0.0,public_pool,Public pool,148,28,2,1,49
54,need_based_to_competitive,Need-based → competitive,Competitive agents,0,0.0,public_pool,Public pool,124,19,13,3,44
55,need_based_to_competitive,Need-based → competitive,Competitive agents,0,0.0,public_pool,Public pool,128,19,13,4,48
56,need_based_to_competitive,Need-based → competitive,Competitive agents,0,0.0,public_pool,Public pool,142,25,6,4,50
57,need_based_to_competitive,Need-based → competitive,Competitive agents,0,0.0,public_pool,Public pool,153,26,11,8,50
58,need_based_to_competitive,Need-based → competitive,Competitive agents,0,0.0,public_pool,Public pool,125,20,13,5,47
59,need_based_to_competitive,Need-based → competitive,Competitive agents,0,0.0,public_pool,Public pool,156,26,10,4,54
60,need_based_to_competitive,Need-based → competitive,Competitive agents,0,0.0,public_pool,Public pool,158,27,16,2,50
61,need_based_to_competitive,Need-based → competitive,Competitive agents,0,0.0,public_pool,Public pool,136,22,14,8,47
62,need_based_to_competitive,Need-based → competitive,Competitive agents,0,0.0,public_pool,Public pool,155,26,13,2,48
63,need_based_to_competitive,Need-based → competitive,Competitive agents,0,0.0,public_pool,Public pool,149,27,6,1,51
64,need_based_to_competitive,Need-based → competitive,Competitive agents,0,0.0,public_pool,Public pool,139,19,17,7,43
65,need_based_to_competitive,Need-based → competitive,Competitive agents,0,0.0,public_pool,Public pool,147,25,11,7,49
66,need_based_to_competitive,Need-based → competitive,Competitive agents,0,0.0,public_pool,Public pool,135,19,20,6,54
67,need_based_to_competitive,Need-based → competitive,Competitive agents,0,0.0,public_pool,Public pool,145,26,11,5,47
68,need_based_to_competitive,Need-based → competitive,Competitive agents,0,0.0,public_pool,Public pool,122,17,16,5,50
69,need_based_to_competitive,Need-based → competitive,Competitive agents,0,0.0,public_pool,Public pool,132,25,6,4,42
70,need_based_to_competitive,Need-based → competitive,Competitive agents,0,0.0,public_pool,Public pool,143,25,8,4,46
71,need_based_to_competitive,Need-based → competitive,Competitive agents,0,0.0,public_pool,Public pool,152,26,10,7,53
72,need_based_to_competitive,Need-based → competitive,Competitive agents,0,0.0,public_pool,Public pool,143,25,8,3,49
73,need_based_to_competitive,Need-based → competitive,Competitive agents,0,0.0,public_pool,Public pool,164,27,10,6,48
74,need_based_to_competitive,Need-based → competitive,Competitive agents,0,0.0,public_pool,Public pool,135,25,5,6,48
75,need_based_to_competitive,Need-based → competitive,Competitive agents,0,0.0,public_pool,Public pool,158,27,10,4,52
76,need_based_to_competitive,Need-based → competitive,Competitive agents,0,0.0,public_pool,Public pool,143,19,15,7,51
77,need_based_to_competitive,Need-based → competitive,Competitive agents,0,0.0,public_pool,Public pool,137,25,5,5,46
78,need_based_to_competitive,Need-based → competitive,Competitive agents,0,0.0,public_pool,Public pool,156,26,13,7,52
79,need_based_to_competitive,Need-based → competitive,Competitive agents,0,0.0,public_pool,Public pool,139,25,7,4,55
80,need_based_to_competitive,Need-based → competitive,Competitive agents,0,0.0,public_pool,Public pool,156,28,7,5,48
81,need_based_to_competitive,Need-based → competitive,Competitive agents,0,0.0,public_pool,Public pool,164,30,9,5,52
82,need_based_to_competitive,Need-based → competitive,Competitive agents,0,0.0,public_pool,Public pool,171,29,11,3,54
83,need_based_to_competitive,Need-based → competitive,Competitive agents,0,0.0,public_pool,Public pool,149,26,15,4,52
84,need_based_to_competitive,Need-based → competitive,Competitive agents,0,0.0,public_pool,Public pool,137,24,11,8,43
85,need_based_to_competitive,Need-based → competitive,Competitive agents,0,0.0,public_pool,Public pool,157,27,7,4,49
86,need_based_to_competitive,Need-based → competitive,Competitive agents,0,0.0,public_pool,Public pool,161,27,12,3,51
87,need_based_to_competitive,Need-based → competitive,Competitive agents,0,0.0,public_pool,Public pool,152,27,8,8,53
88,need_based_to_competitive,Need-based → competitive,Competitive agents,0,0.0,public_pool,Public pool,132,19,12,4,45
89,need_based_to_competitive,Need-based → competitive,Competitive agents,0,0.0,public_pool,Public pool,142,16,20,6,53
90,need_based_to_competitive,Need-based → competitive,Competitive agents,0,0.0,public_pool,Public pool,152,25,14,9,49
91,need_based_to_competitive,Need-based → competitive,Competitive agents,0,0.0,public_pool,Public pool,131,25,3,5,50
92,need_based_to_competitive,Need-based → competitive,Competitive agents,0,0.0,public_pool,Public pool,141,24,7,3,50
93,need_based_to_competitive,Need-based → competitive,Competitive agents,0,0.0,public_pool,Public pool,157,26,11,5,52
94,need_based_to_competitive,Need-based → competitive,Competitive agents,0,0.0,public_pool,Public pool,160,26,13,6,50
95,need_based_to_competitive,Need-based → competitive,Competitive agents,0,0.0,public_pool,Public pool,165,27,11,6,50
96,need_based_to_competitive,Need-based → competitive,Competitive agents,0,0.0,public_pool,Public pool,136,24,13,6,44
97,need_based_to_competitive,Need-based → competitive,Competitive agents,0,0.0,public_pool,Public pool,135,25,4,4,47
98,need_based_to_competitive,Need-based → competitive,Competitive agents,0,0.0,public_pool,Public pool,148,26,8,7,53
99,need_based_to_competitive,Need-based → competitive,Competitive agents,0,0.0,public_pool,Public pool,125,19,14,7,46
0,need_based_to_competitive,Need-based → competitive,Competitive agents,0,0.0,central_cap2,Central capped (2),149,17,25,7,38
1,need_based_to_competitive,Need-based → competitive,Competitive agents,0,0.0,central_cap2,Central capped (2),112,12,18,9,37
2,need_based_to_competitive,Need-based → competitive,Competitive agents,0,0.0,central_cap2,Central capped (2),148,14,24,7,37
3,need_based_to_competitive,Need-based → competitive,Competitive agents,0,0.0,central_cap2,Central capped (2),129,6,32,17,36
4,need_based_to_competitive,Need-based → competitive,Competitive agents,0,0.0,central_cap2,Central capped (2),121,11,23,8,33
5,need_based_to_competitive,Need-based → competitive,Competitive agents,0,0.0,central_cap2,Central capped (2),99,12,19,10,37
6,need_based_to_competitive,Need-based → competitive,Competitive agents,0,0.0,central_cap2,Central capped (2),92,8,20,18,29
7,need_based_to_competitive,Need-based → competitive,Competitive agents,0,0.0,central_cap2,Central capped (2),110,17,12,10,35
8,need_based_to_competitive,Need-based → competitive,Competitive agents,0,0.0,central_cap2,Central capped (2),143,17,23,6,34
9,need_based_to_competitive,Need-based → competitive,Competitive agents,0,0.0,central_cap2,Central capped (2),85,9,18,18,31
10,need_based_to_competitive,Need-based → competitive,Competitive agents,0,0.0,central_cap2,Central capped (2),115,14,19,13,33
11,need_based_to_competitive,Need-based → competitive,Competitive agents,0,0.0,central_cap2,Central capped (2),139,17,21,9,36
12,need_based_to_competitive,Need-based → competitive,Competitive agents,0,0.0,central_cap2,Central capped (2),106,9,27,9,28
13,need_based_to_competitive,Need-based → competitive,Competitive agents,0,0.0,central_cap2,Central capped (2),105,17,9,8,30
14,need_based_to_competitive,Need-based → competitive,Competitive agents,0,0.0,central_cap2,Central capped (2),118,12,18,4,37
15,need_based_to_competitive,Need-based → competitive,Competitive agents,0,0.0,central_cap2,Central capped (2),95,6,30,4,37
16,need_based_to_competitive,Need-based → competitive,Competitive agents,0,0.0,central_cap2,Central capped (2),119,12,21,7,37
17,need_based_to_competitive,Need-based → competitive,Competitive agents,0,0.0,central_cap2,Central capped (2),130,12,30,14,37
18,need_based_to_competitive,Need-based → competitive,Competitive agents,0,0.0,central_cap2,Central capped (2),167,19,26,5,34
19,need_based_to_competitive,Need-based → competitive,Competitive agents,0,0.0,central_cap2,Central capped (2),144,22,13,5,35
20,need_based_to_competitive,Need-based → competitive,Competitive agents,0,0.0,central_cap2,Central capped (2),143,14,25,5,36
21,need_based_to_competitive,Need-based → competitive,Competitive agents,0,0.0,central_cap2,Central capped (2),126,14,19,13,33
22,need_based_to_competitive,Need-based → competitive,Competitive agents,0,0.0,central_cap2,Central capped (2),146,17,24,6,38
23,need_based_to_competitive,Need-based → competitive,Competitive agents,0,0.0,central_cap2,Central capped (2),153,22,15,6,36
24,need_based_to_competitive,Need-based → competitive,Competitive agents,0,0.0,central_cap2,Central capped (2),112,17,11,4,34
25,need_based_to_competitive,Need-based → competitive,Competitive agents,0,0.0,central_cap2,Central capped (2),135,12,34,4,36
26,need_based_to_competitive,Need-based → competitive,Competitive agents,0,0.0,central_cap2,Central capped (2),106,19,6,8,32
27,need_based_to_competitive,Need-based → competitive,Competitive agents,0,0.0,central_cap2,Central capped (2),136,14,24,6,34
28,need_based_to_competitive,Need-based → competitive,Competitive agents,0,0.0,central_cap2,Central capped (2),138,20,15,1,35
29,need_based_to_competitive,Need-based → competitive,Competitive agents,0,0.0,central_cap2,Central capped (2),106,6,35,9,35
30,need_based_to_competitive,Need-based → competitive,Competitive agents,0,0.0,central_cap2,Central capped (2),152,15,29,2,37
31,need_based_to_competitive,Need-based → competitive,Competitive agents,0,0.0,central_cap2,Central capped (2),119,9,30,7,36
32,need_based_to_competitive,Need-based → competitive,Competitive agents,0,0.0,central_cap2,Central capped (2),126,19,14,8,38
33,need_based_to_competitive,Need-based → competitive,Competitive agents,0,0.0,central_cap2,Central capped (2),121,6,29,12,29
34,need_based_to_competitive,Need-based → competitive,Competitive agents,0,0.0,central_cap2,Central capped (2),111,12,18,9,28
35,need_based_to_competitive,Need-based → competitive,Competitive agents,0,0.0,central_cap2,Central capped (2),138,12,25,8,37
36,need_based_to_competitive,Need-based → competitive,Competitive agents,0,0.0,central_cap2,Central capped (2),152,9,34,12,35
37,need_based_to_competitive,Need-based → competitive,Competitive agents,0,0.0,central_cap2,Central capped (2),114,9,27,12,34
38,need_based_to_competitive,Need-based → competitive,Competitive agents,0,0.0,central_cap2,Central capped (2),102,9,18,12,36
39,need_based_to_competitive,Need-based → competitive,Competitive agents,0,0.0,central_cap2,Central capped (2),145,16,25,5,36
40,need_based_to_competitive,Need-based → competitive,Competitive agents,0,0.0,central_cap2,Central capped (2),144,17,29,7,38
41,need_based_to_competitive,Need-based → competitive,Competitive agents,0,0.0,central_cap2,Central capped (2),132,17,25,12,36
42,need_based_to_competitive,Need-based → competitive,Competitive agents,0,0.0,central_cap2,Central capped (2),97,9,19,6,28
43,need_based_to_competitive,Need-based → competitive,Competitive agents,0,0.0,central_cap2,Central capped (2),128,17,22,10,37
44,need_based_to_competitive,Need-based → competitive,Competitive agents,0,0.0,central_cap2,Central capped (2),111,14,19,5,35
45,need_based_to_competitive,Need-based → competitive,Competitive agents,0,0.0,central_cap2,Central capped (2),134,14,21,11,36
46,need_based_to_competitive,Need-based → competitive,Competitive agents,0,0.0,central_cap2,Central capped (2),120,14,18,16,37
47,need_based_to_competitive,Need-based → competitive,Competitive agents,0,0.0,central_cap2,Central capped (2),126,17,16,11,36
48,need_based_to_competitive,Need-based → competitive,Competitive agents,0,0.0,central_cap2,Central capped (2),123,9,26,16,37
49,need_based_to_competitive,Need-based → competitive,Competitive agents,0,0.0,central_cap2,Central capped (2),124,9,31,9,36
50,need_based_to_competitive,Need-based → competitive,Competitive agents,0,0.0,central_cap2,Central capped (2),140,9,29,11,36
51,need_based_to_competitive,Need-based → competitive,Competitive agents,0,0.0,central_cap2,Central capped (2),156,17,25,2,32
52,need_based_to_competitive,Need-based → competitive,Competitive agents,0,0.0,central_cap2,Central capped (2),131,21,12,3,36
53,need_based_to_competitive,Need-based → competitive,Competitive agents,0,0.0,central_cap2,Central capped (2),121,11,30,16,33
54,need_based_to_competitive,Need-based → competitive,Competitive agents,0,0.0,central_cap2,Central capped (2),94,6,24,16,25
55,need_based_to_competitive,Need-based → competitive,Competitive agents,0,0.0,central_cap2,Central capped (2),108,14,16,6,36
56,need_based_to_competitive,Need-based → competitive,Competitive agents,0,0.0,central_cap2,Central capped (2),120,19,9,5,31
57,need_based_to_competitive,Need-based → competitive,Competitive agents,0,0.0,central_cap2,Central capped (2),153,19,25,7,36
58,need_based_to_competitive,Need-based → competitive,Competitive agents,0,0.0,central_cap2,Central capped (2),104,6,33,6,35
59,need_based_to_competitive,Need-based → competitive,Competitive agents,0,0.0,central_cap2,Central capped (2),134,19,16,10,37
60,need_based_to_competitive,Need-based → competitive,Competitive agents,0,0.0,central_cap2,Central capped (2),149,11,31,9,38
61,need_based_to_competitive,Need-based → competitive,Competitive agents,0,0.0,central_cap2,Central capped (2),126,18,22,6,32
62,need_based_to_competitive,Need-based → competitive,Competitive agents,0,0.0,central_cap2,Central capped (2),125,19,14,15,29
63,need_based_to_competitive,Need-based → competitive,Competitive agents,0,0.0,central_cap2,Central capped (2),121,9,35,6,38
64,need_based_to_competitive,Need-based → competitive,Competitive agents,0,0.0,central_cap2,Central capped (2),139,22,23,12,28
65,need_based_to_competitive,Need-based → competitive,Competitive agents,0,0.0,central_cap2,Central capped (2),130,14,22,6,34
66,need_based_to_competitive,Need-based → competitive,Competitive agents,0,0.0,central_cap2,Central capped (2),123,19,14,8,36
67,need_based_to_competitive,Need-based → competitive,Competitive agents,0,0.0,central_cap2,Central capped (2),131,9,31,5,35
68,need_based_to_competitive,Need-based → competitive,Competitive agents,0,0.0,central_cap2,Central capped (2),129,20,10,7,35
69,need_based_to_competitive,Need-based → competitive,Competitive agents,0,0.0,central_cap2,Central capped (2),120,14,21,6,27
70,need_based_to_competitive,Need-based → competitive,Competitive agents,0,0.0,central_cap2,Central capped (2),112,12,16,9,33
71,need_based_to_competitive,Need-based → competitive,Competitive agents,0,0.0,central_cap2,Central capped (2),129,11,27,14,37
72,need_based_to_competitive,Need-based → competitive,Competitive agents,0,0.0,central_cap2,Central capped (2),154,25,19,4,33
73,need_based_to_competitive,Need-based → competitive,Competitive agents,0,0.0,central_cap2,Central capped (2),179,23,23,8,36
74,need_based_to_competitive,Need-based → competitive,Competitive agents,0,0.0,central_cap2,Central capped (2),135,25,6,9,37
75,need_based_to_competitive,Need-based → competitive,Competitive agents,0,0.0,central_cap2,Central capped (2),164,22,21,15,38
76,need_based_to_competitive,Need-based → competitive,Competitive agents,0,0.0,central_cap2,Central capped (2),132,14,29,4,36
77,need_based_to_competitive,Need-based → competitive,Competitive agents,0,0.0,central_cap2,Central capped (2),114,14,19,10,32
78,need_based_to_competitive,Need-based → competitive,Competitive agents,0,0.0,central_cap2,Central capped (2),114,12,18,10,35
79,need_based_to_competitive,Need-based → competitive,Competitive agents,0,0.0,central_cap2,Central capped (2),131,19,19,7,33
80,need_based_to_competitive,Need-based → competitive,Competitive agents,0,0.0,central_cap2,Central capped (2),124,9,27,7,34
81,need_based_to_competitive,Need-based → competitive,Competitive agents,0,0.0,central_cap2,Central capped (2),153,14,22,6,34
82,need_based_to_competitive,Need-based → competitive,Competitive agents,0,0.0,central_cap2,Central capped (2),146,12,27,7,35
83,need_based_to_competitive,Need-based → competitive,Competitive agents,0,0.0,central_cap2,Central capped (2),75,5,28,20,27
84,need_based_to_competitive,Need-based → competitive,Competitive agents,0,0.0,central_cap2,Central capped (2),144,13,31,4,29
85,need_based_to_competitive,Need-based → competitive,Competitive agents,0,0.0,central_cap2,Central capped (2),132,14,24,11,35
86,need_based_to_competitive,Need-based → competitive,Competitive agents,0,0.0,central_cap2,Central capped (2),143,22,17,7,34
87,need_based_to_competitive,Need-based → competitive,Competitive agents,0,0.0,central_cap2,Central capped (2),146,14,25,4,36
88,need_based_to_competitive,Need-based → competitive,Competitive agents,0,0.0,central_cap2,Central capped (2),102,11,19,16,26
89,need_based_to_competitive,Need-based → competitive,Competitive agents,0,0.0,central_cap2,Central capped (2),154,19,20,6,36
90,need_based_to_competitive,Need-based → competitive,Competitive agents,0,0.0,central_cap2,Central capped (2),154,25,16,9,38
91,need_based_to_competitive,Need-based → competitive,Competitive agents,0,0.0,central_cap2,Central capped (2),118,17,22,8,31
92,need_based_to_competitive,Need-based → competitive,Competitive agents,0,0.0,central_cap2,Central capped (2),149,15,30,11,38
93,need_based_to_competitive,Need-based → competitive,Competitive agents,0,0.0,central_cap2,Central capped (2),90,9,16,16,35
94,need_based_to_competitive,Need-based → competitive,Competitive agents,0,0.0,central_cap2,Central capped (2),130,14,19,10,35
95,need_based_to_competitive,Need-based → competitive,Competitive agents,0,0.0,central_cap2,Central capped (2),115,12,26,9,35
96,need_based_to_competitive,Need-based → competitive,Competitive agents,0,0.0,central_cap2,Central capped (2),135,17,21,11,33
97,need_based_to_competitive,Need-based → competitive,Competitive agents,0,0.0,central_cap2,Central capped (2),117,9,30,4,29
98,need_based_to_competitive,Need-based → competitive,Competitive agents,0,0.0,central_cap2,Central capped (2),100,6,27,12,30
99,need_based_to_competitive,Need-based → competitive,Competitive agents,0,0.0,central_cap2,Central capped (2),101,6,35,3,36
0,need_based_to_competitive,Need-based → competitive,Competitive agents,0,0.0,central_full,Central clearing,189,30,23,6,61
1,need_based_to_competitive,Need-based → competitive,Competitive agents,0,0.0,central_full,Central clearing,180,27,25,7,49
2,need_based_to_competitive,Need-based → competitive,Competitive agents,0,0.0,central_full,Central clearing,184,27,16,9,65
3,need_based_to_competitive,Need-based → competitive,Competitive agents,0,0.0,central_full,Central clearing,179,27,20,8,58
4,need_based_to_competitive,Need-based → competitive,Competitive agents,0,0.0,central_full,Central clearing,129,17,23,17,38
5,need_based_to_competitive,Need-based → competitive,Competitive agents,0,0.0,central_full,Central clearing,124,17,18,5,45
6,need_based_to_competitive,Need-based → competitive,Competitive agents,0,0.0,central_full,Central clearing,116,17,14,15,37
7,need_based_to_competitive,Need-based → competitive,Competitive agents,0,0.0,central_full,Central clearing,139,19,24,9,56
8,need_based_to_competitive,Need-based → competitive,Competitive agents,0,0.0,central_full,Central clearing,167,25,16,12,59
9,need_based_to_competitive,Need-based → competitive,Competitive agents,0,0.0,central_full,Central clearing,119,12,19,9,42
10,need_based_to_competitive,Need-based → competitive,Competitive agents,0,0.0,central_full,Central clearing,184,30,13,3,55
11,need_based_to_competitive,Need-based → competitive,Competitive agents,0,0.0,central_full,Central clearing,173,30,11,8,58
12,need_based_to_competitive,Need-based → competitive,Competitive agents,0,0.0,central_full,Central clearing,152,22,22,5,49
13,need_based_to_competitive,Need-based → competitive,Competitive agents,0,0.0,central_full,Central clearing,168,27,11,9,47
14,need_based_to_competitive,Need-based → competitive,Competitive agents,0,0.0,central_full,Central clearing,187,30,22,0,66
15,need_based_to_competitive,Need-based → competitive,Competitive agents,0,0.0,central_full,Central clearing,139,22,13,11,51
16,need_based_to_competitive,Need-based → competitive,Competitive agents,0,0.0,central_full,Central clearing,146,17,32,2,48
17,need_based_to_competitive,Need-based → competitive,Competitive agents,0,0.0,central_full,Central clearing,187,25,23,11,74
18,need_based_to_competitive,Need-based → competitive,Competitive agents,0,0.0,central_full,Central clearing,176,22,22,11,41
19,need_based_to_competitive,Need-based → competitive,Competitive agents,0,0.0,central_full,Central clearing,194,32,13,7,60
20,need_based_to_competitive,Need-based → competitive,Competitive agents,0,0.0,central_full,Central clearing,159,19,20,7,51
21,need_based_to_competitive,Need-based → competitive,Competitive agents,0,0.0,central_full,Central clearing,166,30,5,4,41
22,need_based_to_competitive,Need-based → competitive,Competitive agents,0,0.0,central_full,Central clearing,171,22,30,3,56
23,need_based_to_competitive,Need-based → competitive,Competitive agents,0,0.0,central_full,Central clearing,206,37,9,9,75
24,need_based_to_competitive,Need-based → competitive,Competitive agents,0,0.0,central_full,Central clearing,170,30,8,9,59
25,need_based_to_competitive,Need-based → competitive,Competitive agents,0,0.0,central_full,Central clearing,157,27,9,7,57
26,need_based_to_competitive,Need-based → competitive,Competitive agents,0,0.0,central_full,Central clearing,122,19,12,21,42
27,need_based_to_competitive,Need-based → competitive,Competitive agents,0,0.0,central_full,Central clearing,171,25,17,11,54
28,need_based_to_competitive,Need-based → competitive,Competitive agents,0,0.0,central_full,Central clearing,158,25,15,5,56
29,need_based_to_competitive,Need-based → competitive,Competitive agents,0,0.0,central_full,Central clearing,108,9,29,7,45
30,need_based_to_competitive,Need-based → competitive,Competitive agents,0,0.0,central_full,Central clearing,164,25,14,7,57
31,need_based_to_competitive,Need-based → competitive,Competitive agents,0,0.0,central_full,Central clearing,192,30,22,8,49
32,need_based_to_competitive,Need-based → competitive,Competitive agents,0,0.0,central_full,Central clearing,146,22,15,8,59
33,need_based_to_competitive,Need-based → competitive,Competitive agents,0,0.0,central_full,Central clearing,164,25,12,10,53
34,need_based_to_competitive,Need-based → competitive,Competitive agents,0,0.0,central_full,Central clearing,163,30,7,9,49
35,need_based_to_competitive,Need-based → competitive,Competitive agents,0,0.0,central_full,Central clearing,159,28,14,12,56
36,need_based_to_competitive,Need-based → competitive,Competitive agents,0,0.0,central_full,Central clearing,189,32,15,7,68
37,need_based_to_competitive,Need-based → competitive,Competitive agents,0,0.0,central_full,Central clearing,157,25,14,7,47
38,need_based_to_competitive,Need-based → competitive,Competitive agents,0,0.0,central_full,Central clearing,147,22,14,7,59
39,need_based_to_competitive,Need-based → competitive,Competitive agents,0,0.0,central_full,Central clearing,182,27,19,5,55
40,need_based_to_competitive,Need-based → competitive,Competitive agents,0,0.0,central_full,Central clearing,166,9,40,10,57
41,need_based_to_competitive,Need-based → competitive,Competitive agents,0,0.0,central_full,Central clearing,192,25,29,2,68
42,need_based_to_competitive,Need-based → competitive,Competitive agents,0,0.0,central_full,Central clearing,83,9,13,7,34
43,need_based_to_competitive,Need-based → competitive,Competitive agents,0,0.0,central_full,Central clearing,161,20,25,4,60
44,need_based_to_competitive,Need-based → competitive,Competitive agents,0,0.0,central_full,Central clearing,169,31,7,1,62
45,need_based_to_competitive,Need-based → competitive,Competitive agents,0,0.0,central_full,Central clearing,175,29,13,10,56
46,need_based_to_competitive,Need-based → competitive,Competitive agents,0,0.0,central_full,Central clearing,190,35,9,7,67
47,need_based_to_competitive,Need-based → competitive,Competitive agents,0,0.0,central_full,Central clearing,173,25,25,2,46
48,need_based_to_competitive,Need-based → competitive,Competitive agents,0,0.0,central_full,Central clearing,185,30,14,10,67
49,need_based_to_competitive,Need-based → competitive,Competitive agents,0,0.0,central_full,Central clearing,171,25,19,11,53
50,need_based_to_competitive,Need-based → competitive,Competitive agents,0,0.0,central_full,Central clearing,175,30,14,10,55
51,need_based_to_competitive,Need-based → competitive,Competitive agents,0,0.0,central_full,Central clearing,176,25,19,7,60
52,need_based_to_competitive,Need-based → competitive,Competitive agents,0,0.0,central_full,Central clearing,146,19,21,10,44
53,need_based_to_competitive,Need-based → competitive,Competitive agents,0,0.0,central_full,Central clearing,172,26,21,2,59
54,need_based_to_competitive,Need-based → competitive,Competitive agents,0,0.0,central_full,Central clearing,130,22,8,7,54
55,need_based_to_competitive,Need-based → competitive,Competitive agents,0,0.0,central_full,Central clearing,161,22,19,2,59
56,need_based_to_competitive,Need-based → competitive,Competitive agents,0,0.0,central_full,Central clearing,154,27,10,11,55
57,need_based_to_competitive,Need-based → competitive,Competitive agents,0,0.0,central_full,Central clearing,184,30,21,5,62
58,need_based_to_competitive,Need-based → competitive,Competitive agents,0,0.0,central_full,Central clearing,143,19,22,7,52
59,need_based_to_competitive,Need-based → competitive,Competitive agents,0,0.0,central_full,Central clearing,212,27,24,11,62
60,need_based_to_competitive,Need-based → competitive,Competitive agents,0,0.0,central_full,Central clearing,164,22,20,3,60
61,need_based_to_competitive,Need-based → competitive,Competitive agents,0,0.0,central_full,Central clearing,130,20,20,3,39
62,need_based_to_competitive,Need-based → competitive,Competitive agents,0,0.0,central_full,Central clearing,144,21,14,9,42
63,need_based_to_competitive,Need-based → competitive,Competitive agents,0,0.0,central_full,Central clearing,175,27,18,6,63
64,need_based_to_competitive,Need-based → competitive,Competitive agents,0,0.0,central_full,Central clearing,164,29,17,7,40
65,need_based_to_competitive,Need-based → competitive,Competitive agents,0,0.0,central_full,Central clearing,158,22,19,8,59
66,need_based_to_competitive,Need-based → competitive,Competitive agents,0,0.0,central_full,Central clearing,155,22,27,1,58
67,need_based_to_competitive,Need-based → competitive,Competitive agents,0,0.0,central_full,Central clearing,136,9,34,10,47
68,need_based_to_competitive,Need-based → competitive,Competitive agents,0,0.0,central_full,Central clearing,144,20,17,18,47
69,need_based_to_competitive,Need-based → competitive,Competitive agents,0,0.0,central_full,Central clearing,160,25,17,4,47
70,need_based_to_competitive,Need-based → competitive,Competitive agents,0,0.0,central_full,Central clearing,168,22,19,9,51
71,need_based_to_competitive,Need-based → competitive,Competitive agents,0,0.0,central_full,Central clearing,186,33,14,1,62
72,need_based_to_competitive,Need-based → competitive,Competitive agents,0,0.0,central_full,Central clearing,176,29,20,8,52
73,need_based_to_competitive,Need-based → competitive,Competitive agents,0,0.0,central_full,Central clearing,192,35,10,12,50
74,need_based_to_competitive,Need-based → competitive,Competitive agents,0,0.0,central_full,Central clearing,166,27,14,4,59
75,need_based_to_competitive,Need-based → competitive,Competitive agents,0,0.0,central_full,Central clearing,163,23,22,7,61
76,need_based_to_competitive,Need-based → competitive,Competitive agents,0,0.0,central_full,Central clearing,122,14,17,4,58
77,need_based_to_competitive,Need-based → competitive,Competitive agents,0,0.0,central_full,Central clearing,161,27,11,3,46
78,need_based_to_competitive,Need-based → competitive,Competitive agents,0,0.0,central_full,Central clearing,161,25,18,13,37
79,need_based_to_competitive,Need-based → competitive,Competitive agents,0,0.0,central_full,Central clearing,150,25,14,11,47
80,need_based_to_competitive,Need-based → competitive,Competitive agents,0,0.0,central_full,Central clearing,161,27,17,6,55
81,need_based_to_competitive,Need-based → competitive,Competitive agents,0,0.0,central_full,Central clearing,193,30,19,3,66
82,need_based_to_competitive,Need-based → competitive,Competitive agents,0,0.0,central_full,Central clearing,162,22,25,7,49
83,need_based_to_competitive,Need-based → competitive,Competitive agents,0,0.0,central_full,Central clearing,136,21,24,8,44
84,need_based_to_competitive,Need-based → competitive,Competitive agents,0,0.0,central_full,Central clearing,181,26,20,9,61
85,need_based_to_competitive,Need-based → competitive,Competitive agents,0,0.0,central_full,Central clearing,147,13,25,21,40
86,need_based_to_competitive,Need-based → competitive,Competitive agents,0,0.0,central_full,Central clearing,200,32,17,6,70
87,need_based_to_competitive,Need-based → competitive,Competitive agents,0,0.0,central_full,Central clearing,141,19,25,6,49
88,need_based_to_competitive,Need-based → competitive,Competitive agents,0,0.0,central_full,Central clearing,108,14,13,8,35
89,need_based_to_competitive,Need-based → competitive,Competitive agents,0,0.0,central_full,Central clearing,150,19,22,15,57
90,need_based_to_competitive,Need-based → competitive,Competitive agents,0,0.0,central_full,Central clearing,169,29,15,10,52
91,need_based_to_competitive,Need-based → competitive,Competitive agents,0,0.0,central_full,Central clearing,150,22,14,7,49
92,need_based_to_competitive,Need-based → competitive,Competitive agents,0,0.0,central_full,Central clearing,204,30,23,9,70
93,need_based_to_competitive,Need-based → competitive,Competitive agents,0,0.0,central_full,Central clearing,109,17,10,8,46
94,need_based_to_competitive,Need-based → competitive,Competitive agents,0,0.0,central_full,Central clearing,173,23,27,6,42
95,need_based_to_competitive,Need-based → competitive,Competitive agents,0,0.0,central_full,Central clearing,186,33,11,7,62
96,need_based_to_competitive,Need-based → competitive,Competitive agents,0,0.0,central_full,Central clearing,182,30,16,6,51
97,need_based_to_competitive,Need-based → competitive,Competitive agents,0,0.0,central_full,Central clearing,129,14,27,6,47
98,need_based_to_competitive,Need-based → competitive,Competitive agents,0,0.0,central_full,Central clearing,165,25,15,8,53
99,need_based_to_competitive,Need-based → competitive,Competitive agents,0,0.0,central_full,Central clearing,161,19,25,7,64
0,need_based_to_competitive,Need-based → competitive,Competitive agents,0,0.0,equity_central,Equity central,181,25,22,8,57
1,need_based_to_competitive,Need-based → competitive,Competitive agents,0,0.0,equity_central,Equity central,180,27,25,7,52
2,need_based_to_competitive,Need-based → competitive,Competitive agents,0,0.0,equity_central,Equity central,175,27,15,8,68
3,need_based_to_competitive,Need-based → competitive,Competitive agents,0,0.0,equity_central,Equity central,178,27,18,6,56
4,need_based_to_competitive,Need-based → competitive,Competitive agents,0,0.0,equity_central,Equity central,139,22,19,5,45
5,need_based_to_competitive,Need-based → competitive,Competitive agents,0,0.0,equity_central,Equity central,125,22,7,7,54
6,need_based_to_competitive,Need-based → competitive,Competitive agents,0,0.0,equity_central,Equity central,104,15,13,15,34
7,need_based_to_competitive,Need-based → competitive,Competitive agents,0,0.0,equity_central,Equity central,116,17,13,10,40
8,need_based_to_competitive,Need-based → competitive,Competitive agents,0,0.0,equity_central,Equity central,190,30,18,5,65
9,need_based_to_competitive,Need-based → competitive,Competitive agents,0,0.0,equity_central,Equity central,112,20,5,7,48
10,need_based_to_competitive,Need-based → competitive,Competitive agents,0,0.0,equity_central,Equity central,153,27,12,9,58
11,need_based_to_competitive,Need-based → competitive,Competitive agents,0,0.0,equity_central,Equity central,180,33,6,2,60
12,need_based_to_competitive,Need-based → competitive,Competitive agents,0,0.0,equity_central,Equity central,144,22,15,7,49
13,need_based_to_competitive,Need-based → competitive,Competitive agents,0,0.0,equity_central,Equity central,166,27,11,8,52
14,need_based_to_competitive,Need-based → competitive,Competitive agents,0,0.0,equity_central,Equity central,182,27,22,5,62
15,need_based_to_competitive,Need-based → competitive,Competitive agents,0,0.0,equity_central,Equity central,138,19,23,6,56
16,need_based_to_competitive,Need-based → competitive,Competitive agents,0,0.0,equity_central,Equity central,163,22,17,8,54
17,need_based_to_competitive,Need-based → competitive,Competitive agents,0,0.0,equity_central,Equity central,159,22,26,6,62
18,need_based_to_competitive,Need-based → competitive,Competitive agents,0,0.0,equity_central,Equity central,188,30,16,6,46
19,need_based_to_competitive,Need-based → competitive,Competitive agents,0,0.0,equity_central,Equity central,203,35,16,7,61
20,need_based_to_competitive,Need-based → competitive,Competitive agents,0,0.0,equity_central,Equity central,145,17,26,3,47
21,need_based_to_competitive,Need-based → competitive,Competitive agents,0,0.0,equity_central,Equity central,166,30,5,4,41
22,need_based_to_competitive,Need-based → competitive,Competitive agents,0,0.0,equity_central,Equity central,169,27,16,9,65
23,need_based_to_competitive,Need-based → competitive,Competitive agents,0,0.0,equity_central,Equity central,206,36,9,9,71
24,need_based_to_competitive,Need-based → competitive,Competitive agents,0,0.0,equity_central,Equity central,125,22,6,8,51
25,need_based_to_competitive,Need-based → competitive,Competitive agents,0,0.0,equity_central,Equity central,180,30,11,2,57
26,need_based_to_competitive,Need-based → competitive,Competitive agents,0,0.0,equity_central,Equity central,117,19,12,20,42
27,need_based_to_competitive,Need-based → competitive,Competitive agents,0,0.0,equity_central,Equity central,171,22,20,10,55
28,need_based_to_competitive,Need-based → competitive,Competitive agents,0,0.0,equity_central,Equity central,155,25,16,4,48
29,need_based_to_competitive,Need-based → competitive,Competitive agents,0,0.0,equity_central,Equity central,152,19,20,9,48
30,need_based_to_competitive,Need-based → competitive,Competitive agents,0,0.0,equity_central,Equity central,167,25,17,7,51
31,need_based_to_competitive,Need-based → competitive,Competitive agents,0,0.0,equity_central,Equity central,188,30,20,5,50
32,need_based_to_competitive,Need-based → competitive,Competitive agents,0,0.0,equity_central,Equity central,137,22,14,6,50
33,need_based_to_competitive,Need-based → competitive,Competitive agents,0,0.0,equity_central,Equity central,121,20,9,17,32
34,need_based_to_competitive,Need-based → competitive,Competitive agents,0,0.0,equity_central,Equity central,138,22,13,8,55
35,need_based_to_competitive,Need-based → competitive,Competitive agents,0,0.0,equity_central,Equity central,135,18,20,7,47
36,need_based_to_competitive,Need-based → competitive,Competitive agents,0,0.0,equity_central,Equity central,188,33,8,15,68
37,need_based_to_competitive,Need-based → competitive,Competitive agents,0,0.0,equity_central,Equity central,162,25,20,15,50
38,need_based_to_competitive,Need-based → competitive,Competitive agents,0,0.0,equity_central,Equity central,136,22,9,4,54
39,need_based_to_competitive,Need-based → competitive,Competitive agents,0,0.0,equity_central,Equity central,205,38,7,8,62
40,need_based_to_competitive,Need-based → competitive,Competitive agents,0,0.0,equity_central,Equity central,188,30,18,9,69
41,need_based_to_competitive,Need-based → competitive,Competitive agents,0,0.0,equity_central,Equity central,164,25,22,7,50
42,need_based_to_competitive,Need-based → competitive,Competitive agents,0,0.0,equity_central,Equity central,88,14,11,12,37
43,need_based_to_competitive,Need-based → competitive,Competitive agents,0,0.0,equity_central,Equity central,157,25,13,8,58
44,need_based_to_competitive,Need-based → competitive,Competitive agents,0,0.0,equity_central,Equity central,139,22,12,12,55
45,need_based_to_competitive,Need-based → competitive,Competitive agents,0,0.0,equity_central,Equity central,176,28,14,5,60
46,need_based_to_competitive,Need-based → competitive,Competitive agents,0,0.0,equity_central,Equity central,182,30,16,7,63
47,need_based_to_competitive,Need-based → competitive,Competitive agents,0,0.0,equity_central,Equity central,169,25,15,4,47
48,need_based_to_competitive,Need-based → competitive,Competitive agents,0,0.0,equity_central,Equity central,185,25,27,4,57
49,need_based_to_competitive,Need-based → competitive,Competitive agents,0,0.0,equity_central,Equity central,178,33,6,6,48
50,need_based_to_competitive,Need-based → competitive,Competitive agents,0,0.0,equity_central,Equity central,167,27,21,10,59
51,need_based_to_competitive,Need-based → competitive,Competitive agents,0,0.0,equity_central,Equity central,183,27,14,6,53
52,need_based_to_competitive,Need-based → competitive,Competitive agents,0,0.0,equity_central,Equity central,107,14,18,18,42
53,need_based_to_competitive,Need-based → competitive,Competitive agents,0,0.0,equity_central,Equity central,144,22,14,7,46
54,need_based_to_competitive,Need-based → competitive,Competitive agents,0,0.0,equity_central,Equity central,158,27,10,6,40
55,need_based_to_competitive,Need-based → competitive,Competitive agents,0,0.0,equity_central,Equity central,160,22,26,4,54
56,need_based_to_competitive,Need-based → competitive,Competitive agents,0,0.0,equity_central,Equity central,139,22,11,7,46
57,need_based_to_competitive,Need-based → competitive,Competitive agents,0,0.0,equity_central,Equity central,177,30,12,6,61
58,need_based_to_competitive,Need-based → competitive,Competitive agents,0,0.0,equity_central,Equity central,147,19,25,6,54
59,need_based_to_competitive,Need-based → competitive,Competitive agents,0,0.0,equity_central,Equity central,191,30,16,10,64
60,need_based_to_competitive,Need-based → competitive,Competitive agents,0,0.0,equity_central,Equity central,148,22,14,9,51
61,need_based_to_competitive,Need-based → competitive,Competitive agents,0,0.0,equity_central,Equity central,139,20,19,6,42
62,need_based_to_competitive,Need-based → competitive,Competitive agents,0,0.0,equity_central,Equity central,138,25,8,11,39
63,need_based_to_competitive,Need-based → competitive,Competitive agents,0,0.0,equity_central,Equity central,180,26,20,7,66
64,need_based_to_competitive,Need-based → competitive,Competitive agents,0,0.0,equity_central,Equity central,187,33,9,4,51
65,need_based_to_competitive,Need-based → competitive,Competitive agents,0,0.0,equity_central,Equity central,144,26,5,5,58
66,need_based_to_competitive,Need-based → competitive,Competitive agents,0,0.0,equity_central,Equity central,145,22,25,3,49
67,need_based_to_competitive,Need-based → competitive,Competitive agents,0,0.0,equity_central,Equity central,140,17,22,8,51
68,need_based_to_competitive,Need-based → competitive,Competitive agents,0,0.0,equity_central,Equity central,146,22,11,10,43
69,need_based_to_competitive,Need-based → competitive,Competitive agents,0,0.0,equity_central,Equity central,145,22,16,13,51
70,need_based_to_competitive,Need-based → competitive,Competitive agents,0,0.0,equity_central,Equity central,169,25,18,7,46
71,need_based_to_competitive,Need-based → competitive,Competitive agents,0,0.0,equity_central,Equity central,174,30,8,7,60
72,need_based_to_competitive,Need-based → competitive,Competitive agents,0,0.0,equity_central,Equity central,181,30,17,6,57
73,need_based_to_competitive,Need-based → competitive,Competitive agents,0,0.0,equity_central,Equity central,181,30,11,13,49
74,need_based_to_competitive,Need-based → competitive,Competitive agents,0,0.0,equity_central,Equity central,162,27,11,7,57
75,need_based_to_competitive,Need-based → competitive,Competitive agents,0,0.0,equity_central,Equity central,158,27,16,12,57
76,need_based_to_competitive,Need-based → competitive,Competitive agents,0,0.0,equity_central,Equity central,165,25,22,4,59
77,need_based_to_competitive,Need-based → competitive,Competitive agents,0,0.0,equity_central,Equity central,138,19,12,7,54
78,need_based_to_competitive,Need-based → competitive,Competitive agents,0,0.0,equity_central,Equity central,169,25,20,12,50
79,need_based_to_competitive,Need-based → competitive,Competitive agents,0,0.0,equity_central,Equity central,149,27,6,10,56
80,need_based_to_competitive,Need-based → competitive,Competitive agents,0,0.0,equity_central,Equity central,173,31,8,8,56
81,need_based_to_competitive,Need-based → competitive,Competitive agents,0,0.0,equity_central,Equity central,199,35,13,4,64
82,need_based_to_competitive,Need-based → competitive,Competitive agents,0,0.0,equity_central,Equity central,169,22,25,9,63
83,need_based_to_competitive,Need-based → competitive,Competitive agents,0,0.0,equity_central,Equity central,81,6,32,20,33
84,need_based_to_competitive,Need-based → competitive,Competitive agents,0,0.0,equity_central,Equity central,188,29,17,7,61
85,need_based_to_competitive,Need-based → competitive,Competitive agents,0,0.0,equity_central,Equity central,134,13,20,16,48
86,need_based_to_competitive,Need-based → competitive,Competitive agents,0,0.0,equity_central,Equity central,168,28,16,8,58
87,need_based_to_competitive,Need-based → competitive,Competitive agents,0,0.0,equity_central,Equity central,117,14,22,8,42
88,need_based_to_competitive,Need-based → competitive,Competitive agents,0,0.0,equity_central,Equity central,81,11,14,13,25
89,need_based_to_competitive,Need-based → competitive,Competitive agents,0,0.0,equity_central,Equity central,158,22,18,15,58
90,need_based_to_competitive,Need-based → competitive,Competitive agents,0,0.0,equity_central,Equity central,127,17,13,12,43
91,need_based_to_competitive,Need-based → competitive,Competitive agents,0,0.0,equity_central,Equity central,147,22,16,14,49
92,need_based_to_competitive,Need-based → competitive,Competitive agents,0,0.0,equity_central,Equity central,191,30,14,10,64
93,need_based_to_competitive,Need-based → competitive,Competitive agents,0,0.0,equity_central,Equity central,111,19,8,11,46
94,need_based_to_competitive,Need-based → competitive,Competitive agents,0,0.0,equity_central,Equity central,182,30,16,3,53
95,need_based_to_competitive,Need-based → competitive,Competitive agents,0,0.0,equity_central,Equity central,155,22,29,7,38
96,need_based_to_competitive,Need-based → competitive,Competitive agents,0,0.0,equity_central,Equity central,171,22,23,10,61
97,need_based_to_competitive,Need-based → competitive,Competitive agents,0,0.0,equity_central,Equity central,127,19,17,6,49
98,need_based_to_competitive,Need-based → competitive,Competitive agents,0,0.0,equity_central,Equity central,153,17,21,7,48
99,need_based_to_competitive,Need-based → competitive,Competitive agents,0,0.0,equity_central,Equity central,165,22,23,10,57
0,need_based_to_competitive,Need-based → competitive,Competitive agents,1,0.2,no_trade,No trade,56,2,35,12,0
1,need_based_to_competitive,Need-based → competitive,Competitive agents,1,0.2,no_trade,No trade,28,2,13,11,0
2,need_based_to_competitive,Need-based → competitive,Competitive agents,1,0.2,no_trade,No trade,22,2,7,12,0
3,need_based_to_competitive,Need-based → competitive,Competitive agents,1,0.2,no_trade,No trade,12,0,6,14,0
4,need_based_to_competitive,Need-based → competitive,Competitive agents,1,0.2,no_trade,No trade,21,3,3,11,0
5,need_based_to_competitive,Need-based → competitive,Competitive agents,1,0.2,no_trade,No trade,13,1,5,5,0
6,need_based_to_competitive,Need-based → competitive,Competitive agents,1,0.2,no_trade,No trade,52,3,17,8,0
7,need_based_to_competitive,Need-based → competitive,Competitive agents,1,0.2,no_trade,No trade,36,3,8,10,0
8,need_based_to_competitive,Need-based → competitive,Competitive agents,1,0.2,no_trade,No trade,36,0,15,11,0
9,need_based_to_competitive,Need-based → competitive,Competitive agents,1,0.2,no_trade,No trade,39,3,10,11,0
10,need_based_to_competitive,Need-based → competitive,Competitive agents,1,0.2,no_trade,No trade,25,2,7,22,0
11,need_based_to_competitive,Need-based → competitive,Competitive agents,1,0.2,no_trade,No trade,34,3,12,26,0
12,need_based_to_competitive,Need-based → competitive,Competitive agents,1,0.2,no_trade,No trade,44,1,25,11,0
13,need_based_to_competitive,Need-based → competitive,Competitive agents,1,0.2,no_trade,No trade,30,0,20,16,0
14,need_based_to_competitive,Need-based → competitive,Competitive agents,1,0.2,no_trade,No trade,18,0,9,15,0
15,need_based_to_competitive,Need-based → competitive,Competitive agents,1,0.2,no_trade,No trade,27,1,10,14,0
16,need_based_to_competitive,Need-based → competitive,Competitive agents,1,0.2,no_trade,No trade,37,0,26,16,0
17,need_based_to_competitive,Need-based → competitive,Competitive agents,1,0.2,no_trade,No trade,39,1,19,22,0
18,need_based_to_competitive,Need-based → competitive,Competitive agents,1,0.2,no_trade,No trade,44,3,23,12,0
19,need_based_to_competitive,Need-based → competitive,Competitive agents,1,0.2,no_trade,No trade,34,2,11,16,0
20,need_based_to_competitive,Need-based → competitive,Competitive agents,1,0.2,no_trade,No trade,19,2,4,16,0
21,need_based_to_competitive,Need-based → competitive,Competitive agents,1,0.2,no_trade,No trade,31,2,10,14,0
22,need_based_to_competitive,Need-based → competitive,Competitive agents,1,0.2,no_trade,No trade,28,2,12,21,0
23,need_based_to_competitive,Need-based → competitive,Competitive agents,1,0.2,no_trade,No trade,27,2,8,20,0
24,need_based_to_competitive,Need-based → competitive,Competitive agents,1,0.2,no_trade,No trade,33,3,15,9,0
25,need_based_to_competitive,Need-based → competitive,Competitive agents,1,0.2,no_trade,No trade,33,2,15,14,0
26,need_based_to_competitive,Need-based → competitive,Competitive agents,1,0.2,no_trade,No trade,25,1,8,13,0
27,need_based_to_competitive,Need-based → competitive,Competitive agents,1,0.2,no_trade,No trade,23,1,6,19,0
28,need_based_to_competitive,Need-based → competitive,Competitive agents,1,0.2,no_trade,No trade,33,1,16,20,0
29,need_based_to_competitive,Need-based → competitive,Competitive agents,1,0.2,no_trade,No trade,36,2,21,17,0
30,need_based_to_competitive,Need-based → competitive,Competitive agents,1,0.2,no_trade,No trade,45,1,16,7,0
31,need_based_to_competitive,Need-based → competitive,Competitive agents,1,0.2,no_trade,No trade,45,3,13,6,0
32,need_based_to_competitive,Need-based → competitive,Competitive agents,1,0.2,no_trade,No trade,25,2,7,15,0
33,need_based_to_competitive,Need-based → competitive,Competitive agents,1,0.2,no_trade,No trade,42,1,30,19,0
34,need_based_to_competitive,Need-based → competitive,Competitive agents,1,0.2,no_trade,No trade,37,3,11,17,0
35,need_based_to_competitive,Need-based → competitive,Competitive agents,1,0.2,no_trade,No trade,28,1,8,11,0
36,need_based_to_competitive,Need-based → competitive,Competitive agents,1,0.2,no_trade,No trade,24,2,7,14,0
37,need_based_to_competitive,Need-based → competitive,Competitive agents,1,0.2,no_trade,No trade,21,2,7,14,0
38,need_based_to_competitive,Need-based → competitive,Competitive agents,1,0.2,no_trade,No trade,23,3,3,7,0
39,need_based_to_competitive,Need-based → competitive,Competitive agents,1,0.2,no_trade,No trade,32,1,13,16,0
40,need_based_to_competitive,Need-based → competitive,Competitive agents,1,0.2,no_trade,No trade,34,1,14,9,0
41,need_based_to_competitive,Need-based → competitive,Competitive agents,1,0.2,no_trade,No trade,35,2,19,16,0
42,need_based_to_competitive,Need-based → competitive,Competitive agents,1,0.2,no_trade,No trade,27,3,3,10,0
43,need_based_to_competitive,Need-based → competitive,Competitive agents,1,0.2,no_trade,No trade,36,2,19,20,0
44,need_based_to_competitive,Need-based → competitive,Competitive agents,1,0.2,no_trade,No trade,40,3,19,15,0
45,need_based_to_competitive,Need-based → competitive,Competitive agents,1,0.2,no_trade,No trade,31,2,14,17,0
46,need_based_to_competitive,Need-based → competitive,Competitive agents,1,0.2,no_trade,No trade,32,1,20,14,0
47,need_based_to_competitive,Need-based → competitive,Competitive agents,1,0.2,no_trade,No trade,20,2,4,19,0
48,need_based_to_competitive,Need-based → competitive,Competitive agents,1,0.2,no_trade,No trade,22,1,8,12,0
49,need_based_to_competitive,Need-based → competitive,Competitive agents,1,0.2,no_trade,No trade,47,3,14,16,0
50,need_based_to_competitive,Need-based → competitive,Competitive agents,1,0.2,no_trade,No trade,29,2,10,13,0
51,need_based_to_competitive,Need-based → competitive,Competitive agents,1,0.2,no_trade,No trade,29,2,12,28,0
52,need_based_to_competitive,Need-based → competitive,Competitive agents,1,0.2,no_trade,No trade,24,1,11,16,0
53,need_based_to_competitive,Need-based → competitive,Competitive agents,1,0.2,no_trade,No trade,25,3,5,23,0
54,need_based_to_competitive,Need-based → competitive,Competitive agents,1,0.2,no_trade,No trade,18,2,4,27,0
55,need_based_to_competitive,Need-based → competitive,Competitive agents,1,0.2,no_trade,No trade,17,1,5,18,0
56,need_based_to_competitive,Need-based → competitive,Competitive agents,1,0.2,no_trade,No trade,35,2,16,18,0
57,need_based_to_competitive,Need-based → competitive,Competitive agents,1,0.2,no_trade,No trade,34,3,13,22,0
58,need_based_to_competitive,Need-based → competitive,Competitive agents,1,0.2,no_trade,No trade,16,0,6,9,0
59,need_based_to_competitive,Need-based → competitive,Competitive agents,1,0.2,no_trade,No trade,29,2,13,13,0
60,need_based_to_competitive,Need-based → competitive,Competitive agents,1,0.2,no_trade,No trade,22,3,3,23,0
61,need_based_to_competitive,Need-based → competitive,Competitive agents,1,0.2,no_trade,No trade,25,3,4,15,0
62,need_based_to_competitive,Need-based → competitive,Competitive agents,1,0.2,no_trade,No trade,30,1,20,23,0
63,need_based_to_competitive,Need-based → competitive,Competitive agents,1,0.2,no_trade,No trade,18,1,5,7,0
64,need_based_to_competitive,Need-based → competitive,Competitive agents,1,0.2,no_trade,No trade,40,1,23,16,0
65,need_based_to_competitive,Need-based → competitive,Competitive agents,1,0.2,no_trade,No trade,22,3,3,21,0
66,need_based_to_competitive,Need-based → competitive,Competitive agents,1,0.2,no_trade,No trade,35,2,13,16,0
67,need_based_to_competitive,Need-based → competitive,Competitive agents,1,0.2,no_trade,No trade,33,2,10,20,0
68,need_based_to_competitive,Need-based → competitive,Competitive agents,1,0.2,no_trade,No trade,36,3,9,15,0
69,need_based_to_competitive,Need-based → competitive,Competitive agents,1,0.2,no_trade,No trade,30,1,11,19,0
70,need_based_to_competitive,Need-based → competitive,Competitive agents,1,0.2,no_trade,No trade,30,3,7,18,0
71,need_based_to_competitive,Need-based → competitive,Competitive agents,1,0.2,no_trade,No trade,17,2,4,17,0
72,need_based_to_competitive,Need-based → competitive,Competitive agents,1,0.2,no_trade,No trade,37,3,15,18,0
73,need_based_to_competitive,Need-based → competitive,Competitive agents,1,0.2,no_trade,No trade,47,1,19,17,0
74,need_based_to_competitive,Need-based → competitive,Competitive agents,1,0.2,no_trade,No trade,30,0,9,11,0
75,need_based_to_competitive,Need-based → competitive,Competitive agents,1,0.2,no_trade,No trade,24,1,11,10,0
76,need_based_to_competitive,Need-based → competitive,Competitive agents,1,0.2,no_trade,No trade,18,1,8,12,0
77,need_based_to_competitive,Need-based → competitive,Competitive agents,1,0.2,no_trade,No trade,27,3,6,8,0
78,need_based_to_competitive,Need-based → competitive,Competitive agents,1,0.2,no_trade,No trade,31,3,9,18,0
79,need_based_to_competitive,Need-based → competitive,Competitive agents,1,0.2,no_trade,No trade,22,1,8,23,0
80,need_based_to_competitive,Need-based → competitive,Competitive agents,1,0.2,no_trade,No trade,51,4,20,14,0
81,need_based_to_competitive,Need-based → competitive,Competitive agents,1,0.2,no_trade,No trade,34,0,11,15,0
82,need_based_to_competitive,Need-based → competitive,Competitive agents,1,0.2,no_trade,No trade,37,1,22,22,0
83,need_based_to_competitive,Need-based → competitive,Competitive agents,1,0.2,no_trade,No trade,37,3,11,13,0
84,need_based_to_competitive,Need-based → competitive,Competitive agents,1,0.2,no_trade,No trade,35,2,13,14,0
85,need_based_to_competitive,Need-based → competitive,Competitive agents,1,0.2,no_trade,No trade,31,0,12,18,0
86,need_based_to_competitive,Need-based → competitive,Competitive agents,1,0.2,no_trade,No trade,16,0,6,23,0
87,need_based_to_competitive,Need-based → competitive,Competitive agents,1,0.2,no_trade,No trade,18,1,5,19,0
88,need_based_to_competitive,Need-based → competitive,Competitive agents,1,0.2,no_trade,No trade,27,3,6,13,0
89,need_based_to_competitive,Need-based → competitive,Competitive agents,1,0.2,no_trade,No trade,31,1,15,8,0
90,need_based_to_competitive,Need-based → competitive,Competitive agents,1,0.2,no_trade,No trade,21,1,5,18,0
91,need_based_to_competitive,Need-based → competitive,Competitive agents,1,0.2,no_trade,No trade,39,3,10,18,0
92,need_based_to_competitive,Need-based → competitive,Competitive agents,1,0.2,no_trade,No trade,24,1,8,13,0
93,need_based_to_competitive,Need-based → competitive,Competitive agents,1,0.2,no_trade,No trade,16,1,5,17,0
94,need_based_to_competitive,Need-based → competitive,Competitive agents,1,0.2,no_trade,No trade,27,3,9,19,0
95,need_based_to_competitive,Need-based → competitive,Competitive agents,1,0.2,no_trade,No trade,24,3,4,29,0
96,need_based_to_competitive,Need-based → competitive,Competitive agents,1,0.2,no_trade,No trade,35,2,11,14,0
97,need_based_to_competitive,Need-based → competitive,Competitive agents,1,0.2,no_trade,No trade,24,1,8,17,0
98,need_based_to_competitive,Need-based → competitive,Competitive agents,1,0.2,no_trade,No trade,19,3,3,30,0
99,need_based_to_competitive,Need-based → competitive,Competitive agents,1,0.2,no_trade,No trade,34,2,10,17,0
0,need_based_to_competitive,Need-based → competitive,Competitive agents,1,0.2,bilateral_3pass,Bilateral 3-pass,158,14,29,10,36
1,need_based_to_competitive,Need-based → competitive,Competitive agents,1,0.2,bilateral_3pass,Bilateral 3-pass,85,6,23,10,29
2,need_based_to_competitive,Need-based → competitive,Competitive agents,1,0.2,bilateral_3pass,Bilateral 3-pass,115,9,30,11,25
3,need_based_to_competitive,Need-based → competitive,Competitive agents,1,0.2,bilateral_3pass,Bilateral 3-pass,123,9,38,8,31
4,need_based_to_competitive,Need-based → competitive,Competitive agents,1,0.2,bilateral_3pass,Bilateral 3-pass,149,19,22,13,42
5,need_based_to_competitive,Need-based → competitive,Competitive agents,1,0.2,bilateral_3pass,Bilateral 3-pass,126,17,16,8,44
6,need_based_to_competitive,Need-based → competitive,Competitive agents,1,0.2,bilateral_3pass,Bilateral 3-pass,62,3,17,26,34
7,need_based_to_competitive,Need-based → competitive,Competitive agents,1,0.2,bilateral_3pass,Bilateral 3-pass,133,14,20,6,37
8,need_based_to_competitive,Need-based → competitive,Competitive agents,1,0.2,bilateral_3pass,Bilateral 3-pass,177,14,37,15,40
9,need_based_to_competitive,Need-based → competitive,Competitive agents,1,0.2,bilateral_3pass,Bilateral 3-pass,128,9,30,12,30
10,need_based_to_competitive,Need-based → competitive,Competitive agents,1,0.2,bilateral_3pass,Bilateral 3-pass,139,6,40,9,40
11,need_based_to_competitive,Need-based → competitive,Competitive agents,1,0.2,bilateral_3pass,Bilateral 3-pass,142,11,34,19,38
12,need_based_to_competitive,Need-based → competitive,Competitive agents,1,0.2,bilateral_3pass,Bilateral 3-pass,128,19,19,9,38
13,need_based_to_competitive,Need-based → competitive,Competitive agents,1,0.2,bilateral_3pass,Bilateral 3-pass,148,14,27,8,36
14,need_based_to_competitive,Need-based → competitive,Competitive agents,1,0.2,bilateral_3pass,Bilateral 3-pass,165,27,13,17,46
15,need_based_to_competitive,Need-based → competitive,Competitive agents,1,0.2,bilateral_3pass,Bilateral 3-pass,105,6,33,5,38
16,need_based_to_competitive,Need-based → competitive,Competitive agents,1,0.2,bilateral_3pass,Bilateral 3-pass,114,14,16,7,39
17,need_based_to_competitive,Need-based → competitive,Competitive agents,1,0.2,bilateral_3pass,Bilateral 3-pass,133,5,39,14,39
18,need_based_to_competitive,Need-based → competitive,Competitive agents,1,0.2,bilateral_3pass,Bilateral 3-pass,130,6,43,7,37
19,need_based_to_competitive,Need-based → competitive,Competitive agents,1,0.2,bilateral_3pass,Bilateral 3-pass,161,22,22,15,38
20,need_based_to_competitive,Need-based → competitive,Competitive agents,1,0.2,bilateral_3pass,Bilateral 3-pass,151,9,30,6,43
21,need_based_to_competitive,Need-based → competitive,Competitive agents,1,0.2,bilateral_3pass,Bilateral 3-pass,163,17,34,9,42
22,need_based_to_competitive,Need-based → competitive,Competitive agents,1,0.2,bilateral_3pass,Bilateral 3-pass,150,20,27,6,42
23,need_based_to_competitive,Need-based → competitive,Competitive agents,1,0.2,bilateral_3pass,Bilateral 3-pass,134,17,22,7,40
24,need_based_to_competitive,Need-based → competitive,Competitive agents,1,0.2,bilateral_3pass,Bilateral 3-pass,154,20,19,13,34
25,need_based_to_competitive,Need-based → competitive,Competitive agents,1,0.2,bilateral_3pass,Bilateral 3-pass,163,22,19,12,47
26,need_based_to_competitive,Need-based → competitive,Competitive agents,1,0.2,bilateral_3pass,Bilateral 3-pass,149,21,17,11,32
27,need_based_to_competitive,Need-based → competitive,Competitive agents,1,0.2,bilateral_3pass,Bilateral 3-pass,122,14,24,15,30
28,need_based_to_competitive,Need-based → competitive,Competitive agents,1,0.2,bilateral_3pass,Bilateral 3-pass,126,2,38,19,38
29,need_based_to_competitive,Need-based → competitive,Competitive agents,1,0.2,bilateral_3pass,Bilateral 3-pass,116,14,27,10,38
30,need_based_to_competitive,Need-based → competitive,Competitive agents,1,0.2,bilateral_3pass,Bilateral 3-pass,154,14,28,11,51
31,need_based_to_competitive,Need-based → competitive,Competitive agents,1,0.2,bilateral_3pass,Bilateral 3-pass,125,14,31,6,42
32,need_based_to_competitive,Need-based → competitive,Competitive agents,1,0.2,bilateral_3pass,Bilateral 3-pass,124,14,27,6,39
33,need_based_to_competitive,Need-based → competitive,Competitive agents,1,0.2,bilateral_3pass,Bilateral 3-pass,115,11,23,13,35
34,need_based_to_competitive,Need-based → competitive,Competitive agents,1,0.2,bilateral_3pass,Bilateral 3-pass,124,9,24,13,35
35,need_based_to_competitive,Need-based → competitive,Competitive agents,1,0.2,bilateral_3pass,Bilateral 3-pass,125,17,16,18,42
36,need_based_to_competitive,Need-based → competitive,Competitive agents,1,0.2,bilateral_3pass,Bilateral 3-pass,130,12,24,16,36
37,need_based_to_competitive,Need-based → competitive,Competitive agents,1,0.2,bilateral_3pass,Bilateral 3-pass,145,12,37,9,47
38,need_based_to_competitive,Need-based → competitive,Competitive agents,1,0.2,bilateral_3pass,Bilateral 3-pass,149,19,18,11,47
39,need_based_to_competitive,Need-based → competitive,Competitive agents,1,0.2,bilateral_3pass,Bilateral 3-pass,109,14,16,9,35
40,need_based_to_competitive,Need-based → competitive,Competitive agents,1,0.2,bilateral_3pass,Bilateral 3-pass,91,11,18,15,28
41,need_based_to_competitive,Need-based → competitive,Competitive agents,1,0.2,bilateral_3pass,Bilateral 3-pass,141,12,48,4,32
42,need_based_to_competitive,Need-based → competitive,Competitive agents,1,0.2,bilateral_3pass,Bilateral 3-pass,127,19,22,8,44
43,need_based_to_competitive,Need-based → competitive,Competitive agents,1,0.2,bilateral_3pass,Bilateral 3-pass,177,30,16,3,43
44,need_based_to_competitive,Need-based → competitive,Competitive agents,1,0.2,bilateral_3pass,Bilateral 3-pass,124,17,22,13,32
45,need_based_to_competitive,Need-based → competitive,Competitive agents,1,0.2,bilateral_3pass,Bilateral 3-pass,104,9,40,13,36
46,need_based_to_competitive,Need-based → competitive,Competitive agents,1,0.2,bilateral_3pass,Bilateral 3-pass,103,11,25,11,42
47,need_based_to_competitive,Need-based → competitive,Competitive agents,1,0.2,bilateral_3pass,Bilateral 3-pass,62,9,8,15,25
48,need_based_to_competitive,Need-based → competitive,Competitive agents,1,0.2,bilateral_3pass,Bilateral 3-pass,114,6,41,15,45
49,need_based_to_competitive,Need-based → competitive,Competitive agents,1,0.2,bilateral_3pass,Bilateral 3-pass,126,11,23,8,28
50,need_based_to_competitive,Need-based → competitive,Competitive agents,1,0.2,bilateral_3pass,Bilateral 3-pass,103,6,33,18,32
51,need_based_to_competitive,Need-based → competitive,Competitive agents,1,0.2,bilateral_3pass,Bilateral 3-pass,147,9,37,5,22
52,need_based_to_competitive,Need-based → competitive,Competitive agents,1,0.2,bilateral_3pass,Bilateral 3-pass,79,4,30,18,34
53,need_based_to_competitive,Need-based → competitive,Competitive agents,1,0.2,bilateral_3pass,Bilateral 3-pass,153,22,18,11,37
54,need_based_to_competitive,Need-based → competitive,Competitive agents,1,0.2,bilateral_3pass,Bilateral 3-pass,126,12,30,5,31
55,need_based_to_competitive,Need-based → competitive,Competitive agents,1,0.2,bilateral_3pass,Bilateral 3-pass,134,6,34,7,38
56,need_based_to_competitive,Need-based → competitive,Competitive agents,1,0.2,bilateral_3pass,Bilateral 3-pass,113,6,43,11,37
57,need_based_to_competitive,Need-based → competitive,Competitive agents,1,0.2,bilateral_3pass,Bilateral 3-pass,159,9,35,3,44
58,need_based_to_competitive,Need-based → competitive,Competitive agents,1,0.2,bilateral_3pass,Bilateral 3-pass,122,19,12,12,33
59,need_based_to_competitive,Need-based → competitive,Competitive agents,1,0.2,bilateral_3pass,Bilateral 3-pass,162,26,15,13,39
60,need_based_to_competitive,Need-based → competitive,Competitive agents,1,0.2,bilateral_3pass,Bilateral 3-pass,151,22,30,8,42
61,need_based_to_competitive,Need-based → competitive,Competitive agents,1,0.2,bilateral_3pass,Bilateral 3-pass,136,13,32,5,40
62,need_based_to_competitive,Need-based → competitive,Competitive agents,1,0.2,bilateral_3pass,Bilateral 3-pass,116,12,29,20,31
63,need_based_to_competitive,Need-based → competitive,Competitive agents,1,0.2,bilateral_3pass,Bilateral 3-pass,110,3,33,13,39
64,need_based_to_competitive,Need-based → competitive,Competitive agents,1,0.2,bilateral_3pass,Bilateral 3-pass,120,14,28,6,33
65,need_based_to_competitive,Need-based → competitive,Competitive agents,1,0.2,bilateral_3pass,Bilateral 3-pass,114,9,33,9,31
66,need_based_to_competitive,Need-based → competitive,Competitive agents,1,0.2,bilateral_3pass,Bilateral 3-pass,122,14,20,8,36
67,need_based_to_competitive,Need-based → competitive,Competitive agents,1,0.2,bilateral_3pass,Bilateral 3-pass,147,17,25,7,34
68,need_based_to_competitive,Need-based → competitive,Competitive agents,1,0.2,bilateral_3pass,Bilateral 3-pass,87,9,14,12,28
69,need_based_to_competitive,Need-based → competitive,Competitive agents,1,0.2,bilateral_3pass,Bilateral 3-pass,138,22,11,13,37
70,need_based_to_competitive,Need-based → competitive,Competitive agents,1,0.2,bilateral_3pass,Bilateral 3-pass,147,25,17,9,36
71,need_based_to_competitive,Need-based → competitive,Competitive agents,1,0.2,bilateral_3pass,Bilateral 3-pass,144,14,39,12,38
72,need_based_to_competitive,Need-based → competitive,Competitive agents,1,0.2,bilateral_3pass,Bilateral 3-pass,140,17,38,4,29
73,need_based_to_competitive,Need-based → competitive,Competitive agents,1,0.2,bilateral_3pass,Bilateral 3-pass,182,9,43,8,45
74,need_based_to_competitive,Need-based → competitive,Competitive agents,1,0.2,bilateral_3pass,Bilateral 3-pass,145,14,30,5,34
75,need_based_to_competitive,Need-based → competitive,Competitive agents,1,0.2,bilateral_3pass,Bilateral 3-pass,127,14,24,20,38
76,need_based_to_competitive,Need-based → competitive,Competitive agents,1,0.2,bilateral_3pass,Bilateral 3-pass,106,14,13,15,40
77,need_based_to_competitive,Need-based → competitive,Competitive agents,1,0.2,bilateral_3pass,Bilateral 3-pass,141,14,30,12,35
78,need_based_to_competitive,Need-based → competitive,Competitive agents,1,0.2,bilateral_3pass,Bilateral 3-pass,157,14,30,6,48
79,need_based_to_competitive,Need-based → competitive,Competitive agents,1,0.2,bilateral_3pass,Bilateral 3-pass,130,22,9,4,38
80,need_based_to_competitive,Need-based → competitive,Competitive agents,1,0.2,bilateral_3pass,Bilateral 3-pass,126,17,14,8,36
81,need_based_to_competitive,Need-based → competitive,Competitive agents,1,0.2,bilateral_3pass,Bilateral 3-pass,177,17,28,7,40
82,need_based_to_competitive,Need-based → competitive,Competitive agents,1,0.2,bilateral_3pass,Bilateral 3-pass,156,23,21,10,37
83,need_based_to_competitive,Need-based → competitive,Competitive agents,1,0.2,bilateral_3pass,Bilateral 3-pass,111,12,19,12,38
84,need_based_to_competitive,Need-based → competitive,Competitive agents,1,0.2,bilateral_3pass,Bilateral 3-pass,165,14,35,3,40
85,need_based_to_competitive,Need-based → competitive,Competitive agents,1,0.2,bilateral_3pass,Bilateral 3-pass,121,5,29,9,35
86,need_based_to_competitive,Need-based → competitive,Competitive agents,1,0.2,bilateral_3pass,Bilateral 3-pass,103,8,25,11,30
87,need_based_to_competitive,Need-based → competitive,Competitive agents,1,0.2,bilateral_3pass,Bilateral 3-pass,118,11,25,15,36
88,need_based_to_competitive,Need-based → competitive,Competitive agents,1,0.2,bilateral_3pass,Bilateral 3-pass,127,14,27,10,31
89,need_based_to_competitive,Need-based → competitive,Competitive agents,1,0.2,bilateral_3pass,Bilateral 3-pass,100,9,24,7,32
90,need_based_to_competitive,Need-based → competitive,Competitive agents,1,0.2,bilateral_3pass,Bilateral 3-pass,162,17,33,6,48
91,need_based_to_competitive,Need-based → competitive,Competitive agents,1,0.2,bilateral_3pass,Bilateral 3-pass,133,9,30,6,37
92,need_based_to_competitive,Need-based → competitive,Competitive agents,1,0.2,bilateral_3pass,Bilateral 3-pass,91,13,20,17,34
93,need_based_to_competitive,Need-based → competitive,Competitive agents,1,0.2,bilateral_3pass,Bilateral 3-pass,128,9,37,13,37
94,need_based_to_competitive,Need-based → competitive,Competitive agents,1,0.2,bilateral_3pass,Bilateral 3-pass,174,18,34,7,44
95,need_based_to_competitive,Need-based → competitive,Competitive agents,1,0.2,bilateral_3pass,Bilateral 3-pass,102,2,27,20,30
96,need_based_to_competitive,Need-based → competitive,Competitive agents,1,0.2,bilateral_3pass,Bilateral 3-pass,138,14,35,15,33
97,need_based_to_competitive,Need-based → competitive,Competitive agents,1,0.2,bilateral_3pass,Bilateral 3-pass,88,12,10,12,23
98,need_based_to_competitive,Need-based → competitive,Competitive agents,1,0.2,bilateral_3pass,Bilateral 3-pass,126,14,29,13,39
99,need_based_to_competitive,Need-based → competitive,Competitive agents,1,0.2,bilateral_3pass,Bilateral 3-pass,115,6,32,8,32
0,need_based_to_competitive,Need-based → competitive,Competitive agents,1,0.2,public_pool,Public pool,118,9,24,13,48
1,need_based_to_competitive,Need-based → competitive,Competitive agents,1,0.2,public_pool,Public pool,119,10,47,5,42
2,need_based_to_competitive,Need-based → competitive,Competitive agents,1,0.2,public_pool,Public pool,153,25,11,9,51
3,need_based_to_competitive,Need-based → competitive,Competitive agents,1,0.2,public_pool,Public pool,124,17,23,7,44
4,need_based_to_competitive,Need-based → competitive,Competitive agents,1,0.2,public_pool,Public pool,154,25,19,8,49
5,need_based_to_competitive,Need-based → competitive,Competitive agents,1,0.2,public_pool,Public pool,126,6,38,8,43
6,need_based_to_competitive,Need-based → competitive,Competitive agents,1,0.2,public_pool,Public pool,127,14,30,15,38
7,need_based_to_competitive,Need-based → competitive,Competitive agents,1,0.2,public_pool,Public pool,57,3,24,21,40
8,need_based_to_competitive,Need-based → competitive,Competitive agents,1,0.2,public_pool,Public pool,128,19,14,10,51
9,need_based_to_competitive,Need-based → competitive,Competitive agents,1,0.2,public_pool,Public pool,140,26,7,6,48
10,need_based_to_competitive,Need-based → competitive,Competitive agents,1,0.2,public_pool,Public pool,148,26,10,7,51
11,need_based_to_competitive,Need-based → competitive,Competitive agents,1,0.2,public_pool,Public pool,156,27,9,8,49
12,need_based_to_competitive,Need-based → competitive,Competitive agents,1,0.2,public_pool,Public pool,139,22,10,6,49
13,need_based_to_competitive,Need-based → competitive,Competitive agents,1,0.2,public_pool,Public pool,140,24,9,4,48
14,need_based_to_competitive,Need-based → competitive,Competitive agents,1,0.2,public_pool,Public pool,122,9,39,7,40
15,need_based_to_competitive,Need-based → competitive,Competitive agents,1,0.2,public_pool,Public pool,124,19,19,4,50
16,need_based_to_competitive,Need-based → competitive,Competitive agents,1,0.2,public_pool,Public pool,115,19,19,15,41
17,need_based_to_competitive,Need-based → competitive,Competitive agents,1,0.2,public_pool,Public pool,133,14,30,5,43
18,need_based_to_competitive,Need-based → competitive,Competitive agents,1,0.2,public_pool,Public pool,130,14,27,2,42
19,need_based_to_competitive,Need-based → competitive,Competitive agents,1,0.2,public_pool,Public pool,142,26,8,3,51
20,need_based_to_competitive,Need-based → competitive,Competitive agents,1,0.2,public_pool,Public pool,138,19,28,9,50
21,need_based_to_competitive,Need-based → competitive,Competitive agents,1,0.2,public_pool,Public pool,143,22,13,9,47
22,need_based_to_competitive,Need-based → competitive,Competitive agents,1,0.2,public_pool,Public pool,127,16,17,5,53
23,need_based_to_competitive,Need-based → competitive,Competitive agents,1,0.2,public_pool,Public pool,110,16,17,11,45
24,need_based_to_competitive,Need-based → competitive,Competitive agents,1,0.2,public_pool,Public pool,135,21,15,2,47
25,need_based_to_competitive,Need-based → competitive,Competitive agents,1,0.2,public_pool,Public pool,150,19,33,3,48
26,need_based_to_competitive,Need-based → competitive,Competitive agents,1,0.2,public_pool,Public pool,128,14,30,9,42
27,need_based_to_competitive,Need-based → competitive,Competitive agents,1,0.2,public_pool,Public pool,132,17,21,8,48
28,need_based_to_competitive,Need-based → competitive,Competitive agents,1,0.2,public_pool,Public pool,117,19,8,13,53
29,need_based_to_competitive,Need-based → competitive,Competitive agents,1,0.2,public_pool,Public pool,127,19,16,1,48
30,need_based_to_competitive,Need-based → competitive,Competitive agents,1,0.2,public_pool,Public pool,161,25,19,6,51
31,need_based_to_competitive,Need-based → competitive,Competitive agents,1,0.2,public_pool,Public pool,140,18,28,7,49
32,need_based_to_competitive,Need-based → competitive,Competitive agents,1,0.2,public_pool,Public pool,104,11,20,4,48
33,need_based_to_competitive,Need-based → competitive,Competitive agents,1,0.2,public_pool,Public pool,132,17,32,6,40
34,need_based_to_competitive,Need-based → competitive,Competitive agents,1,0.2,public_pool,Public pool,135,22,14,5,50
35,need_based_to_competitive,Need-based → competitive,Competitive agents,1,0.2,public_pool,Public pool,137,16,26,6,43
36,need_based_to_competitive,Need-based → competitive,Competitive agents,1,0.2,public_pool,Public pool,142,17,24,3,50
37,need_based_to_competitive,Need-based → competitive,Competitive agents,1,0.2,public_pool,Public pool,158,22,19,10,50
38,need_based_to_competitive,Need-based → competitive,Competitive agents,1,0.2,public_pool,Public pool,144,27,4,1,52
39,need_based_to_competitive,Need-based → competitive,Competitive agents,1,0.2,public_pool,Public pool,144,27,5,3,46
40,need_based_to_competitive,Need-based → competitive,Competitive agents,1,0.2,public_pool,Public pool,112,6,48,12,41
41,need_based_to_competitive,Need-based → competitive,Competitive agents,1,0.2,public_pool,Public pool,139,22,11,4,51
42,need_based_to_competitive,Need-based → competitive,Competitive agents,1,0.2,public_pool,Public pool,157,19,28,5,48
43,need_based_to_competitive,Need-based → competitive,Competitive agents,1,0.2,public_pool,Public pool,151,18,32,3,49
44,need_based_to_competitive,Need-based → competitive,Competitive agents,1,0.2,public_pool,Public pool,166,27,11,2,52
45,need_based_to_competitive,Need-based → competitive,Competitive agents,1,0.2,public_pool,Public pool,143,18,29,7,46
46,need_based_to_competitive,Need-based → competitive,Competitive agents,1,0.2,public_pool,Public pool,149,25,8,5,49
47,need_based_to_competitive,Need-based → competitive,Competitive agents,1,0.2,public_pool,Public pool,143,18,21,5,52
48,need_based_to_competitive,Need-based → competitive,Competitive agents,1,0.2,public_pool,Public pool,162,27,13,2,51
49,need_based_to_competitive,Need-based → competitive,Competitive agents,1,0.2,public_pool,Public pool,160,29,8,7,53
50,need_based_to_competitive,Need-based → competitive,Competitive agents,1,0.2,public_pool,Public pool,145,18,39,10,43
51,need_based_to_competitive,Need-based → competitive,Competitive agents,1,0.2,public_pool,Public pool,149,25,9,8,44
52,need_based_to_competitive,Need-based → competitive,Competitive agents,1,0.2,public_pool,Public pool,161,28,7,5,52
53,need_based_to_competitive,Need-based → competitive,Competitive agents,1,0.2,public_pool,Public pool,140,22,11,4,44
54,need_based_to_competitive,Need-based → competitive,Competitive agents,1,0.2,public_pool,Public pool,132,22,8,2,41
55,need_based_to_competitive,Need-based → competitive,Competitive agents,1,0.2,public_pool,Public pool,123,14,27,8,42
56,need_based_to_competitive,Need-based → competitive,Competitive agents,1,0.2,public_pool,Public pool,104,6,46,9,50
57,need_based_to_competitive,Need-based → competitive,Competitive agents,1,0.2,public_pool,Public pool,139,19,14,5,55
58,need_based_to_competitive,Need-based → competitive,Competitive agents,1,0.2,public_pool,Public pool,101,9,30,7,44
59,need_based_to_competitive,Need-based → competitive,Competitive agents,1,0.2,public_pool,Public pool,153,17,38,7,45
60,need_based_to_competitive,Need-based → competitive,Competitive agents,1,0.2,public_pool,Public pool,159,26,18,7,49
61,need_based_to_competitive,Need-based → competitive,Competitive agents,1,0.2,public_pool,Public pool,104,6,40,19,43
62,need_based_to_competitive,Need-based → competitive,Competitive agents,1,0.2,public_pool,Public pool,123,17,21,5,46
63,need_based_to_competitive,Need-based → competitive,Competitive agents,1,0.2,public_pool,Public pool,93,5,39,9,39
64,need_based_to_competitive,Need-based → competitive,Competitive agents,1,0.2,public_pool,Public pool,143,19,15,5,44
65,need_based_to_competitive,Need-based → competitive,Competitive agents,1,0.2,public_pool,Public pool,149,18,31,8,45
66,need_based_to_competitive,Need-based → competitive,Competitive agents,1,0.2,public_pool,Public pool,126,10,46,0,42
67,need_based_to_competitive,Need-based → competitive,Competitive agents,1,0.2,public_pool,Public pool,155,19,39,6,45
68,need_based_to_competitive,Need-based → competitive,Competitive agents,1,0.2,public_pool,Public pool,127,12,37,6,42
69,need_based_to_competitive,Need-based → competitive,Competitive agents,1,0.2,public_pool,Public pool,127,22,6,5,40
70,need_based_to_competitive,Need-based → competitive,Competitive agents,1,0.2,public_pool,Public pool,78,6,35,12,35
71,need_based_to_competitive,Need-based → competitive,Competitive agents,1,0.2,public_pool,Public pool,146,26,7,10,52
72,need_based_to_competitive,Need-based → competitive,Competitive agents,1,0.2,public_pool,Public pool,152,25,16,5,52
73,need_based_to_competitive,Need-based → competitive,Competitive agents,1,0.2,public_pool,Public pool,167,27,13,5,46
74,need_based_to_competitive,Need-based → competitive,Competitive agents,1,0.2,public_pool,Public pool,134,25,6,9,49
75,need_based_to_competitive,Need-based → competitive,Competitive agents,1,0.2,public_pool,Public pool,141,24,9,1,47
76,need_based_to_competitive,Need-based → competitive,Competitive agents,1,0.2,public_pool,Public pool,116,7,53,9,42
77,need_based_to_competitive,Need-based → competitive,Competitive agents,1,0.2,public_pool,Public pool,146,26,10,3,47
78,need_based_to_competitive,Need-based → competitive,Competitive agents,1,0.2,public_pool,Public pool,155,26,13,5,48
79,need_based_to_competitive,Need-based → competitive,Competitive agents,1,0.2,public_pool,Public pool,132,14,35,7,48
80,need_based_to_competitive,Need-based → competitive,Competitive agents,1,0.2,public_pool,Public pool,140,11,42,6,42
81,need_based_to_competitive,Need-based → competitive,Competitive agents,1,0.2,public_pool,Public pool,133,19,19,9,41
82,need_based_to_competitive,Need-based → competitive,Competitive agents,1,0.2,public_pool,Public pool,150,27,8,2,51
83,need_based_to_competitive,Need-based → competitive,Competitive agents,1,0.2,public_pool,Public pool,87,5,36,15,35
84,need_based_to_competitive,Need-based → competitive,Competitive agents,1,0.2,public_pool,Public pool,139,20,15,6,43
85,need_based_to_competitive,Need-based → competitive,Competitive agents,1,0.2,public_pool,Public pool,134,14,38,9,42
86,need_based_to_competitive,Need-based → competitive,Competitive agents,1,0.2,public_pool,Public pool,109,13,25,12,44
87,need_based_to_competitive,Need-based → competitive,Competitive agents,1,0.2,public_pool,Public pool,111,9,26,7,42
88,need_based_to_competitive,Need-based → competitive,Competitive agents,1,0.2,public_pool,Public pool,105,6,33,7,41
89,need_based_to_competitive,Need-based → competitive,Competitive agents,1,0.2,public_pool,Public pool,124,19,15,9,48
90,need_based_to_competitive,Need-based → competitive,Competitive agents,1,0.2,public_pool,Public pool,148,26,12,8,47
91,need_based_to_competitive,Need-based → competitive,Competitive agents,1,0.2,public_pool,Public pool,142,26,7,6,53
92,need_based_to_competitive,Need-based → competitive,Competitive agents,1,0.2,public_pool,Public pool,117,9,35,17,42
93,need_based_to_competitive,Need-based → competitive,Competitive agents,1,0.2,public_pool,Public pool,137,18,32,2,43
94,need_based_to_competitive,Need-based → competitive,Competitive agents,1,0.2,public_pool,Public pool,94,6,38,5,36
95,need_based_to_competitive,Need-based → competitive,Competitive agents,1,0.2,public_pool,Public pool,161,18,40,5,42
96,need_based_to_competitive,Need-based → competitive,Competitive agents,1,0.2,public_pool,Public pool,139,17,21,10,44
97,need_based_to_competitive,Need-based → competitive,Competitive agents,1,0.2,public_pool,Public pool,112,16,24,13,33
98,need_based_to_competitive,Need-based → competitive,Competitive agents,1,0.2,public_pool,Public pool,141,22,15,5,54
99,need_based_to_competitive,Need-based → competitive,Competitive agents,1,0.2,public_pool,Public pool,129,19,19,7,47
0,need_based_to_competitive,Need-based → competitive,Competitive agents,1,0.2,central_cap2,Central capped (2),142,17,31,3,34
1,need_based_to_competitive,Need-based → competitive,Competitive agents,1,0.2,central_cap2,Central capped (2),112,12,18,9,37
2,need_based_to_competitive,Need-based → competitive,Competitive agents,1,0.2,central_cap2,Central capped (2),114,9,21,15,35
3,need_based_to_competitive,Need-based → competitive,Competitive agents,1,0.2,central_cap2,Central capped (2),123,9,27,15,36
4,need_based_to_competitive,Need-based → competitive,Competitive agents,1,0.2,central_cap2,Central capped (2),98,9,24,12,33
5,need_based_to_competitive,Need-based → competitive,Competitive agents,1,0.2,central_cap2,Central capped (2),135,20,15,12,36
6,need_based_to_competitive,Need-based → competitive,Competitive agents,1,0.2,central_cap2,Central capped (2),92,8,20,18,29
7,need_based_to_competitive,Need-based → competitive,Competitive agents,1,0.2,central_cap2,Central capped (2),140,17,18,5,37
8,need_based_to_competitive,Need-based → competitive,Competitive agents,1,0.2,central_cap2,Central capped (2),122,17,13,6,38
9,need_based_to_competitive,Need-based → competitive,Competitive agents,1,0.2,central_cap2,Central capped (2),106,14,14,9,35
10,need_based_to_competitive,Need-based → competitive,Competitive agents,1,0.2,central_cap2,Central capped (2),127,14,16,6,34
11,need_based_to_competitive,Need-based → competitive,Competitive agents,1,0.2,central_cap2,Central capped (2),148,25,14,9,37
12,need_based_to_competitive,Need-based → competitive,Competitive agents,1,0.2,central_cap2,Central capped (2),108,9,27,7,29
13,need_based_to_competitive,Need-based → competitive,Competitive agents,1,0.2,central_cap2,Central capped (2),133,21,17,2,30
14,need_based_to_competitive,Need-based → competitive,Competitive agents,1,0.2,central_cap2,Central capped (2),102,9,18,13,37
15,need_based_to_competitive,Need-based → competitive,Competitive agents,1,0.2,central_cap2,Central capped (2),100,9,22,6,36
16,need_based_to_competitive,Need-based → competitive,Competitive agents,1,0.2,central_cap2,Central capped (2),143,27,5,10,39
17,need_based_to_competitive,Need-based → competitive,Competitive agents,1,0.2,central_cap2,Central capped (2),121,12,29,4,36
18,need_based_to_competitive,Need-based → competitive,Competitive agents,1,0.2,central_cap2,Central capped (2),141,9,36,4,36
19,need_based_to_competitive,Need-based → competitive,Competitive agents,1,0.2,central_cap2,Central capped (2),114,12,23,8,37
20,need_based_to_competitive,Need-based → competitive,Competitive agents,1,0.2,central_cap2,Central capped (2),140,19,20,2,35
21,need_based_to_competitive,Need-based → competitive,Competitive agents,1,0.2,central_cap2,Central capped (2),121,14,19,13,29
22,need_based_to_competitive,Need-based → competitive,Competitive agents,1,0.2,central_cap2,Central capped (2),139,19,14,7,35
23,need_based_to_competitive,Need-based → competitive,Competitive agents,1,0.2,central_cap2,Central capped (2),153,22,15,6,36
24,need_based_to_competitive,Need-based → competitive,Competitive agents,1,0.2,central_cap2,Central capped (2),114,15,15,8,38
25,need_based_to_competitive,Need-based → competitive,Competitive agents,1,0.2,central_cap2,Central capped (2),137,17,29,5,37
26,need_based_to_competitive,Need-based → competitive,Competitive agents,1,0.2,central_cap2,Central capped (2),105,14,12,16,34
27,need_based_to_competitive,Need-based → competitive,Competitive agents,1,0.2,central_cap2,Central capped (2),131,14,21,9,35
28,need_based_to_competitive,Need-based → competitive,Competitive agents,1,0.2,central_cap2,Central capped (2),123,6,30,11,35
29,need_based_to_competitive,Need-based → competitive,Competitive agents,1,0.2,central_cap2,Central capped (2),116,9,27,3,37
30,need_based_to_competitive,Need-based → competitive,Competitive agents,1,0.2,central_cap2,Central capped (2),133,17,16,3,36
31,need_based_to_competitive,Need-based → competitive,Competitive agents,1,0.2,central_cap2,Central capped (2),109,6,33,11,38
32,need_based_to_competitive,Need-based → competitive,Competitive agents,1,0.2,central_cap2,Central capped (2),150,22,19,5,39
33,need_based_to_competitive,Need-based → competitive,Competitive agents,1,0.2,central_cap2,Central capped (2),110,14,15,14,26
34,need_based_to_competitive,Need-based → competitive,Competitive agents,1,0.2,central_cap2,Central capped (2),121,12,24,12,28
35,need_based_to_competitive,Need-based → competitive,Competitive agents,1,0.2,central_cap2,Central capped (2),126,17,25,4,37
36,need_based_to_competitive,Need-based → competitive,Competitive agents,1,0.2,central_cap2,Central capped (2),130,12,34,7,37
37,need_based_to_competitive,Need-based → competitive,Competitive agents,1,0.2,central_cap2,Central capped (2),139,19,17,9,36
38,need_based_to_competitive,Need-based → competitive,Competitive agents,1,0.2,central_cap2,Central capped (2),117,12,21,6,33
39,need_based_to_competitive,Need-based → competitive,Competitive agents,1,0.2,central_cap2,Central capped (2),122,12,29,5,36
40,need_based_to_competitive,Need-based → competitive,Competitive agents,1,0.2,central_cap2,Central capped (2),92,12,21,5,34
41,need_based_to_competitive,Need-based → competitive,Competitive agents,1,0.2,central_cap2,Central capped (2),132,17,25,12,36
42,need_based_to_competitive,Need-based → competitive,Competitive agents,1,0.2,central_cap2,Central capped (2),97,9,19,6,28
43,need_based_to_competitive,Need-based → competitive,Competitive agents,1,0.2,central_cap2,Central capped (2),128,17,22,10,37
44,need_based_to_competitive,Need-based → competitive,Competitive agents,1,0.2,central_cap2,Central capped (2),124,19,17,6,34
45,need_based_to_competitive,Need-based → competitive,Competitive agents,1,0.2,central_cap2,Central capped (2),101,6,25,14,32
46,need_based_to_competitive,Need-based → competitive,Competitive agents,1,0.2,central_cap2,Central capped (2),120,14,18,16,37
47,need_based_to_competitive,Need-based → competitive,Competitive agents,1,0.2,central_cap2,Central capped (2),126,17,16,11,36
48,need_based_to_competitive,Need-based → competitive,Competitive agents,1,0.2,central_cap2,Central capped (2),113,17,13,7,39
49,need_based_to_competitive,Need-based → competitive,Competitive agents,1,0.2,central_cap2,Central capped (2),124,9,31,9,36
50,need_based_to_competitive,Need-based → competitive,Competitive agents,1,0.2,central_cap2,Central capped (2),137,9,31,9,35
51,need_based_to_competitive,Need-based → competitive,Competitive agents,1,0.2,central_cap2,Central capped (2),151,14,28,12,33
52,need_based_to_competitive,Need-based → competitive,Competitive agents,1,0.2,central_cap2,Central capped (2),127,17,19,8,37
53,need_based_to_competitive,Need-based → competitive,Competitive agents,1,0.2,central_cap2,Central capped (2),157,25,18,7,35
54,need_based_to_competitive,Need-based → competitive,Competitive agents,1,0.2,central_cap2,Central capped (2),121,14,26,9,37
55,need_based_to_competitive,Need-based → competitive,Competitive agents,1,0.2,central_cap2,Central capped (2),81,9,21,13,37
56,need_based_to_competitive,Need-based → competitive,Competitive agents,1,0.2,central_cap2,Central capped (2),104,14,11,13,32
57,need_based_to_competitive,Need-based → competitive,Competitive agents,1,0.2,central_cap2,Central capped (2),128,17,16,6,34
58,need_based_to_competitive,Need-based → competitive,Competitive agents,1,0.2,central_cap2,Central capped (2),104,6,33,6,35
59,need_based_to_competitive,Need-based → competitive,Competitive agents,1,0.2,central_cap2,Central capped (2),144,19,22,11,37
60,need_based_to_competitive,Need-based → competitive,Competitive agents,1,0.2,central_cap2,Central capped (2),149,11,31,9,38
61,need_based_to_competitive,Need-based → competitive,Competitive agents,1,0.2,central_cap2,Central capped (2),130,19,16,7,36
62,need_based_to_competitive,Need-based → competitive,Competitive agents,1,0.2,central_cap2,Central capped (2),105,12,21,12,33
63,need_based_to_competitive,Need-based → competitive,Competitive agents,1,0.2,central_cap2,Central capped (2),92,14,9,5,38
64,need_based_to_competitive,Need-based → competitive,Competitive agents,1,0.2,central_cap2,Central capped (2),132,14,19,8,31
65,need_based_to_competitive,Need-based → competitive,Competitive agents,1,0.2,central_cap2,Central capped (2),128,9,30,6,35
66,need_based_to_competitive,Need-based → competitive,Competitive agents,1,0.2,central_cap2,Central capped (2),109,9,29,8,36
67,need_based_to_competitive,Need-based → competitive,Competitive agents,1,0.2,central_cap2,Central capped (2),139,12,26,5,39
68,need_based_to_competitive,Need-based → competitive,Competitive agents,1,0.2,central_cap2,Central capped (2),126,20,10,9,34
69,need_based_to_competitive,Need-based → competitive,Competitive agents,1,0.2,central_cap2,Central capped (2),98,14,13,14,31
70,need_based_to_competitive,Need-based → competitive,Competitive agents,1,0.2,central_cap2,Central capped (2),123,15,19,15,34
71,need_based_to_competitive,Need-based → competitive,Competitive agents,1,0.2,central_cap2,Central capped (2),119,6,32,14,37
72,need_based_to_competitive,Need-based → competitive,Competitive agents,1,0.2,central_cap2,Central capped (2),132,20,13,5,35
73,need_based_to_competitive,Need-based → competitive,Competitive agents,1,0.2,central_cap2,Central capped (2),166,20,25,7,38
74,need_based_to_competitive,Need-based → competitive,Competitive agents,1,0.2,central_cap2,Central capped (2),135,12,26,1,36
75,need_based_to_competitive,Need-based → competitive,Competitive agents,1,0.2,central_cap2,Central capped (2),124,5,35,14,38
76,need_based_to_competitive,Need-based → competitive,Competitive agents,1,0.2,central_cap2,Central capped (2),130,17,17,4,36
77,need_based_to_competitive,Need-based → competitive,Competitive agents,1,0.2,central_cap2,Central capped (2),116,12,26,13,33
78,need_based_to_competitive,Need-based → competitive,Competitive agents,1,0.2,central_cap2,Central capped (2),134,12,28,8,36
79,need_based_to_competitive,Need-based → competitive,Competitive agents,1,0.2,central_cap2,Central capped (2),117,14,18,15,37
80,need_based_to_competitive,Need-based → competitive,Competitive agents,1,0.2,central_cap2,Central capped (2),124,9,27,7,34
81,need_based_to_competitive,Need-based → competitive,Competitive agents,1,0.2,central_cap2,Central capped (2),146,23,16,7,38
82,need_based_to_competitive,Need-based → competitive,Competitive agents,1,0.2,central_cap2,Central capped (2),146,12,27,7,35
83,need_based_to_competitive,Need-based → competitive,Competitive agents,1,0.2,central_cap2,Central capped (2),97,6,22,18,31
84,need_based_to_competitive,Need-based → competitive,Competitive agents,1,0.2,central_cap2,Central capped (2),132,6,34,10,30
85,need_based_to_competitive,Need-based → competitive,Competitive agents,1,0.2,central_cap2,Central capped (2),146,22,12,10,35
86,need_based_to_competitive,Need-based → competitive,Competitive agents,1,0.2,central_cap2,Central capped (2),138,19,20,8,38
87,need_based_to_competitive,Need-based → competitive,Competitive agents,1,0.2,central_cap2,Central capped (2),121,12,23,5,31
88,need_based_to_competitive,Need-based → competitive,Competitive agents,1,0.2,central_cap2,Central capped (2),102,11,19,16,26
89,need_based_to_competitive,Need-based → competitive,Competitive agents,1,0.2,central_cap2,Central capped (2),113,9,21,10,37
90,need_based_to_competitive,Need-based → competitive,Competitive agents,1,0.2,central_cap2,Central capped (2),149,25,13,16,36
91,need_based_to_competitive,Need-based → competitive,Competitive agents,1,0.2,central_cap2,Central capped (2),137,17,18,11,33
92,need_based_to_competitive,Need-based → competitive,Competitive agents,1,0.2,central_cap2,Central capped (2),165,23,19,9,37
93,need_based_to_competitive,Need-based → competitive,Competitive agents,1,0.2,central_cap2,Central capped (2),111,12,21,11,37
94,need_based_to_competitive,Need-based → competitive,Competitive agents,1,0.2,central_cap2,Central capped (2),101,11,20,14,34
95,need_based_to_competitive,Need-based → competitive,Competitive agents,1,0.2,central_cap2,Central capped (2),115,12,26,9,35
96,need_based_to_competitive,Need-based → competitive,Competitive agents,1,0.2,central_cap2,Central capped (2),143,17,30,8,37
97,need_based_to_competitive,Need-based → competitive,Competitive agents,1,0.2,central_cap2,Central capped (2),106,9,32,9,33
98,need_based_to_competitive,Need-based → competitive,Competitive agents,1,0.2,central_cap2,Central capped (2),100,6,27,12,30
99,need_based_to_competitive,Need-based → competitive,Competitive agents,1,0.2,central_cap2,Central capped (2),103,6,35,5,36
0,need_based_to_competitive,Need-based → competitive,Competitive agents,1,0.2,central_full,Central clearing,179,30,14,11,62
1,need_based_to_competitive,Need-based → competitive,Competitive agents,1,0.2,central_full,Central clearing,212,33,22,3,64
2,need_based_to_competitive,Need-based → competitive,Competitive agents,1,0.2,central_full,Central clearing,184,27,16,6,64
3,need_based_to_competitive,Need-based → competitive,Competitive agents,1,0.2,central_full,Central clearing,178,30,15,6,63
4,need_based_to_competitive,Need-based → competitive,Competitive agents,1,0.2,central_full,Central clearing,90,11,16,20,39
5,need_based_to_competitive,Need-based → competitive,Competitive agents,1,0.2,central_full,Central clearing,161,25,17,13,54
6,need_based_to_competitive,Need-based → competitive,Competitive agents,1,0.2,central_full,Central clearing,116,17,14,15,37
7,need_based_to_competitive,Need-based → competitive,Competitive agents,1,0.2,central_full,Central clearing,149,25,9,6,52
8,need_based_to_competitive,Need-based → competitive,Competitive agents,1,0.2,central_full,Central clearing,160,25,16,4,59
9,need_based_to_competitive,Need-based → competitive,Competitive agents,1,0.2,central_full,Central clearing,119,12,19,9,42
10,need_based_to_competitive,Need-based → competitive,Competitive agents,1,0.2,central_full,Central clearing,171,27,16,6,58
11,need_based_to_competitive,Need-based → competitive,Competitive agents,1,0.2,central_full,Central clearing,164,25,17,11,54
12,need_based_to_competitive,Need-based → competitive,Competitive agents,1,0.2,central_full,Central clearing,153,22,21,4,47
13,need_based_to_competitive,Need-based → competitive,Competitive agents,1,0.2,central_full,Central clearing,148,22,16,13,51
14,need_based_to_competitive,Need-based → competitive,Competitive agents,1,0.2,central_full,Central clearing,126,11,23,8,49
15,need_based_to_competitive,Need-based → competitive,Competitive agents,1,0.2,central_full,Central clearing,133,22,11,5,57
16,need_based_to_competitive,Need-based → competitive,Competitive agents,1,0.2,central_full,Central clearing,141,19,17,5,60
17,need_based_to_competitive,Need-based → competitive,Competitive agents,1,0.2,central_full,Central clearing,179,33,5,8,71
18,need_based_to_competitive,Need-based → competitive,Competitive agents,1,0.2,central_full,Central clearing,169,25,16,5,50
19,need_based_to_competitive,Need-based → competitive,Competitive agents,1,0.2,central_full,Central clearing,135,17,21,9,52
20,need_based_to_competitive,Need-based → competitive,Competitive agents,1,0.2,central_full,Central clearing,170,27,14,10,53
21,need_based_to_competitive,Need-based → competitive,Competitive agents,1,0.2,central_full,Central clearing,127,17,19,2,48
22,need_based_to_competitive,Need-based → competitive,Competitive agents,1,0.2,central_full,Central clearing,198,33,16,6,72
23,need_based_to_competitive,Need-based → competitive,Competitive agents,1,0.2,central_full,Central clearing,203,34,12,10,72
24,need_based_to_competitive,Need-based → competitive,Competitive agents,1,0.2,central_full,Central clearing,158,27,14,9,51
25,need_based_to_competitive,Need-based → competitive,Competitive agents,1,0.2,central_full,Central clearing,131,20,19,8,56
26,need_based_to_competitive,Need-based → competitive,Competitive agents,1,0.2,central_full,Central clearing,154,20,21,14,49
27,need_based_to_competitive,Need-based → competitive,Competitive agents,1,0.2,central_full,Central clearing,120,9,25,19,35
28,need_based_to_competitive,Need-based → competitive,Competitive agents,1,0.2,central_full,Central clearing,153,25,10,7,54
29,need_based_to_competitive,Need-based → competitive,Competitive agents,1,0.2,central_full,Central clearing,99,6,23,4,45
30,need_based_to_competitive,Need-based → competitive,Competitive agents,1,0.2,central_full,Central clearing,155,20,15,7,51
31,need_based_to_competitive,Need-based → competitive,Competitive agents,1,0.2,central_full,Central clearing,177,28,22,7,55
32,need_based_to_competitive,Need-based → competitive,Competitive agents,1,0.2,central_full,Central clearing,187,22,22,9,63
33,need_based_to_competitive,Need-based → competitive,Competitive agents,1,0.2,central_full,Central clearing,139,22,14,11,43
34,need_based_to_competitive,Need-based → competitive,Competitive agents,1,0.2,central_full,Central clearing,159,27,10,5,46
35,need_based_to_competitive,Need-based → competitive,Competitive agents,1,0.2,central_full,Central clearing,149,17,24,7,55
36,need_based_to_competitive,Need-based → competitive,Competitive agents,1,0.2,central_full,Central clearing,128,17,13,6,40
37,need_based_to_competitive,Need-based → competitive,Competitive agents,1,0.2,central_full,Central clearing,180,25,19,10,56
38,need_based_to_competitive,Need-based → competitive,Competitive agents,1,0.2,central_full,Central clearing,97,14,19,11,41
39,need_based_to_competitive,Need-based → competitive,Competitive agents,1,0.2,central_full,Central clearing,184,30,14,5,55
40,need_based_to_competitive,Need-based → competitive,Competitive agents,1,0.2,central_full,Central clearing,107,14,16,18,54
41,need_based_to_competitive,Need-based → competitive,Competitive agents,1,0.2,central_full,Central clearing,165,22,26,6,63
42,need_based_to_competitive,Need-based → competitive,Competitive agents,1,0.2,central_full,Central clearing,83,9,13,7,34
43,need_based_to_competitive,Need-based → competitive,Competitive agents,1,0.2,central_full,Central clearing,165,27,11,9,58
44,need_based_to_competitive,Need-based → competitive,Competitive agents,1,0.2,central_full,Central clearing,165,30,8,6,56
45,need_based_to_competitive,Need-based → competitive,Competitive agents,1,0.2,central_full,Central clearing,139,17,16,12,50
46,need_based_to_competitive,Need-based → competitive,Competitive agents,1,0.2,central_full,Central clearing,190,35,9,7,67
47,need_based_to_competitive,Need-based → competitive,Competitive agents,1,0.2,central_full,Central clearing,173,25,25,2,46
48,need_based_to_competitive,Need-based → competitive,Competitive agents,1,0.2,central_full,Central clearing,179,27,16,10,65
49,need_based_to_competitive,Need-based → competitive,Competitive agents,1,0.2,central_full,Central clearing,171,25,19,11,53
50,need_based_to_competitive,Need-based → competitive,Competitive agents,1,0.2,central_full,Central clearing,188,30,12,3,63
51,need_based_to_competitive,Need-based → competitive,Competitive agents,1,0.2,central_full,Central clearing,173,27,14,11,56
52,need_based_to_competitive,Need-based → competitive,Competitive agents,1,0.2,central_full,Central clearing,166,25,21,6,50
53,need_based_to_competitive,Need-based → competitive,Competitive agents,1,0.2,central_full,Central clearing,144,17,29,9,49
54,need_based_to_competitive,Need-based → competitive,Competitive agents,1,0.2,central_full,Central clearing,140,14,27,10,42
55,need_based_to_competitive,Need-based → competitive,Competitive agents,1,0.2,central_full,Central clearing,166,27,14,4,57
56,need_based_to_competitive,Need-based → competitive,Competitive agents,1,0.2,central_full,Central clearing,149,25,10,9,52
57,need_based_to_competitive,Need-based → competitive,Competitive agents,1,0.2,central_full,Central clearing,176,29,20,6,53
58,need_based_to_competitive,Need-based → competitive,Competitive agents,1,0.2,central_full,Central clearing,143,19,22,7,52
59,need_based_to_competitive,Need-based → competitive,Competitive agents,1,0.2,central_full,Central clearing,209,27,20,12,60
60,need_based_to_competitive,Need-based → competitive,Competitive agents,1,0.2,central_full,Central clearing,164,22,20,3,60
61,need_based_to_competitive,Need-based → competitive,Competitive agents,1,0.2,central_full,Central clearing,161,22,18,8,55
62,need_based_to_competitive,Need-based → competitive,Competitive agents,1,0.2,central_full,Central clearing,116,14,27,6,31
63,need_based_to_competitive,Need-based → competitive,Competitive agents,1,0.2,central_full,Central clearing,166,30,5,6,66
64,need_based_to_competitive,Need-based → competitive,Competitive agents,1,0.2,central_full,Central clearing,181,22,25,10,64
65,need_based_to_competitive,Need-based → competitive,Competitive agents,1,0.2,central_full,Central clearing,164,22,22,3,53
66,need_based_to_competitive,Need-based → competitive,Competitive agents,1,0.2,central_full,Central clearing,153,22,22,2,57
67,need_based_to_competitive,Need-based → competitive,Competitive agents,1,0.2,central_full,Central clearing,158,18,23,12,48
68,need_based_to_competitive,Need-based → competitive,Competitive agents,1,0.2,central_full,Central clearing,143,20,13,14,44
69,need_based_to_competitive,Need-based → competitive,Competitive agents,1,0.2,central_full,Central clearing,161,25,17,7,46
70,need_based_to_competitive,Need-based → competitive,Competitive agents,1,0.2,central_full,Central clearing,172,27,14,11,54
71,need_based_to_competitive,Need-based → competitive,Competitive agents,1,0.2,central_full,Central clearing,184,33,11,4,64
72,need_based_to_competitive,Need-based → competitive,Competitive agents,1,0.2,central_full,Central clearing,144,17,21,6,49
73,need_based_to_competitive,Need-based → competitive,Competitive agents,1,0.2,central_full,Central clearing,166,24,20,15,43
74,need_based_to_competitive,Need-based → competitive,Competitive agents,1,0.2,central_full,Central clearing,173,30,15,3,63
75,need_based_to_competitive,Need-based → competitive,Competitive agents,1,0.2,central_full,Central clearing,180,25,18,7,67
76,need_based_to_competitive,Need-based → competitive,Competitive agents,1,0.2,central_full,Central clearing,105,14,11,12,51
77,need_based_to_competitive,Need-based → competitive,Competitive agents,1,0.2,central_full,Central clearing,110,6,26,13,45
78,need_based_to_competitive,Need-based → competitive,Competitive agents,1,0.2,central_full,Central clearing,166,28,10,2,71
79,need_based_to_competitive,Need-based → competitive,Competitive agents,1,0.2,central_full,Central clearing,154,25,19,11,56
80,need_based_to_competitive,Need-based → competitive,Competitive agents,1,0.2,central_full,Central clearing,161,27,17,6,55
81,need_based_to_competitive,Need-based → competitive,Competitive agents,1,0.2,central_full,Central clearing,196,33,11,2,60
82,need_based_to_competitive,Need-based → competitive,Competitive agents,1,0.2,central_full,Central clearing,162,22,25,7,49
83,need_based_to_competitive,Need-based → competitive,Competitive agents,1,0.2,central_full,Central clearing,108,17,7,7,35
84,need_based_to_competitive,Need-based → competitive,Competitive agents,1,0.2,central_full,Central clearing,176,27,17,4,61
85,need_based_to_competitive,Need-based → competitive,Competitive agents,1,0.2,central_full,Central clearing,188,20,30,18,58
86,need_based_to_competitive,Need-based → competitive,Competitive agents,1,0.2,central_full,Central clearing,170,26,17,9,59
87,need_based_to_competitive,Need-based → competitive,Competitive agents,1,0.2,central_full,Central clearing,144,25,8,7,64
88,need_based_to_competitive,Need-based → competitive,Competitive agents,1,0.2,central_full,Central clearing,108,14,13,8,35
89,need_based_to_competitive,Need-based → competitive,Competitive agents,1,0.2,central_full,Central clearing,160,19,22,12,57
90,need_based_to_competitive,Need-based → competitive,Competitive agents,1,0.2,central_full,Central clearing,171,24,15,10,47
91,need_based_to_competitive,Need-based → competitive,Competitive agents,1,0.2,central_full,Central clearing,156,22,26,5,63
92,need_based_to_competitive,Need-based → competitive,Competitive agents,1,0.2,central_full,Central clearing,168,30,7,6,47
93,need_based_to_competitive,Need-based → competitive,Competitive agents,1,0.2,central_full,Central clearing,102,16,12,13,44
94,need_based_to_competitive,Need-based → competitive,Competitive agents,1,0.2,central_full,Central clearing,142,22,18,6,44
95,need_based_to_competitive,Need-based → competitive,Competitive agents,1,0.2,central_full,Central clearing,186,33,11,7,62
96,need_based_to_competitive,Need-based → competitive,Competitive agents,1,0.2,central_full,Central clearing,165,27,19,13,65
97,need_based_to_competitive,Need-based → competitive,Competitive agents,1,0.2,central_full,Central clearing,133,14,24,12,46
98,need_based_to_competitive,Need-based → competitive,Competitive agents,1,0.2,central_full,Central clearing,165,25,15,8,53
99,need_based_to_competitive,Need-based → competitive,Competitive agents,1,0.2,central_full,Central clearing,162,19,26,5,59
0,need_based_to_competitive,Need-based → competitive,Competitive agents,1,0.2,equity_central,Equity central,187,30,17,8,60
1,need_based_to_competitive,Need-based → competitive,Competitive agents,1,0.2,equity_central,Equity central,195,30,27,6,58
2,need_based_to_competitive,Need-based → competitive,Competitive agents,1,0.2,equity_central,Equity central,177,27,16,6,56
3,need_based_to_competitive,Need-based → competitive,Competitive agents,1,0.2,equity_central,Equity central,176,30,13,10,67
4,need_based_to_competitive,Need-based → competitive,Competitive agents,1,0.2,equity_central,Equity central,113,14,22,8,40
5,need_based_to_competitive,Need-based → competitive,Competitive agents,1,0.2,equity_central,Equity central,157,30,3,10,54
6,need_based_to_competitive,Need-based → competitive,Competitive agents,1,0.2,equity_central,Equity central,104,15,13,15,34
7,need_based_to_competitive,Need-based → competitive,Competitive agents,1,0.2,equity_central,Equity central,154,22,18,5,53
8,need_based_to_competitive,Need-based → competitive,Competitive agents,1,0.2,equity_central,Equity central,151,22,14,8,62
9,need_based_to_competitive,Need-based → competitive,Competitive agents,1,0.2,equity_central,Equity central,112,20,5,7,48
10,need_based_to_competitive,Need-based → competitive,Competitive agents,1,0.2,equity_central,Equity central,177,27,16,7,59
11,need_based_to_competitive,Need-based → competitive,Competitive agents,1,0.2,equity_central,Equity central,163,30,7,16,60
12,need_based_to_competitive,Need-based → competitive,Competitive agents,1,0.2,equity_central,Equity central,139,17,19,10,41
13,need_based_to_competitive,Need-based → competitive,Competitive agents,1,0.2,equity_central,Equity central,174,27,19,4,49
14,need_based_to_competitive,Need-based → competitive,Competitive agents,1,0.2,equity_central,Equity central,141,22,18,10,55
15,need_based_to_competitive,Need-based → competitive,Competitive agents,1,0.2,equity_central,Equity central,131,19,16,10,59
16,need_based_to_competitive,Need-based → competitive,Competitive agents,1,0.2,equity_central,Equity central,119,19,9,4,48
17,need_based_to_competitive,Need-based → competitive,Competitive agents,1,0.2,equity_central,Equity central,188,30,12,3,73
18,need_based_to_competitive,Need-based → competitive,Competitive agents,1,0.2,equity_central,Equity central,184,30,14,2,52
19,need_based_to_competitive,Need-based → competitive,Competitive agents,1,0.2,equity_central,Equity central,159,28,10,8,61
20,need_based_to_competitive,Need-based → competitive,Competitive agents,1,0.2,equity_central,Equity central,172,27,19,14,51
21,need_based_to_competitive,Need-based → competitive,Competitive agents,1,0.2,equity_central,Equity central,151,17,27,10,46
22,need_based_to_competitive,Need-based → competitive,Competitive agents,1,0.2,equity_central,Equity central,183,30,14,4,69
23,need_based_to_competitive,Need-based → competitive,Competitive agents,1,0.2,equity_central,Equity central,210,38,9,5,77
24,need_based_to_competitive,Need-based → competitive,Competitive agents,1,0.2,equity_central,Equity central,140,23,10,5,44
25,need_based_to_competitive,Need-based → competitive,Competitive agents,1,0.2,equity_central,Equity central,146,20,19,7,55
26,need_based_to_competitive,Need-based → competitive,Competitive agents,1,0.2,equity_central,Equity central,154,20,20,11,55
27,need_based_to_competitive,Need-based → competitive,Competitive agents,1,0.2,equity_central,Equity central,126,17,18,7,33
28,need_based_to_competitive,Need-based → competitive,Competitive agents,1,0.2,equity_central,Equity central,136,20,17,9,48
29,need_based_to_competitive,Need-based → competitive,Competitive agents,1,0.2,equity_central,Equity central,106,14,14,5,49
30,need_based_to_competitive,Need-based → competitive,Competitive agents,1,0.2,equity_central,Equity central,164,25,16,3,44
31,need_based_to_competitive,Need-based → competitive,Competitive agents,1,0.2,equity_central,Equity central,196,30,25,5,58
32,need_based_to_competitive,Need-based → competitive,Competitive agents,1,0.2,equity_central,Equity central,158,19,19,9,50
33,need_based_to_competitive,Need-based → competitive,Competitive agents,1,0.2,equity_central,Equity central,103,15,12,21,36
34,need_based_to_competitive,Need-based → competitive,Competitive agents,1,0.2,equity_central,Equity central,160,25,13,8,52
35,need_based_to_competitive,Need-based → competitive,Competitive agents,1,0.2,equity_central,Equity central,129,19,14,16,47
36,need_based_to_competitive,Need-based → competitive,Competitive agents,1,0.2,equity_central,Equity central,188,27,22,4,59
37,need_based_to_competitive,Need-based → competitive,Competitive agents,1,0.2,equity_central,Equity central,175,25,14,13,55
38,need_based_to_competitive,Need-based → competitive,Competitive agents,1,0.2,equity_central,Equity central,101,14,16,11,50
39,need_based_to_competitive,Need-based → competitive,Competitive agents,1,0.2,equity_central,Equity central,190,27,21,9,55
40,need_based_to_competitive,Need-based → competitive,Competitive agents,1,0.2,equity_central,Equity central,158,25,13,9,62
41,need_based_to_competitive,Need-based → competitive,Competitive agents,1,0.2,equity_central,Equity central,157,22,22,5,64
42,need_based_to_competitive,Need-based → competitive,Competitive agents,1,0.2,equity_central,Equity central,88,14,11,12,37
43,need_based_to_competitive,Need-based → competitive,Competitive agents,1,0.2,equity_central,Equity central,157,25,13,8,58
44,need_based_to_competitive,Need-based → competitive,Competitive agents,1,0.2,equity_central,Equity central,171,30,11,3,57
45,need_based_to_competitive,Need-based → competitive,Competitive agents,1,0.2,equity_central,Equity central,122,22,8,7,51
46,need_based_to_competitive,Need-based → competitive,Competitive agents,1,0.2,equity_central,Equity central,187,30,16,2,58
47,need_based_to_competitive,Need-based → competitive,Competitive agents,1,0.2,equity_central,Equity central,169,25,15,4,47
48,need_based_to_competitive,Need-based → competitive,Competitive agents,1,0.2,equity_central,Equity central,177,30,14,5,63
49,need_based_to_competitive,Need-based → competitive,Competitive agents,1,0.2,equity_central,Equity central,178,33,6,6,48
50,need_based_to_competitive,Need-based → competitive,Competitive agents,1,0.2,equity_central,Equity central,173,30,8,7,59
51,need_based_to_competitive,Need-based → competitive,Competitive agents,1,0.2,equity_central,Equity central,149,22,14,7,53
52,need_based_to_competitive,Need-based → competitive,Competitive agents,1,0.2,equity_central,Equity central,169,22,17,3,58
53,need_based_to_competitive,Need-based → competitive,Competitive agents,1,0.2,equity_central,Equity central,147,17,28,17,39
54,need_based_to_competitive,Need-based → competitive,Competitive agents,1,0.2,equity_central,Equity central,134,22,13,10,50
55,need_based_to_competitive,Need-based → competitive,Competitive agents,1,0.2,equity_central,Equity central,160,25,18,2,56
56,need_based_to_competitive,Need-based → competitive,Competitive agents,1,0.2,equity_central,Equity central,147,27,6,5,43
57,need_based_to_competitive,Need-based → competitive,Competitive agents,1,0.2,equity_central,Equity central,150,30,0,15,59
58,need_based_to_competitive,Need-based → competitive,Competitive agents,1,0.2,equity_central,Equity central,147,19,25,6,54
59,need_based_to_competitive,Need-based → competitive,Competitive agents,1,0.2,equity_central,Equity central,189,33,16,9,59
60,need_based_to_competitive,Need-based → competitive,Competitive agents,1,0.2,equity_central,Equity central,148,22,14,9,51
61,need_based_to_competitive,Need-based → competitive,Competitive agents,1,0.2,equity_central,Equity central,135,17,22,6,46
62,need_based_to_competitive,Need-based → competitive,Competitive agents,1,0.2,equity_central,Equity central,119,14,24,9,32
63,need_based_to_competitive,Need-based → competitive,Competitive agents,1,0.2,equity_central,Equity central,168,30,10,6,67
64,need_based_to_competitive,Need-based → competitive,Competitive agents,1,0.2,equity_central,Equity central,159,22,19,11,53
65,need_based_to_competitive,Need-based → competitive,Competitive agents,1,0.2,equity_central,Equity central,146,19,18,5,48
66,need_based_to_competitive,Need-based → competitive,Competitive agents,1,0.2,equity_central,Equity central,150,22,22,5,57
67,need_based_to_competitive,Need-based → competitive,Competitive agents,1,0.2,equity_central,Equity central,172,22,24,5,58
68,need_based_to_competitive,Need-based → competitive,Competitive agents,1,0.2,equity_central,Equity central,146,22,11,10,43
69,need_based_to_competitive,Need-based → competitive,Competitive agents,1,0.2,equity_central,Equity central,157,25,11,9,48
70,need_based_to_competitive,Need-based → competitive,Competitive agents,1,0.2,equity_central,Equity central,142,22,14,10,47
71,need_based_to_competitive,Need-based → competitive,Competitive agents,1,0.2,equity_central,Equity central,174,30,11,5,60
72,need_based_to_competitive,Need-based → competitive,Competitive agents,1,0.2,equity_central,Equity central,182,30,15,7,50
73,need_based_to_competitive,Need-based → competitive,Competitive agents,1,0.2,equity_central,Equity central,209,39,5,6,63
74,need_based_to_competitive,Need-based → competitive,Competitive agents,1,0.2,equity_central,Equity central,156,22,27,8,57
75,need_based_to_competitive,Need-based → competitive,Competitive agents,1,0.2,equity_central,Equity central,167,22,27,6,65
76,need_based_to_competitive,Need-based → competitive,Competitive agents,1,0.2,equity_central,Equity central,86,12,10,22,35
77,need_based_to_competitive,Need-based → competitive,Competitive agents,1,0.2,equity_central,Equity central,116,12,21,10,42
78,need_based_to_competitive,Need-based → competitive,Competitive agents,1,0.2,equity_central,Equity central,170,27,12,8,61
79,need_based_to_competitive,Need-based → competitive,Competitive agents,1,0.2,equity_central,Equity central,146,27,6,11,46
80,need_based_to_competitive,Need-based → competitive,Competitive agents,1,0.2,equity_central,Equity central,173,31,8,8,56
81,need_based_to_competitive,Need-based → competitive,Competitive agents,1,0.2,equity_central,Equity central,200,35,8,4,70
82,need_based_to_competitive,Need-based → competitive,Competitive agents,1,0.2,equity_central,Equity central,154,22,18,14,52
83,need_based_to_competitive,Need-based → competitive,Competitive agents,1,0.2,equity_central,Equity central,115,20,8,5,44
84,need_based_to_competitive,Need-based → competitive,Competitive agents,1,0.2,equity_central,Equity central,187,29,17,3,58
85,need_based_to_competitive,Need-based → competitive,Competitive agents,1,0.2,equity_central,Equity central,177,23,22,11,57
86,need_based_to_competitive,Need-based → competitive,Competitive agents,1,0.2,equity_central,Equity central,148,25,11,5,58
87,need_based_to_competitive,Need-based → competitive,Competitive agents,1,0.2,equity_central,Equity central,152,19,23,8,59
88,need_based_to_competitive,Need-based → competitive,Competitive agents,1,0.2,equity_central,Equity central,81,11,14,13,25
89,need_based_to_competitive,Need-based → competitive,Competitive agents,1,0.2,equity_central,Equity central,153,22,15,2,56
90,need_based_to_competitive,Need-based → competitive,Competitive agents,1,0.2,equity_central,Equity central,163,28,11,8,43
91,need_based_to_competitive,Need-based → competitive,Competitive agents,1,0.2,equity_central,Equity central,154,25,16,6,56
92,need_based_to_competitive,Need-based → competitive,Competitive agents,1,0.2,equity_central,Equity central,157,28,6,6,60
93,need_based_to_competitive,Need-based → competitive,Competitive agents,1,0.2,equity_central,Equity central,124,20,18,15,46
94,need_based_to_competitive,Need-based → competitive,Competitive agents,1,0.2,equity_central,Equity central,156,27,6,9,53
95,need_based_to_competitive,Need-based → competitive,Competitive agents,1,0.2,equity_central,Equity central,155,22,29,7,38
96,need_based_to_competitive,Need-based → competitive,Competitive agents,1,0.2,equity_central,Equity central,190,33,11,6,72
97,need_based_to_competitive,Need-based → competitive,Competitive agents,1,0.2,equity_central,Equity central,122,22,9,6,42
98,need_based_to_competitive,Need-based → competitive,Competitive agents,1,0.2,equity_central,Equity central,153,17,21,7,48
99,need_based_to_competitive,Need-based → competitive,Competitive agents,1,0.2,equity_central,Equity central,148,19,26,7,53
0,need_based_to_competitive,Need-based → competitive,Competitive agents,2,0.4,no_trade,No trade,56,2,35,12,0
1,need_based_to_competitive,Need-based → competitive,Competitive agents,2,0.4,no_trade,No trade,28,2,13,11,0
2,need_based_to_competitive,Need-based → competitive,Competitive agents,2,0.4,no_trade,No trade,22,2,7,12,0
3,need_based_to_competitive,Need-based → competitive,Competitive agents,2,0.4,no_trade,No trade,12,0,6,14,0
4,need_based_to_competitive,Need-based → competitive,Competitive agents,2,0.4,no_trade,No trade,21,3,3,11,0
5,need_based_to_competitive,Need-based → competitive,Competitive agents,2,0.4,no_trade,No trade,13,1,5,5,0
6,need_based_to_competitive,Need-based → competitive,Competitive agents,2,0.4,no_trade,No trade,52,3,17,8,0
7,need_based_to_competitive,Need-based → competitive,Competitive agents,2,0.4,no_trade,No trade,36,3,8,10,0
8,need_based_to_competitive,Need-based → competitive,Competitive agents,2,0.4,no_trade,No trade,36,0,15,11,0
9,need_based_to_competitive,Need-based → competitive,Competitive agents,2,0.4,no_trade,No trade,39,3,10,11,0
10,need_based_to_competitive,Need-based → competitive,Competitive agents,2,0.4,no_trade,No trade,25,2,7,22,0
11,need_based_to_competitive,Need-based → competitive,Competitive agents,2,0.4,no_trade,No trade,34,3,12,26,0
12,need_based_to_competitive,Need-based → competitive,Competitive agents,2,0.4,no_trade,No trade,44,1,25,11,0
13,need_based_to_competitive,Need-based → competitive,Competitive agents,2,0.4,no_trade,No trade,30,0,20,16,0
14,need_based_to_competitive,Need-based → competitive,Competitive agents,2,0.4,no_trade,No trade,18,0,9,15,0
15,need_based_to_competitive,Need-based → competitive,Competitive agents,2,0.4,no_trade,No trade,27,1,10,14,0
16,need_based_to_competitive,Need-based → competitive,Competitive agents,2,0.4,no_trade,No trade,37,0,26,16,0
17,need_based_to_competitive,Need-based → competitive,Competitive agents,2,0.4,no_trade,No trade,39,1,19,22,0
18,need_based_to_competitive,Need-based → competitive,Competitive agents,2,0.4,no_trade,No trade,44,3,23,12,0
19,need_based_to_competitive,Need-based → competitive,Competitive agents,2,0.4,no_trade,No trade,34,2,11,16,0
20,need_based_to_competitive,Need-based → competitive,Competitive agents,2,0.4,no_trade,No trade,19,2,4,16,0
21,need_based_to_competitive,Need-based → competitive,Competitive agents,2,0.4,no_trade,No trade,31,2,10,14,0
22,need_based_to_competitive,Need-based → competitive,Competitive agents,2,0.4,no_trade,No trade,28,2,12,21,0
23,need_based_to_competitive,Need-based → competitive,Competitive agents,2,0.4,no_trade,No trade,27,2,8,20,0
24,need_based_to_competitive,Need-based → competitive,Competitive agents,2,0.4,no_trade,No trade,33,3,15,9,0
25,need_based_to_competitive,Need-based → competitive,Competitive agents,2,0.4,no_trade,No trade,33,2,15,14,0
26,need_based_to_competitive,Need-based → competitive,Competitive agents,2,0.4,no_trade,No trade,25,1,8,13,0
27,need_based_to_competitive,Need-based → competitive,Competitive agents,2,0.4,no_trade,No trade,23,1,6,19,0
28,need_based_to_competitive,Need-based → competitive,Competitive agents,2,0.4,no_trade,No trade,33,1,16,20,0
29,need_based_to_competitive,Need-based → competitive,Competitive agents,2,0.4,no_trade,No trade,36,2,21,17,0
30,need_based_to_competitive,Need-based → competitive,Competitive agents,2,0.4,no_trade,No trade,45,1,16,7,0
31,need_based_to_competitive,Need-based → competitive,Competitive agents,2,0.4,no_trade,No trade,45,3,13,6,0
32,need_based_to_competitive,Need-based → competitive,Competitive agents,2,0.4,no_trade,No trade,25,2,7,15,0
33,need_based_to_competitive,Need-based → competitive,Competitive agents,2,0.4,no_trade,No trade,42,1,30,19,0
34,need_based_to_competitive,Need-based → competitive,Competitive agents,2,0.4,no_trade,No trade,37,3,11,17,0
35,need_based_to_competitive,Need-based → competitive,Competitive agents,2,0.4,no_trade,No trade,28,1,8,11,0
36,need_based_to_competitive,Need-based → competitive,Competitive agents,2,0.4,no_trade,No trade,24,2,7,14,0
37,need_based_to_competitive,Need-based → competitive,Competitive agents,2,0.4,no_trade,No trade,21,2,7,14,0
38,need_based_to_competitive,Need-based → competitive,Competitive agents,2,0.4,no_trade,No trade,23,3,3,7,0
39,need_based_to_competitive,Need-based → competitive,Competitive agents,2,0.4,no_trade,No trade,32,1,13,16,0
40,need_based_to_competitive,Need-based → competitive,Competitive agents,2,0.4,no_trade,No trade,34,1,14,9,0
41,need_based_to_competitive,Need-based → competitive,Competitive agents,2,0.4,no_trade,No trade,35,2,19,16,0
42,need_based_to_competitive,Need-based → competitive,Competitive agents,2,0.4,no_trade,No trade,27,3,3,10,0
43,need_based_to_competitive,Need-based → competitive,Competitive agents,2,0.4,no_trade,No trade,36,2,19,20,0
44,need_based_to_competitive,Need-based → competitive,Competitive agents,2,0.4,no_trade,No trade,40,3,19,15,0
45,need_based_to_competitive,Need-based → competitive,Competitive agents,2,0.4,no_trade,No trade,31,2,14,17,0
46,need_based_to_competitive,Need-based → competitive,Competitive agents,2,0.4,no_trade,No trade,32,1,20,14,0
47,need_based_to_competitive,Need-based → competitive,Competitive agents,2,0.4,no_trade,No trade,20,2,4,19,0
48,need_based_to_competitive,Need-based → competitive,Competitive agents,2,0.4,no_trade,No trade,22,1,8,12,0
49,need_based_to_competitive,Need-based → competitive,Competitive agents,2,0.4,no_trade,No trade,47,3,14,16,0
50,need_based_to_competitive,Need-based → competitive,Competitive agents,2,0.4,no_trade,No trade,29,2,10,13,0
51,need_based_to_competitive,Need-based → competitive,Competitive agents,2,0.4,no_trade,No trade,29,2,12,28,0
52,need_based_to_competitive,Need-based → competitive,Competitive agents,2,0.4,no_trade,No trade,24,1,11,16,0
53,need_based_to_competitive,Need-based → competitive,Competitive agents,2,0.4,no_trade,No trade,25,3,5,23,0
54,need_based_to_competitive,Need-based → competitive,Competitive agents,2,0.4,no_trade,No trade,18,2,4,27,0
55,need_based_to_competitive,Need-based → competitive,Competitive agents,2,0.4,no_trade,No trade,17,1,5,18,0
56,need_based_to_competitive,Need-based → competitive,Competitive agents,2,0.4,no_trade,No trade,35,2,16,18,0
57,need_based_to_competitive,Need-based → competitive,Competitive agents,2,0.4,no_trade,No trade,34,3,13,22,0
58,need_based_to_competitive,Need-based → competitive,Competitive agents,2,0.4,no_trade,No trade,16,0,6,9,0
59,need_based_to_competitive,Need-based → competitive,Competitive agents,2,0.4,no_trade,No trade,29,2,13,13,0
60,need_based_to_competitive,Need-based → competitive,Competitive agents,2,0.4,no_trade,No trade,22,3,3,23,0
61,need_based_to_competitive,Need-based → competitive,Competitive agents,2,0.4,no_trade,No trade,25,3,4,15,0
62,need_based_to_competitive,Need-based → competitive,Competitive agents,2,0.4,no_trade,No trade,30,1,20,23,0
63,need_based_to_competitive,Need-based → competitive,Competitive agents,2,0.4,no_trade,No trade,18,1,5,7,0
64,need_based_to_competitive,Need-based → competitive,Competitive agents,2,0.4,no_trade,No trade,40,1,23,16,0
65,need_based_to_competitive,Need-based → competitive,Competitive agents,2,0.4,no_trade,No trade,22,3,3,21,0
66,need_based_to_competitive,Need-based → competitive,Competitive agents,2,0.4,no_trade,No trade,35,2,13,16,0
67,need_based_to_competitive,Need-based → competitive,Competitive agents,2,0.4,no_trade,No trade,33,2,10,20,0
68,need_based_to_competitive,Need-based → competitive,Competitive agents,2,0.4,no_trade,No trade,36,3,9,15,0
69,need_based_to_competitive,Need-based → competitive,Competitive agents,2,0.4,no_trade,No trade,30,1,11,19,0
70,need_based_to_competitive,Need-based → competitive,Competitive agents,2,0.4,no_trade,No trade,30,3,7,18,0
71,need_based_to_competitive,Need-based → competitive,Competitive agents,2,0.4,no_trade,No trade,17,2,4,17,0
72,need_based_to_competitive,Need-based → competitive,Competitive agents,2,0.4,no_trade,No trade,37,3,15,18,0
73,need_based_to_competitive,Need-based → competitive,Competitive agents,2,0.4,no_trade,No trade,47,1,19,17,0
74,need_based_to_competitive,Need-based → competitive,Competitive agents,2,0.4,no_trade,No trade,30,0,9,11,0
75,need_based_to_competitive,Need-based → competitive,Competitive agents,2,0.4,no_trade,No trade,24,1,11,10,0
76,need_based_to_competitive,Need-based → competitive,Competitive agents,2,0.4,no_trade,No trade,18,1,8,12,0
77,need_based_to_competitive,Need-based → competitive,Competitive agents,2,0.4,no_trade,No trade,27,3,6,8,0
78,need_based_to_competitive,Need-based → competitive,Competitive agents,2,0.4,no_trade,No trade,31,3,9,18,0
79,need_based_to_competitive,Need-based → competitive,Competitive agents,2,0.4,no_trade,No trade,22,1,8,23,0
80,need_based_to_competitive,Need-based → competitive,Competitive agents,2,0.4,no_trade,No trade,51,4,20,14,0
81,need_based_to_competitive,Need-based → competitive,Competitive agents,2,0.4,no_trade,No trade,34,0,11,15,0
82,need_based_to_competitive,Need-based → competitive,Competitive agents,2,0.4,no_trade,No trade,37,1,22,22,0
83,need_based_to_competitive,Need-based → competitive,Competitive agents,2,0.4,no_trade,No trade,37,3,11,13,0
84,need_based_to_competitive,Need-based → competitive,Competitive agents,2,0.4,no_trade,No trade,35,2,13,14,0
85,need_based_to_competitive,Need-based → competitive,Competitive agents,2,0.4,no_trade,No trade,31,0,12,18,0
86,need_based_to_competitive,Need-based → competitive,Competitive agents,2,0.4,no_trade,No trade,16,0,6,23,0
87,need_based_to_competitive,Need-based → competitive,Competitive agents,2,0.4,no_trade,No trade,18,1,5,19,0
88,need_based_to_competitive,Need-based → competitive,Competitive agents,2,0.4,no_trade,No trade,27,3,6,13,0
89,need_based_to_competitive,Need-based → competitive,Competitive agents,2,0.4,no_trade,No trade,31,1,15,8,0
90,need_based_to_competitive,Need-based → competitive,Competitive agents,2,0.4,no_trade,No trade,21,1,5,18,0
91,need_based_to_competitive,Need-based → competitive,Competitive agents,2,0.4,no_trade,No trade,39,3,10,18,0
92,need_based_to_competitive,Need-based → competitive,Competitive agents,2,0.4,no_trade,No trade,24,1,8,13,0
93,need_based_to_competitive,Need-based → competitive,Competitive agents,2,0.4,no_trade,No trade,16,1,5,17,0
94,need_based_to_competitive,Need-based → competitive,Competitive agents,2,0.4,no_trade,No trade,27,3,9,19,0
95,need_based_to_competitive,Need-based → competitive,Competitive agents,2,0.4,no_trade,No trade,24,3,4,29,0
96,need_based_to_competitive,Need-based → competitive,Competitive agents,2,0.4,no_trade,No trade,35,2,11,14,0
97,need_based_to_competitive,Need-based → competitive,Competitive agents,2,0.4,no_trade,No trade,24,1,8,17,0
98,need_based_to_competitive,Need-based → competitive,Competitive agents,2,0.4,no_trade,No trade,19,3,3,30,0
99,need_based_to_competitive,Need-based → competitive,Competitive agents,2,0.4,no_trade,No trade,34,2,10,17,0
0,need_based_to_competitive,Need-based → competitive,Competitive agents,2,0.4,bilateral_3pass,Bilateral 3-pass,128,19,17,7,40
1,need_based_to_competitive,Need-based → competitive,Competitive agents,2,0.4,bilateral_3pass,Bilateral 3-pass,89,14,8,9,31
2,need_based_to_competitive,Need-based → competitive,Competitive agents,2,0.4,bilateral_3pass,Bilateral 3-pass,145,11,32,12,42
3,need_based_to_competitive,Need-based → competitive,Competitive agents,2,0.4,bilateral_3pass,Bilateral 3-pass,124,11,30,7,41
4,need_based_to_competitive,Need-based → competitive,Competitive agents,2,0.4,bilateral_3pass,Bilateral 3-pass,123,9,32,10,32
5,need_based_to_competitive,Need-based → competitive,Competitive agents,2,0.4,bilateral_3pass,Bilateral 3-pass,111,6,27,26,36
6,need_based_to_competitive,Need-based → competitive,Competitive agents,2,0.4,bilateral_3pass,Bilateral 3-pass,88,8,22,19,21
7,need_based_to_competitive,Need-based → competitive,Competitive agents,2,0.4,bilateral_3pass,Bilateral 3-pass,106,13,20,12,31
8,need_based_to_competitive,Need-based → competitive,Competitive agents,2,0.4,bilateral_3pass,Bilateral 3-pass,126,11,24,10,36
9,need_based_to_competitive,Need-based → competitive,Competitive agents,2,0.4,bilateral_3pass,Bilateral 3-pass,149,8,37,0,44
10,need_based_to_competitive,Need-based → competitive,Competitive agents,2,0.4,bilateral_3pass,Bilateral 3-pass,103,14,22,9,30
11,need_based_to_competitive,Need-based → competitive,Competitive agents,2,0.4,bilateral_3pass,Bilateral 3-pass,131,14,19,11,37
12,need_based_to_competitive,Need-based → competitive,Competitive agents,2,0.4,bilateral_3pass,Bilateral 3-pass,106,9,29,12,25
13,need_based_to_competitive,Need-based → competitive,Competitive agents,2,0.4,bilateral_3pass,Bilateral 3-pass,155,6,40,5,38
14,need_based_to_competitive,Need-based → competitive,Competitive agents,2,0.4,bilateral_3pass,Bilateral 3-pass,154,25,16,6,46
15,need_based_to_competitive,Need-based → competitive,Competitive agents,2,0.4,bilateral_3pass,Bilateral 3-pass,112,14,17,9,35
16,need_based_to_competitive,Need-based → competitive,Competitive agents,2,0.4,bilateral_3pass,Bilateral 3-pass,135,20,18,10,41
17,need_based_to_competitive,Need-based → competitive,Competitive agents,2,0.4,bilateral_3pass,Bilateral 3-pass,154,9,41,9,42
18,need_based_to_competitive,Need-based → competitive,Competitive agents,2,0.4,bilateral_3pass,Bilateral 3-pass,157,14,32,9,36
19,need_based_to_competitive,Need-based → competitive,Competitive agents,2,0.4,bilateral_3pass,Bilateral 3-pass,139,12,38,9,41
20,need_based_to_competitive,Need-based → competitive,Competitive agents,2,0.4,bilateral_3pass,Bilateral 3-pass,135,6,32,16,34
21,need_based_to_competitive,Need-based → competitive,Competitive agents,2,0.4,bilateral_3pass,Bilateral 3-pass,101,6,26,16,30
22,need_based_to_competitive,Need-based → competitive,Competitive agents,2,0.4,bilateral_3pass,Bilateral 3-pass,152,17,32,11,36
23,need_based_to_competitive,Need-based → competitive,Competitive agents,2,0.4,bilateral_3pass,Bilateral 3-pass,142,17,19,6,43
24,need_based_to_competitive,Need-based → competitive,Competitive agents,2,0.4,bilateral_3pass,Bilateral 3-pass,143,17,21,13,38
25,need_based_to_competitive,Need-based → competitive,Competitive agents,2,0.4,bilateral_3pass,Bilateral 3-pass,133,14,30,16,44
26,need_based_to_competitive,Need-based → competitive,Competitive agents,2,0.4,bilateral_3pass,Bilateral 3-pass,148,25,10,11,28
27,need_based_to_competitive,Need-based → competitive,Competitive agents,2,0.4,bilateral_3pass,Bilateral 3-pass,104,6,41,13,27
28,need_based_to_competitive,Need-based → competitive,Competitive agents,2,0.4,bilateral_3pass,Bilateral 3-pass,120,9,29,14,33
29,need_based_to_competitive,Need-based → competitive,Competitive agents,2,0.4,bilateral_3pass,Bilateral 3-pass,133,11,31,8,39
30,need_based_to_competitive,Need-based → competitive,Competitive agents,2,0.4,bilateral_3pass,Bilateral 3-pass,138,14,27,15,42
31,need_based_to_competitive,Need-based → competitive,Competitive agents,2,0.4,bilateral_3pass,Bilateral 3-pass,122,13,42,3,23
32,need_based_to_competitive,Need-based → competitive,Competitive agents,2,0.4,bilateral_3pass,Bilateral 3-pass,108,3,53,15,35
33,need_based_to_competitive,Need-based → competitive,Competitive agents,2,0.4,bilateral_3pass,Bilateral 3-pass,133,3,38,8,27
34,need_based_to_competitive,Need-based → competitive,Competitive agents,2,0.4,bilateral_3pass,Bilateral 3-pass,128,11,24,15,38
35,need_based_to_competitive,Need-based → competitive,Competitive agents,2,0.4,bilateral_3pass,Bilateral 3-pass,96,6,26,22,29
36,need_based_to_competitive,Need-based → competitive,Competitive agents,2,0.4,bilateral_3pass,Bilateral 3-pass,164,25,14,11,47
37,need_based_to_competitive,Need-based → competitive,Competitive agents,2,0.4,bilateral_3pass,Bilateral 3-pass,120,6,30,10,37
38,need_based_to_competitive,Need-based → competitive,Competitive agents,2,0.4,bilateral_3pass,Bilateral 3-pass,143,18,29,13,27
39,need_based_to_competitive,Need-based → competitive,Competitive agents,2,0.4,bilateral_3pass,Bilateral 3-pass,135,22,14,6,35
40,need_based_to_competitive,Need-based → competitive,Competitive agents,2,0.4,bilateral_3pass,Bilateral 3-pass,116,10,28,14,47
41,need_based_to_competitive,Need-based → competitive,Competitive agents,2,0.4,bilateral_3pass,Bilateral 3-pass,134,11,38,5,26
42,need_based_to_competitive,Need-based → competitive,Competitive agents,2,0.4,bilateral_3pass,Bilateral 3-pass,129,12,21,2,26
43,need_based_to_competitive,Need-based → competitive,Competitive agents,2,0.4,bilateral_3pass,Bilateral 3-pass,135,17,24,13,34
44,need_based_to_competitive,Need-based → competitive,Competitive agents,2,0.4,bilateral_3pass,Bilateral 3-pass,119,18,17,18,36
45,need_based_to_competitive,Need-based → competitive,Competitive agents,2,0.4,bilateral_3pass,Bilateral 3-pass,117,9,30,19,37
46,need_based_to_competitive,Need-based → competitive,Competitive agents,2,0.4,bilateral_3pass,Bilateral 3-pass,122,14,24,5,42
47,need_based_to_competitive,Need-based → competitive,Competitive agents,2,0.4,bilateral_3pass,Bilateral 3-pass,132,17,21,10,30
48,need_based_to_competitive,Need-based → competitive,Competitive agents,2,0.4,bilateral_3pass,Bilateral 3-pass,114,6,37,5,31
49,need_based_to_competitive,Need-based → competitive,Competitive agents,2,0.4,bilateral_3pass,Bilateral 3-pass,108,9,33,14,25
50,need_based_to_competitive,Need-based → competitive,Competitive agents,2,0.4,bilateral_3pass,Bilateral 3-pass,121,17,17,7,31
51,need_based_to_competitive,Need-based → competitive,Competitive agents,2,0.4,bilateral_3pass,Bilateral 3-pass,135,9,34,10,25
52,need_based_to_competitive,Need-based → competitive,Competitive agents,2,0.4,bilateral_3pass,Bilateral 3-pass,153,19,21,7,38
53,need_based_to_competitive,Need-based → competitive,Competitive agents,2,0.4,bilateral_3pass,Bilateral 3-pass,115,9,38,12,31
54,need_based_to_competitive,Need-based → competitive,Competitive agents,2,0.4,bilateral_3pass,Bilateral 3-pass,75,3,33,23,18
55,need_based_to_competitive,Need-based → competitive,Competitive agents,2,0.4,bilateral_3pass,Bilateral 3-pass,106,9,26,11,36
56,need_based_to_competitive,Need-based → competitive,Competitive agents,2,0.4,bilateral_3pass,Bilateral 3-pass,113,3,39,13,30
57,need_based_to_competitive,Need-based → competitive,Competitive agents,2,0.4,bilateral_3pass,Bilateral 3-pass,125,14,23,6,32
58,need_based_to_competitive,Need-based → competitive,Competitive agents,2,0.4,bilateral_3pass,Bilateral 3-pass,116,14,25,10,31
59,need_based_to_competitive,Need-based → competitive,Competitive agents,2,0.4,bilateral_3pass,Bilateral 3-pass,172,16,44,10,40
60,need_based_to_competitive,Need-based → competitive,Competitive agents,2,0.4,bilateral_3pass,Bilateral 3-pass,117,6,46,8,27
61,need_based_to_competitive,Need-based → competitive,Competitive agents,2,0.4,bilateral_3pass,Bilateral 3-pass,127,11,34,11,34
62,need_based_to_competitive,Need-based → competitive,Competitive agents,2,0.4,bilateral_3pass,Bilateral 3-pass,118,17,17,10,30
63,need_based_to_competitive,Need-based → competitive,Competitive agents,2,0.4,bilateral_3pass,Bilateral 3-pass,123,8,41,7,47
64,need_based_to_competitive,Need-based → competitive,Competitive agents,2,0.4,bilateral_3pass,Bilateral 3-pass,115,11,28,3,34
65,need_based_to_competitive,Need-based → competitive,Competitive agents,2,0.4,bilateral_3pass,Bilateral 3-pass,132,14,29,4,34
66,need_based_to_competitive,Need-based → competitive,Competitive agents,2,0.4,bilateral_3pass,Bilateral 3-pass,135,11,38,5,37
67,need_based_to_competitive,Need-based → competitive,Competitive agents,2,0.4,bilateral_3pass,Bilateral 3-pass,111,9,31,9,28
68,need_based_to_competitive,Need-based → competitive,Competitive agents,2,0.4,bilateral_3pass,Bilateral 3-pass,104,14,12,11,25
69,need_based_to_competitive,Need-based → competitive,Competitive agents,2,0.4,bilateral_3pass,Bilateral 3-pass,120,14,29,8,29
70,need_based_to_competitive,Need-based → competitive,Competitive agents,2,0.4,bilateral_3pass,Bilateral 3-pass,98,6,30,16,27
71,need_based_to_competitive,Need-based → competitive,Competitive agents,2,0.4,bilateral_3pass,Bilateral 3-pass,163,14,48,8,37
72,need_based_to_competitive,Need-based → competitive,Competitive agents,2,0.4,bilateral_3pass,Bilateral 3-pass,161,16,46,9,26
73,need_based_to_competitive,Need-based → competitive,Competitive agents,2,0.4,bilateral_3pass,Bilateral 3-pass,123,20,12,25,34
74,need_based_to_competitive,Need-based → competitive,Competitive agents,2,0.4,bilateral_3pass,Bilateral 3-pass,132,11,31,7,46
75,need_based_to_competitive,Need-based → competitive,Competitive agents,2,0.4,bilateral_3pass,Bilateral 3-pass,134,11,38,15,42
76,need_based_to_competitive,Need-based → competitive,Competitive agents,2,0.4,bilateral_3pass,Bilateral 3-pass,73,3,46,22,22
77,need_based_to_competitive,Need-based → competitive,Competitive agents,2,0.4,bilateral_3pass,Bilateral 3-pass,111,3,33,15,43
78,need_based_to_competitive,Need-based → competitive,Competitive agents,2,0.4,bilateral_3pass,Bilateral 3-pass,124,6,43,20,22
79,need_based_to_competitive,Need-based → competitive,Competitive agents,2,0.4,bilateral_3pass,Bilateral 3-pass,125,9,29,10,40
80,need_based_to_competitive,Need-based → competitive,Competitive agents,2,0.4,bilateral_3pass,Bilateral 3-pass,155,20,22,11,36
81,need_based_to_competitive,Need-based → competitive,Competitive agents,2,0.4,bilateral_3pass,Bilateral 3-pass,121,9,39,18,30
82,need_based_to_competitive,Need-based → competitive,Competitive agents,2,0.4,bilateral_3pass,Bilateral 3-pass,139,9,30,13,26
83,need_based_to_competitive,Need-based → competitive,Competitive agents,2,0.4,bilateral_3pass,Bilateral 3-pass,100,6,24,10,31
84,need_based_to_competitive,Need-based → competitive,Competitive agents,2,0.4,bilateral_3pass,Bilateral 3-pass,138,9,34,8,33
85,need_based_to_competitive,Need-based → competitive,Competitive agents,2,0.4,bilateral_3pass,Bilateral 3-pass,147,22,21,21,37
86,need_based_to_competitive,Need-based → competitive,Competitive agents,2,0.4,bilateral_3pass,Bilateral 3-pass,137,6,38,12,42
87,need_based_to_competitive,Need-based → competitive,Competitive agents,2,0.4,bilateral_3pass,Bilateral 3-pass,105,6,29,6,28
88,need_based_to_competitive,Need-based → competitive,Competitive agents,2,0.4,bilateral_3pass,Bilateral 3-pass,91,6,23,13,33
89,need_based_to_competitive,Need-based → competitive,Competitive agents,2,0.4,bilateral_3pass,Bilateral 3-pass,163,9,40,11,37
90,need_based_to_competitive,Need-based → competitive,Competitive agents,2,0.4,bilateral_3pass,Bilateral 3-pass,142,11,29,13,43
91,need_based_to_competitive,Need-based → competitive,Competitive agents,2,0.4,bilateral_3pass,Bilateral 3-pass,121,11,23,14,27
92,need_based_to_competitive,Need-based → competitive,Competitive agents,2,0.4,bilateral_3pass,Bilateral 3-pass,113,9,26,19,35
93,need_based_to_competitive,Need-based → competitive,Competitive agents,2,0.4,bilateral_3pass,Bilateral 3-pass,101,6,30,16,36
94,need_based_to_competitive,Need-based → competitive,Competitive agents,2,0.4,bilateral_3pass,Bilateral 3-pass,142,25,9,8,38
95,need_based_to_competitive,Need-based → competitive,Competitive agents,2,0.4,bilateral_3pass,Bilateral 3-pass,111,9,24,8,24
96,need_based_to_competitive,Need-based → competitive,Competitive agents,2,0.4,bilateral_3pass,Bilateral 3-pass,152,17,32,5,41
97,need_based_to_competitive,Need-based → competitive,Competitive agents,2,0.4,bilateral_3pass,Bilateral 3-pass,95,14,13,8,27
98,need_based_to_competitive,Need-based → competitive,Competitive agents,2,0.4,bilateral_3pass,Bilateral 3-pass,113,14,16,5,25
99,need_based_to_competitive,Need-based → competitive,Competitive agents,2,0.4,bilateral_3pass,Bilateral 3-pass,124,9,38,9,35
0,need_based_to_competitive,Need-based → competitive,Competitive agents,2,0.4,public_pool,Public pool,131,12,32,6,47
1,need_based_to_competitive,Need-based → competitive,Competitive agents,2,0.4,public_pool,Public pool,114,10,47,5,42
2,need_based_to_competitive,Need-based → competitive,Competitive agents,2,0.4,public_pool,Public pool,129,19,17,5,45
3,need_based_to_competitive,Need-based → competitive,Competitive agents,2,0.4,public_pool,Public pool,120,17,18,9,44
4,need_based_to_competitive,Need-based → competitive,Competitive agents,2,0.4,public_pool,Public pool,102,6,27,12,38
5,need_based_to_competitive,Need-based → competitive,Competitive agents,2,0.4,public_pool,Public pool,90,14,11,7,43
6,need_based_to_competitive,Need-based → competitive,Competitive agents,2,0.4,public_pool,Public pool,118,6,38,13,36
7,need_based_to_competitive,Need-based → competitive,Competitive agents,2,0.4,public_pool,Public pool,50,3,16,21,37
8,need_based_to_competitive,Need-based → competitive,Competitive agents,2,0.4,public_pool,Public pool,118,14,35,7,41
9,need_based_to_competitive,Need-based → competitive,Competitive agents,2,0.4,public_pool,Public pool,112,13,31,5,44
10,need_based_to_competitive,Need-based → competitive,Competitive agents,2,0.4,public_pool,Public pool,121,11,41,3,42
11,need_based_to_competitive,Need-based → competitive,Competitive agents,2,0.4,public_pool,Public pool,155,9,43,11,46
12,need_based_to_competitive,Need-based → competitive,Competitive agents,2,0.4,public_pool,Public pool,137,25,5,6,46
13,need_based_to_competitive,Need-based → competitive,Competitive agents,2,0.4,public_pool,Public pool,112,19,6,6,48
14,need_based_to_competitive,Need-based → competitive,Competitive agents,2,0.4,public_pool,Public pool,97,13,20,10,41
15,need_based_to_competitive,Need-based → competitive,Competitive agents,2,0.4,public_pool,Public pool,80,1,45,9,40
16,need_based_to_competitive,Need-based → competitive,Competitive agents,2,0.4,public_pool,Public pool,76,4,29,21,32
17,need_based_to_competitive,Need-based → competitive,Competitive agents,2,0.4,public_pool,Public pool,115,3,52,10,37
18,need_based_to_competitive,Need-based → competitive,Competitive agents,2,0.4,public_pool,Public pool,124,13,21,7,43
19,need_based_to_competitive,Need-based → competitive,Competitive agents,2,0.4,public_pool,Public pool,120,16,17,11,40
20,need_based_to_competitive,Need-based → competitive,Competitive agents,2,0.4,public_pool,Public pool,133,17,32,9,51
21,need_based_to_competitive,Need-based → competitive,Competitive agents,2,0.4,public_pool,Public pool,120,12,40,9,35
22,need_based_to_competitive,Need-based → competitive,Competitive agents,2,0.4,public_pool,Public pool,132,18,15,5,45
23,need_based_to_competitive,Need-based → competitive,Competitive agents,2,0.4,public_pool,Public pool,124,14,24,6,44
24,need_based_to_competitive,Need-based → competitive,Competitive agents,2,0.4,public_pool,Public pool,103,15,15,4,45
25,need_based_to_competitive,Need-based → competitive,Competitive agents,2,0.4,public_pool,Public pool,124,14,29,8,37
26,need_based_to_competitive,Need-based → competitive,Competitive agents,2,0.4,public_pool,Public pool,88,11,19,13,35
27,need_based_to_competitive,Need-based → competitive,Competitive agents,2,0.4,public_pool,Public pool,102,3,43,11,40
28,need_based_to_competitive,Need-based → competitive,Competitive agents,2,0.4,public_pool,Public pool,114,21,6,8,44
29,need_based_to_competitive,Need-based → competitive,Competitive agents,2,0.4,public_pool,Public pool,109,19,7,4,44
30,need_based_to_competitive,Need-based → competitive,Competitive agents,2,0.4,public_pool,Public pool,78,6,24,19,43
31,need_based_to_competitive,Need-based → competitive,Competitive agents,2,0.4,public_pool,Public pool,130,17,22,4,40
32,need_based_to_competitive,Need-based → competitive,Competitive agents,2,0.4,public_pool,Public pool,112,18,8,4,47
33,need_based_to_competitive,Need-based → competitive,Competitive agents,2,0.4,public_pool,Public pool,139,17,32,9,47
34,need_based_to_competitive,Need-based → competitive,Competitive agents,2,0.4,public_pool,Public pool,117,11,32,5,39
35,need_based_to_competitive,Need-based → competitive,Competitive agents,2,0.4,public_pool,Public pool,152,13,41,11,37
36,need_based_to_competitive,Need-based → competitive,Competitive agents,2,0.4,public_pool,Public pool,118,14,23,2,41
37,need_based_to_competitive,Need-based → competitive,Competitive agents,2,0.4,public_pool,Public pool,128,10,32,4,42
38,need_based_to_competitive,Need-based → competitive,Competitive agents,2,0.4,public_pool,Public pool,100,13,20,3,44
39,need_based_to_competitive,Need-based → competitive,Competitive agents,2,0.4,public_pool,Public pool,73,5,25,14,36
40,need_based_to_competitive,Need-based → competitive,Competitive agents,2,0.4,public_pool,Public pool,124,6,41,7,42
41,need_based_to_competitive,Need-based → competitive,Competitive agents,2,0.4,public_pool,Public pool,131,18,27,4,43
42,need_based_to_competitive,Need-based → competitive,Competitive agents,2,0.4,public_pool,Public pool,157,26,21,3,45
43,need_based_to_competitive,Need-based → competitive,Competitive agents,2,0.4,public_pool,Public pool,102,7,37,6,35
44,need_based_to_competitive,Need-based → competitive,Competitive agents,2,0.4,public_pool,Public pool,114,12,35,11,43
45,need_based_to_competitive,Need-based → competitive,Competitive agents,2,0.4,public_pool,Public pool,101,7,24,8,39
46,need_based_to_competitive,Need-based → competitive,Competitive agents,2,0.4,public_pool,Public pool,113,11,38,8,34
47,need_based_to_competitive,Need-based → competitive,Competitive agents,2,0.4,public_pool,Public pool,147,18,21,7,44
48,need_based_to_competitive,Need-based → competitive,Competitive agents,2,0.4,public_pool,Public pool,146,25,10,7,49
49,need_based_to_competitive,Need-based → competitive,Competitive agents,2,0.4,public_pool,Public pool,127,19,21,10,42
50,need_based_to_competitive,Need-based → competitive,Competitive agents,2,0.4,public_pool,Public pool,63,1,35,18,35
51,need_based_to_competitive,Need-based → competitive,Competitive agents,2,0.4,public_pool,Public pool,143,20,19,4,42
52,need_based_to_competitive,Need-based → competitive,Competitive agents,2,0.4,public_pool,Public pool,103,12,24,2,43
53,need_based_to_competitive,Need-based → competitive,Competitive agents,2,0.4,public_pool,Public pool,152,23,15,8,38
54,need_based_to_competitive,Need-based → competitive,Competitive agents,2,0.4,public_pool,Public pool,65,6,32,16,31
55,need_based_to_competitive,Need-based → competitive,Competitive agents,2,0.4,public_pool,Public pool,116,13,28,9,38
56,need_based_to_competitive,Need-based → competitive,Competitive agents,2,0.4,public_pool,Public pool,77,4,26,14,36
57,need_based_to_competitive,Need-based → competitive,Competitive agents,2,0.4,public_pool,Public pool,122,19,18,7,43
58,need_based_to_competitive,Need-based → competitive,Competitive agents,2,0.4,public_pool,Public pool,78,0,30,17,38
59,need_based_to_competitive,Need-based → competitive,Competitive agents,2,0.4,public_pool,Public pool,136,11,38,7,43
60,need_based_to_competitive,Need-based → competitive,Competitive agents,2,0.4,public_pool,Public pool,131,18,30,4,45
61,need_based_to_competitive,Need-based → competitive,Competitive agents,2,0.4,public_pool,Public pool,115,3,47,16,37
62,need_based_to_competitive,Need-based → competitive,Competitive agents,2,0.4,public_pool,Public pool,129,9,37,7,37
63,need_based_to_competitive,Need-based → competitive,Competitive agents,2,0.4,public_pool,Public pool,102,9,40,10,48
64,need_based_to_competitive,Need-based → competitive,Competitive agents,2,0.4,public_pool,Public pool,131,16,20,10,42
65,need_based_to_competitive,Need-based → competitive,Competitive agents,2,0.4,public_pool,Public pool,125,0,52,6,26
66,need_based_to_competitive,Need-based → competitive,Competitive agents,2,0.4,public_pool,Public pool,120,3,54,3,28
67,need_based_to_competitive,Need-based → competitive,Competitive agents,2,0.4,public_pool,Public pool,128,18,25,4,42
68,need_based_to_competitive,Need-based → competitive,Competitive agents,2,0.4,public_pool,Public pool,99,0,41,8,30
69,need_based_to_competitive,Need-based → competitive,Competitive agents,2,0.4,public_pool,Public pool,131,22,11,17,42
70,need_based_to_competitive,Need-based → competitive,Competitive agents,2,0.4,public_pool,Public pool,128,14,26,10,46
71,need_based_to_competitive,Need-based → competitive,Competitive agents,2,0.4,public_pool,Public pool,133,10,26,11,42
72,need_based_to_competitive,Need-based → competitive,Competitive agents,2,0.4,public_pool,Public pool,118,11,27,9,46
73,need_based_to_competitive,Need-based → competitive,Competitive agents,2,0.4,public_pool,Public pool,143,12,34,12,42
74,need_based_to_competitive,Need-based → competitive,Competitive agents,2,0.4,public_pool,Public pool,140,25,9,7,44
75,need_based_to_competitive,Need-based → competitive,Competitive agents,2,0.4,public_pool,Public pool,117,10,36,5,43
76,need_based_to_competitive,Need-based → competitive,Competitive agents,2,0.4,public_pool,Public pool,98,1,56,22,46
77,need_based_to_competitive,Need-based → competitive,Competitive agents,2,0.4,public_pool,Public pool,130,19,14,5,47
78,need_based_to_competitive,Need-based → competitive,Competitive agents,2,0.4,public_pool,Public pool,145,22,19,6,50
79,need_based_to_competitive,Need-based → competitive,Competitive agents,2,0.4,public_pool,Public pool,114,19,6,9,44
80,need_based_to_competitive,Need-based → competitive,Competitive agents,2,0.4,public_pool,Public pool,90,3,39,11,23
81,need_based_to_competitive,Need-based → competitive,Competitive agents,2,0.4,public_pool,Public pool,79,9,14,12,26
82,need_based_to_competitive,Need-based → competitive,Competitive agents,2,0.4,public_pool,Public pool,143,22,14,7,47
83,need_based_to_competitive,Need-based → competitive,Competitive agents,2,0.4,public_pool,Public pool,86,0,41,15,35
84,need_based_to_competitive,Need-based → competitive,Competitive agents,2,0.4,public_pool,Public pool,154,22,27,2,40
85,need_based_to_competitive,Need-based → competitive,Competitive agents,2,0.4,public_pool,Public pool,118,11,30,19,40
86,need_based_to_competitive,Need-based → competitive,Competitive agents,2,0.4,public_pool,Public pool,112,12,37,8,38
87,need_based_to_competitive,Need-based → competitive,Competitive agents,2,0.4,public_pool,Public pool,122,7,39,6,42
88,need_based_to_competitive,Need-based → competitive,Competitive agents,2,0.4,public_pool,Public pool,129,11,36,5,34
89,need_based_to_competitive,Need-based → competitive,Competitive agents,2,0.4,public_pool,Public pool,100,9,23,18,43
90,need_based_to_competitive,Need-based → competitive,Competitive agents,2,0.4,public_pool,Public pool,77,5,25,23,43
91,need_based_to_competitive,Need-based → competitive,Competitive agents,2,0.4,public_pool,Public pool,121,14,30,8,46
92,need_based_to_competitive,Need-based → competitive,Competitive agents,2,0.4,public_pool,Public pool,110,3,43,5,36
93,need_based_to_competitive,Need-based → competitive,Competitive agents,2,0.4,public_pool,Public pool,146,10,45,6,39
94,need_based_to_competitive,Need-based → competitive,Competitive agents,2,0.4,public_pool,Public pool,86,5,36,6,34
95,need_based_to_competitive,Need-based → competitive,Competitive agents,2,0.4,public_pool,Public pool,75,2,36,23,38
96,need_based_to_competitive,Need-based → competitive,Competitive agents,2,0.4,public_pool,Public pool,140,13,28,6,43
97,need_based_to_competitive,Need-based → competitive,Competitive agents,2,0.4,public_pool,Public pool,109,9,43,9,34
98,need_based_to_competitive,Need-based → competitive,Competitive agents,2,0.4,public_pool,Public pool,150,10,42,6,45
99,need_based_to_competitive,Need-based → competitive,Competitive agents,2,0.4,public_pool,Public pool,113,9,32,9,47
0,need_based_to_competitive,Need-based → competitive,Competitive agents,2,0.4,central_cap2,Central capped (2),113,11,30,9,39
1,need_based_to_competitive,Need-based → competitive,Competitive agents,2,0.4,central_cap2,Central capped (2),127,14,32,9,34
2,need_based_to_competitive,Need-based → competitive,Competitive agents,2,0.4,central_cap2,Central capped (2),153,17,22,8,37
3,need_based_to_competitive,Need-based → competitive,Competitive agents,2,0.4,central_cap2,Central capped (2),123,9,27,15,36
4,need_based_to_competitive,Need-based → competitive,Competitive agents,2,0.4,central_cap2,Central capped (2),140,19,17,8,38
5,need_based_to_competitive,Need-based → competitive,Competitive agents,2,0.4,central_cap2,Central capped (2),117,14,22,7,35
6,need_based_to_competitive,Need-based → competitive,Competitive agents,2,0.4,central_cap2,Central capped (2),89,8,14,16,27
7,need_based_to_competitive,Need-based → competitive,Competitive agents,2,0.4,central_cap2,Central capped (2),140,17,18,5,37
8,need_based_to_competitive,Need-based → competitive,Competitive agents,2,0.4,central_cap2,Central capped (2),149,20,24,4,37
9,need_based_to_competitive,Need-based → competitive,Competitive agents,2,0.4,central_cap2,Central capped (2),90,6,19,10,32
10,need_based_to_competitive,Need-based → competitive,Competitive agents,2,0.4,central_cap2,Central capped (2),129,11,33,13,33
11,need_based_to_competitive,Need-based → competitive,Competitive agents,2,0.4,central_cap2,Central capped (2),148,25,14,9,37
12,need_based_to_competitive,Need-based → competitive,Competitive agents,2,0.4,central_cap2,Central capped (2),87,9,26,10,30
13,need_based_to_competitive,Need-based → competitive,Competitive agents,2,0.4,central_cap2,Central capped (2),106,12,24,8,31
14,need_based_to_competitive,Need-based → competitive,Competitive agents,2,0.4,central_cap2,Central capped (2),121,15,20,6,38
15,need_based_to_competitive,Need-based → competitive,Competitive agents,2,0.4,central_cap2,Central capped (2),84,9,18,16,31
16,need_based_to_competitive,Need-based → competitive,Competitive agents,2,0.4,central_cap2,Central capped (2),125,15,18,5,36
17,need_based_to_competitive,Need-based → competitive,Competitive agents,2,0.4,central_cap2,Central capped (2),142,12,29,5,37
18,need_based_to_competitive,Need-based → competitive,Competitive agents,2,0.4,central_cap2,Central capped (2),141,9,36,4,36
19,need_based_to_competitive,Need-based → competitive,Competitive agents,2,0.4,central_cap2,Central capped (2),114,12,23,8,37
20,need_based_to_competitive,Need-based → competitive,Competitive agents,2,0.4,central_cap2,Central capped (2),151,9,40,7,37
21,need_based_to_competitive,Need-based → competitive,Competitive agents,2,0.4,central_cap2,Central capped (2),121,14,19,13,29
22,need_based_to_competitive,Need-based → competitive,Competitive agents,2,0.4,central_cap2,Central capped (2),134,14,24,7,36
23,need_based_to_competitive,Need-based → competitive,Competitive agents,2,0.4,central_cap2,Central capped (2),135,17,22,9,36
24,need_based_to_competitive,Need-based → competitive,Competitive agents,2,0.4,central_cap2,Central capped (2),135,12,21,9,38
25,need_based_to_competitive,Need-based → competitive,Competitive agents,2,0.4,central_cap2,Central capped (2),145,17,24,10,37
26,need_based_to_competitive,Need-based → competitive,Competitive agents,2,0.4,central_cap2,Central capped (2),145,22,12,10,35
27,need_based_to_competitive,Need-based → competitive,Competitive agents,2,0.4,central_cap2,Central capped (2),134,19,14,5,33
28,need_based_to_competitive,Need-based → competitive,Competitive agents,2,0.4,central_cap2,Central capped (2),128,9,33,7,39
29,need_based_to_competitive,Need-based → competitive,Competitive agents,2,0.4,central_cap2,Central capped (2),104,6,33,10,38
30,need_based_to_competitive,Need-based → competitive,Competitive agents,2,0.4,central_cap2,Central capped (2),122,15,17,9,38
31,need_based_to_competitive,Need-based → competitive,Competitive agents,2,0.4,central_cap2,Central capped (2),147,22,22,10,37
32,need_based_to_competitive,Need-based → competitive,Competitive agents,2,0.4,central_cap2,Central capped (2),137,14,24,5,38
33,need_based_to_competitive,Need-based → competitive,Competitive agents,2,0.4,central_cap2,Central capped (2),125,17,18,8,30
34,need_based_to_competitive,Need-based → competitive,Competitive agents,2,0.4,central_cap2,Central capped (2),133,12,24,9,32
35,need_based_to_competitive,Need-based → competitive,Competitive agents,2,0.4,central_cap2,Central capped (2),127,14,24,16,35
36,need_based_to_competitive,Need-based → competitive,Competitive agents,2,0.4,central_cap2,Central capped (2),128,9,29,15,37
37,need_based_to_competitive,Need-based → competitive,Competitive agents,2,0.4,central_cap2,Central capped (2),148,11,33,7,37
38,need_based_to_competitive,Need-based → competitive,Competitive agents,2,0.4,central_cap2,Central capped (2),117,12,21,6,33
39,need_based_to_competitive,Need-based → competitive,Competitive agents,2,0.4,central_cap2,Central capped (2),119,12,27,10,35
40,need_based_to_competitive,Need-based → competitive,Competitive agents,2,0.4,central_cap2,Central capped (2),92,12,21,5,34
41,need_based_to_competitive,Need-based → competitive,Competitive agents,2,0.4,central_cap2,Central capped (2),133,17,25,12,36
42,need_based_to_competitive,Need-based → competitive,Competitive agents,2,0.4,central_cap2,Central capped (2),109,14,17,4,29
43,need_based_to_competitive,Need-based → competitive,Competitive agents,2,0.4,central_cap2,Central capped (2),122,14,17,14,37
44,need_based_to_competitive,Need-based → competitive,Competitive agents,2,0.4,central_cap2,Central capped (2),116,15,20,5,33
45,need_based_to_competitive,Need-based → competitive,Competitive agents,2,0.4,central_cap2,Central capped (2),101,11,20,12,37
46,need_based_to_competitive,Need-based → competitive,Competitive agents,2,0.4,central_cap2,Central capped (2),120,17,14,5,34
47,need_based_to_competitive,Need-based → competitive,Competitive agents,2,0.4,central_cap2,Central capped (2),115,14,16,19,35
48,need_based_to_competitive,Need-based → competitive,Competitive agents,2,0.4,central_cap2,Central capped (2),129,15,25,5,36
49,need_based_to_competitive,Need-based → competitive,Competitive agents,2,0.4,central_cap2,Central capped (2),124,9,31,9,36
50,need_based_to_competitive,Need-based → competitive,Competitive agents,2,0.4,central_cap2,Central capped (2),145,17,24,7,37
51,need_based_to_competitive,Need-based → competitive,Competitive agents,2,0.4,central_cap2,Central capped (2),159,19,28,12,33
52,need_based_to_competitive,Need-based → competitive,Competitive agents,2,0.4,central_cap2,Central capped (2),125,6,40,9,35
53,need_based_to_competitive,Need-based → competitive,Competitive agents,2,0.4,central_cap2,Central capped (2),157,25,18,7,35
54,need_based_to_competitive,Need-based → competitive,Competitive agents,2,0.4,central_cap2,Central capped (2),121,14,26,9,37
55,need_based_to_competitive,Need-based → competitive,Competitive agents,2,0.4,central_cap2,Central capped (2),81,9,21,13,37
56,need_based_to_competitive,Need-based → competitive,Competitive agents,2,0.4,central_cap2,Central capped (2),132,17,21,10,36
57,need_based_to_competitive,Need-based → competitive,Competitive agents,2,0.4,central_cap2,Central capped (2),149,27,6,13,37
58,need_based_to_competitive,Need-based → competitive,Competitive agents,2,0.4,central_cap2,Central capped (2),114,11,28,3,34
59,need_based_to_competitive,Need-based → competitive,Competitive agents,2,0.4,central_cap2,Central capped (2),148,25,18,10,34
60,need_based_to_competitive,Need-based → competitive,Competitive agents,2,0.4,central_cap2,Central capped (2),149,11,31,9,38
61,need_based_to_competitive,Need-based → competitive,Competitive agents,2,0.4,central_cap2,Central capped (2),125,22,7,11,35
62,need_based_to_competitive,Need-based → competitive,Competitive agents,2,0.4,central_cap2,Central capped (2),105,12,21,12,33
63,need_based_to_competitive,Need-based → competitive,Competitive agents,2,0.4,central_cap2,Central capped (2),92,14,9,5,38
64,need_based_to_competitive,Need-based → competitive,Competitive agents,2,0.4,central_cap2,Central capped (2),148,17,29,11,36
65,need_based_to_competitive,Need-based → competitive,Competitive agents,2,0.4,central_cap2,Central capped (2),128,9,30,6,35
66,need_based_to_competitive,Need-based → competitive,Competitive agents,2,0.4,central_cap2,Central capped (2),127,14,27,7,37
67,need_based_to_competitive,Need-based → competitive,Competitive agents,2,0.4,central_cap2,Central capped (2),90,12,15,21,40
68,need_based_to_competitive,Need-based → competitive,Competitive agents,2,0.4,central_cap2,Central capped (2),123,9,30,8,34
69,need_based_to_competitive,Need-based → competitive,Competitive agents,2,0.4,central_cap2,Central capped (2),98,12,15,10,31
70,need_based_to_competitive,Need-based → competitive,Competitive agents,2,0.4,central_cap2,Central capped (2),107,17,11,12,31
71,need_based_to_competitive,Need-based → competitive,Competitive agents,2,0.4,central_cap2,Central capped (2),132,11,30,9,37
72,need_based_to_competitive,Need-based → competitive,Competitive agents,2,0.4,central_cap2,Central capped (2),132,20,13,5,35
73,need_based_to_competitive,Need-based → competitive,Competitive agents,2,0.4,central_cap2,Central capped (2),166,23,15,6,36
74,need_based_to_competitive,Need-based → competitive,Competitive agents,2,0.4,central_cap2,Central capped (2),135,12,26,1,36
75,need_based_to_competitive,Need-based → competitive,Competitive agents,2,0.4,central_cap2,Central capped (2),104,6,35,16,38
76,need_based_to_competitive,Need-based → competitive,Competitive agents,2,0.4,central_cap2,Central capped (2),124,9,24,8,37
77,need_based_to_competitive,Need-based → competitive,Competitive agents,2,0.4,central_cap2,Central capped (2),106,12,16,11,33
78,need_based_to_competitive,Need-based → competitive,Competitive agents,2,0.4,central_cap2,Central capped (2),142,12,28,6,35
79,need_based_to_competitive,Need-based → competitive,Competitive agents,2,0.4,central_cap2,Central capped (2),131,19,16,13,36
80,need_based_to_competitive,Need-based → competitive,Competitive agents,2,0.4,central_cap2,Central capped (2),109,12,18,14,33
81,need_based_to_competitive,Need-based → competitive,Competitive agents,2,0.4,central_cap2,Central capped (2),134,17,26,5,38
82,need_based_to_competitive,Need-based → competitive,Competitive agents,2,0.4,central_cap2,Central capped (2),127,17,21,13,33
83,need_based_to_competitive,Need-based → competitive,Competitive agents,2,0.4,central_cap2,Central capped (2),97,6,22,18,31
84,need_based_to_competitive,Need-based → competitive,Competitive agents,2,0.4,central_cap2,Central capped (2),118,6,27,9,34
85,need_based_to_competitive,Need-based → competitive,Competitive agents,2,0.4,central_cap2,Central capped (2),146,22,12,10,35
86,need_based_to_competitive,Need-based → competitive,Competitive agents,2,0.4,central_cap2,Central capped (2),141,17,21,6,34
87,need_based_to_competitive,Need-based → competitive,Competitive agents,2,0.4,central_cap2,Central capped (2),121,12,23,5,31
88,need_based_to_competitive,Need-based → competitive,Competitive agents,2,0.4,central_cap2,Central capped (2),102,11,19,16,26
89,need_based_to_competitive,Need-based → competitive,Competitive agents,2,0.4,central_cap2,Central capped (2),132,14,19,6,37
90,need_based_to_competitive,Need-based → competitive,Competitive agents,2,0.4,central_cap2,Central capped (2),143,21,20,21,37
91,need_based_to_competitive,Need-based → competitive,Competitive agents,2,0.4,central_cap2,Central capped (2),141,14,25,4,35
92,need_based_to_competitive,Need-based → competitive,Competitive agents,2,0.4,central_cap2,Central capped (2),161,26,13,10,37
93,need_based_to_competitive,Need-based → competitive,Competitive agents,2,0.4,central_cap2,Central capped (2),111,12,21,11,37
94,need_based_to_competitive,Need-based → competitive,Competitive agents,2,0.4,central_cap2,Central capped (2),140,25,13,7,35
95,need_based_to_competitive,Need-based → competitive,Competitive agents,2,0.4,central_cap2,Central capped (2),121,6,35,11,35
96,need_based_to_competitive,Need-based → competitive,Competitive agents,2,0.4,central_cap2,Central capped (2),144,15,33,11,37
97,need_based_to_competitive,Need-based → competitive,Competitive agents,2,0.4,central_cap2,Central capped (2),106,9,32,9,33
98,need_based_to_competitive,Need-based → competitive,Competitive agents,2,0.4,central_cap2,Central capped (2),109,9,32,8,33
99,need_based_to_competitive,Need-based → competitive,Competitive agents,2,0.4,central_cap2,Central capped (2),122,9,34,9,34
0,need_based_to_competitive,Need-based → competitive,Competitive agents,2,0.4,central_full,Central clearing,189,30,16,3,65
1,need_based_to_competitive,Need-based → competitive,Competitive agents,2,0.4,central_full,Central clearing,202,33,21,7,70
2,need_based_to_competitive,Need-based → competitive,Competitive agents,2,0.4,central_full,Central clearing,184,30,14,8,58
3,need_based_to_competitive,Need-based → competitive,Competitive agents,2,0.4,central_full,Central clearing,178,30,15,6,63
4,need_based_to_competitive,Need-based → competitive,Competitive agents,2,0.4,central_full,Central clearing,141,17,23,8,56
5,need_based_to_competitive,Need-based → competitive,Competitive agents,2,0.4,central_full,Central clearing,135,20,15,4,51
6,need_based_to_competitive,Need-based → competitive,Competitive agents,2,0.4,central_full,Central clearing,101,12,18,18,35
7,need_based_to_competitive,Need-based → competitive,Competitive agents,2,0.4,central_full,Central clearing,149,25,9,6,52
8,need_based_to_competitive,Need-based → competitive,Competitive agents,2,0.4,central_full,Central clearing,147,20,18,5,52
9,need_based_to_competitive,Need-based → competitive,Competitive agents,2,0.4,central_full,Central clearing,88,14,6,13,38
10,need_based_to_competitive,Need-based → competitive,Competitive agents,2,0.4,central_full,Central clearing,165,19,28,10,66
11,need_based_to_competitive,Need-based → competitive,Competitive agents,2,0.4,central_full,Central clearing,164,25,17,11,54
12,need_based_to_competitive,Need-based → competitive,Competitive agents,2,0.4,central_full,Central clearing,105,14,15,16,45
13,need_based_to_competitive,Need-based → competitive,Competitive agents,2,0.4,central_full,Central clearing,161,27,19,6,57
14,need_based_to_competitive,Need-based → competitive,Competitive agents,2,0.4,central_full,Central clearing,134,22,9,7,56
15,need_based_to_competitive,Need-based → competitive,Competitive agents,2,0.4,central_full,Central clearing,125,17,13,8,65
16,need_based_to_competitive,Need-based → competitive,Competitive agents,2,0.4,central_full,Central clearing,152,27,8,5,54
17,need_based_to_competitive,Need-based → competitive,Competitive agents,2,0.4,central_full,Central clearing,167,22,24,8,63
18,need_based_to_competitive,Need-based → competitive,Competitive agents,2,0.4,central_full,Central clearing,169,25,16,5,50
19,need_based_to_competitive,Need-based → competitive,Competitive agents,2,0.4,central_full,Central clearing,142,14,34,10,48
20,need_based_to_competitive,Need-based → competitive,Competitive agents,2,0.4,central_full,Central clearing,164,19,23,12,55
21,need_based_to_competitive,Need-based → competitive,Competitive agents,2,0.4,central_full,Central clearing,127,17,19,2,48
22,need_based_to_competitive,Need-based → competitive,Competitive agents,2,0.4,central_full,Central clearing,184,22,32,9,63
23,need_based_to_competitive,Need-based → competitive,Competitive agents,2,0.4,central_full,Central clearing,194,33,10,5,60
24,need_based_to_competitive,Need-based → competitive,Competitive agents,2,0.4,central_full,Central clearing,159,27,9,9,53
25,need_based_to_competitive,Need-based → competitive,Competitive agents,2,0.4,central_full,Central clearing,162,25,15,8,55
26,need_based_to_competitive,Need-based → competitive,Competitive agents,2,0.4,central_full,Central clearing,116,14,15,15,45
27,need_based_to_competitive,Need-based → competitive,Competitive agents,2,0.4,central_full,Central clearing,174,25,20,4,57
28,need_based_to_competitive,Need-based → competitive,Competitive agents,2,0.4,central_full,Central clearing,143,17,21,9,45
29,need_based_to_competitive,Need-based → competitive,Competitive agents,2,0.4,central_full,Central clearing,162,30,12,1,56
30,need_based_to_competitive,Need-based → competitive,Competitive agents,2,0.4,central_full,Central clearing,177,27,14,7,66
31,need_based_to_competitive,Need-based → competitive,Competitive agents,2,0.4,central_full,Central clearing,194,30,24,6,65
32,need_based_to_competitive,Need-based → competitive,Competitive agents,2,0.4,central_full,Central clearing,161,27,12,5,52
33,need_based_to_competitive,Need-based → competitive,Competitive agents,2,0.4,central_full,Central clearing,120,16,12,16,36
34,need_based_to_competitive,Need-based → competitive,Competitive agents,2,0.4,central_full,Central clearing,165,23,23,6,59
35,need_based_to_competitive,Need-based → competitive,Competitive agents,2,0.4,central_full,Central clearing,130,19,19,18,46
36,need_based_to_competitive,Need-based → competitive,Competitive agents,2,0.4,central_full,Central clearing,177,30,11,6,59
37,need_based_to_competitive,Need-based → competitive,Competitive agents,2,0.4,central_full,Central clearing,162,20,26,14,55
38,need_based_to_competitive,Need-based → competitive,Competitive agents,2,0.4,central_full,Central clearing,111,9,22,14,46
39,need_based_to_competitive,Need-based → competitive,Competitive agents,2,0.4,central_full,Central clearing,190,27,20,10,52
40,need_based_to_competitive,Need-based → competitive,Competitive agents,2,0.4,central_full,Central clearing,127,24,3,11,47
41,need_based_to_competitive,Need-based → competitive,Competitive agents,2,0.4,central_full,Central clearing,163,27,17,7,60
42,need_based_to_competitive,Need-based → competitive,Competitive agents,2,0.4,central_full,Central clearing,83,9,13,7,34
43,need_based_to_competitive,Need-based → competitive,Competitive agents,2,0.4,central_full,Central clearing,103,14,23,18,39
44,need_based_to_competitive,Need-based → competitive,Competitive agents,2,0.4,central_full,Central clearing,152,26,12,5,46
45,need_based_to_competitive,Need-based → competitive,Competitive agents,2,0.4,central_full,Central clearing,110,17,19,8,41
46,need_based_to_competitive,Need-based → competitive,Competitive agents,2,0.4,central_full,Central clearing,152,25,18,7,54
47,need_based_to_competitive,Need-based → competitive,Competitive agents,2,0.4,central_full,Central clearing,134,22,14,14,43
48,need_based_to_competitive,Need-based → competitive,Competitive agents,2,0.4,central_full,Central clearing,175,27,20,6,62
49,need_based_to_competitive,Need-based → competitive,Competitive agents,2,0.4,central_full,Central clearing,170,28,13,13,64
50,need_based_to_competitive,Need-based → competitive,Competitive agents,2,0.4,central_full,Central clearing,108,14,13,14,43
51,need_based_to_competitive,Need-based → competitive,Competitive agents,2,0.4,central_full,Central clearing,172,22,26,11,56
52,need_based_to_competitive,Need-based → competitive,Competitive agents,2,0.4,central_full,Central clearing,141,22,13,9,46
53,need_based_to_competitive,Need-based → competitive,Competitive agents,2,0.4,central_full,Central clearing,160,25,20,7,54
54,need_based_to_competitive,Need-based → competitive,Competitive agents,2,0.4,central_full,Central clearing,140,14,27,10,42
55,need_based_to_competitive,Need-based → competitive,Competitive agents,2,0.4,central_full,Central clearing,166,27,14,4,57
56,need_based_to_competitive,Need-based → competitive,Competitive agents,2,0.4,central_full,Central clearing,139,17,22,4,48
57,need_based_to_competitive,Need-based → competitive,Competitive agents,2,0.4,central_full,Central clearing,176,27,15,10,58
58,need_based_to_competitive,Need-based → competitive,Competitive agents,2,0.4,central_full,Central clearing,144,19,27,7,53
59,need_based_to_competitive,Need-based → competitive,Competitive agents,2,0.4,central_full,Central clearing,197,30,14,5,57
60,need_based_to_competitive,Need-based → competitive,Competitive agents,2,0.4,central_full,Central clearing,164,22,20,3,59
61,need_based_to_competitive,Need-based → competitive,Competitive agents,2,0.4,central_full,Central clearing,148,22,17,9,52
62,need_based_to_competitive,Need-based → competitive,Competitive agents,2,0.4,central_full,Central clearing,116,14,27,6,31
63,need_based_to_competitive,Need-based → competitive,Competitive agents,2,0.4,central_full,Central clearing,163,30,10,5,67
64,need_based_to_competitive,Need-based → competitive,Competitive agents,2,0.4,central_full,Central clearing,183,22,25,6,62
65,need_based_to_competitive,Need-based → competitive,Competitive agents,2,0.4,central_full,Central clearing,164,22,22,3,53
66,need_based_to_competitive,Need-based → competitive,Competitive agents,2,0.4,central_full,Central clearing,143,22,19,6,48
67,need_based_to_competitive,Need-based → competitive,Competitive agents,2,0.4,central_full,Central clearing,114,17,17,11,51
68,need_based_to_competitive,Need-based → competitive,Competitive agents,2,0.4,central_full,Central clearing,143,22,16,12,45
69,need_based_to_competitive,Need-based → competitive,Competitive agents,2,0.4,central_full,Central clearing,143,22,15,7,49
70,need_based_to_competitive,Need-based → competitive,Competitive agents,2,0.4,central_full,Central clearing,121,20,8,3,43
71,need_based_to_competitive,Need-based → competitive,Competitive agents,2,0.4,central_full,Central clearing,189,30,16,5,59
72,need_based_to_competitive,Need-based → competitive,Competitive agents,2,0.4,central_full,Central clearing,141,17,18,8,46
73,need_based_to_competitive,Need-based → competitive,Competitive agents,2,0.4,central_full,Central clearing,172,28,15,5,62
74,need_based_to_competitive,Need-based → competitive,Competitive agents,2,0.4,central_full,Central clearing,163,27,14,4,57
75,need_based_to_competitive,Need-based → competitive,Competitive agents,2,0.4,central_full,Central clearing,149,22,14,9,55
76,need_based_to_competitive,Need-based → competitive,Competitive agents,2,0.4,central_full,Central clearing,132,17,18,8,53
77,need_based_to_competitive,Need-based → competitive,Competitive agents,2,0.4,central_full,Central clearing,132,17,18,7,54
78,need_based_to_competitive,Need-based → competitive,Competitive agents,2,0.4,central_full,Central clearing,160,22,26,14,53
79,need_based_to_competitive,Need-based → competitive,Competitive agents,2,0.4,central_full,Central clearing,145,22,13,17,50
80,need_based_to_competitive,Need-based → competitive,Competitive agents,2,0.4,central_full,Central clearing,118,19,11,14,42
81,need_based_to_competitive,Need-based → competitive,Competitive agents,2,0.4,central_full,Central clearing,186,30,17,8,61
82,need_based_to_competitive,Need-based → competitive,Competitive agents,2,0.4,central_full,Central clearing,176,22,22,11,52
83,need_based_to_competitive,Need-based → competitive,Competitive agents,2,0.4,central_full,Central clearing,108,17,7,7,35
84,need_based_to_competitive,Need-based → competitive,Competitive agents,2,0.4,central_full,Central clearing,184,27,22,10,66
85,need_based_to_competitive,Need-based → competitive,Competitive agents,2,0.4,central_full,Central clearing,188,20,30,18,58
86,need_based_to_competitive,Need-based → competitive,Competitive agents,2,0.4,central_full,Central clearing,145,17,22,12,44
87,need_based_to_competitive,Need-based → competitive,Competitive agents,2,0.4,central_full,Central clearing,144,25,8,7,64
88,need_based_to_competitive,Need-based → competitive,Competitive agents,2,0.4,central_full,Central clearing,130,19,16,4,41
89,need_based_to_competitive,Need-based → competitive,Competitive agents,2,0.4,central_full,Central clearing,156,22,17,10,62
90,need_based_to_competitive,Need-based → competitive,Competitive agents,2,0.4,central_full,Central clearing,140,19,19,3,44
91,need_based_to_competitive,Need-based → competitive,Competitive agents,2,0.4,central_full,Central clearing,163,22,25,7,67
92,need_based_to_competitive,Need-based → competitive,Competitive agents,2,0.4,central_full,Central clearing,191,30,16,4,66
93,need_based_to_competitive,Need-based → competitive,Competitive agents,2,0.4,central_full,Central clearing,102,16,12,13,44
94,need_based_to_competitive,Need-based → competitive,Competitive agents,2,0.4,central_full,Central clearing,162,22,25,5,56
95,need_based_to_competitive,Need-based → competitive,Competitive agents,2,0.4,central_full,Central clearing,152,14,39,14,53
96,need_based_to_competitive,Need-based → competitive,Competitive agents,2,0.4,central_full,Central clearing,165,27,19,13,65
97,need_based_to_competitive,Need-based → competitive,Competitive agents,2,0.4,central_full,Central clearing,121,9,31,13,46
98,need_based_to_competitive,Need-based → competitive,Competitive agents,2,0.4,central_full,Central clearing,153,20,28,8,45
99,need_based_to_competitive,Need-based → competitive,Competitive agents,2,0.4,central_full,Central clearing,156,19,31,5,56
0,need_based_to_competitive,Need-based → competitive,Competitive agents,2,0.4,equity_central,Equity central,163,28,14,12,52
1,need_based_to_competitive,Need-based → competitive,Competitive agents,2,0.4,equity_central,Equity central,190,30,24,8,61
2,need_based_to_competitive,Need-based → competitive,Competitive agents,2,0.4,equity_central,Equity central,181,27,16,15,58
3,need_based_to_competitive,Need-based → competitive,Competitive agents,2,0.4,equity_central,Equity central,176,30,13,10,67
4,need_based_to_competitive,Need-based → competitive,Competitive agents,2,0.4,equity_central,Equity central,129,17,19,11,48
5,need_based_to_competitive,Need-based → competitive,Competitive agents,2,0.4,equity_central,Equity central,132,20,15,8,51
6,need_based_to_competitive,Need-based → competitive,Competitive agents,2,0.4,equity_central,Equity central,104,15,13,15,34
7,need_based_to_competitive,Need-based → competitive,Competitive agents,2,0.4,equity_central,Equity central,154,22,18,5,53
8,need_based_to_competitive,Need-based → competitive,Competitive agents,2,0.4,equity_central,Equity central,144,25,11,6,52
9,need_based_to_competitive,Need-based → competitive,Competitive agents,2,0.4,equity_central,Equity central,93,14,8,13,45
10,need_based_to_competitive,Need-based → competitive,Competitive agents,2,0.4,equity_central,Equity central,145,22,17,15,54
11,need_based_to_competitive,Need-based → competitive,Competitive agents,2,0.4,equity_central,Equity central,162,30,5,9,63
12,need_based_to_competitive,Need-based → competitive,Competitive agents,2,0.4,equity_central,Equity central,106,11,17,18,40
13,need_based_to_competitive,Need-based → competitive,Competitive agents,2,0.4,equity_central,Equity central,156,27,11,2,48
14,need_based_to_competitive,Need-based → competitive,Competitive agents,2,0.4,equity_central,Equity central,144,19,14,8,62
15,need_based_to_competitive,Need-based → competitive,Competitive agents,2,0.4,equity_central,Equity central,141,22,9,11,59
16,need_based_to_competitive,Need-based → competitive,Competitive agents,2,0.4,equity_central,Equity central,141,22,12,6,49
17,need_based_to_competitive,Need-based → competitive,Competitive agents,2,0.4,equity_central,Equity central,166,22,22,3,65
18,need_based_to_competitive,Need-based → competitive,Competitive agents,2,0.4,equity_central,Equity central,184,30,14,2,52
19,need_based_to_competitive,Need-based → competitive,Competitive agents,2,0.4,equity_central,Equity central,125,17,18,10,52
20,need_based_to_competitive,Need-based → competitive,Competitive agents,2,0.4,equity_central,Equity central,158,22,18,9,62
21,need_based_to_competitive,Need-based → competitive,Competitive agents,2,0.4,equity_central,Equity central,151,17,27,10,46
22,need_based_to_competitive,Need-based → competitive,Competitive agents,2,0.4,equity_central,Equity central,202,30,19,5,58
23,need_based_to_competitive,Need-based → competitive,Competitive agents,2,0.4,equity_central,Equity central,188,30,12,6,56
24,need_based_to_competitive,Need-based → competitive,Competitive agents,2,0.4,equity_central,Equity central,141,22,14,7,54
25,need_based_to_competitive,Need-based → competitive,Competitive agents,2,0.4,equity_central,Equity central,159,22,16,3,58
26,need_based_to_competitive,Need-based → competitive,Competitive agents,2,0.4,equity_central,Equity central,116,14,15,14,44
27,need_based_to_competitive,Need-based → competitive,Competitive agents,2,0.4,equity_central,Equity central,179,27,18,3,58
28,need_based_to_competitive,Need-based → competitive,Competitive agents,2,0.4,equity_central,Equity central,109,17,8,5,55
29,need_based_to_competitive,Need-based → competitive,Competitive agents,2,0.4,equity_central,Equity central,131,22,12,5,50
30,need_based_to_competitive,Need-based → competitive,Competitive agents,2,0.4,equity_central,Equity central,188,27,27,9,63
31,need_based_to_competitive,Need-based → competitive,Competitive agents,2,0.4,equity_central,Equity central,193,30,22,8,62
32,need_based_to_competitive,Need-based → competitive,Competitive agents,2,0.4,equity_central,Equity central,177,30,11,7,50
33,need_based_to_competitive,Need-based → competitive,Competitive agents,2,0.4,equity_central,Equity central,113,13,18,16,30
34,need_based_to_competitive,Need-based → competitive,Competitive agents,2,0.4,equity_central,Equity central,149,25,11,8,52
35,need_based_to_competitive,Need-based → competitive,Competitive agents,2,0.4,equity_central,Equity central,151,22,17,6,57
36,need_based_to_competitive,Need-based → competitive,Competitive agents,2,0.4,equity_central,Equity central,119,20,8,13,53
37,need_based_to_competitive,Need-based → competitive,Competitive agents,2,0.4,equity_central,Equity central,144,22,23,6,54
38,need_based_to_competitive,Need-based → competitive,Competitive agents,2,0.4,equity_central,Equity central,120,14,16,4,45
39,need_based_to_competitive,Need-based → competitive,Competitive agents,2,0.4,equity_central,Equity central,168,27,12,7,56
40,need_based_to_competitive,Need-based → competitive,Competitive agents,2,0.4,equity_central,Equity central,156,27,8,8,55
41,need_based_to_competitive,Need-based → competitive,Competitive agents,2,0.4,equity_central,Equity central,171,27,17,4,62
42,need_based_to_competitive,Need-based → competitive,Competitive agents,2,0.4,equity_central,Equity central,88,14,11,12,37
43,need_based_to_competitive,Need-based → competitive,Competitive agents,2,0.4,equity_central,Equity central,132,22,10,9,55
44,need_based_to_competitive,Need-based → competitive,Competitive agents,2,0.4,equity_central,Equity central,160,27,14,9,48
45,need_based_to_competitive,Need-based → competitive,Competitive agents,2,0.4,equity_central,Equity central,144,26,5,8,55
46,need_based_to_competitive,Need-based → competitive,Competitive agents,2,0.4,equity_central,Equity central,186,33,12,7,61
47,need_based_to_competitive,Need-based → competitive,Competitive agents,2,0.4,equity_central,Equity central,166,25,11,13,54
48,need_based_to_competitive,Need-based → competitive,Competitive agents,2,0.4,equity_central,Equity central,141,22,12,9,53
49,need_based_to_competitive,Need-based → competitive,Competitive agents,2,0.4,equity_central,Equity central,168,28,19,9,66
50,need_based_to_competitive,Need-based → competitive,Competitive agents,2,0.4,equity_central,Equity central,99,12,13,11,46
51,need_based_to_competitive,Need-based → competitive,Competitive agents,2,0.4,equity_central,Equity central,163,25,16,6,58
52,need_based_to_competitive,Need-based → competitive,Competitive agents,2,0.4,equity_central,Equity central,129,14,24,14,54
53,need_based_to_competitive,Need-based → competitive,Competitive agents,2,0.4,equity_central,Equity central,147,17,28,17,39
54,need_based_to_competitive,Need-based → competitive,Competitive agents,2,0.4,equity_central,Equity central,134,22,13,10,50
55,need_based_to_competitive,Need-based → competitive,Competitive agents,2,0.4,equity_central,Equity central,160,25,18,2,56
56,need_based_to_competitive,Need-based → competitive,Competitive agents,2,0.4,equity_central,Equity central,147,14,24,6,48
57,need_based_to_competitive,Need-based → competitive,Competitive agents,2,0.4,equity_central,Equity central,186,30,13,6,66
58,need_based_to_competitive,Need-based → competitive,Competitive agents,2,0.4,equity_central,Equity central,143,19,24,6,53
59,need_based_to_competitive,Need-based → competitive,Competitive agents,2,0.4,equity_central,Equity central,174,27,14,12,58
60,need_based_to_competitive,Need-based → competitive,Competitive agents,2,0.4,equity_central,Equity central,159,30,6,14,52
61,need_based_to_competitive,Need-based → competitive,Competitive agents,2,0.4,equity_central,Equity central,137,17,27,8,51
62,need_based_to_competitive,Need-based → competitive,Competitive agents,2,0.4,equity_central,Equity central,119,14,24,9,32
63,need_based_to_competitive,Need-based → competitive,Competitive agents,2,0.4,equity_central,Equity central,162,29,6,8,68
64,need_based_to_competitive,Need-based → competitive,Competitive agents,2,0.4,equity_central,Equity central,153,22,19,14,49
65,need_based_to_competitive,Need-based → competitive,Competitive agents,2,0.4,equity_central,Equity central,146,19,18,5,48
66,need_based_to_competitive,Need-based → competitive,Competitive agents,2,0.4,equity_central,Equity central,145,22,22,5,62
67,need_based_to_competitive,Need-based → competitive,Competitive agents,2,0.4,equity_central,Equity central,144,22,13,13,53
68,need_based_to_competitive,Need-based → competitive,Competitive agents,2,0.4,equity_central,Equity central,147,20,16,8,48
69,need_based_to_competitive,Need-based → competitive,Competitive agents,2,0.4,equity_central,Equity central,136,22,8,4,49
70,need_based_to_competitive,Need-based → competitive,Competitive agents,2,0.4,equity_central,Equity central,125,23,4,11,46
71,need_based_to_competitive,Need-based → competitive,Competitive agents,2,0.4,equity_central,Equity central,191,30,18,1,60
72,need_based_to_competitive,Need-based → competitive,Competitive agents,2,0.4,equity_central,Equity central,168,30,8,6,52
73,need_based_to_competitive,Need-based → competitive,Competitive agents,2,0.4,equity_central,Equity central,182,31,13,10,59
74,need_based_to_competitive,Need-based → competitive,Competitive agents,2,0.4,equity_central,Equity central,156,22,27,8,57
75,need_based_to_competitive,Need-based → competitive,Competitive agents,2,0.4,equity_central,Equity central,160,25,10,6,69
76,need_based_to_competitive,Need-based → competitive,Competitive agents,2,0.4,equity_central,Equity central,143,22,16,10,57
77,need_based_to_competitive,Need-based → competitive,Competitive agents,2,0.4,equity_central,Equity central,142,27,4,8,57
78,need_based_to_competitive,Need-based → competitive,Competitive agents,2,0.4,equity_central,Equity central,150,22,19,15,53
79,need_based_to_competitive,Need-based → competitive,Competitive agents,2,0.4,equity_central,Equity central,145,22,13,16,49
80,need_based_to_competitive,Need-based → competitive,Competitive agents,2,0.4,equity_central,Equity central,118,19,11,13,42
81,need_based_to_competitive,Need-based → competitive,Competitive agents,2,0.4,equity_central,Equity central,197,35,15,3,65
82,need_based_to_competitive,Need-based → competitive,Competitive agents,2,0.4,equity_central,Equity central,163,27,11,8,55
83,need_based_to_competitive,Need-based → competitive,Competitive agents,2,0.4,equity_central,Equity central,115,20,8,6,44
84,need_based_to_competitive,Need-based → competitive,Competitive agents,2,0.4,equity_central,Equity central,179,27,17,9,65
85,need_based_to_competitive,Need-based → competitive,Competitive agents,2,0.4,equity_central,Equity central,177,23,22,11,57
86,need_based_to_competitive,Need-based → competitive,Competitive agents,2,0.4,equity_central,Equity central,143,22,11,11,44
87,need_based_to_competitive,Need-based → competitive,Competitive agents,2,0.4,equity_central,Equity central,152,19,23,8,59
88,need_based_to_competitive,Need-based → competitive,Competitive agents,2,0.4,equity_central,Equity central,81,11,14,13,25
89,need_based_to_competitive,Need-based → competitive,Competitive agents,2,0.4,equity_central,Equity central,140,22,11,13,50
90,need_based_to_competitive,Need-based → competitive,Competitive agents,2,0.4,equity_central,Equity central,125,17,14,11,40
91,need_based_to_competitive,Need-based → competitive,Competitive agents,2,0.4,equity_central,Equity central,161,27,16,11,61
92,need_based_to_competitive,Need-based → competitive,Competitive agents,2,0.4,equity_central,Equity central,170,28,11,8,56
93,need_based_to_competitive,Need-based → competitive,Competitive agents,2,0.4,equity_central,Equity central,124,20,18,15,46
94,need_based_to_competitive,Need-based → competitive,Competitive agents,2,0.4,equity_central,Equity central,163,25,13,9,63
95,need_based_to_competitive,Need-based → competitive,Competitive agents,2,0.4,equity_central,Equity central,181,27,16,4,65
96,need_based_to_competitive,Need-based → competitive,Competitive agents,2,0.4,equity_central,Equity central,189,30,19,5,56
97,need_based_to_competitive,Need-based → competitive,Competitive agents,2,0.4,equity_central,Equity central,119,19,12,9,41
98,need_based_to_competitive,Need-based → competitive,Competitive agents,2,0.4,equity_central,Equity central,101,14,16,11,32
99,need_based_to_competitive,Need-based → competitive,Competitive agents,2,0.4,equity_central,Equity central,143,19,24,7,62
0,need_based_to_competitive,Need-based → competitive,Competitive agents,3,0.6,no_trade,No trade,56,2,35,12,0
1,need_based_to_competitive,Need-based → competitive,Competitive agents,3,0.6,no_trade,No trade,28,2,13,11,0
2,need_based_to_competitive,Need-based → competitive,Competitive agents,3,0.6,no_trade,No trade,22,2,7,12,0
3,need_based_to_competitive,Need-based → competitive,Competitive agents,3,0.6,no_trade,No trade,12,0,6,14,0
4,need_based_to_competitive,Need-based → competitive,Competitive agents,3,0.6,no_trade,No trade,21,3,3,11,0
5,need_based_to_competitive,Need-based → competitive,Competitive agents,3,0.6,no_trade,No trade,13,1,5,5,0
6,need_based_to_competitive,Need-based → competitive,Competitive agents,3,0.6,no_trade,No trade,52,3,17,8,0
7,need_based_to_competitive,Need-based → competitive,Competitive agents,3,0.6,no_trade,No trade,36,3,8,10,0
8,need_based_to_competitive,Need-based → competitive,Competitive agents,3,0.6,no_trade,No trade,36,0,15,11,0
9,need_based_to_competitive,Need-based → competitive,Competitive agents,3,0.6,no_trade,No trade,39,3,10,11,0
10,need_based_to_competitive,Need-based → competitive,Competitive agents,3,0.6,no_trade,No trade,25,2,7,22,0
11,need_based_to_competitive,Need-based → competitive,Competitive agents,3,0.6,no_trade,No trade,34,3,12,26,0
12,need_based_to_competitive,Need-based → competitive,Competitive agents,3,0.6,no_trade,No trade,44,1,25,11,0
13,need_based_to_competitive,Need-based → competitive,Competitive agents,3,0.6,no_trade,No trade,30,0,20,16,0
14,need_based_to_competitive,Need-based → competitive,Competitive agents,3,0.6,no_trade,No trade,18,0,9,15,0
15,need_based_to_competitive,Need-based → competitive,Competitive agents,3,0.6,no_trade,No trade,27,1,10,14,0
16,need_based_to_competitive,Need-based → competitive,Competitive agents,3,0.6,no_trade,No trade,37,0,26,16,0
17,need_based_to_competitive,Need-based → competitive,Competitive agents,3,0.6,no_trade,No trade,39,1,19,22,0
18,need_based_to_competitive,Need-based → competitive,Competitive agents,3,0.6,no_trade,No trade,44,3,23,12,0
19,need_based_to_competitive,Need-based → competitive,Competitive agents,3,0.6,no_trade,No trade,34,2,11,16,0
20,need_based_to_competitive,Need-based → competitive,Competitive agents,3,0.6,no_trade,No trade,19,2,4,16,0
21,need_based_to_competitive,Need-based → competitive,Competitive agents,3,0.6,no_trade,No trade,31,2,10,14,0
22,need_based_to_competitive,Need-based → competitive,Competitive agents,3,0.6,no_trade,No trade,28,2,12,21,0
23,need_based_to_competitive,Need-based → competitive,Competitive agents,3,0.6,no_trade,No trade,27,2,8,20,0
24,need_based_to_competitive,Need-based → competitive,Competitive agents,3,0.6,no_trade,No trade,33,3,15,9,0
25,need_based_to_competitive,Need-based → competitive,Competitive agents,3,0.6,no_trade,No trade,33,2,15,14,0
26,need_based_to_competitive,Need-based → competitive,Competitive agents,3,0.6,no_trade,No trade,25,1,8,13,0
27,need_based_to_competitive,Need-based → competitive,Competitive agents,3,0.6,no_trade,No trade,23,1,6,19,0
28,need_based_to_competitive,Need-based → competitive,Competitive agents,3,0.6,no_trade,No trade,33,1,16,20,0
29,need_based_to_competitive,Need-based → competitive,Competitive agents,3,0.6,no_trade,No trade,36,2,21,17,0
30,need_based_to_competitive,Need-based → competitive,Competitive agents,3,0.6,no_trade,No trade,45,1,16,7,0
31,need_based_to_competitive,Need-based → competitive,Competitive agents,3,0.6,no_trade,No trade,45,3,13,6,0
32,need_based_to_competitive,Need-based → competitive,Competitive agents,3,0.6,no_trade,No trade,25,2,7,15,0
33,need_based_to_competitive,Need-based → competitive,Competitive agents,3,0.6,no_trade,No trade,42,1,30,19,0
34,need_based_to_competitive,Need-based → competitive,Competitive agents,3,0.6,no_trade,No trade,37,3,11,17,0
35,need_based_to_competitive,Need-based → competitive,Competitive agents,3,0.6,no_trade,No trade,28,1,8,11,0
36,need_based_to_competitive,Need-based → competitive,Competitive agents,3,0.6,no_trade,No trade,24,2,7,14,0
37,need_based_to_competitive,Need-based → competitive,Competitive agents,3,0.6,no_trade,No trade,21,2,7,14,0
38,need_based_to_competitive,Need-based → competitive,Competitive agents,3,0.6,no_trade,No trade,23,3,3,7,0
39,need_based_to_competitive,Need-based → competitive,Competitive agents,3,0.6,no_trade,No trade,32,1,13,16,0
40,need_based_to_competitive,Need-based → competitive,Competitive agents,3,0.6,no_trade,No trade,34,1,14,9,0
41,need_based_to_competitive,Need-based → competitive,Competitive agents,3,0.6,no_trade,No trade,35,2,19,16,0
42,need_based_to_competitive,Need-based → competitive,Competitive agents,3,0.6,no_trade,No trade,27,3,3,10,0
43,need_based_to_competitive,Need-based → competitive,Competitive agents,3,0.6,no_trade,No trade,36,2,19,20,0
44,need_based_to_competitive,Need-based → competitive,Competitive agents,3,0.6,no_trade,No trade,40,3,19,15,0
45,need_based_to_competitive,Need-based → competitive,Competitive agents,3,0.6,no_trade,No trade,31,2,14,17,0
46,need_based_to_competitive,Need-based → competitive,Competitive agents,3,0.6,no_trade,No trade,32,1,20,14,0
47,need_based_to_competitive,Need-based → competitive,Competitive agents,3,0.6,no_trade,No trade,20,2,4,19,0
48,need_based_to_competitive,Need-based → competitive,Competitive agents,3,0.6,no_trade,No trade,22,1,8,12,0
49,need_based_to_competitive,Need-based → competitive,Competitive agents,3,0.6,no_trade,No trade,47,3,14,16,0
50,need_based_to_competitive,Need-based → competitive,Competitive agents,3,0.6,no_trade,No trade,29,2,10,13,0
51,need_based_to_competitive,Need-based → competitive,Competitive agents,3,0.6,no_trade,No trade,29,2,12,28,0
52,need_based_to_competitive,Need-based → competitive,Competitive agents,3,0.6,no_trade,No trade,24,1,11,16,0
53,need_based_to_competitive,Need-based → competitive,Competitive agents,3,0.6,no_trade,No trade,25,3,5,23,0
54,need_based_to_competitive,Need-based → competitive,Competitive agents,3,0.6,no_trade,No trade,18,2,4,27,0
55,need_based_to_competitive,Need-based → competitive,Competitive agents,3,0.6,no_trade,No trade,17,1,5,18,0
56,need_based_to_competitive,Need-based → competitive,Competitive agents,3,0.6,no_trade,No trade,35,2,16,18,0
57,need_based_to_competitive,Need-based → competitive,Competitive agents,3,0.6,no_trade,No trade,34,3,13,22,0
58,need_based_to_competitive,Need-based → competitive,Competitive agents,3,0.6,no_trade,No trade,16,0,6,9,0
59,need_based_to_competitive,Need-based → competitive,Competitive agents,3,0.6,no_trade,No trade,29,2,13,13,0
60,need_based_to_competitive,Need-based → competitive,Competitive agents,3,0.6,no_trade,No trade,22,3,3,23,0
61,need_based_to_competitive,Need-based → competitive,Competitive agents,3,0.6,no_trade,No trade,25,3,4,15,0
62,need_based_to_competitive,Need-based → competitive,Competitive agents,3,0.6,no_trade,No trade,30,1,20,23,0
63,need_based_to_competitive,Need-based → competitive,Competitive agents,3,0.6,no_trade,No trade,18,1,5,7,0
64,need_based_to_competitive,Need-based → competitive,Competitive agents,3,0.6,no_trade,No trade,40,1,23,16,0
65,need_based_to_competitive,Need-based → competitive,Competitive agents,3,0.6,no_trade,No trade,22,3,3,21,0
66,need_based_to_competitive,Need-based → competitive,Competitive agents,3,0.6,no_trade,No trade,35,2,13,16,0
67,need_based_to_competitive,Need-based → competitive,Competitive agents,3,0.6,no_trade,No trade,33,2,10,20,0
68,need_based_to_competitive,Need-based → competitive,Competitive agents,3,0.6,no_trade,No trade,36,3,9,15,0
69,need_based_to_competitive,Need-based → competitive,Competitive agents,3,0.6,no_trade,No trade,30,1,11,19,0
70,need_based_to_competitive,Need-based → competitive,Competitive agents,3,0.6,no_trade,No trade,30,3,7,18,0
71,need_based_to_competitive,Need-based → competitive,Competitive agents,3,0.6,no_trade,No trade,17,2,4,17,0
72,need_based_to_competitive,Need-based → competitive,Competitive agents,3,0.6,no_trade,No trade,37,3,15,18,0
73,need_based_to_competitive,Need-based → competitive,Competitive agents,3,0.6,no_trade,No trade,47,1,19,17,0
74,need_based_to_competitive,Need-based → competitive,Competitive agents,3,0.6,no_trade,No trade,30,0,9,11,0
75,need_based_to_competitive,Need-based → competitive,Competitive agents,3,0.6,no_trade,No trade,24,1,11,10,0
76,need_based_to_competitive,Need-based → competitive,Competitive agents,3,0.6,no_trade,No trade,18,1,8,12,0
77,need_based_to_competitive,Need-based → competitive,Competitive agents,3,0.6,no_trade,No trade,27,3,6,8,0
78,need_based_to_competitive,Need-based → competitive,Competitive agents,3,0.6,no_trade,No trade,31,3,9,18,0
79,need_based_to_competitive,Need-based → competitive,Competitive agents,3,0.6,no_trade,No trade,22,1,8,23,0
80,need_based_to_competitive,Need-based → competitive,Competitive agents,3,0.6,no_trade,No trade,51,4,20,14,0
81,need_based_to_competitive,Need-based → competitive,Competitive agents,3,0.6,no_trade,No trade,34,0,11,15,0
82,need_based_to_competitive,Need-based → competitive,Competitive agents,3,0.6,no_trade,No trade,37,1,22,22,0
83,need_based_to_competitive,Need-based → competitive,Competitive agents,3,0.6,no_trade,No trade,37,3,11,13,0
84,need_based_to_competitive,Need-based → competitive,Competitive agents,3,0.6,no_trade,No trade,35,2,13,14,0
85,need_based_to_competitive,Need-based → competitive,Competitive agents,3,0.6,no_trade,No trade,31,0,12,18,0
86,need_based_to_competitive,Need-based → competitive,Competitive agents,3,0.6,no_trade,No trade,16,0,6,23,0
87,need_based_to_competitive,Need-based → competitive,Competitive agents,3,0.6,no_trade,No trade,18,1,5,19,0
88,need_based_to_competitive,Need-based → competitive,Competitive agents,3,0.6,no_trade,No trade,27,3,6,13,0
89,need_based_to_competitive,Need-based → competitive,Competitive agents,3,0.6,no_trade,No trade,31,1,15,8,0
90,need_based_to_competitive,Need-based → competitive,Competitive agents,3,0.6,no_trade,No trade,21,1,5,18,0
91,need_based_to_competitive,Need-based → competitive,Competitive agents,3,0.6,no_trade,No trade,39,3,10,18,0
92,need_based_to_competitive,Need-based → competitive,Competitive agents,3,0.6,no_trade,No trade,24,1,8,13,0
93,need_based_to_competitive,Need-based → competitive,Competitive agents,3,0.6,no_trade,No trade,16,1,5,17,0
94,need_based_to_competitive,Need-based → competitive,Competitive agents,3,0.6,no_trade,No trade,27,3,9,19,0
95,need_based_to_competitive,Need-based → competitive,Competitive agents,3,0.6,no_trade,No trade,24,3,4,29,0
96,need_based_to_competitive,Need-based → competitive,Competitive agents,3,0.6,no_trade,No trade,35,2,11,14,0
97,need_based_to_competitive,Need-based → competitive,Competitive agents,3,0.6,no_trade,No trade,24,1,8,17,0
98,need_based_to_competitive,Need-based → competitive,Competitive agents,3,0.6,no_trade,No trade,19,3,3,30,0
99,need_based_to_competitive,Need-based → competitive,Competitive agents,3,0.6,no_trade,No trade,34,2,10,17,0
0,need_based_to_competitive,Need-based → competitive,Competitive agents,3,0.6,bilateral_3pass,Bilateral 3-pass,115,11,31,9,38
1,need_based_to_competitive,Need-based → competitive,Competitive agents,3,0.6,bilateral_3pass,Bilateral 3-pass,91,9,30,7,31
2,need_based_to_competitive,Need-based → competitive,Competitive agents,3,0.6,bilateral_3pass,Bilateral 3-pass,138,14,38,6,31
3,need_based_to_competitive,Need-based → competitive,Competitive agents,3,0.6,bilateral_3pass,Bilateral 3-pass,135,22,8,7,34
4,need_based_to_competitive,Need-based → competitive,Competitive agents,3,0.6,bilateral_3pass,Bilateral 3-pass,93,7,29,13,26
5,need_based_to_competitive,Need-based → competitive,Competitive agents,3,0.6,bilateral_3pass,Bilateral 3-pass,103,3,35,24,31
6,need_based_to_competitive,Need-based → competitive,Competitive agents,3,0.6,bilateral_3pass,Bilateral 3-pass,85,8,17,15,27
7,need_based_to_competitive,Need-based → competitive,Competitive agents,3,0.6,bilateral_3pass,Bilateral 3-pass,111,3,41,16,30
8,need_based_to_competitive,Need-based → competitive,Competitive agents,3,0.6,bilateral_3pass,Bilateral 3-pass,122,11,24,8,32
9,need_based_to_competitive,Need-based → competitive,Competitive agents,3,0.6,bilateral_3pass,Bilateral 3-pass,108,6,30,12,35
10,need_based_to_competitive,Need-based → competitive,Competitive agents,3,0.6,bilateral_3pass,Bilateral 3-pass,135,11,26,9,34
11,need_based_to_competitive,Need-based → competitive,Competitive agents,3,0.6,bilateral_3pass,Bilateral 3-pass,152,10,45,11,30
12,need_based_to_competitive,Need-based → competitive,Competitive agents,3,0.6,bilateral_3pass,Bilateral 3-pass,105,9,32,14,23
13,need_based_to_competitive,Need-based → competitive,Competitive agents,3,0.6,bilateral_3pass,Bilateral 3-pass,100,3,27,20,35
14,need_based_to_competitive,Need-based → competitive,Competitive agents,3,0.6,bilateral_3pass,Bilateral 3-pass,134,6,45,18,38
15,need_based_to_competitive,Need-based → competitive,Competitive agents,3,0.6,bilateral_3pass,Bilateral 3-pass,116,11,33,10,29
16,need_based_to_competitive,Need-based → competitive,Competitive agents,3,0.6,bilateral_3pass,Bilateral 3-pass,99,11,23,9,32
17,need_based_to_competitive,Need-based → competitive,Competitive agents,3,0.6,bilateral_3pass,Bilateral 3-pass,123,9,38,14,39
18,need_based_to_competitive,Need-based → competitive,Competitive agents,3,0.6,bilateral_3pass,Bilateral 3-pass,143,6,43,5,28
19,need_based_to_competitive,Need-based → competitive,Competitive agents,3,0.6,bilateral_3pass,Bilateral 3-pass,105,9,22,10,30
20,need_based_to_competitive,Need-based → competitive,Competitive agents,3,0.6,bilateral_3pass,Bilateral 3-pass,143,14,27,9,41
21,need_based_to_competitive,Need-based → competitive,Competitive agents,3,0.6,bilateral_3pass,Bilateral 3-pass,124,11,30,14,33
22,need_based_to_competitive,Need-based → competitive,Competitive agents,3,0.6,bilateral_3pass,Bilateral 3-pass,171,30,11,10,43
23,need_based_to_competitive,Need-based → competitive,Competitive agents,3,0.6,bilateral_3pass,Bilateral 3-pass,137,14,35,12,36
24,need_based_to_competitive,Need-based → competitive,Competitive agents,3,0.6,bilateral_3pass,Bilateral 3-pass,124,9,26,6,30
25,need_based_to_competitive,Need-based → competitive,Competitive agents,3,0.6,bilateral_3pass,Bilateral 3-pass,99,3,51,18,28
26,need_based_to_competitive,Need-based → competitive,Competitive agents,3,0.6,bilateral_3pass,Bilateral 3-pass,98,12,16,16,23
27,need_based_to_competitive,Need-based → competitive,Competitive agents,3,0.6,bilateral_3pass,Bilateral 3-pass,117,6,32,10,29
28,need_based_to_competitive,Need-based → competitive,Competitive agents,3,0.6,bilateral_3pass,Bilateral 3-pass,115,9,39,11,34
29,need_based_to_competitive,Need-based → competitive,Competitive agents,3,0.6,bilateral_3pass,Bilateral 3-pass,128,9,46,7,28
30,need_based_to_competitive,Need-based → competitive,Competitive agents,3,0.6,bilateral_3pass,Bilateral 3-pass,124,9,39,5,33
31,need_based_to_competitive,Need-based → competitive,Competitive agents,3,0.6,bilateral_3pass,Bilateral 3-pass,98,6,38,10,29
32,need_based_to_competitive,Need-based → competitive,Competitive agents,3,0.6,bilateral_3pass,Bilateral 3-pass,95,9,16,18,27
33,need_based_to_competitive,Need-based → competitive,Competitive agents,3,0.6,bilateral_3pass,Bilateral 3-pass,114,6,44,18,28
34,need_based_to_competitive,Need-based → competitive,Competitive agents,3,0.6,bilateral_3pass,Bilateral 3-pass,66,6,14,19,18
35,need_based_to_competitive,Need-based → competitive,Competitive agents,3,0.6,bilateral_3pass,Bilateral 3-pass,154,23,15,3,32
36,need_based_to_competitive,Need-based → competitive,Competitive agents,3,0.6,bilateral_3pass,Bilateral 3-pass,100,11,22,30,28
37,need_based_to_competitive,Need-based → competitive,Competitive agents,3,0.6,bilateral_3pass,Bilateral 3-pass,81,6,22,20,29
38,need_based_to_competitive,Need-based → competitive,Competitive agents,3,0.6,bilateral_3pass,Bilateral 3-pass,104,9,35,10,25
39,need_based_to_competitive,Need-based → competitive,Competitive agents,3,0.6,bilateral_3pass,Bilateral 3-pass,117,6,25,7,32
40,need_based_to_competitive,Need-based → competitive,Competitive agents,3,0.6,bilateral_3pass,Bilateral 3-pass,108,14,13,14,28
41,need_based_to_competitive,Need-based → competitive,Competitive agents,3,0.6,bilateral_3pass,Bilateral 3-pass,169,14,58,3,31
42,need_based_to_competitive,Need-based → competitive,Competitive agents,3,0.6,bilateral_3pass,Bilateral 3-pass,89,6,25,11,23
43,need_based_to_competitive,Need-based → competitive,Competitive agents,3,0.6,bilateral_3pass,Bilateral 3-pass,141,25,5,1,37
44,need_based_to_competitive,Need-based → competitive,Competitive agents,3,0.6,bilateral_3pass,Bilateral 3-pass,97,3,38,16,15
45,need_based_to_competitive,Need-based → competitive,Competitive agents,3,0.6,bilateral_3pass,Bilateral 3-pass,83,7,16,19,26
46,need_based_to_competitive,Need-based → competitive,Competitive agents,3,0.6,bilateral_3pass,Bilateral 3-pass,128,11,35,13,32
47,need_based_to_competitive,Need-based → competitive,Competitive agents,3,0.6,bilateral_3pass,Bilateral 3-pass,150,19,28,5,38
48,need_based_to_competitive,Need-based → competitive,Competitive agents,3,0.6,bilateral_3pass,Bilateral 3-pass,126,11,30,18,34
49,need_based_to_competitive,Need-based → competitive,Competitive agents,3,0.6,bilateral_3pass,Bilateral 3-pass,139,9,42,13,33
50,need_based_to_competitive,Need-based → competitive,Competitive agents,3,0.6,bilateral_3pass,Bilateral 3-pass,109,12,24,10,35
51,need_based_to_competitive,Need-based → competitive,Competitive agents,3,0.6,bilateral_3pass,Bilateral 3-pass,155,11,34,12,29
52,need_based_to_competitive,Need-based → competitive,Competitive agents,3,0.6,bilateral_3pass,Bilateral 3-pass,86,3,38,19,26
53,need_based_to_competitive,Need-based → competitive,Competitive agents,3,0.6,bilateral_3pass,Bilateral 3-pass,111,12,24,20,28
54,need_based_to_competitive,Need-based → competitive,Competitive agents,3,0.6,bilateral_3pass,Bilateral 3-pass,64,3,14,26,25
55,need_based_to_competitive,Need-based → competitive,Competitive agents,3,0.6,bilateral_3pass,Bilateral 3-pass,105,3,31,11,30
56,need_based_to_competitive,Need-based → competitive,Competitive agents,3,0.6,bilateral_3pass,Bilateral 3-pass,138,14,30,12,30
57,need_based_to_competitive,Need-based → competitive,Competitive agents,3,0.6,bilateral_3pass,Bilateral 3-pass,108,11,25,6,21
58,need_based_to_competitive,Need-based → competitive,Competitive agents,3,0.6,bilateral_3pass,Bilateral 3-pass,100,14,19,12,34
59,need_based_to_competitive,Need-based → competitive,Competitive agents,3,0.6,bilateral_3pass,Bilateral 3-pass,107,11,18,13,34
60,need_based_to_competitive,Need-based → competitive,Competitive agents,3,0.6,bilateral_3pass,Bilateral 3-pass,112,6,33,6,30
61,need_based_to_competitive,Need-based → competitive,Competitive agents,3,0.6,bilateral_3pass,Bilateral 3-pass,90,5,37,18,22
62,need_based_to_competitive,Need-based → competitive,Competitive agents,3,0.6,bilateral_3pass,Bilateral 3-pass,107,6,34,15,26
63,need_based_to_competitive,Need-based → competitive,Competitive agents,3,0.6,bilateral_3pass,Bilateral 3-pass,134,9,26,7,38
64,need_based_to_competitive,Need-based → competitive,Competitive agents,3,0.6,bilateral_3pass,Bilateral 3-pass,99,9,33,4,19
65,need_based_to_competitive,Need-based → competitive,Competitive agents,3,0.6,bilateral_3pass,Bilateral 3-pass,134,14,27,13,34
66,need_based_to_competitive,Need-based → competitive,Competitive agents,3,0.6,bilateral_3pass,Bilateral 3-pass,127,12,32,2,31
67,need_based_to_competitive,Need-based → competitive,Competitive agents,3,0.6,bilateral_3pass,Bilateral 3-pass,123,9,27,14,29
68,need_based_to_competitive,Need-based → competitive,Competitive agents,3,0.6,bilateral_3pass,Bilateral 3-pass,104,15,11,5,27
69,need_based_to_competitive,Need-based → competitive,Competitive agents,3,0.6,bilateral_3pass,Bilateral 3-pass,147,17,23,10,28
70,need_based_to_competitive,Need-based → competitive,Competitive agents,3,0.6,bilateral_3pass,Bilateral 3-pass,133,4,45,11,27
71,need_based_to_competitive,Need-based → competitive,Competitive agents,3,0.6,bilateral_3pass,Bilateral 3-pass,131,14,32,12,21
72,need_based_to_competitive,Need-based → competitive,Competitive agents,3,0.6,bilateral_3pass,Bilateral 3-pass,122,14,28,11,28
73,need_based_to_competitive,Need-based → competitive,Competitive agents,3,0.6,bilateral_3pass,Bilateral 3-pass,138,6,38,11,35
74,need_based_to_competitive,Need-based → competitive,Competitive agents,3,0.6,bilateral_3pass,Bilateral 3-pass,150,17,29,6,45
75,need_based_to_competitive,Need-based → competitive,Competitive agents,3,0.6,bilateral_3pass,Bilateral 3-pass,113,1,41,20,28
76,need_based_to_competitive,Need-based → competitive,Competitive agents,3,0.6,bilateral_3pass,Bilateral 3-pass,103,6,43,6,23
77,need_based_to_competitive,Need-based → competitive,Competitive agents,3,0.6,bilateral_3pass,Bilateral 3-pass,141,22,20,4,34
78,need_based_to_competitive,Need-based → competitive,Competitive agents,3,0.6,bilateral_3pass,Bilateral 3-pass,116,3,46,20,25
79,need_based_to_competitive,Need-based → competitive,Competitive agents,3,0.6,bilateral_3pass,Bilateral 3-pass,104,14,14,7,43
80,need_based_to_competitive,Need-based → competitive,Competitive agents,3,0.6,bilateral_3pass,Bilateral 3-pass,136,17,25,8,29
81,need_based_to_competitive,Need-based → competitive,Competitive agents,3,0.6,bilateral_3pass,Bilateral 3-pass,141,15,32,9,28
82,need_based_to_competitive,Need-based → competitive,Competitive agents,3,0.6,bilateral_3pass,Bilateral 3-pass,125,14,27,13,28
83,need_based_to_competitive,Need-based → competitive,Competitive agents,3,0.6,bilateral_3pass,Bilateral 3-pass,73,6,15,10,18
84,need_based_to_competitive,Need-based → competitive,Competitive agents,3,0.6,bilateral_3pass,Bilateral 3-pass,143,3,44,13,31
85,need_based_to_competitive,Need-based → competitive,Competitive agents,3,0.6,bilateral_3pass,Bilateral 3-pass,130,15,31,11,27
86,need_based_to_competitive,Need-based → competitive,Competitive agents,3,0.6,bilateral_3pass,Bilateral 3-pass,122,9,32,6,31
87,need_based_to_competitive,Need-based → competitive,Competitive agents,3,0.6,bilateral_3pass,Bilateral 3-pass,131,6,48,14,36
88,need_based_to_competitive,Need-based → competitive,Competitive agents,3,0.6,bilateral_3pass,Bilateral 3-pass,82,3,27,20,25
89,need_based_to_competitive,Need-based → competitive,Competitive agents,3,0.6,bilateral_3pass,Bilateral 3-pass,85,3,25,29,23
90,need_based_to_competitive,Need-based → competitive,Competitive agents,3,0.6,bilateral_3pass,Bilateral 3-pass,124,14,28,18,28
91,need_based_to_competitive,Need-based → competitive,Competitive agents,3,0.6,bilateral_3pass,Bilateral 3-pass,127,14,24,20,31
92,need_based_to_competitive,Need-based → competitive,Competitive agents,3,0.6,bilateral_3pass,Bilateral 3-pass,121,14,19,12,35
93,need_based_to_competitive,Need-based → competitive,Competitive agents,3,0.6,bilateral_3pass,Bilateral 3-pass,87,9,16,17,32
94,need_based_to_competitive,Need-based → competitive,Competitive agents,3,0.6,bilateral_3pass,Bilateral 3-pass,143,13,29,7,37
95,need_based_to_competitive,Need-based → competitive,Competitive agents,3,0.6,bilateral_3pass,Bilateral 3-pass,104,9,24,18,32
96,need_based_to_competitive,Need-based → competitive,Competitive agents,3,0.6,bilateral_3pass,Bilateral 3-pass,115,9,26,20,28
97,need_based_to_competitive,Need-based → competitive,Competitive agents,3,0.6,bilateral_3pass,Bilateral 3-pass,78,6,26,9,24
98,need_based_to_competitive,Need-based → competitive,Competitive agents,3,0.6,bilateral_3pass,Bilateral 3-pass,155,25,16,20,33
99,need_based_to_competitive,Need-based → competitive,Competitive agents,3,0.6,bilateral_3pass,Bilateral 3-pass,142,11,46,14,35
0,need_based_to_competitive,Need-based → competitive,Competitive agents,3,0.6,public_pool,Public pool,112,0,44,5,37
1,need_based_to_competitive,Need-based → competitive,Competitive agents,3,0.6,public_pool,Public pool,86,6,32,9,30
2,need_based_to_competitive,Need-based → competitive,Competitive agents,3,0.6,public_pool,Public pool,81,3,30,7,35
3,need_based_to_competitive,Need-based → competitive,Competitive agents,3,0.6,public_pool,Public pool,72,4,27,12,28
4,need_based_to_competitive,Need-based → competitive,Competitive agents,3,0.6,public_pool,Public pool,72,0,25,12,32
5,need_based_to_competitive,Need-based → competitive,Competitive agents,3,0.6,public_pool,Public pool,48,5,11,12,30
6,need_based_to_competitive,Need-based → competitive,Competitive agents,3,0.6,public_pool,Public pool,93,5,29,11,30
7,need_based_to_competitive,Need-based → competitive,Competitive agents,3,0.6,public_pool,Public pool,84,9,24,9,33
8,need_based_to_competitive,Need-based → competitive,Competitive agents,3,0.6,public_pool,Public pool,101,4,50,13,36
9,need_based_to_competitive,Need-based → competitive,Competitive agents,3,0.6,public_pool,Public pool,84,11,19,12,25
10,need_based_to_competitive,Need-based → competitive,Competitive agents,3,0.6,public_pool,Public pool,101,13,31,6,34
11,need_based_to_competitive,Need-based → competitive,Competitive agents,3,0.6,public_pool,Public pool,116,6,40,9,36
12,need_based_to_competitive,Need-based → competitive,Competitive agents,3,0.6,public_pool,Public pool,91,5,28,12,28
13,need_based_to_competitive,Need-based → competitive,Competitive agents,3,0.6,public_pool,Public pool,90,8,25,10,38
14,need_based_to_competitive,Need-based → competitive,Competitive agents,3,0.6,public_pool,Public pool,64,4,28,8,32
15,need_based_to_competitive,Need-based → competitive,Competitive agents,3,0.6,public_pool,Public pool,61,3,30,11,28
16,need_based_to_competitive,Need-based → competitive,Competitive agents,3,0.6,public_pool,Public pool,58,3,12,9,24
17,need_based_to_competitive,Need-based → competitive,Competitive agents,3,0.6,public_pool,Public pool,79,3,43,14,33
18,need_based_to_competitive,Need-based → competitive,Competitive agents,3,0.6,public_pool,Public pool,83,5,32,7,35
19,need_based_to_competitive,Need-based → competitive,Competitive agents,3,0.6,public_pool,Public pool,95,3,33,8,26
20,need_based_to_competitive,Need-based → competitive,Competitive agents,3,0.6,public_pool,Public pool,99,3,40,8,32
21,need_based_to_competitive,Need-based → competitive,Competitive agents,3,0.6,public_pool,Public pool,70,5,25,12,28
22,need_based_to_competitive,Need-based → competitive,Competitive agents,3,0.6,public_pool,Public pool,86,2,36,13,33
23,need_based_to_competitive,Need-based → competitive,Competitive agents,3,0.6,public_pool,Public pool,104,3,38,5,35
24,need_based_to_competitive,Need-based → competitive,Competitive agents,3,0.6,public_pool,Public pool,91,5,36,5,35
25,need_based_to_competitive,Need-based → competitive,Competitive agents,3,0.6,public_pool,Public pool,119,6,35,7,33
26,need_based_to_competitive,Need-based → competitive,Competitive agents,3,0.6,public_pool,Public pool,52,4,13,14,26
27,need_based_to_competitive,Need-based → competitive,Competitive agents,3,0.6,public_pool,Public pool,79,3,33,15,36
28,need_based_to_competitive,Need-based → competitive,Competitive agents,3,0.6,public_pool,Public pool,100,9,27,11,39
29,need_based_to_competitive,Need-based → competitive,Competitive agents,3,0.6,public_pool,Public pool,64,3,26,7,28
30,need_based_to_competitive,Need-based → competitive,Competitive agents,3,0.6,public_pool,Public pool,67,4,26,11,27
31,need_based_to_competitive,Need-based → competitive,Competitive agents,3,0.6,public_pool,Public pool,81,2,38,21,28
32,need_based_to_competitive,Need-based → competitive,Competitive agents,3,0.6,public_pool,Public pool,84,4,43,5,26
33,need_based_to_competitive,Need-based → competitive,Competitive agents,3,0.6,public_pool,Public pool,109,3,41,8,30
34,need_based_to_competitive,Need-based → competitive,Competitive agents,3,0.6,public_pool,Public pool,93,6,24,8,23
35,need_based_to_competitive,Need-based → competitive,Competitive agents,3,0.6,public_pool,Public pool,116,0,52,10,31
36,need_based_to_competitive,Need-based → competitive,Competitive agents,3,0.6,public_pool,Public pool,101,5,33,10,32
37,need_based_to_competitive,Need-based → competitive,Competitive agents,3,0.6,public_pool,Public pool,112,5,33,6,31
38,need_based_to_competitive,Need-based → competitive,Competitive agents,3,0.6,public_pool,Public pool,57,3,25,11,25
39,need_based_to_competitive,Need-based → competitive,Competitive agents,3,0.6,public_pool,Public pool,129,9,26,9,35
40,need_based_to_competitive,Need-based → competitive,Competitive agents,3,0.6,public_pool,Public pool,94,6,39,9,28
41,need_based_to_competitive,Need-based → competitive,Competitive agents,3,0.6,public_pool,Public pool,94,9,35,11,31
42,need_based_to_competitive,Need-based → competitive,Competitive agents,3,0.6,public_pool,Public pool,128,11,25,5,32
43,need_based_to_competitive,Need-based → competitive,Competitive agents,3,0.6,public_pool,Public pool,82,5,25,12,31
44,need_based_to_competitive,Need-based → competitive,Competitive agents,3,0.6,public_pool,Public pool,91,3,41,16,31
45,need_based_to_competitive,Need-based → competitive,Competitive agents,3,0.6,public_pool,Public pool,73,0,33,7,27
46,need_based_to_competitive,Need-based → competitive,Competitive agents,3,0.6,public_pool,Public pool,81,6,27,8,35
47,need_based_to_competitive,Need-based → competitive,Competitive agents,3,0.6,public_pool,Public pool,93,12,15,7,38
48,need_based_to_competitive,Need-based → competitive,Competitive agents,3,0.6,public_pool,Public pool,102,3,38,7,28
49,need_based_to_competitive,Need-based → competitive,Competitive agents,3,0.6,public_pool,Public pool,94,11,23,9,35
50,need_based_to_competitive,Need-based → competitive,Competitive agents,3,0.6,public_pool,Public pool,51,3,28,15,27
51,need_based_to_competitive,Need-based → competitive,Competitive agents,3,0.6,public_pool,Public pool,111,6,27,13,33
52,need_based_to_competitive,Need-based → competitive,Competitive agents,3,0.6,public_pool,Public pool,72,1,40,18,26
53,need_based_to_competitive,Need-based → competitive,Competitive agents,3,0.6,public_pool,Public pool,71,3,23,16,28
54,need_based_to_competitive,Need-based → competitive,Competitive agents,3,0.6,public_pool,Public pool,52,4,10,13,29
55,need_based_to_competitive,Need-based → competitive,Competitive agents,3,0.6,public_pool,Public pool,98,5,36,10,30
56,need_based_to_competitive,Need-based → competitive,Competitive agents,3,0.6,public_pool,Public pool,78,6,24,7,35
57,need_based_to_competitive,Need-based → competitive,Competitive agents,3,0.6,public_pool,Public pool,93,6,36,11,36
58,need_based_to_competitive,Need-based → competitive,Competitive agents,3,0.6,public_pool,Public pool,61,0,23,17,31
59,need_based_to_competitive,Need-based → competitive,Competitive agents,3,0.6,public_pool,Public pool,81,3,38,19,27
60,need_based_to_competitive,Need-based → competitive,Competitive agents,3,0.6,public_pool,Public pool,123,4,50,7,39
61,need_based_to_competitive,Need-based → competitive,Competitive agents,3,0.6,public_pool,Public pool,78,1,24,18,35
62,need_based_to_competitive,Need-based → competitive,Competitive agents,3,0.6,public_pool,Public pool,105,12,17,11,32
63,need_based_to_competitive,Need-based → competitive,Competitive agents,3,0.6,public_pool,Public pool,85,0,38,4,30
64,need_based_to_competitive,Need-based → competitive,Competitive agents,3,0.6,public_pool,Public pool,77,3,24,8,32
65,need_based_to_competitive,Need-based → competitive,Competitive agents,3,0.6,public_pool,Public pool,90,2,35,6,22
66,need_based_to_competitive,Need-based → competitive,Competitive agents,3,0.6,public_pool,Public pool,76,3,33,5,21
67,need_based_to_competitive,Need-based → competitive,Competitive agents,3,0.6,public_pool,Public pool,118,17,14,5,43
68,need_based_to_competitive,Need-based → competitive,Competitive agents,3,0.6,public_pool,Public pool,71,3,30,6,21
69,need_based_to_competitive,Need-based → competitive,Competitive agents,3,0.6,public_pool,Public pool,85,9,27,6,30
70,need_based_to_competitive,Need-based → competitive,Competitive agents,3,0.6,public_pool,Public pool,75,6,21,11,29
71,need_based_to_competitive,Need-based → competitive,Competitive agents,3,0.6,public_pool,Public pool,79,3,30,5,29
72,need_based_to_competitive,Need-based → competitive,Competitive agents,3,0.6,public_pool,Public pool,88,5,25,16,31
73,need_based_to_competitive,Need-based → competitive,Competitive agents,3,0.6,public_pool,Public pool,112,10,28,15,38
74,need_based_to_competitive,Need-based → competitive,Competitive agents,3,0.6,public_pool,Public pool,92,1,38,10,25
75,need_based_to_competitive,Need-based → competitive,Competitive agents,3,0.6,public_pool,Public pool,108,3,41,9,36
76,need_based_to_competitive,Need-based → competitive,Competitive agents,3,0.6,public_pool,Public pool,63,0,34,18,37
77,need_based_to_competitive,Need-based → competitive,Competitive agents,3,0.6,public_pool,Public pool,83,6,26,11,32
78,need_based_to_competitive,Need-based → competitive,Competitive agents,3,0.6,public_pool,Public pool,98,5,35,9,25
79,need_based_to_competitive,Need-based → competitive,Competitive agents,3,0.6,public_pool,Public pool,110,3,46,11,38
80,need_based_to_competitive,Need-based → competitive,Competitive agents,3,0.6,public_pool,Public pool,95,6,35,12,22
81,need_based_to_competitive,Need-based → competitive,Competitive agents,3,0.6,public_pool,Public pool,68,11,10,18,21
82,need_based_to_competitive,Need-based → competitive,Competitive agents,3,0.6,public_pool,Public pool,115,5,33,11,43
83,need_based_to_competitive,Need-based → competitive,Competitive agents,3,0.6,public_pool,Public pool,105,2,37,10,33
84,need_based_to_competitive,Need-based → competitive,Competitive agents,3,0.6,public_pool,Public pool,53,1,29,25,28
85,need_based_to_competitive,Need-based → competitive,Competitive agents,3,0.6,public_pool,Public pool,116,9,30,22,36
86,need_based_to_competitive,Need-based → competitive,Competitive agents,3,0.6,public_pool,Public pool,60,4,34,21,23
87,need_based_to_competitive,Need-based → competitive,Competitive agents,3,0.6,public_pool,Public pool,64,6,11,10,36
88,need_based_to_competitive,Need-based → competitive,Competitive agents,3,0.6,public_pool,Public pool,93,9,29,12,30
89,need_based_to_competitive,Need-based → competitive,Competitive agents,3,0.6,public_pool,Public pool,75,11,12,16,28
90,need_based_to_competitive,Need-based → competitive,Competitive agents,3,0.6,public_pool,Public pool,74,10,20,19,39
91,need_based_to_competitive,Need-based → competitive,Competitive agents,3,0.6,public_pool,Public pool,112,3,35,6,38
92,need_based_to_competitive,Need-based → competitive,Competitive agents,3,0.6,public_pool,Public pool,91,3,32,4,29
93,need_based_to_competitive,Need-based → competitive,Competitive agents,3,0.6,public_pool,Public pool,103,4,40,9,28
94,need_based_to_competitive,Need-based → competitive,Competitive agents,3,0.6,public_pool,Public pool,63,6,13,6,32
95,need_based_to_competitive,Need-based → competitive,Competitive agents,3,0.6,public_pool,Public pool,91,6,35,10,28
96,need_based_to_competitive,Need-based → competitive,Competitive agents,3,0.6,public_pool,Public pool,70,3,25,23,29
97,need_based_to_competitive,Need-based → competitive,Competitive agents,3,0.6,public_pool,Public pool,66,3,37,2,24
98,need_based_to_competitive,Need-based → competitive,Competitive agents,3,0.6,public_pool,Public pool,126,1,41,4,33
99,need_based_to_competitive,Need-based → competitive,Competitive agents,3,0.6,public_pool,Public pool,103,6,40,2,38
0,need_based_to_competitive,Need-based → competitive,Competitive agents,3,0.6,central_cap2,Central capped (2),106,6,32,16,35
1,need_based_to_competitive,Need-based → competitive,Competitive agents,3,0.6,central_cap2,Central capped (2),114,14,17,8,37
2,need_based_to_competitive,Need-based → competitive,Competitive agents,3,0.6,central_cap2,Central capped (2),128,9,37,8,38
3,need_based_to_competitive,Need-based → competitive,Competitive agents,3,0.6,central_cap2,Central capped (2),144,19,21,11,37
4,need_based_to_competitive,Need-based → competitive,Competitive agents,3,0.6,central_cap2,Central capped (2),113,17,16,12,36
5,need_based_to_competitive,Need-based → competitive,Competitive agents,3,0.6,central_cap2,Central capped (2),117,14,22,7,35
6,need_based_to_competitive,Need-based → competitive,Competitive agents,3,0.6,central_cap2,Central capped (2),101,11,22,18,34
7,need_based_to_competitive,Need-based → competitive,Competitive agents,3,0.6,central_cap2,Central capped (2),134,14,22,8,36
8,need_based_to_competitive,Need-based → competitive,Competitive agents,3,0.6,central_cap2,Central capped (2),121,9,21,12,36
9,need_based_to_competitive,Need-based → competitive,Competitive agents,3,0.6,central_cap2,Central capped (2),100,6,24,11,31
10,need_based_to_competitive,Need-based → competitive,Competitive agents,3,0.6,central_cap2,Central capped (2),138,17,19,14,34
11,need_based_to_competitive,Need-based → competitive,Competitive agents,3,0.6,central_cap2,Central capped (2),111,10,33,13,35
12,need_based_to_competitive,Need-based → competitive,Competitive agents,3,0.6,central_cap2,Central capped (2),105,9,34,8,28
13,need_based_to_competitive,Need-based → competitive,Competitive agents,3,0.6,central_cap2,Central capped (2),112,14,21,10,36
14,need_based_to_competitive,Need-based → competitive,Competitive agents,3,0.6,central_cap2,Central capped (2),136,9,26,8,40
15,need_based_to_competitive,Need-based → competitive,Competitive agents,3,0.6,central_cap2,Central capped (2),106,6,32,17,37
16,need_based_to_competitive,Need-based → competitive,Competitive agents,3,0.6,central_cap2,Central capped (2),141,11,31,6,35
17,need_based_to_competitive,Need-based → competitive,Competitive agents,3,0.6,central_cap2,Central capped (2),142,12,29,5,37
18,need_based_to_competitive,Need-based → competitive,Competitive agents,3,0.6,central_cap2,Central capped (2),152,14,31,9,35
19,need_based_to_competitive,Need-based → competitive,Competitive agents,3,0.6,central_cap2,Central capped (2),120,14,16,7,38
20,need_based_to_competitive,Need-based → competitive,Competitive agents,3,0.6,central_cap2,Central capped (2),123,3,34,17,38
21,need_based_to_competitive,Need-based → competitive,Competitive agents,3,0.6,central_cap2,Central capped (2),141,22,17,12,34
22,need_based_to_competitive,Need-based → competitive,Competitive agents,3,0.6,central_cap2,Central capped (2),141,25,9,7,35
23,need_based_to_competitive,Need-based → competitive,Competitive agents,3,0.6,central_cap2,Central capped (2),157,27,11,7,35
24,need_based_to_competitive,Need-based → competitive,Competitive agents,3,0.6,central_cap2,Central capped (2),146,25,10,6,38
25,need_based_to_competitive,Need-based → competitive,Competitive agents,3,0.6,central_cap2,Central capped (2),116,14,19,13,36
26,need_based_to_competitive,Need-based → competitive,Competitive agents,3,0.6,central_cap2,Central capped (2),104,9,19,10,38
27,need_based_to_competitive,Need-based → competitive,Competitive agents,3,0.6,central_cap2,Central capped (2),120,14,23,14,32
28,need_based_to_competitive,Need-based → competitive,Competitive agents,3,0.6,central_cap2,Central capped (2),137,19,16,5,35
29,need_based_to_competitive,Need-based → competitive,Competitive agents,3,0.6,central_cap2,Central capped (2),100,9,24,13,34
30,need_based_to_competitive,Need-based → competitive,Competitive agents,3,0.6,central_cap2,Central capped (2),128,18,12,4,40
31,need_based_to_competitive,Need-based → competitive,Competitive agents,3,0.6,central_cap2,Central capped (2),143,6,34,12,38
32,need_based_to_competitive,Need-based → competitive,Competitive agents,3,0.6,central_cap2,Central capped (2),127,17,19,10,39
33,need_based_to_competitive,Need-based → competitive,Competitive agents,3,0.6,central_cap2,Central capped (2),105,13,15,13,31
34,need_based_to_competitive,Need-based → competitive,Competitive agents,3,0.6,central_cap2,Central capped (2),96,12,18,12,30
35,need_based_to_competitive,Need-based → competitive,Competitive agents,3,0.6,central_cap2,Central capped (2),114,20,6,16,32
36,need_based_to_competitive,Need-based → competitive,Competitive agents,3,0.6,central_cap2,Central capped (2),114,16,19,11,37
37,need_based_to_competitive,Need-based → competitive,Competitive agents,3,0.6,central_cap2,Central capped (2),156,17,29,3,37
38,need_based_to_competitive,Need-based → competitive,Competitive agents,3,0.6,central_cap2,Central capped (2),130,17,19,7,36
39,need_based_to_competitive,Need-based → competitive,Competitive agents,3,0.6,central_cap2,Central capped (2),136,15,31,8,37
40,need_based_to_competitive,Need-based → competitive,Competitive agents,3,0.6,central_cap2,Central capped (2),114,14,19,9,39
41,need_based_to_competitive,Need-based → competitive,Competitive agents,3,0.6,central_cap2,Central capped (2),114,9,22,11,37
42,need_based_to_competitive,Need-based → competitive,Competitive agents,3,0.6,central_cap2,Central capped (2),85,6,19,14,31
43,need_based_to_competitive,Need-based → competitive,Competitive agents,3,0.6,central_cap2,Central capped (2),122,12,17,6,36
44,need_based_to_competitive,Need-based → competitive,Competitive agents,3,0.6,central_cap2,Central capped (2),116,12,29,10,35
45,need_based_to_competitive,Need-based → competitive,Competitive agents,3,0.6,central_cap2,Central capped (2),101,11,20,12,37
46,need_based_to_competitive,Need-based → competitive,Competitive agents,3,0.6,central_cap2,Central capped (2),105,14,14,8,35
47,need_based_to_competitive,Need-based → competitive,Competitive agents,3,0.6,central_cap2,Central capped (2),95,14,13,24,33
48,need_based_to_competitive,Need-based → competitive,Competitive agents,3,0.6,central_cap2,Central capped (2),120,15,21,5,36
49,need_based_to_competitive,Need-based → competitive,Competitive agents,3,0.6,central_cap2,Central capped (2),135,22,11,9,33
50,need_based_to_competitive,Need-based → competitive,Competitive agents,3,0.6,central_cap2,Central capped (2),130,9,27,12,36
51,need_based_to_competitive,Need-based → competitive,Competitive agents,3,0.6,central_cap2,Central capped (2),141,9,41,11,35
52,need_based_to_competitive,Need-based → competitive,Competitive agents,3,0.6,central_cap2,Central capped (2),110,17,13,7,32
53,need_based_to_competitive,Need-based → competitive,Competitive agents,3,0.6,central_cap2,Central capped (2),157,25,18,7,35
54,need_based_to_competitive,Need-based → competitive,Competitive agents,3,0.6,central_cap2,Central capped (2),130,20,17,14,36
55,need_based_to_competitive,Need-based → competitive,Competitive agents,3,0.6,central_cap2,Central capped (2),92,14,16,11,36
56,need_based_to_competitive,Need-based → competitive,Competitive agents,3,0.6,central_cap2,Central capped (2),122,14,19,8,36
57,need_based_to_competitive,Need-based → competitive,Competitive agents,3,0.6,central_cap2,Central capped (2),125,22,10,7,37
58,need_based_to_competitive,Need-based → competitive,Competitive agents,3,0.6,central_cap2,Central capped (2),102,6,33,10,36
59,need_based_to_competitive,Need-based → competitive,Competitive agents,3,0.6,central_cap2,Central capped (2),148,25,18,10,34
60,need_based_to_competitive,Need-based → competitive,Competitive agents,3,0.6,central_cap2,Central capped (2),118,9,25,6,35
61,need_based_to_competitive,Need-based → competitive,Competitive agents,3,0.6,central_cap2,Central capped (2),133,9,26,15,37
62,need_based_to_competitive,Need-based → competitive,Competitive agents,3,0.6,central_cap2,Central capped (2),105,12,21,12,33
63,need_based_to_competitive,Need-based → competitive,Competitive agents,3,0.6,central_cap2,Central capped (2),92,14,9,5,38
64,need_based_to_competitive,Need-based → competitive,Competitive agents,3,0.6,central_cap2,Central capped (2),137,19,22,9,35
65,need_based_to_competitive,Need-based → competitive,Competitive agents,3,0.6,central_cap2,Central capped (2),97,9,18,12,36
66,need_based_to_competitive,Need-based → competitive,Competitive agents,3,0.6,central_cap2,Central capped (2),128,19,15,5,35
67,need_based_to_competitive,Need-based → competitive,Competitive agents,3,0.6,central_cap2,Central capped (2),89,14,12,11,39
68,need_based_to_competitive,Need-based → competitive,Competitive agents,3,0.6,central_cap2,Central capped (2),91,9,13,9,32
69,need_based_to_competitive,Need-based → competitive,Competitive agents,3,0.6,central_cap2,Central capped (2),109,9,25,15,34
70,need_based_to_competitive,Need-based → competitive,Competitive agents,3,0.6,central_cap2,Central capped (2),91,14,13,4,30
71,need_based_to_competitive,Need-based → competitive,Competitive agents,3,0.6,central_cap2,Central capped (2),157,14,35,11,38
72,need_based_to_competitive,Need-based → competitive,Competitive agents,3,0.6,central_cap2,Central capped (2),134,19,18,12,34
73,need_based_to_competitive,Need-based → competitive,Competitive agents,3,0.6,central_cap2,Central capped (2),140,25,13,9,34
74,need_based_to_competitive,Need-based → competitive,Competitive agents,3,0.6,central_cap2,Central capped (2),119,12,23,8,38
75,need_based_to_competitive,Need-based → competitive,Competitive agents,3,0.6,central_cap2,Central capped (2),116,6,35,11,39
76,need_based_to_competitive,Need-based → competitive,Competitive agents,3,0.6,central_cap2,Central capped (2),124,14,24,8,34
77,need_based_to_competitive,Need-based → competitive,Competitive agents,3,0.6,central_cap2,Central capped (2),111,6,39,10,36
78,need_based_to_competitive,Need-based → competitive,Competitive agents,3,0.6,central_cap2,Central capped (2),125,15,16,9,37
79,need_based_to_competitive,Need-based → competitive,Competitive agents,3,0.6,central_cap2,Central capped (2),111,9,20,9,33
80,need_based_to_competitive,Need-based → competitive,Competitive agents,3,0.6,central_cap2,Central capped (2),96,12,13,17,32
81,need_based_to_competitive,Need-based → competitive,Competitive agents,3,0.6,central_cap2,Central capped (2),156,20,26,5,38
82,need_based_to_competitive,Need-based → competitive,Competitive agents,3,0.6,central_cap2,Central capped (2),132,17,24,12,33
83,need_based_to_competitive,Need-based → competitive,Competitive agents,3,0.6,central_cap2,Central capped (2),97,6,22,18,31
84,need_based_to_competitive,Need-based → competitive,Competitive agents,3,0.6,central_cap2,Central capped (2),129,9,27,9,35
85,need_based_to_competitive,Need-based → competitive,Competitive agents,3,0.6,central_cap2,Central capped (2),142,17,20,12,37
86,need_based_to_competitive,Need-based → competitive,Competitive agents,3,0.6,central_cap2,Central capped (2),149,19,19,8,35
87,need_based_to_competitive,Need-based → competitive,Competitive agents,3,0.6,central_cap2,Central capped (2),121,12,23,5,31
88,need_based_to_competitive,Need-based → competitive,Competitive agents,3,0.6,central_cap2,Central capped (2),102,11,19,16,26
89,need_based_to_competitive,Need-based → competitive,Competitive agents,3,0.6,central_cap2,Central capped (2),93,9,19,6,37
90,need_based_to_competitive,Need-based → competitive,Competitive agents,3,0.6,central_cap2,Central capped (2),155,27,7,8,36
91,need_based_to_competitive,Need-based → competitive,Competitive agents,3,0.6,central_cap2,Central capped (2),102,9,25,8,34
92,need_based_to_competitive,Need-based → competitive,Competitive agents,3,0.6,central_cap2,Central capped (2),148,9,29,12,38
93,need_based_to_competitive,Need-based → competitive,Competitive agents,3,0.6,central_cap2,Central capped (2),97,9,21,11,35
94,need_based_to_competitive,Need-based → competitive,Competitive agents,3,0.6,central_cap2,Central capped (2),111,17,10,18,38
95,need_based_to_competitive,Need-based → competitive,Competitive agents,3,0.6,central_cap2,Central capped (2),113,14,14,5,35
96,need_based_to_competitive,Need-based → competitive,Competitive agents,3,0.6,central_cap2,Central capped (2),108,11,27,11,34
97,need_based_to_competitive,Need-based → competitive,Competitive agents,3,0.6,central_cap2,Central capped (2),106,9,32,9,33
98,need_based_to_competitive,Need-based → competitive,Competitive agents,3,0.6,central_cap2,Central capped (2),92,6,21,5,34
99,need_based_to_competitive,Need-based → competitive,Competitive agents,3,0.6,central_cap2,Central capped (2),120,6,33,7,36
0,need_based_to_competitive,Need-based → competitive,Competitive agents,3,0.6,central_full,Central clearing,110,9,29,19,42
1,need_based_to_competitive,Need-based → competitive,Competitive agents,3,0.6,central_full,Central clearing,168,25,21,6,65
2,need_based_to_competitive,Need-based → competitive,Competitive agents,3,0.6,central_full,Central clearing,179,30,12,9,57
3,need_based_to_competitive,Need-based → competitive,Competitive agents,3,0.6,central_full,Central clearing,172,27,14,10,60
4,need_based_to_competitive,Need-based → competitive,Competitive agents,3,0.6,central_full,Central clearing,156,27,11,5,71
5,need_based_to_competitive,Need-based → competitive,Competitive agents,3,0.6,central_full,Central clearing,129,20,15,11,51
6,need_based_to_competitive,Need-based → competitive,Competitive agents,3,0.6,central_full,Central clearing,146,22,12,11,45
7,need_based_to_competitive,Need-based → competitive,Competitive agents,3,0.6,central_full,Central clearing,161,30,6,5,56
8,need_based_to_competitive,Need-based → competitive,Competitive agents,3,0.6,central_full,Central clearing,143,20,18,6,54
9,need_based_to_competitive,Need-based → competitive,Competitive agents,3,0.6,central_full,Central clearing,128,17,24,5,39
10,need_based_to_competitive,Need-based → competitive,Competitive agents,3,0.6,central_full,Central clearing,174,25,17,5,67
11,need_based_to_competitive,Need-based → competitive,Competitive agents,3,0.6,central_full,Central clearing,158,25,15,8,64
12,need_based_to_competitive,Need-based → competitive,Competitive agents,3,0.6,central_full,Central clearing,110,14,17,23,46
13,need_based_to_competitive,Need-based → competitive,Competitive agents,3,0.6,central_full,Central clearing,159,27,18,7,60
14,need_based_to_competitive,Need-based → competitive,Competitive agents,3,0.6,central_full,Central clearing,157,27,11,5,51
15,need_based_to_competitive,Need-based → competitive,Competitive agents,3,0.6,central_full,Central clearing,129,17,22,9,43
16,need_based_to_competitive,Need-based → competitive,Competitive agents,3,0.6,central_full,Central clearing,135,19,30,5,40
17,need_based_to_competitive,Need-based → competitive,Competitive agents,3,0.6,central_full,Central clearing,167,22,24,8,63
18,need_based_to_competitive,Need-based → competitive,Competitive agents,3,0.6,central_full,Central clearing,189,30,21,7,58
19,need_based_to_competitive,Need-based → competitive,Competitive agents,3,0.6,central_full,Central clearing,172,30,11,7,54
20,need_based_to_competitive,Need-based → competitive,Competitive agents,3,0.6,central_full,Central clearing,164,19,23,12,55
21,need_based_to_competitive,Need-based → competitive,Competitive agents,3,0.6,central_full,Central clearing,157,22,23,11,52
22,need_based_to_competitive,Need-based → competitive,Competitive agents,3,0.6,central_full,Central clearing,154,25,13,11,50
23,need_based_to_competitive,Need-based → competitive,Competitive agents,3,0.6,central_full,Central clearing,181,28,14,7,62
24,need_based_to_competitive,Need-based → competitive,Competitive agents,3,0.6,central_full,Central clearing,135,14,30,8,47
25,need_based_to_competitive,Need-based → competitive,Competitive agents,3,0.6,central_full,Central clearing,162,25,15,8,55
26,need_based_to_competitive,Need-based → competitive,Competitive agents,3,0.6,central_full,Central clearing,137,15,23,21,47
27,need_based_to_competitive,Need-based → competitive,Competitive agents,3,0.6,central_full,Central clearing,164,27,15,7,55
28,need_based_to_competitive,Need-based → competitive,Competitive agents,3,0.6,central_full,Central clearing,157,27,11,8,59
29,need_based_to_competitive,Need-based → competitive,Competitive agents,3,0.6,central_full,Central clearing,106,11,20,11,37
30,need_based_to_competitive,Need-based → competitive,Competitive agents,3,0.6,central_full,Central clearing,175,27,13,10,62
31,need_based_to_competitive,Need-based → competitive,Competitive agents,3,0.6,central_full,Central clearing,185,30,22,4,70
32,need_based_to_competitive,Need-based → competitive,Competitive agents,3,0.6,central_full,Central clearing,171,27,14,5,64
33,need_based_to_competitive,Need-based → competitive,Competitive agents,3,0.6,central_full,Central clearing,149,27,7,9,44
34,need_based_to_competitive,Need-based → competitive,Competitive agents,3,0.6,central_full,Central clearing,159,27,15,8,56
35,need_based_to_competitive,Need-based → competitive,Competitive agents,3,0.6,central_full,Central clearing,114,20,6,16,32
36,need_based_to_competitive,Need-based → competitive,Competitive agents,3,0.6,central_full,Central clearing,120,17,13,12,54
37,need_based_to_competitive,Need-based → competitive,Competitive agents,3,0.6,central_full,Central clearing,99,9,27,18,46
38,need_based_to_competitive,Need-based → competitive,Competitive agents,3,0.6,central_full,Central clearing,138,17,20,17,60
39,need_based_to_competitive,Need-based → competitive,Competitive agents,3,0.6,central_full,Central clearing,143,22,25,9,46
40,need_based_to_competitive,Need-based → competitive,Competitive agents,3,0.6,central_full,Central clearing,102,13,15,15,51
41,need_based_to_competitive,Need-based → competitive,Competitive agents,3,0.6,central_full,Central clearing,173,25,24,3,54
42,need_based_to_competitive,Need-based → competitive,Competitive agents,3,0.6,central_full,Central clearing,93,9,17,9,43
43,need_based_to_competitive,Need-based → competitive,Competitive agents,3,0.6,central_full,Central clearing,127,17,16,5,46
44,need_based_to_competitive,Need-based → competitive,Competitive agents,3,0.6,central_full,Central clearing,156,27,9,5,59
45,need_based_to_competitive,Need-based → competitive,Competitive agents,3,0.6,central_full,Central clearing,110,17,19,8,41
46,need_based_to_competitive,Need-based → competitive,Competitive agents,3,0.6,central_full,Central clearing,176,27,15,5,58
47,need_based_to_competitive,Need-based → competitive,Competitive agents,3,0.6,central_full,Central clearing,155,22,20,7,45
48,need_based_to_competitive,Need-based → competitive,Competitive agents,3,0.6,central_full,Central clearing,171,27,16,8,55
49,need_based_to_competitive,Need-based → competitive,Competitive agents,3,0.6,central_full,Central clearing,126,17,19,19,33
50,need_based_to_competitive,Need-based → competitive,Competitive agents,3,0.6,central_full,Central clearing,110,12,18,14,41
51,need_based_to_competitive,Need-based → competitive,Competitive agents,3,0.6,central_full,Central clearing,203,33,21,10,60
52,need_based_to_competitive,Need-based → competitive,Competitive agents,3,0.6,central_full,Central clearing,97,9,26,15,38
53,need_based_to_competitive,Need-based → competitive,Competitive agents,3,0.6,central_full,Central clearing,160,25,20,7,54
54,need_based_to_competitive,Need-based → competitive,Competitive agents,3,0.6,central_full,Central clearing,146,17,27,7,56
55,need_based_to_competitive,Need-based → competitive,Competitive agents,3,0.6,central_full,Central clearing,142,17,23,13,44
56,need_based_to_competitive,Need-based → competitive,Competitive agents,3,0.6,central_full,Central clearing,157,25,13,8,58
57,need_based_to_competitive,Need-based → competitive,Competitive agents,3,0.6,central_full,Central clearing,185,33,16,4,65
58,need_based_to_competitive,Need-based → competitive,Competitive agents,3,0.6,central_full,Central clearing,142,22,16,8,59
59,need_based_to_competitive,Need-based → competitive,Competitive agents,3,0.6,central_full,Central clearing,178,30,12,10,53
60,need_based_to_competitive,Need-based → competitive,Competitive agents,3,0.6,central_full,Central clearing,150,25,15,8,54
61,need_based_to_competitive,Need-based → competitive,Competitive agents,3,0.6,central_full,Central clearing,164,25,16,3,56
62,need_based_to_competitive,Need-based → competitive,Competitive agents,3,0.6,central_full,Central clearing,116,14,27,6,31
63,need_based_to_competitive,Need-based → competitive,Competitive agents,3,0.6,central_full,Central clearing,145,25,8,6,61
64,need_based_to_competitive,Need-based → competitive,Competitive agents,3,0.6,central_full,Central clearing,176,22,22,8,55
65,need_based_to_competitive,Need-based → competitive,Competitive agents,3,0.6,central_full,Central clearing,133,11,31,6,43
66,need_based_to_competitive,Need-based → competitive,Competitive agents,3,0.6,central_full,Central clearing,146,17,24,5,42
67,need_based_to_competitive,Need-based → competitive,Competitive agents,3,0.6,central_full,Central clearing,129,13,24,12,43
68,need_based_to_competitive,Need-based → competitive,Competitive agents,3,0.6,central_full,Central clearing,134,20,19,11,47
69,need_based_to_competitive,Need-based → competitive,Competitive agents,3,0.6,central_full,Central clearing,144,17,22,6,48
70,need_based_to_competitive,Need-based → competitive,Competitive agents,3,0.6,central_full,Central clearing,120,17,13,10,44
71,need_based_to_competitive,Need-based → competitive,Competitive agents,3,0.6,central_full,Central clearing,192,30,23,2,68
72,need_based_to_competitive,Need-based → competitive,Competitive agents,3,0.6,central_full,Central clearing,181,30,19,5,62
73,need_based_to_competitive,Need-based → competitive,Competitive agents,3,0.6,central_full,Central clearing,190,27,19,13,62
74,need_based_to_competitive,Need-based → competitive,Competitive agents,3,0.6,central_full,Central clearing,156,22,22,6,60
75,need_based_to_competitive,Need-based → competitive,Competitive agents,3,0.6,central_full,Central clearing,151,14,32,19,63
76,need_based_to_competitive,Need-based → competitive,Competitive agents,3,0.6,central_full,Central clearing,141,24,6,7,52
77,need_based_to_competitive,Need-based → competitive,Competitive agents,3,0.6,central_full,Central clearing,133,19,13,8,56
78,need_based_to_competitive,Need-based → competitive,Competitive agents,3,0.6,central_full,Central clearing,133,17,19,13,47
79,need_based_to_competitive,Need-based → competitive,Competitive agents,3,0.6,central_full,Central clearing,166,30,6,9,68
80,need_based_to_competitive,Need-based → competitive,Competitive agents,3,0.6,central_full,Central clearing,120,19,11,17,44
81,need_based_to_competitive,Need-based → competitive,Competitive agents,3,0.6,central_full,Central clearing,186,30,17,8,61
82,need_based_to_competitive,Need-based → competitive,Competitive agents,3,0.6,central_full,Central clearing,176,22,22,11,52
83,need_based_to_competitive,Need-based → competitive,Competitive agents,3,0.6,central_full,Central clearing,108,17,7,7,35
84,need_based_to_competitive,Need-based → competitive,Competitive agents,3,0.6,central_full,Central clearing,164,27,16,7,61
85,need_based_to_competitive,Need-based → competitive,Competitive agents,3,0.6,central_full,Central clearing,188,20,30,18,58
86,need_based_to_competitive,Need-based → competitive,Competitive agents,3,0.6,central_full,Central clearing,142,25,10,7,54
87,need_based_to_competitive,Need-based → competitive,Competitive agents,3,0.6,central_full,Central clearing,146,25,10,9,60
88,need_based_to_competitive,Need-based → competitive,Competitive agents,3,0.6,central_full,Central clearing,104,14,13,7,33
89,need_based_to_competitive,Need-based → competitive,Competitive agents,3,0.6,central_full,Central clearing,122,21,9,7,51
90,need_based_to_competitive,Need-based → competitive,Competitive agents,3,0.6,central_full,Central clearing,141,16,36,13,51
91,need_based_to_competitive,Need-based → competitive,Competitive agents,3,0.6,central_full,Central clearing,153,25,16,11,57
92,need_based_to_competitive,Need-based → competitive,Competitive agents,3,0.6,central_full,Central clearing,175,30,8,8,58
93,need_based_to_competitive,Need-based → competitive,Competitive agents,3,0.6,central_full,Central clearing,102,16,12,13,44
94,need_based_to_competitive,Need-based → competitive,Competitive agents,3,0.6,central_full,Central clearing,191,27,19,8,58
95,need_based_to_competitive,Need-based → competitive,Competitive agents,3,0.6,central_full,Central clearing,143,22,11,11,58
96,need_based_to_competitive,Need-based → competitive,Competitive agents,3,0.6,central_full,Central clearing,168,27,13,5,69
97,need_based_to_competitive,Need-based → competitive,Competitive agents,3,0.6,central_full,Central clearing,121,9,31,13,46
98,need_based_to_competitive,Need-based → competitive,Competitive agents,3,0.6,central_full,Central clearing,163,22,20,8,57
99,need_based_to_competitive,Need-based → competitive,Competitive agents,3,0.6,central_full,Central clearing,145,19,26,6,56
0,need_based_to_competitive,Need-based → competitive,Competitive agents,3,0.6,equity_central,Equity central,146,17,25,5,55
1,need_based_to_competitive,Need-based → competitive,Competitive agents,3,0.6,equity_central,Equity central,179,27,17,9,56
2,need_based_to_competitive,Need-based → competitive,Competitive agents,3,0.6,equity_central,Equity central,175,27,15,15,55
3,need_based_to_competitive,Need-based → competitive,Competitive agents,3,0.6,equity_central,Equity central,178,27,24,6,68
4,need_based_to_competitive,Need-based → competitive,Competitive agents,3,0.6,equity_central,Equity central,156,27,12,6,54
5,need_based_to_competitive,Need-based → competitive,Competitive agents,3,0.6,equity_central,Equity central,132,20,15,8,52
6,need_based_to_competitive,Need-based → competitive,Competitive agents,3,0.6,equity_central,Equity central,148,27,4,12,47
7,need_based_to_competitive,Need-based → competitive,Competitive agents,3,0.6,equity_central,Equity central,149,25,9,6,53
8,need_based_to_competitive,Need-based → competitive,Competitive agents,3,0.6,equity_central,Equity central,164,27,11,7,55
9,need_based_to_competitive,Need-based → competitive,Competitive agents,3,0.6,equity_central,Equity central,121,18,13,2,48
10,need_based_to_competitive,Need-based → competitive,Competitive agents,3,0.6,equity_central,Equity central,158,25,13,10,62
11,need_based_to_competitive,Need-based → competitive,Competitive agents,3,0.6,equity_central,Equity central,142,24,19,14,61
12,need_based_to_competitive,Need-based → competitive,Competitive agents,3,0.6,equity_central,Equity central,90,9,21,22,42
13,need_based_to_competitive,Need-based → competitive,Competitive agents,3,0.6,equity_central,Equity central,147,22,16,3,46
14,need_based_to_competitive,Need-based → competitive,Competitive agents,3,0.6,equity_central,Equity central,159,25,17,7,58
15,need_based_to_competitive,Need-based → competitive,Competitive agents,3,0.6,equity_central,Equity central,144,22,11,10,47
16,need_based_to_competitive,Need-based → competitive,Competitive agents,3,0.6,equity_central,Equity central,133,18,26,1,38
17,need_based_to_competitive,Need-based → competitive,Competitive agents,3,0.6,equity_central,Equity central,166,22,22,3,65
18,need_based_to_competitive,Need-based → competitive,Competitive agents,3,0.6,equity_central,Equity central,189,27,19,6,58
19,need_based_to_competitive,Need-based → competitive,Competitive agents,3,0.6,equity_central,Equity central,156,29,5,7,56
20,need_based_to_competitive,Need-based → competitive,Competitive agents,3,0.6,equity_central,Equity central,158,22,18,9,62
21,need_based_to_competitive,Need-based → competitive,Competitive agents,3,0.6,equity_central,Equity central,155,25,17,10,53
22,need_based_to_competitive,Need-based → competitive,Competitive agents,3,0.6,equity_central,Equity central,188,30,25,6,74
23,need_based_to_competitive,Need-based → competitive,Competitive agents,3,0.6,equity_central,Equity central,182,30,13,7,65
24,need_based_to_competitive,Need-based → competitive,Competitive agents,3,0.6,equity_central,Equity central,150,19,24,7,58
25,need_based_to_competitive,Need-based → competitive,Competitive agents,3,0.6,equity_central,Equity central,163,27,9,7,62
26,need_based_to_competitive,Need-based → competitive,Competitive agents,3,0.6,equity_central,Equity central,141,22,13,10,51
27,need_based_to_competitive,Need-based → competitive,Competitive agents,3,0.6,equity_central,Equity central,111,17,14,17,38
28,need_based_to_competitive,Need-based → competitive,Competitive agents,3,0.6,equity_central,Equity central,135,17,20,13,53
29,need_based_to_competitive,Need-based → competitive,Competitive agents,3,0.6,equity_central,Equity central,133,22,15,4,53
30,need_based_to_competitive,Need-based → competitive,Competitive agents,3,0.6,equity_central,Equity central,169,30,14,7,54
31,need_based_to_competitive,Need-based → competitive,Competitive agents,3,0.6,equity_central,Equity central,189,27,24,8,56
32,need_based_to_competitive,Need-based → competitive,Competitive agents,3,0.6,equity_central,Equity central,168,27,14,6,60
33,need_based_to_competitive,Need-based → competitive,Competitive agents,3,0.6,equity_central,Equity central,138,20,18,15,46
34,need_based_to_competitive,Need-based → competitive,Competitive agents,3,0.6,equity_central,Equity central,144,22,20,9,56
35,need_based_to_competitive,Need-based → competitive,Competitive agents,3,0.6,equity_central,Equity central,103,17,9,19,32
36,need_based_to_competitive,Need-based → competitive,Competitive agents,3,0.6,equity_central,Equity central,146,22,13,11,61
37,need_based_to_competitive,Need-based → competitive,Competitive agents,3,0.6,equity_central,Equity central,123,17,19,11,43
38,need_based_to_competitive,Need-based → competitive,Competitive agents,3,0.6,equity_central,Equity central,138,20,13,7,54
39,need_based_to_competitive,Need-based → competitive,Competitive agents,3,0.6,equity_central,Equity central,177,30,14,5,56
40,need_based_to_competitive,Need-based → competitive,Competitive agents,3,0.6,equity_central,Equity central,149,28,4,7,56
41,need_based_to_competitive,Need-based → competitive,Competitive agents,3,0.6,equity_central,Equity central,141,22,15,9,62
42,need_based_to_competitive,Need-based → competitive,Competitive agents,3,0.6,equity_central,Equity central,93,14,8,9,47
43,need_based_to_competitive,Need-based → competitive,Competitive agents,3,0.6,equity_central,Equity central,116,20,7,16,46
44,need_based_to_competitive,Need-based → competitive,Competitive agents,3,0.6,equity_central,Equity central,160,27,13,11,58
45,need_based_to_competitive,Need-based → competitive,Competitive agents,3,0.6,equity_central,Equity central,147,25,6,6,55
46,need_based_to_competitive,Need-based → competitive,Competitive agents,3,0.6,equity_central,Equity central,174,27,17,4,58
47,need_based_to_competitive,Need-based → competitive,Competitive agents,3,0.6,equity_central,Equity central,146,19,19,5,46
48,need_based_to_competitive,Need-based → competitive,Competitive agents,3,0.6,equity_central,Equity central,141,22,12,9,53
49,need_based_to_competitive,Need-based → competitive,Competitive agents,3,0.6,equity_central,Equity central,159,28,7,11,49
50,need_based_to_competitive,Need-based → competitive,Competitive agents,3,0.6,equity_central,Equity central,104,17,8,9,44
51,need_based_to_competitive,Need-based → competitive,Competitive agents,3,0.6,equity_central,Equity central,166,22,16,12,42
52,need_based_to_competitive,Need-based → competitive,Competitive agents,3,0.6,equity_central,Equity central,166,27,14,9,63
53,need_based_to_competitive,Need-based → competitive,Competitive agents,3,0.6,equity_central,Equity central,147,17,28,17,39
54,need_based_to_competitive,Need-based → competitive,Competitive agents,3,0.6,equity_central,Equity central,131,23,7,16,54
55,need_based_to_competitive,Need-based → competitive,Competitive agents,3,0.6,equity_central,Equity central,145,22,18,11,47
56,need_based_to_competitive,Need-based → competitive,Competitive agents,3,0.6,equity_central,Equity central,130,14,29,14,49
57,need_based_to_competitive,Need-based → competitive,Competitive agents,3,0.6,equity_central,Equity central,185,30,14,7,59
58,need_based_to_competitive,Need-based → competitive,Competitive agents,3,0.6,equity_central,Equity central,128,19,15,9,50
59,need_based_to_competitive,Need-based → competitive,Competitive agents,3,0.6,equity_central,Equity central,170,28,15,11,59
60,need_based_to_competitive,Need-based → competitive,Competitive agents,3,0.6,equity_central,Equity central,138,17,23,25,52
61,need_based_to_competitive,Need-based → competitive,Competitive agents,3,0.6,equity_central,Equity central,151,19,19,3,44
62,need_based_to_competitive,Need-based → competitive,Competitive agents,3,0.6,equity_central,Equity central,119,14,24,9,32
63,need_based_to_competitive,Need-based → competitive,Competitive agents,3,0.6,equity_central,Equity central,136,27,1,13,59
64,need_based_to_competitive,Need-based → competitive,Competitive agents,3,0.6,equity_central,Equity central,174,22,23,7,54
65,need_based_to_competitive,Need-based → competitive,Competitive agents,3,0.6,equity_central,Equity central,110,14,23,7,38
66,need_based_to_competitive,Need-based → competitive,Competitive agents,3,0.6,equity_central,Equity central,142,22,14,7,56
67,need_based_to_competitive,Need-based → competitive,Competitive agents,3,0.6,equity_central,Equity central,104,14,17,17,46
68,need_based_to_competitive,Need-based → competitive,Competitive agents,3,0.6,equity_central,Equity central,134,22,17,10,43
69,need_based_to_competitive,Need-based → competitive,Competitive agents,3,0.6,equity_central,Equity central,128,22,6,10,46
70,need_based_to_competitive,Need-based → competitive,Competitive agents,3,0.6,equity_central,Equity central,107,17,6,8,47
71,need_based_to_competitive,Need-based → competitive,Competitive agents,3,0.6,equity_central,Equity central,153,25,24,14,47
72,need_based_to_competitive,Need-based → competitive,Competitive agents,3,0.6,equity_central,Equity central,186,30,20,2,58
73,need_based_to_competitive,Need-based → competitive,Competitive agents,3,0.6,equity_central,Equity central,189,27,19,8,63
74,need_based_to_competitive,Need-based → competitive,Competitive agents,3,0.6,equity_central,Equity central,145,22,16,14,57
75,need_based_to_competitive,Need-based → competitive,Competitive agents,3,0.6,equity_central,Equity central,155,22,28,9,52
76,need_based_to_competitive,Need-based → competitive,Competitive agents,3,0.6,equity_central,Equity central,134,22,11,5,48
77,need_based_to_competitive,Need-based → competitive,Competitive agents,3,0.6,equity_central,Equity central,143,22,14,12,61
78,need_based_to_competitive,Need-based → competitive,Competitive agents,3,0.6,equity_central,Equity central,131,17,19,13,46
79,need_based_to_competitive,Need-based → competitive,Competitive agents,3,0.6,equity_central,Equity central,134,22,11,13,59
80,need_based_to_competitive,Need-based → competitive,Competitive agents,3,0.6,equity_central,Equity central,118,19,11,13,43
81,need_based_to_competitive,Need-based → competitive,Competitive agents,3,0.6,equity_central,Equity central,186,33,13,3,62
82,need_based_to_competitive,Need-based → competitive,Competitive agents,3,0.6,equity_central,Equity central,163,27,11,8,55
83,need_based_to_competitive,Need-based → competitive,Competitive agents,3,0.6,equity_central,Equity central,110,20,8,4,44
84,need_based_to_competitive,Need-based → competitive,Competitive agents,3,0.6,equity_central,Equity central,167,25,22,8,60
85,need_based_to_competitive,Need-based → competitive,Competitive agents,3,0.6,equity_central,Equity central,177,23,22,12,57
86,need_based_to_competitive,Need-based → competitive,Competitive agents,3,0.6,equity_central,Equity central,128,22,11,11,51
87,need_based_to_competitive,Need-based → competitive,Competitive agents,3,0.6,equity_central,Equity central,152,19,23,8,59
88,need_based_to_competitive,Need-based → competitive,Competitive agents,3,0.6,equity_central,Equity central,78,9,16,18,25
89,need_based_to_competitive,Need-based → competitive,Competitive agents,3,0.6,equity_central,Equity central,110,20,5,4,43
90,need_based_to_competitive,Need-based → competitive,Competitive agents,3,0.6,equity_central,Equity central,165,25,18,11,54
91,need_based_to_competitive,Need-based → competitive,Competitive agents,3,0.6,equity_central,Equity central,160,27,13,7,56
92,need_based_to_competitive,Need-based → competitive,Competitive agents,3,0.6,equity_central,Equity central,166,30,8,10,70
93,need_based_to_competitive,Need-based → competitive,Competitive agents,3,0.6,equity_central,Equity central,124,20,18,15,46
94,need_based_to_competitive,Need-based → competitive,Competitive agents,3,0.6,equity_central,Equity central,173,27,14,8,54
95,need_based_to_competitive,Need-based → competitive,Competitive agents,3,0.6,equity_central,Equity central,128,22,8,7,59
96,need_based_to_competitive,Need-based → competitive,Competitive agents,3,0.6,equity_central,Equity central,168,30,9,4,63
97,need_based_to_competitive,Need-based → competitive,Competitive agents,3,0.6,equity_central,Equity central,119,19,12,9,41
98,need_based_to_competitive,Need-based → competitive,Competitive agents,3,0.6,equity_central,Equity central,194,30,15,7,50
99,need_based_to_competitive,Need-based → competitive,Competitive agents,3,0.6,equity_central,Equity central,155,19,23,6,63
0,need_based_to_competitive,Need-based → competitive,Competitive agents,4,0.8,no_trade,No trade,56,2,35,12,0
1,need_based_to_competitive,Need-based → competitive,Competitive agents,4,0.8,no_trade,No trade,28,2,13,11,0
2,need_based_to_competitive,Need-based → competitive,Competitive agents,4,0.8,no_trade,No trade,22,2,7,12,0
3,need_based_to_competitive,Need-based → competitive,Competitive agents,4,0.8,no_trade,No trade,12,0,6,14,0
4,need_based_to_competitive,Need-based → competitive,Competitive agents,4,0.8,no_trade,No trade,21,3,3,11,0
5,need_based_to_competitive,Need-based → competitive,Competitive agents,4,0.8,no_trade,No trade,13,1,5,5,0
6,need_based_to_competitive,Need-based → competitive,Competitive agents,4,0.8,no_trade,No trade,52,3,17,8,0
7,need_based_to_competitive,Need-based → competitive,Competitive agents,4,0.8,no_trade,No trade,36,3,8,10,0
8,need_based_to_competitive,Need-based → competitive,Competitive agents,4,0.8,no_trade,No trade,36,0,15,11,0
9,need_based_to_competitive,Need-based → competitive,Competitive agents,4,0.8,no_trade,No trade,39,3,10,11,0
10,need_based_to_competitive,Need-based → competitive,Competitive agents,4,0.8,no_trade,No trade,25,2,7,22,0
11,need_based_to_competitive,Need-based → competitive,Competitive agents,4,0.8,no_trade,No trade,34,3,12,26,0
12,need_based_to_competitive,Need-based → competitive,Competitive agents,4,0.8,no_trade,No trade,44,1,25,11,0
13,need_based_to_competitive,Need-based → competitive,Competitive agents,4,0.8,no_trade,No trade,30,0,20,16,0
14,need_based_to_competitive,Need-based → competitive,Competitive agents,4,0.8,no_trade,No trade,18,0,9,15,0
15,need_based_to_competitive,Need-based → competitive,Competitive agents,4,0.8,no_trade,No trade,27,1,10,14,0
16,need_based_to_competitive,Need-based → competitive,Competitive agents,4,0.8,no_trade,No trade,37,0,26,16,0
17,need_based_to_competitive,Need-based → competitive,Competitive agents,4,0.8,no_trade,No trade,39,1,19,22,0
18,need_based_to_competitive,Need-based → competitive,Competitive agents,4,0.8,no_trade,No trade,44,3,23,12,0
19,need_based_to_competitive,Need-based → competitive,Competitive agents,4,0.8,no_trade,No trade,34,2,11,16,0
20,need_based_to_competitive,Need-based → competitive,Competitive agents,4,0.8,no_trade,No trade,19,2,4,16,0
21,need_based_to_competitive,Need-based → competitive,Competitive agents,4,0.8,no_trade,No trade,31,2,10,14,0
22,need_based_to_competitive,Need-based → competitive,Competitive agents,4,0.8,no_trade,No trade,28,2,12,21,0
23,need_based_to_competitive,Need-based → competitive,Competitive agents,4,0.8,no_trade,No trade,27,2,8,20,0
24,need_based_to_competitive,Need-based → competitive,Competitive agents,4,0.8,no_trade,No trade,33,3,15,9,0
25,need_based_to_competitive,Need-based → competitive,Competitive agents,4,0.8,no_trade,No trade,33,2,15,14,0
26,need_based_to_competitive,Need-based → competitive,Competitive agents,4,0.8,no_trade,No trade,25,1,8,13,0
27,need_based_to_competitive,Need-based → competitive,Competitive agents,4,0.8,no_trade,No trade,23,1,6,19,0
28,need_based_to_competitive,Need-based → competitive,Competitive agents,4,0.8,no_trade,No trade,33,1,16,20,0
29,need_based_to_competitive,Need-based → competitive,Competitive agents,4,0.8,no_trade,No trade,36,2,21,17,0
30,need_based_to_competitive,Need-based → competitive,Competitive agents,4,0.8,no_trade,No trade,45,1,16,7,0
31,need_based_to_competitive,Need-based → competitive,Competitive agents,4,0.8,no_trade,No trade,45,3,13,6,0
32,need_based_to_competitive,Need-based → competitive,Competitive agents,4,0.8,no_trade,No trade,25,2,7,15,0
33,need_based_to_competitive,Need-based → competitive,Competitive agents,4,0.8,no_trade,No trade,42,1,30,19,0
34,need_based_to_competitive,Need-based → competitive,Competitive agents,4,0.8,no_trade,No trade,37,3,11,17,0
35,need_based_to_competitive,Need-based → competitive,Competitive agents,4,0.8,no_trade,No trade,28,1,8,11,0
36,need_based_to_competitive,Need-based → competitive,Competitive agents,4,0.8,no_trade,No trade,24,2,7,14,0
37,need_based_to_competitive,Need-based → competitive,Competitive agents,4,0.8,no_trade,No trade,21,2,7,14,0
38,need_based_to_competitive,Need-based → competitive,Competitive agents,4,0.8,no_trade,No trade,23,3,3,7,0
39,need_based_to_competitive,Need-based → competitive,Competitive agents,4,0.8,no_trade,No trade,32,1,13,16,0
40,need_based_to_competitive,Need-based → competitive,Competitive agents,4,0.8,no_trade,No trade,34,1,14,9,0
41,need_based_to_competitive,Need-based → competitive,Competitive agents,4,0.8,no_trade,No trade,35,2,19,16,0
42,need_based_to_competitive,Need-based → competitive,Competitive agents,4,0.8,no_trade,No trade,27,3,3,10,0
43,need_based_to_competitive,Need-based → competitive,Competitive agents,4,0.8,no_trade,No trade,36,2,19,20,0
44,need_based_to_competitive,Need-based → competitive,Competitive agents,4,0.8,no_trade,No trade,40,3,19,15,0
45,need_based_to_competitive,Need-based → competitive,Competitive agents,4,0.8,no_trade,No trade,31,2,14,17,0
46,need_based_to_competitive,Need-based → competitive,Competitive agents,4,0.8,no_trade,No trade,32,1,20,14,0
47,need_based_to_competitive,Need-based → competitive,Competitive agents,4,0.8,no_trade,No trade,20,2,4,19,0
48,need_based_to_competitive,Need-based → competitive,Competitive agents,4,0.8,no_trade,No trade,22,1,8,12,0
49,need_based_to_competitive,Need-based → competitive,Competitive agents,4,0.8,no_trade,No trade,47,3,14,16,0
50,need_based_to_competitive,Need-based → competitive,Competitive agents,4,0.8,no_trade,No trade,29,2,10,13,0
51,need_based_to_competitive,Need-based → competitive,Competitive agents,4,0.8,no_trade,No trade,29,2,12,28,0
52,need_based_to_competitive,Need-based → competitive,Competitive agents,4,0.8,no_trade,No trade,24,1,11,16,0
53,need_based_to_competitive,Need-based → competitive,Competitive agents,4,0.8,no_trade,No trade,25,3,5,23,0
54,need_based_to_competitive,Need-based → competitive,Competitive agents,4,0.8,no_trade,No trade,18,2,4,27,0
55,need_based_to_competitive,Need-based → competitive,Competitive agents,4,0.8,no_trade,No trade,17,1,5,18,0
56,need_based_to_competitive,Need-based → competitive,Competitive agents,4,0.8,no_trade,No trade,35,2,16,18,0
57,need_based_to_competitive,Need-based → competitive,Competitive agents,4,0.8,no_trade,No trade,34,3,13,22,0
58,need_based_to_competitive,Need-based → competitive,Competitive agents,4,0.8,no_trade,No trade,16,0,6,9,0
59,need_based_to_competitive,Need-based → competitive,Competitive agents,4,0.8,no_trade,No trade,29,2,13,13,0
60,need_based_to_competitive,Need-based → competitive,Competitive agents,4,0.8,no_trade,No trade,22,3,3,23,0
61,need_based_to_competitive,Need-based → competitive,Competitive agents,4,0.8,no_trade,No trade,25,3,4,15,0
62,need_based_to_competitive,Need-based → competitive,Competitive agents,4,0.8,no_trade,No trade,30,1,20,23,0
63,need_based_to_competitive,Need-based → competitive,Competitive agents,4,0.8,no_trade,No trade,18,1,5,7,0
64,need_based_to_competitive,Need-based → competitive,Competitive agents,4,0.8,no_trade,No trade,40,1,23,16,0
65,need_based_to_competitive,Need-based → competitive,Competitive agents,4,0.8,no_trade,No trade,22,3,3,21,0
66,need_based_to_competitive,Need-based → competitive,Competitive agents,4,0.8,no_trade,No trade,35,2,13,16,0
67,need_based_to_competitive,Need-based → competitive,Competitive agents,4,0.8,no_trade,No trade,33,2,10,20,0
68,need_based_to_competitive,Need-based → competitive,Competitive agents,4,0.8,no_trade,No trade,36,3,9,15,0
69,need_based_to_competitive,Need-based → competitive,Competitive agents,4,0.8,no_trade,No trade,30,1,11,19,0
70,need_based_to_competitive,Need-based → competitive,Competitive agents,4,0.8,no_trade,No trade,30,3,7,18,0
71,need_based_to_competitive,Need-based → competitive,Competitive agents,4,0.8,no_trade,No trade,17,2,4,17,0
72,need_based_to_competitive,Need-based → competitive,Competitive agents,4,0.8,no_trade,No trade,37,3,15,18,0
73,need_based_to_competitive,Need-based → competitive,Competitive agents,4,0.8,no_trade,No trade,47,1,19,17,0
74,need_based_to_competitive,Need-based → competitive,Competitive agents,4,0.8,no_trade,No trade,30,0,9,11,0
75,need_based_to_competitive,Need-based → competitive,Competitive agents,4,0.8,no_trade,No trade,24,1,11,10,0
76,need_based_to_competitive,Need-based → competitive,Competitive agents,4,0.8,no_trade,No trade,18,1,8,12,0
77,need_based_to_competitive,Need-based → competitive,Competitive agents,4,0.8,no_trade,No trade,27,3,6,8,0
78,need_based_to_competitive,Need-based → competitive,Competitive agents,4,0.8,no_trade,No trade,31,3,9,18,0
79,need_based_to_competitive,Need-based → competitive,Competitive agents,4,0.8,no_trade,No trade,22,1,8,23,0
80,need_based_to_competitive,Need-based → competitive,Competitive agents,4,0.8,no_trade,No trade,51,4,20,14,0
81,need_based_to_competitive,Need-based → competitive,Competitive agents,4,0.8,no_trade,No trade,34,0,11,15,0
82,need_based_to_competitive,Need-based → competitive,Competitive agents,4,0.8,no_trade,No trade,37,1,22,22,0
83,need_based_to_competitive,Need-based → competitive,Competitive agents,4,0.8,no_trade,No trade,37,3,11,13,0
84,need_based_to_competitive,Need-based → competitive,Competitive agents,4,0.8,no_trade,No trade,35,2,13,14,0
85,need_based_to_competitive,Need-based → competitive,Competitive agents,4,0.8,no_trade,No trade,31,0,12,18,0
86,need_based_to_competitive,Need-based → competitive,Competitive agents,4,0.8,no_trade,No trade,16,0,6,23,0
87,need_based_to_competitive,Need-based → competitive,Competitive agents,4,0.8,no_trade,No trade,18,1,5,19,0
88,need_based_to_competitive,Need-based → competitive,Competitive agents,4,0.8,no_trade,No trade,27,3,6,13,0
89,need_based_to_competitive,Need-based → competitive,Competitive agents,4,0.8,no_trade,No trade,31,1,15,8,0
90,need_based_to_competitive,Need-based → competitive,Competitive agents,4,0.8,no_trade,No trade,21,1,5,18,0
91,need_based_to_competitive,Need-based → competitive,Competitive agents,4,0.8,no_trade,No trade,39,3,10,18,0
92,need_based_to_competitive,Need-based → competitive,Competitive agents,4,0.8,no_trade,No trade,24,1,8,13,0
93,need_based_to_competitive,Need-based → competitive,Competitive agents,4,0.8,no_trade,No trade,16,1,5,17,0
94,need_based_to_competitive,Need-based → competitive,Competitive agents,4,0.8,no_trade,No trade,27,3,9,19,0
95,need_based_to_competitive,Need-based → competitive,Competitive agents,4,0.8,no_trade,No trade,24,3,4,29,0
96,need_based_to_competitive,Need-based → competitive,Competitive agents,4,0.8,no_trade,No trade,35,2,11,14,0
97,need_based_to_competitive,Need-based → competitive,Competitive agents,4,0.8,no_trade,No trade,24,1,8,17,0
98,need_based_to_competitive,Need-based → competitive,Competitive agents,4,0.8,no_trade,No trade,19,3,3,30,0
99,need_based_to_competitive,Need-based → competitive,Competitive agents,4,0.8,no_trade,No trade,34,2,10,17,0
0,need_based_to_competitive,Need-based → competitive,Competitive agents,4,0.8,bilateral_3pass,Bilateral 3-pass,88,6,27,15,24
1,need_based_to_competitive,Need-based → competitive,Competitive agents,4,0.8,bilateral_3pass,Bilateral 3-pass,112,6,46,4,35
2,need_based_to_competitive,Need-based → competitive,Competitive agents,4,0.8,bilateral_3pass,Bilateral 3-pass,81,6,19,14,29
3,need_based_to_competitive,Need-based → competitive,Competitive agents,4,0.8,bilateral_3pass,Bilateral 3-pass,119,11,32,16,36
4,need_based_to_competitive,Need-based → competitive,Competitive agents,4,0.8,bilateral_3pass,Bilateral 3-pass,88,6,35,13,23
5,need_based_to_competitive,Need-based → competitive,Competitive agents,4,0.8,bilateral_3pass,Bilateral 3-pass,124,9,35,17,25
6,need_based_to_competitive,Need-based → competitive,Competitive agents,4,0.8,bilateral_3pass,Bilateral 3-pass,55,1,19,22,15
7,need_based_to_competitive,Need-based → competitive,Competitive agents,4,0.8,bilateral_3pass,Bilateral 3-pass,72,3,25,14,23
8,need_based_to_competitive,Need-based → competitive,Competitive agents,4,0.8,bilateral_3pass,Bilateral 3-pass,93,6,19,12,22
9,need_based_to_competitive,Need-based → competitive,Competitive agents,4,0.8,bilateral_3pass,Bilateral 3-pass,87,6,25,14,25
10,need_based_to_competitive,Need-based → competitive,Competitive agents,4,0.8,bilateral_3pass,Bilateral 3-pass,92,6,30,15,26
11,need_based_to_competitive,Need-based → competitive,Competitive agents,4,0.8,bilateral_3pass,Bilateral 3-pass,103,6,42,17,20
12,need_based_to_competitive,Need-based → competitive,Competitive agents,4,0.8,bilateral_3pass,Bilateral 3-pass,106,11,29,15,20
13,need_based_to_competitive,Need-based → competitive,Competitive agents,4,0.8,bilateral_3pass,Bilateral 3-pass,126,11,38,3,25
14,need_based_to_competitive,Need-based → competitive,Competitive agents,4,0.8,bilateral_3pass,Bilateral 3-pass,94,6,35,18,29
15,need_based_to_competitive,Need-based → competitive,Competitive agents,4,0.8,bilateral_3pass,Bilateral 3-pass,74,3,30,9,24
16,need_based_to_competitive,Need-based → competitive,Competitive agents,4,0.8,bilateral_3pass,Bilateral 3-pass,106,6,33,10,23
17,need_based_to_competitive,Need-based → competitive,Competitive agents,4,0.8,bilateral_3pass,Bilateral 3-pass,105,3,44,17,29
18,need_based_to_competitive,Need-based → competitive,Competitive agents,4,0.8,bilateral_3pass,Bilateral 3-pass,99,3,38,17,20
19,need_based_to_competitive,Need-based → competitive,Competitive agents,4,0.8,bilateral_3pass,Bilateral 3-pass,117,5,36,19,26
20,need_based_to_competitive,Need-based → competitive,Competitive agents,4,0.8,bilateral_3pass,Bilateral 3-pass,95,6,25,12,19
21,need_based_to_competitive,Need-based → competitive,Competitive agents,4,0.8,bilateral_3pass,Bilateral 3-pass,119,9,30,9,22
22,need_based_to_competitive,Need-based → competitive,Competitive agents,4,0.8,bilateral_3pass,Bilateral 3-pass,125,11,35,13,36
23,need_based_to_competitive,Need-based → competitive,Competitive agents,4,0.8,bilateral_3pass,Bilateral 3-pass,108,6,41,7,30
24,need_based_to_competitive,Need-based → competitive,Competitive agents,4,0.8,bilateral_3pass,Bilateral 3-pass,122,12,26,7,32
25,need_based_to_competitive,Need-based → competitive,Competitive agents,4,0.8,bilateral_3pass,Bilateral 3-pass,108,6,36,7,30
26,need_based_to_competitive,Need-based → competitive,Competitive agents,4,0.8,bilateral_3pass,Bilateral 3-pass,109,9,24,9,28
27,need_based_to_competitive,Need-based → competitive,Competitive agents,4,0.8,bilateral_3pass,Bilateral 3-pass,74,6,24,9,23
28,need_based_to_competitive,Need-based → competitive,Competitive agents,4,0.8,bilateral_3pass,Bilateral 3-pass,97,6,33,10,27
29,need_based_to_competitive,Need-based → competitive,Competitive agents,4,0.8,bilateral_3pass,Bilateral 3-pass,111,11,30,5,35
30,need_based_to_competitive,Need-based → competitive,Competitive agents,4,0.8,bilateral_3pass,Bilateral 3-pass,123,6,43,21,32
31,need_based_to_competitive,Need-based → competitive,Competitive agents,4,0.8,bilateral_3pass,Bilateral 3-pass,106,14,33,8,24
32,need_based_to_competitive,Need-based → competitive,Competitive agents,4,0.8,bilateral_3pass,Bilateral 3-pass,119,14,19,7,32
33,need_based_to_competitive,Need-based → competitive,Competitive agents,4,0.8,bilateral_3pass,Bilateral 3-pass,123,11,29,20,25
34,need_based_to_competitive,Need-based → competitive,Competitive agents,4,0.8,bilateral_3pass,Bilateral 3-pass,78,6,16,17,19
35,need_based_to_competitive,Need-based → competitive,Competitive agents,4,0.8,bilateral_3pass,Bilateral 3-pass,112,9,32,19,23
36,need_based_to_competitive,Need-based → competitive,Competitive agents,4,0.8,bilateral_3pass,Bilateral 3-pass,110,5,36,10,33
37,need_based_to_competitive,Need-based → competitive,Competitive agents,4,0.8,bilateral_3pass,Bilateral 3-pass,63,6,27,24,25
38,need_based_to_competitive,Need-based → competitive,Competitive agents,4,0.8,bilateral_3pass,Bilateral 3-pass,104,9,25,8,30
39,need_based_to_competitive,Need-based → competitive,Competitive agents,4,0.8,bilateral_3pass,Bilateral 3-pass,121,11,24,8,25
40,need_based_to_competitive,Need-based → competitive,Competitive agents,4,0.8,bilateral_3pass,Bilateral 3-pass,112,9,24,22,31
41,need_based_to_competitive,Need-based → competitive,Competitive agents,4,0.8,bilateral_3pass,Bilateral 3-pass,150,12,56,1,22
42,need_based_to_competitive,Need-based → competitive,Competitive agents,4,0.8,bilateral_3pass,Bilateral 3-pass,109,6,40,10,24
43,need_based_to_competitive,Need-based → competitive,Competitive agents,4,0.8,bilateral_3pass,Bilateral 3-pass,146,22,11,5,34
44,need_based_to_competitive,Need-based → competitive,Competitive agents,4,0.8,bilateral_3pass,Bilateral 3-pass,104,6,33,8,23
45,need_based_to_competitive,Need-based → competitive,Competitive agents,4,0.8,bilateral_3pass,Bilateral 3-pass,71,6,14,23,26
46,need_based_to_competitive,Need-based → competitive,Competitive agents,4,0.8,bilateral_3pass,Bilateral 3-pass,115,14,24,11,29
47,need_based_to_competitive,Need-based → competitive,Competitive agents,4,0.8,bilateral_3pass,Bilateral 3-pass,126,9,40,9,24
48,need_based_to_competitive,Need-based → competitive,Competitive agents,4,0.8,bilateral_3pass,Bilateral 3-pass,102,6,31,8,27
49,need_based_to_competitive,Need-based → competitive,Competitive agents,4,0.8,bilateral_3pass,Bilateral 3-pass,126,6,48,14,32
50,need_based_to_competitive,Need-based → competitive,Competitive agents,4,0.8,bilateral_3pass,Bilateral 3-pass,107,4,29,19,30
51,need_based_to_competitive,Need-based → competitive,Competitive agents,4,0.8,bilateral_3pass,Bilateral 3-pass,131,6,39,16,28
52,need_based_to_competitive,Need-based → competitive,Competitive agents,4,0.8,bilateral_3pass,Bilateral 3-pass,65,3,24,24,28
53,need_based_to_competitive,Need-based → competitive,Competitive agents,4,0.8,bilateral_3pass,Bilateral 3-pass,114,11,22,17,21
54,need_based_to_competitive,Need-based → competitive,Competitive agents,4,0.8,bilateral_3pass,Bilateral 3-pass,80,6,25,19,18
55,need_based_to_competitive,Need-based → competitive,Competitive agents,4,0.8,bilateral_3pass,Bilateral 3-pass,20,2,4,27,15
56,need_based_to_competitive,Need-based → competitive,Competitive agents,4,0.8,bilateral_3pass,Bilateral 3-pass,121,11,27,15,35
57,need_based_to_competitive,Need-based → competitive,Competitive agents,4,0.8,bilateral_3pass,Bilateral 3-pass,145,6,43,12,39
58,need_based_to_competitive,Need-based → competitive,Competitive agents,4,0.8,bilateral_3pass,Bilateral 3-pass,86,6,21,14,20
59,need_based_to_competitive,Need-based → competitive,Competitive agents,4,0.8,bilateral_3pass,Bilateral 3-pass,99,6,24,9,22
60,need_based_to_competitive,Need-based → competitive,Competitive agents,4,0.8,bilateral_3pass,Bilateral 3-pass,137,14,32,11,27
61,need_based_to_competitive,Need-based → competitive,Competitive agents,4,0.8,bilateral_3pass,Bilateral 3-pass,118,6,42,9,26
62,need_based_to_competitive,Need-based → competitive,Competitive agents,4,0.8,bilateral_3pass,Bilateral 3-pass,119,14,19,14,18
63,need_based_to_competitive,Need-based → competitive,Competitive agents,4,0.8,bilateral_3pass,Bilateral 3-pass,110,9,33,2,32
64,need_based_to_competitive,Need-based → competitive,Competitive agents,4,0.8,bilateral_3pass,Bilateral 3-pass,109,9,33,10,20
65,need_based_to_competitive,Need-based → competitive,Competitive agents,4,0.8,bilateral_3pass,Bilateral 3-pass,82,9,30,9,22
66,need_based_to_competitive,Need-based → competitive,Competitive agents,4,0.8,bilateral_3pass,Bilateral 3-pass,98,14,13,9,22
67,need_based_to_competitive,Need-based → competitive,Competitive agents,4,0.8,bilateral_3pass,Bilateral 3-pass,81,6,23,15,28
68,need_based_to_competitive,Need-based → competitive,Competitive agents,4,0.8,bilateral_3pass,Bilateral 3-pass,74,6,18,8,20
69,need_based_to_competitive,Need-based → competitive,Competitive agents,4,0.8,bilateral_3pass,Bilateral 3-pass,133,14,27,6,24
70,need_based_to_competitive,Need-based → competitive,Competitive agents,4,0.8,bilateral_3pass,Bilateral 3-pass,77,9,14,18,19
71,need_based_to_competitive,Need-based → competitive,Competitive agents,4,0.8,bilateral_3pass,Bilateral 3-pass,96,3,46,25,25
72,need_based_to_competitive,Need-based → competitive,Competitive agents,4,0.8,bilateral_3pass,Bilateral 3-pass,118,12,35,15,21
73,need_based_to_competitive,Need-based → competitive,Competitive agents,4,0.8,bilateral_3pass,Bilateral 3-pass,100,11,28,13,19
74,need_based_to_competitive,Need-based → competitive,Competitive agents,4,0.8,bilateral_3pass,Bilateral 3-pass,122,6,49,10,32
75,need_based_to_competitive,Need-based → competitive,Competitive agents,4,0.8,bilateral_3pass,Bilateral 3-pass,79,3,27,17,29
76,need_based_to_competitive,Need-based → competitive,Competitive agents,4,0.8,bilateral_3pass,Bilateral 3-pass,74,9,11,13,23
77,need_based_to_competitive,Need-based → competitive,Competitive agents,4,0.8,bilateral_3pass,Bilateral 3-pass,69,9,17,21,24
78,need_based_to_competitive,Need-based → competitive,Competitive agents,4,0.8,bilateral_3pass,Bilateral 3-pass,118,12,34,12,31
79,need_based_to_competitive,Need-based → competitive,Competitive agents,4,0.8,bilateral_3pass,Bilateral 3-pass,75,6,20,10,28
80,need_based_to_competitive,Need-based → competitive,Competitive agents,4,0.8,bilateral_3pass,Bilateral 3-pass,127,12,30,7,26
81,need_based_to_competitive,Need-based → competitive,Competitive agents,4,0.8,bilateral_3pass,Bilateral 3-pass,139,14,28,7,30
82,need_based_to_competitive,Need-based → competitive,Competitive agents,4,0.8,bilateral_3pass,Bilateral 3-pass,130,14,22,14,27
83,need_based_to_competitive,Need-based → competitive,Competitive agents,4,0.8,bilateral_3pass,Bilateral 3-pass,66,9,16,27,16
84,need_based_to_competitive,Need-based → competitive,Competitive agents,4,0.8,bilateral_3pass,Bilateral 3-pass,125,6,36,15,34
85,need_based_to_competitive,Need-based → competitive,Competitive agents,4,0.8,bilateral_3pass,Bilateral 3-pass,57,3,16,37,27
86,need_based_to_competitive,Need-based → competitive,Competitive agents,4,0.8,bilateral_3pass,Bilateral 3-pass,79,3,22,14,23
87,need_based_to_competitive,Need-based → competitive,Competitive agents,4,0.8,bilateral_3pass,Bilateral 3-pass,120,8,38,15,30
88,need_based_to_competitive,Need-based → competitive,Competitive agents,4,0.8,bilateral_3pass,Bilateral 3-pass,49,6,8,18,16
89,need_based_to_competitive,Need-based → competitive,Competitive agents,4,0.8,bilateral_3pass,Bilateral 3-pass,105,6,22,14,23
90,need_based_to_competitive,Need-based → competitive,Competitive agents,4,0.8,bilateral_3pass,Bilateral 3-pass,124,6,45,12,25
91,need_based_to_competitive,Need-based → competitive,Competitive agents,4,0.8,bilateral_3pass,Bilateral 3-pass,118,9,30,3,27
92,need_based_to_competitive,Need-based → competitive,Competitive agents,4,0.8,bilateral_3pass,Bilateral 3-pass,101,6,27,11,24
93,need_based_to_competitive,Need-based → competitive,Competitive agents,4,0.8,bilateral_3pass,Bilateral 3-pass,117,17,27,13,29
94,need_based_to_competitive,Need-based → competitive,Competitive agents,4,0.8,bilateral_3pass,Bilateral 3-pass,99,6,33,13,26
95,need_based_to_competitive,Need-based → competitive,Competitive agents,4,0.8,bilateral_3pass,Bilateral 3-pass,130,11,28,11,22
96,need_based_to_competitive,Need-based → competitive,Competitive agents,4,0.8,bilateral_3pass,Bilateral 3-pass,113,9,35,11,28
97,need_based_to_competitive,Need-based → competitive,Competitive agents,4,0.8,bilateral_3pass,Bilateral 3-pass,100,9,30,0,20
98,need_based_to_competitive,Need-based → competitive,Competitive agents,4,0.8,bilateral_3pass,Bilateral 3-pass,107,12,21,6,23
99,need_based_to_competitive,Need-based → competitive,Competitive agents,4,0.8,bilateral_3pass,Bilateral 3-pass,109,11,38,11,27
0,need_based_to_competitive,Need-based → competitive,Competitive agents,4,0.8,public_pool,Public pool,39,4,10,11,18
1,need_based_to_competitive,Need-based → competitive,Competitive agents,4,0.8,public_pool,Public pool,55,3,25,11,20
2,need_based_to_competitive,Need-based → competitive,Competitive agents,4,0.8,public_pool,Public pool,73,1,29,12,22
3,need_based_to_competitive,Need-based → competitive,Competitive agents,4,0.8,public_pool,Public pool,50,1,27,11,22
4,need_based_to_competitive,Need-based → competitive,Competitive agents,4,0.8,public_pool,Public pool,49,5,13,4,21
5,need_based_to_competitive,Need-based → competitive,Competitive agents,4,0.8,public_pool,Public pool,47,0,17,11,18
6,need_based_to_competitive,Need-based → competitive,Competitive agents,4,0.8,public_pool,Public pool,42,4,11,11,17
7,need_based_to_competitive,Need-based → competitive,Competitive agents,4,0.8,public_pool,Public pool,65,3,17,10,9
8,need_based_to_competitive,Need-based → competitive,Competitive agents,4,0.8,public_pool,Public pool,61,1,38,14,21
9,need_based_to_competitive,Need-based → competitive,Competitive agents,4,0.8,public_pool,Public pool,73,8,17,15,17
10,need_based_to_competitive,Need-based → competitive,Competitive agents,4,0.8,public_pool,Public pool,34,2,12,18,16
11,need_based_to_competitive,Need-based → competitive,Competitive agents,4,0.8,public_pool,Public pool,61,3,26,9,22
12,need_based_to_competitive,Need-based → competitive,Competitive agents,4,0.8,public_pool,Public pool,51,9,3,12,24
13,need_based_to_competitive,Need-based → competitive,Competitive agents,4,0.8,public_pool,Public pool,54,6,19,14,17
14,need_based_to_competitive,Need-based → competitive,Competitive agents,4,0.8,public_pool,Public pool,78,8,22,6,23
15,need_based_to_competitive,Need-based → competitive,Competitive agents,4,0.8,public_pool,Public pool,27,2,11,16,11
16,need_based_to_competitive,Need-based → competitive,Competitive agents,4,0.8,public_pool,Public pool,64,3,22,20,20
17,need_based_to_competitive,Need-based → competitive,Competitive agents,4,0.8,public_pool,Public pool,62,8,9,12,29
18,need_based_to_competitive,Need-based → competitive,Competitive agents,4,0.8,public_pool,Public pool,35,5,4,20,16
19,need_based_to_competitive,Need-based → competitive,Competitive agents,4,0.8,public_pool,Public pool,71,3,23,7,15
20,need_based_to_competitive,Need-based → competitive,Competitive agents,4,0.8,public_pool,Public pool,70,0,35,16,22
21,need_based_to_competitive,Need-based → competitive,Competitive agents,4,0.8,public_pool,Public pool,48,3,11,12,24
22,need_based_to_competitive,Need-based → competitive,Competitive agents,4,0.8,public_pool,Public pool,41,3,20,16,21
23,need_based_to_competitive,Need-based → competitive,Competitive agents,4,0.8,public_pool,Public pool,82,2,31,10,24
24,need_based_to_competitive,Need-based → competitive,Competitive agents,4,0.8,public_pool,Public pool,48,3,15,7,13
25,need_based_to_competitive,Need-based → competitive,Competitive agents,4,0.8,public_pool,Public pool,55,6,11,15,30
26,need_based_to_competitive,Need-based → competitive,Competitive agents,4,0.8,public_pool,Public pool,47,0,26,15,16
27,need_based_to_competitive,Need-based → competitive,Competitive agents,4,0.8,public_pool,Public pool,82,3,42,11,18
28,need_based_to_competitive,Need-based → competitive,Competitive agents,4,0.8,public_pool,Public pool,62,5,12,12,22
29,need_based_to_competitive,Need-based → competitive,Competitive agents,4,0.8,public_pool,Public pool,42,2,23,17,9
30,need_based_to_competitive,Need-based → competitive,Competitive agents,4,0.8,public_pool,Public pool,77,1,32,12,17
31,need_based_to_competitive,Need-based → competitive,Competitive agents,4,0.8,public_pool,Public pool,73,0,34,15,20
32,need_based_to_competitive,Need-based → competitive,Competitive agents,4,0.8,public_pool,Public pool,47,4,8,11,19
33,need_based_to_competitive,Need-based → competitive,Competitive agents,4,0.8,public_pool,Public pool,51,1,27,17,19
34,need_based_to_competitive,Need-based → competitive,Competitive agents,4,0.8,public_pool,Public pool,57,0,19,7,23
35,need_based_to_competitive,Need-based → competitive,Competitive agents,4,0.8,public_pool,Public pool,84,0,42,14,21
36,need_based_to_competitive,Need-based → competitive,Competitive agents,4,0.8,public_pool,Public pool,60,3,19,6,19
37,need_based_to_competitive,Need-based → competitive,Competitive agents,4,0.8,public_pool,Public pool,39,2,15,13,20
38,need_based_to_competitive,Need-based → competitive,Competitive agents,4,0.8,public_pool,Public pool,64,4,22,6,20
39,need_based_to_competitive,Need-based → competitive,Competitive agents,4,0.8,public_pool,Public pool,65,0,25,12,19
40,need_based_to_competitive,Need-based → competitive,Competitive agents,4,0.8,public_pool,Public pool,68,6,26,16,16
41,need_based_to_competitive,Need-based → competitive,Competitive agents,4,0.8,public_pool,Public pool,67,0,39,13,21
42,need_based_to_competitive,Need-based → competitive,Competitive agents,4,0.8,public_pool,Public pool,59,3,35,12,19
43,need_based_to_competitive,Need-based → competitive,Competitive agents,4,0.8,public_pool,Public pool,61,1,27,16,14
44,need_based_to_competitive,Need-based → competitive,Competitive agents,4,0.8,public_pool,Public pool,59,0,20,12,17
45,need_based_to_competitive,Need-based → competitive,Competitive agents,4,0.8,public_pool,Public pool,67,0,25,15,26
46,need_based_to_competitive,Need-based → competitive,Competitive agents,4,0.8,public_pool,Public pool,42,2,26,20,11
47,need_based_to_competitive,Need-based → competitive,Competitive agents,4,0.8,public_pool,Public pool,68,2,31,18,21
48,need_based_to_competitive,Need-based → competitive,Competitive agents,4,0.8,public_pool,Public pool,63,4,18,7,23
49,need_based_to_competitive,Need-based → competitive,Competitive agents,4,0.8,public_pool,Public pool,80,3,28,6,24
50,need_based_to_competitive,Need-based → competitive,Competitive agents,4,0.8,public_pool,Public pool,56,1,20,11,9
51,need_based_to_competitive,Need-based → competitive,Competitive agents,4,0.8,public_pool,Public pool,103,6,42,11,24
52,need_based_to_competitive,Need-based → competitive,Competitive agents,4,0.8,public_pool,Public pool,27,0,13,22,11
53,need_based_to_competitive,Need-based → competitive,Competitive agents,4,0.8,public_pool,Public pool,72,0,20,13,25
54,need_based_to_competitive,Need-based → competitive,Competitive agents,4,0.8,public_pool,Public pool,40,3,11,21,23
55,need_based_to_competitive,Need-based → competitive,Competitive agents,4,0.8,public_pool,Public pool,86,1,38,8,15
56,need_based_to_competitive,Need-based → competitive,Competitive agents,4,0.8,public_pool,Public pool,54,3,16,15,20
57,need_based_to_competitive,Need-based → competitive,Competitive agents,4,0.8,public_pool,Public pool,78,1,41,7,28
58,need_based_to_competitive,Need-based → competitive,Competitive agents,4,0.8,public_pool,Public pool,68,3,27,6,18
59,need_based_to_competitive,Need-based → competitive,Competitive agents,4,0.8,public_pool,Public pool,73,3,38,16,19
60,need_based_to_competitive,Need-based → competitive,Competitive agents,4,0.8,public_pool,Public pool,112,1,40,8,22
61,need_based_to_competitive,Need-based → competitive,Competitive agents,4,0.8,public_pool,Public pool,58,0,31,16,18
62,need_based_to_competitive,Need-based → competitive,Competitive agents,4,0.8,public_pool,Public pool,36,1,19,27,21
63,need_based_to_competitive,Need-based → competitive,Competitive agents,4,0.8,public_pool,Public pool,35,0,14,12,20
64,need_based_to_competitive,Need-based → competitive,Competitive agents,4,0.8,public_pool,Public pool,59,3,21,8,24
65,need_based_to_competitive,Need-based → competitive,Competitive agents,4,0.8,public_pool,Public pool,51,1,22,11,21
66,need_based_to_competitive,Need-based → competitive,Competitive agents,4,0.8,public_pool,Public pool,69,2,31,8,19
67,need_based_to_competitive,Need-based → competitive,Competitive agents,4,0.8,public_pool,Public pool,69,3,30,19,22
68,need_based_to_competitive,Need-based → competitive,Competitive agents,4,0.8,public_pool,Public pool,44,5,12,12,8
69,need_based_to_competitive,Need-based → competitive,Competitive agents,4,0.8,public_pool,Public pool,59,0,27,14,17
70,need_based_to_competitive,Need-based → competitive,Competitive agents,4,0.8,public_pool,Public pool,64,0,36,12,19
71,need_based_to_competitive,Need-based → competitive,Competitive agents,4,0.8,public_pool,Public pool,40,4,11,21,21
72,need_based_to_competitive,Need-based → competitive,Competitive agents,4,0.8,public_pool,Public pool,66,1,21,8,23
73,need_based_to_competitive,Need-based → competitive,Competitive agents,4,0.8,public_pool,Public pool,71,6,19,28,20
74,need_based_to_competitive,Need-based → competitive,Competitive agents,4,0.8,public_pool,Public pool,52,1,29,15,16
75,need_based_to_competitive,Need-based → competitive,Competitive agents,4,0.8,public_pool,Public pool,41,3,17,7,20
76,need_based_to_competitive,Need-based → competitive,Competitive agents,4,0.8,public_pool,Public pool,50,0,32,10,25
77,need_based_to_competitive,Need-based → competitive,Competitive agents,4,0.8,public_pool,Public pool,88,0,36,8,24
78,need_based_to_competitive,Need-based → competitive,Competitive agents,4,0.8,public_pool,Public pool,66,1,27,19,23
79,need_based_to_competitive,Need-based → competitive,Competitive agents,4,0.8,public_pool,Public pool,58,6,13,1,24
80,need_based_to_competitive,Need-based → competitive,Competitive agents,4,0.8,public_pool,Public pool,58,2,23,19,17
81,need_based_to_competitive,Need-based → competitive,Competitive agents,4,0.8,public_pool,Public pool,54,4,10,20,21
82,need_based_to_competitive,Need-based → competitive,Competitive agents,4,0.8,public_pool,Public pool,72,0,27,20,21
83,need_based_to_competitive,Need-based → competitive,Competitive agents,4,0.8,public_pool,Public pool,56,0,25,15,18
84,need_based_to_competitive,Need-based → competitive,Competitive agents,4,0.8,public_pool,Public pool,62,2,23,14,19
85,need_based_to_competitive,Need-based → competitive,Competitive agents,4,0.8,public_pool,Public pool,79,0,36,18,22
86,need_based_to_competitive,Need-based → competitive,Competitive agents,4,0.8,public_pool,Public pool,87,8,26,13,17
87,need_based_to_competitive,Need-based → competitive,Competitive agents,4,0.8,public_pool,Public pool,51,1,29,22,18
88,need_based_to_competitive,Need-based → competitive,Competitive agents,4,0.8,public_pool,Public pool,29,3,6,15,18
89,need_based_to_competitive,Need-based → competitive,Competitive agents,4,0.8,public_pool,Public pool,33,1,16,23,24
90,need_based_to_competitive,Need-based → competitive,Competitive agents,4,0.8,public_pool,Public pool,66,0,28,15,20
91,need_based_to_competitive,Need-based → competitive,Competitive agents,4,0.8,public_pool,Public pool,61,2,28,27,19
92,need_based_to_competitive,Need-based → competitive,Competitive agents,4,0.8,public_pool,Public pool,81,1,31,13,22
93,need_based_to_competitive,Need-based → competitive,Competitive agents,4,0.8,public_pool,Public pool,63,0,45,9,15
94,need_based_to_competitive,Need-based → competitive,Competitive agents,4,0.8,public_pool,Public pool,46,3,12,15,14
95,need_based_to_competitive,Need-based → competitive,Competitive agents,4,0.8,public_pool,Public pool,45,1,16,22,14
96,need_based_to_competitive,Need-based → competitive,Competitive agents,4,0.8,public_pool,Public pool,53,0,16,17,28
97,need_based_to_competitive,Need-based → competitive,Competitive agents,4,0.8,public_pool,Public pool,42,3,18,5,25
98,need_based_to_competitive,Need-based → competitive,Competitive agents,4,0.8,public_pool,Public pool,93,3,33,7,15
99,need_based_to_competitive,Need-based → competitive,Competitive agents,4,0.8,public_pool,Public pool,51,2,29,12,18
0,need_based_to_competitive,Need-based → competitive,Competitive agents,4,0.8,central_cap2,Central capped (2),102,9,24,14,34
1,need_based_to_competitive,Need-based → competitive,Competitive agents,4,0.8,central_cap2,Central capped (2),109,6,28,7,37
2,need_based_to_competitive,Need-based → competitive,Competitive agents,4,0.8,central_cap2,Central capped (2),108,12,18,7,38
3,need_based_to_competitive,Need-based → competitive,Competitive agents,4,0.8,central_cap2,Central capped (2),152,22,18,11,36
4,need_based_to_competitive,Need-based → competitive,Competitive agents,4,0.8,central_cap2,Central capped (2),122,6,30,11,36
5,need_based_to_competitive,Need-based → competitive,Competitive agents,4,0.8,central_cap2,Central capped (2),134,14,24,12,36
6,need_based_to_competitive,Need-based → competitive,Competitive agents,4,0.8,central_cap2,Central capped (2),134,22,11,5,36
7,need_based_to_competitive,Need-based → competitive,Competitive agents,4,0.8,central_cap2,Central capped (2),134,14,22,8,36
8,need_based_to_competitive,Need-based → competitive,Competitive agents,4,0.8,central_cap2,Central capped (2),145,20,27,4,38
9,need_based_to_competitive,Need-based → competitive,Competitive agents,4,0.8,central_cap2,Central capped (2),103,6,27,8,32
10,need_based_to_competitive,Need-based → competitive,Competitive agents,4,0.8,central_cap2,Central capped (2),110,11,22,9,35
11,need_based_to_competitive,Need-based → competitive,Competitive agents,4,0.8,central_cap2,Central capped (2),139,19,23,13,33
12,need_based_to_competitive,Need-based → competitive,Competitive agents,4,0.8,central_cap2,Central capped (2),99,9,29,11,26
13,need_based_to_competitive,Need-based → competitive,Competitive agents,4,0.8,central_cap2,Central capped (2),117,11,34,5,35
14,need_based_to_competitive,Need-based → competitive,Competitive agents,4,0.8,central_cap2,Central capped (2),145,20,24,13,40
15,need_based_to_competitive,Need-based → competitive,Competitive agents,4,0.8,central_cap2,Central capped (2),106,6,32,17,37
16,need_based_to_competitive,Need-based → competitive,Competitive agents,4,0.8,central_cap2,Central capped (2),141,11,31,6,35
17,need_based_to_competitive,Need-based → competitive,Competitive agents,4,0.8,central_cap2,Central capped (2),142,12,29,5,37
18,need_based_to_competitive,Need-based → competitive,Competitive agents,4,0.8,central_cap2,Central capped (2),150,19,22,7,36
19,need_based_to_competitive,Need-based → competitive,Competitive agents,4,0.8,central_cap2,Central capped (2),120,14,16,7,38
20,need_based_to_competitive,Need-based → competitive,Competitive agents,4,0.8,central_cap2,Central capped (2),134,17,21,11,37
21,need_based_to_competitive,Need-based → competitive,Competitive agents,4,0.8,central_cap2,Central capped (2),115,11,24,14,36
22,need_based_to_competitive,Need-based → competitive,Competitive agents,4,0.8,central_cap2,Central capped (2),141,25,9,7,35
23,need_based_to_competitive,Need-based → competitive,Competitive agents,4,0.8,central_cap2,Central capped (2),117,17,13,12,37
24,need_based_to_competitive,Need-based → competitive,Competitive agents,4,0.8,central_cap2,Central capped (2),120,14,21,4,36
25,need_based_to_competitive,Need-based → competitive,Competitive agents,4,0.8,central_cap2,Central capped (2),139,11,35,7,35
26,need_based_to_competitive,Need-based → competitive,Competitive agents,4,0.8,central_cap2,Central capped (2),147,25,8,6,36
27,need_based_to_competitive,Need-based → competitive,Competitive agents,4,0.8,central_cap2,Central capped (2),120,14,23,14,32
28,need_based_to_competitive,Need-based → competitive,Competitive agents,4,0.8,central_cap2,Central capped (2),137,19,16,5,35
29,need_based_to_competitive,Need-based → competitive,Competitive agents,4,0.8,central_cap2,Central capped (2),100,9,24,13,34
30,need_based_to_competitive,Need-based → competitive,Competitive agents,4,0.8,central_cap2,Central capped (2),128,18,12,4,40
31,need_based_to_competitive,Need-based → competitive,Competitive agents,4,0.8,central_cap2,Central capped (2),68,6,14,14,32
32,need_based_to_competitive,Need-based → competitive,Competitive agents,4,0.8,central_cap2,Central capped (2),140,19,23,9,39
33,need_based_to_competitive,Need-based → competitive,Competitive agents,4,0.8,central_cap2,Central capped (2),106,9,19,19,30
34,need_based_to_competitive,Need-based → competitive,Competitive agents,4,0.8,central_cap2,Central capped (2),101,14,13,12,35
35,need_based_to_competitive,Need-based → competitive,Competitive agents,4,0.8,central_cap2,Central capped (2),114,20,6,16,32
36,need_based_to_competitive,Need-based → competitive,Competitive agents,4,0.8,central_cap2,Central capped (2),139,14,27,11,37
37,need_based_to_competitive,Need-based → competitive,Competitive agents,4,0.8,central_cap2,Central capped (2),130,17,27,9,35
38,need_based_to_competitive,Need-based → competitive,Competitive agents,4,0.8,central_cap2,Central capped (2),130,17,19,7,36
39,need_based_to_competitive,Need-based → competitive,Competitive agents,4,0.8,central_cap2,Central capped (2),136,15,31,8,37
40,need_based_to_competitive,Need-based → competitive,Competitive agents,4,0.8,central_cap2,Central capped (2),114,14,19,9,39
41,need_based_to_competitive,Need-based → competitive,Competitive agents,4,0.8,central_cap2,Central capped (2),127,9,25,17,36
42,need_based_to_competitive,Need-based → competitive,Competitive agents,4,0.8,central_cap2,Central capped (2),99,9,16,4,34
43,need_based_to_competitive,Need-based → competitive,Competitive agents,4,0.8,central_cap2,Central capped (2),122,12,17,6,36
44,need_based_to_competitive,Need-based → competitive,Competitive agents,4,0.8,central_cap2,Central capped (2),119,17,24,7,37
45,need_based_to_competitive,Need-based → competitive,Competitive agents,4,0.8,central_cap2,Central capped (2),121,12,26,10,39
46,need_based_to_competitive,Need-based → competitive,Competitive agents,4,0.8,central_cap2,Central capped (2),122,14,19,8,39
47,need_based_to_competitive,Need-based → competitive,Competitive agents,4,0.8,central_cap2,Central capped (2),95,14,13,24,33
48,need_based_to_competitive,Need-based → competitive,Competitive agents,4,0.8,central_cap2,Central capped (2),119,9,24,9,37
49,need_based_to_competitive,Need-based → competitive,Competitive agents,4,0.8,central_cap2,Central capped (2),135,20,21,9,37
50,need_based_to_competitive,Need-based → competitive,Competitive agents,4,0.8,central_cap2,Central capped (2),137,12,22,10,35
51,need_based_to_competitive,Need-based → competitive,Competitive agents,4,0.8,central_cap2,Central capped (2),138,17,26,6,33
52,need_based_to_competitive,Need-based → competitive,Competitive agents,4,0.8,central_cap2,Central capped (2),121,6,35,8,36
53,need_based_to_competitive,Need-based → competitive,Competitive agents,4,0.8,central_cap2,Central capped (2),145,21,21,19,29
54,need_based_to_competitive,Need-based → competitive,Competitive agents,4,0.8,central_cap2,Central capped (2),130,17,24,4,36
55,need_based_to_competitive,Need-based → competitive,Competitive agents,4,0.8,central_cap2,Central capped (2),92,14,16,11,36
56,need_based_to_competitive,Need-based → competitive,Competitive agents,4,0.8,central_cap2,Central capped (2),122,14,19,8,36
57,need_based_to_competitive,Need-based → competitive,Competitive agents,4,0.8,central_cap2,Central capped (2),139,17,18,10,34
58,need_based_to_competitive,Need-based → competitive,Competitive agents,4,0.8,central_cap2,Central capped (2),86,4,41,12,35
59,need_based_to_competitive,Need-based → competitive,Competitive agents,4,0.8,central_cap2,Central capped (2),136,9,26,8,38
60,need_based_to_competitive,Need-based → competitive,Competitive agents,4,0.8,central_cap2,Central capped (2),113,14,27,6,36
61,need_based_to_competitive,Need-based → competitive,Competitive agents,4,0.8,central_cap2,Central capped (2),138,14,31,7,33
62,need_based_to_competitive,Need-based → competitive,Competitive agents,4,0.8,central_cap2,Central capped (2),97,9,27,18,30
63,need_based_to_competitive,Need-based → competitive,Competitive agents,4,0.8,central_cap2,Central capped (2),124,9,29,1,39
64,need_based_to_competitive,Need-based → competitive,Competitive agents,4,0.8,central_cap2,Central capped (2),149,14,32,8,35
65,need_based_to_competitive,Need-based → competitive,Competitive agents,4,0.8,central_cap2,Central capped (2),110,6,29,12,34
66,need_based_to_competitive,Need-based → competitive,Competitive agents,4,0.8,central_cap2,Central capped (2),109,9,26,8,35
67,need_based_to_competitive,Need-based → competitive,Competitive agents,4,0.8,central_cap2,Central capped (2),137,17,21,9,36
68,need_based_to_competitive,Need-based → competitive,Competitive agents,4,0.8,central_cap2,Central capped (2),112,9,22,11,36
69,need_based_to_competitive,Need-based → competitive,Competitive agents,4,0.8,central_cap2,Central capped (2),85,9,13,11,33
70,need_based_to_competitive,Need-based → competitive,Competitive agents,4,0.8,central_cap2,Central capped (2),91,14,13,4,30
71,need_based_to_competitive,Need-based → competitive,Competitive agents,4,0.8,central_cap2,Central capped (2),101,6,32,17,36
72,need_based_to_competitive,Need-based → competitive,Competitive agents,4,0.8,central_cap2,Central capped (2),134,12,26,11,36
73,need_based_to_competitive,Need-based → competitive,Competitive agents,4,0.8,central_cap2,Central capped (2),148,20,21,7,33
74,need_based_to_competitive,Need-based → competitive,Competitive agents,4,0.8,central_cap2,Central capped (2),124,9,29,13,38
75,need_based_to_competitive,Need-based → competitive,Competitive agents,4,0.8,central_cap2,Central capped (2),138,19,19,7,37
76,need_based_to_competitive,Need-based → competitive,Competitive agents,4,0.8,central_cap2,Central capped (2),107,14,29,13,34
77,need_based_to_competitive,Need-based → competitive,Competitive agents,4,0.8,central_cap2,Central capped (2),93,6,22,17,31
78,need_based_to_competitive,Need-based → competitive,Competitive agents,4,0.8,central_cap2,Central capped (2),125,15,16,9,37
79,need_based_to_competitive,Need-based → competitive,Competitive agents,4,0.8,central_cap2,Central capped (2),104,14,24,8,36
80,need_based_to_competitive,Need-based → competitive,Competitive agents,4,0.8,central_cap2,Central capped (2),142,14,24,13,35
81,need_based_to_competitive,Need-based → competitive,Competitive agents,4,0.8,central_cap2,Central capped (2),149,15,23,4,39
82,need_based_to_competitive,Need-based → competitive,Competitive agents,4,0.8,central_cap2,Central capped (2),132,17,24,12,33
83,need_based_to_competitive,Need-based → competitive,Competitive agents,4,0.8,central_cap2,Central capped (2),97,6,22,18,31
84,need_based_to_competitive,Need-based → competitive,Competitive agents,4,0.8,central_cap2,Central capped (2),117,12,20,18,38
85,need_based_to_competitive,Need-based → competitive,Competitive agents,4,0.8,central_cap2,Central capped (2),135,17,18,10,35
86,need_based_to_competitive,Need-based → competitive,Competitive agents,4,0.8,central_cap2,Central capped (2),135,17,19,7,36
87,need_based_to_competitive,Need-based → competitive,Competitive agents,4,0.8,central_cap2,Central capped (2),138,9,32,8,38
88,need_based_to_competitive,Need-based → competitive,Competitive agents,4,0.8,central_cap2,Central capped (2),91,9,21,12,33
89,need_based_to_competitive,Need-based → competitive,Competitive agents,4,0.8,central_cap2,Central capped (2),93,9,19,6,37
90,need_based_to_competitive,Need-based → competitive,Competitive agents,4,0.8,central_cap2,Central capped (2),134,17,17,13,39
91,need_based_to_competitive,Need-based → competitive,Competitive agents,4,0.8,central_cap2,Central capped (2),134,12,28,5,34
92,need_based_to_competitive,Need-based → competitive,Competitive agents,4,0.8,central_cap2,Central capped (2),128,5,30,20,38
93,need_based_to_competitive,Need-based → competitive,Competitive agents,4,0.8,central_cap2,Central capped (2),95,14,17,4,37
94,need_based_to_competitive,Need-based → competitive,Competitive agents,4,0.8,central_cap2,Central capped (2),111,17,10,18,38
95,need_based_to_competitive,Need-based → competitive,Competitive agents,4,0.8,central_cap2,Central capped (2),112,6,32,11,35
96,need_based_to_competitive,Need-based → competitive,Competitive agents,4,0.8,central_cap2,Central capped (2),110,14,27,18,36
97,need_based_to_competitive,Need-based → competitive,Competitive agents,4,0.8,central_cap2,Central capped (2),117,15,21,7,36
98,need_based_to_competitive,Need-based → competitive,Competitive agents,4,0.8,central_cap2,Central capped (2),114,9,24,9,34
99,need_based_to_competitive,Need-based → competitive,Competitive agents,4,0.8,central_cap2,Central capped (2),120,6,33,7,36
0,need_based_to_competitive,Need-based → competitive,Competitive agents,4,0.8,central_full,Central clearing,110,9,29,19,42
1,need_based_to_competitive,Need-based → competitive,Competitive agents,4,0.8,central_full,Central clearing,122,9,27,3,38
2,need_based_to_competitive,Need-based → competitive,Competitive agents,4,0.8,central_full,Central clearing,188,27,16,5,69
3,need_based_to_competitive,Need-based → competitive,Competitive agents,4,0.8,central_full,Central clearing,170,27,18,5,60
4,need_based_to_competitive,Need-based → competitive,Competitive agents,4,0.8,central_full,Central clearing,166,27,14,4,66
5,need_based_to_competitive,Need-based → competitive,Competitive agents,4,0.8,central_full,Central clearing,154,22,18,9,52
6,need_based_to_competitive,Need-based → competitive,Competitive agents,4,0.8,central_full,Central clearing,154,25,10,10,55
7,need_based_to_competitive,Need-based → competitive,Competitive agents,4,0.8,central_full,Central clearing,161,30,6,5,56
8,need_based_to_competitive,Need-based → competitive,Competitive agents,4,0.8,central_full,Central clearing,161,19,20,3,62
9,need_based_to_competitive,Need-based → competitive,Competitive agents,4,0.8,central_full,Central clearing,128,22,12,7,50
10,need_based_to_competitive,Need-based → competitive,Competitive agents,4,0.8,central_full,Central clearing,158,22,19,4,61
11,need_based_to_competitive,Need-based → competitive,Competitive agents,4,0.8,central_full,Central clearing,150,19,28,6,47
12,need_based_to_competitive,Need-based → competitive,Competitive agents,4,0.8,central_full,Central clearing,123,14,25,14,42
13,need_based_to_competitive,Need-based → competitive,Competitive agents,4,0.8,central_full,Central clearing,162,25,22,6,52
14,need_based_to_competitive,Need-based → competitive,Competitive agents,4,0.8,central_full,Central clearing,133,17,30,5,56
15,need_based_to_competitive,Need-based → competitive,Competitive agents,4,0.8,central_full,Central clearing,129,17,22,9,43
16,need_based_to_competitive,Need-based → competitive,Competitive agents,4,0.8,central_full,Central clearing,123,11,34,7,38
17,need_based_to_competitive,Need-based → competitive,Competitive agents,4,0.8,central_full,Central clearing,177,30,17,11,61
18,need_based_to_competitive,Need-based → competitive,Competitive agents,4,0.8,central_full,Central clearing,170,19,28,3,47
19,need_based_to_competitive,Need-based → competitive,Competitive agents,4,0.8,central_full,Central clearing,172,30,11,7,54
20,need_based_to_competitive,Need-based → competitive,Competitive agents,4,0.8,central_full,Central clearing,139,19,23,8,59
21,need_based_to_competitive,Need-based → competitive,Competitive agents,4,0.8,central_full,Central clearing,157,22,18,6,49
22,need_based_to_competitive,Need-based → competitive,Competitive agents,4,0.8,central_full,Central clearing,154,25,13,11,50
23,need_based_to_competitive,Need-based → competitive,Competitive agents,4,0.8,central_full,Central clearing,171,30,9,12,65
24,need_based_to_competitive,Need-based → competitive,Competitive agents,4,0.8,central_full,Central clearing,142,17,28,16,63
25,need_based_to_competitive,Need-based → competitive,Competitive agents,4,0.8,central_full,Central clearing,157,22,18,11,59
26,need_based_to_competitive,Need-based → competitive,Competitive agents,4,0.8,central_full,Central clearing,86,6,21,24,36
27,need_based_to_competitive,Need-based → competitive,Competitive agents,4,0.8,central_full,Central clearing,164,27,15,7,55
28,need_based_to_competitive,Need-based → competitive,Competitive agents,4,0.8,central_full,Central clearing,160,27,11,6,59
29,need_based_to_competitive,Need-based → competitive,Competitive agents,4,0.8,central_full,Central clearing,106,11,20,11,37
30,need_based_to_competitive,Need-based → competitive,Competitive agents,4,0.8,central_full,Central clearing,169,30,11,5,64
31,need_based_to_competitive,Need-based → competitive,Competitive agents,4,0.8,central_full,Central clearing,156,22,17,7,60
32,need_based_to_competitive,Need-based → competitive,Competitive agents,4,0.8,central_full,Central clearing,191,25,22,2,66
33,need_based_to_competitive,Need-based → competitive,Competitive agents,4,0.8,central_full,Central clearing,127,22,8,8,48
34,need_based_to_competitive,Need-based → competitive,Competitive agents,4,0.8,central_full,Central clearing,134,15,25,9,47
35,need_based_to_competitive,Need-based → competitive,Competitive agents,4,0.8,central_full,Central clearing,114,20,6,16,32
36,need_based_to_competitive,Need-based → competitive,Competitive agents,4,0.8,central_full,Central clearing,173,27,16,9,70
37,need_based_to_competitive,Need-based → competitive,Competitive agents,4,0.8,central_full,Central clearing,136,22,15,12,52
38,need_based_to_competitive,Need-based → competitive,Competitive agents,4,0.8,central_full,Central clearing,145,22,22,9,56
39,need_based_to_competitive,Need-based → competitive,Competitive agents,4,0.8,central_full,Central clearing,119,15,23,3,36
40,need_based_to_competitive,Need-based → competitive,Competitive agents,4,0.8,central_full,Central clearing,120,16,13,13,53
41,need_based_to_competitive,Need-based → competitive,Competitive agents,4,0.8,central_full,Central clearing,128,19,14,3,34
42,need_based_to_competitive,Need-based → competitive,Competitive agents,4,0.8,central_full,Central clearing,110,12,15,5,41
43,need_based_to_competitive,Need-based → competitive,Competitive agents,4,0.8,central_full,Central clearing,127,17,16,5,46
44,need_based_to_competitive,Need-based → competitive,Competitive agents,4,0.8,central_full,Central clearing,156,27,8,8,55
45,need_based_to_competitive,Need-based → competitive,Competitive agents,4,0.8,central_full,Central clearing,144,18,18,14,47
46,need_based_to_competitive,Need-based → competitive,Competitive agents,4,0.8,central_full,Central clearing,156,27,12,12,58
47,need_based_to_competitive,Need-based → competitive,Competitive agents,4,0.8,central_full,Central clearing,152,19,24,9,47
48,need_based_to_competitive,Need-based → competitive,Competitive agents,4,0.8,central_full,Central clearing,142,20,20,6,49
49,need_based_to_competitive,Need-based → competitive,Competitive agents,4,0.8,central_full,Central clearing,149,17,28,17,47
50,need_based_to_competitive,Need-based → competitive,Competitive agents,4,0.8,central_full,Central clearing,176,30,11,8,55
51,need_based_to_competitive,Need-based → competitive,Competitive agents,4,0.8,central_full,Central clearing,156,22,21,10,55
52,need_based_to_competitive,Need-based → competitive,Competitive agents,4,0.8,central_full,Central clearing,97,9,26,15,38
53,need_based_to_competitive,Need-based → competitive,Competitive agents,4,0.8,central_full,Central clearing,158,27,18,9,49
54,need_based_to_competitive,Need-based → competitive,Competitive agents,4,0.8,central_full,Central clearing,150,23,22,9,62
55,need_based_to_competitive,Need-based → competitive,Competitive agents,4,0.8,central_full,Central clearing,139,19,21,14,48
56,need_based_to_competitive,Need-based → competitive,Competitive agents,4,0.8,central_full,Central clearing,157,25,13,8,58
57,need_based_to_competitive,Need-based → competitive,Competitive agents,4,0.8,central_full,Central clearing,191,35,10,7,58
58,need_based_to_competitive,Need-based → competitive,Competitive agents,4,0.8,central_full,Central clearing,130,19,13,5,46
59,need_based_to_competitive,Need-based → competitive,Competitive agents,4,0.8,central_full,Central clearing,180,27,17,8,58
60,need_based_to_competitive,Need-based → competitive,Competitive agents,4,0.8,central_full,Central clearing,128,14,26,10,51
61,need_based_to_competitive,Need-based → competitive,Competitive agents,4,0.8,central_full,Central clearing,148,23,11,5,44
62,need_based_to_competitive,Need-based → competitive,Competitive agents,4,0.8,central_full,Central clearing,146,14,24,9,42
63,need_based_to_competitive,Need-based → competitive,Competitive agents,4,0.8,central_full,Central clearing,139,25,6,6,55
64,need_based_to_competitive,Need-based → competitive,Competitive agents,4,0.8,central_full,Central clearing,163,19,26,8,53
65,need_based_to_competitive,Need-based → competitive,Competitive agents,4,0.8,central_full,Central clearing,135,14,30,10,46
66,need_based_to_competitive,Need-based → competitive,Competitive agents,4,0.8,central_full,Central clearing,153,22,22,5,50
67,need_based_to_competitive,Need-based → competitive,Competitive agents,4,0.8,central_full,Central clearing,129,14,23,19,44
68,need_based_to_competitive,Need-based → competitive,Competitive agents,4,0.8,central_full,Central clearing,132,20,16,10,50
69,need_based_to_competitive,Need-based → competitive,Competitive agents,4,0.8,central_full,Central clearing,141,12,31,6,48
70,need_based_to_competitive,Need-based → competitive,Competitive agents,4,0.8,central_full,Central clearing,120,17,13,10,44
71,need_based_to_competitive,Need-based → competitive,Competitive agents,4,0.8,central_full,Central clearing,171,27,18,6,60
72,need_based_to_competitive,Need-based → competitive,Competitive agents,4,0.8,central_full,Central clearing,164,27,9,7,50
73,need_based_to_competitive,Need-based → competitive,Competitive agents,4,0.8,central_full,Central clearing,156,27,8,6,45
74,need_based_to_competitive,Need-based → competitive,Competitive agents,4,0.8,central_full,Central clearing,178,30,13,5,57
75,need_based_to_competitive,Need-based → competitive,Competitive agents,4,0.8,central_full,Central clearing,170,22,25,7,68
76,need_based_to_competitive,Need-based → competitive,Competitive agents,4,0.8,central_full,Central clearing,131,19,14,7,47
77,need_based_to_competitive,Need-based → competitive,Competitive agents,4,0.8,central_full,Central clearing,133,12,34,10,63
78,need_based_to_competitive,Need-based → competitive,Competitive agents,4,0.8,central_full,Central clearing,133,17,19,13,47
79,need_based_to_competitive,Need-based → competitive,Competitive agents,4,0.8,central_full,Central clearing,136,22,16,9,58
80,need_based_to_competitive,Need-based → competitive,Competitive agents,4,0.8,central_full,Central clearing,176,27,17,6,54
81,need_based_to_competitive,Need-based → competitive,Competitive agents,4,0.8,central_full,Central clearing,194,33,15,6,64
82,need_based_to_competitive,Need-based → competitive,Competitive agents,4,0.8,central_full,Central clearing,149,17,21,14,49
83,need_based_to_competitive,Need-based → competitive,Competitive agents,4,0.8,central_full,Central clearing,108,17,7,7,35
84,need_based_to_competitive,Need-based → competitive,Competitive agents,4,0.8,central_full,Central clearing,163,25,18,6,60
85,need_based_to_competitive,Need-based → competitive,Competitive agents,4,0.8,central_full,Central clearing,178,29,17,14,65
86,need_based_to_competitive,Need-based → competitive,Competitive agents,4,0.8,central_full,Central clearing,141,22,16,12,50
87,need_based_to_competitive,Need-based → competitive,Competitive agents,4,0.8,central_full,Central clearing,141,17,20,5,47
88,need_based_to_competitive,Need-based → competitive,Competitive agents,4,0.8,central_full,Central clearing,99,11,19,10,37
89,need_based_to_competitive,Need-based → competitive,Competitive agents,4,0.8,central_full,Central clearing,122,21,9,7,51
90,need_based_to_competitive,Need-based → competitive,Competitive agents,4,0.8,central_full,Central clearing,150,21,14,8,49
91,need_based_to_competitive,Need-based → competitive,Competitive agents,4,0.8,central_full,Central clearing,154,25,14,3,54
92,need_based_to_competitive,Need-based → competitive,Competitive agents,4,0.8,central_full,Central clearing,120,12,21,12,47
93,need_based_to_competitive,Need-based → competitive,Competitive agents,4,0.8,central_full,Central clearing,146,22,14,7,47
94,need_based_to_competitive,Need-based → competitive,Competitive agents,4,0.8,central_full,Central clearing,170,14,28,11,53
95,need_based_to_competitive,Need-based → competitive,Competitive agents,4,0.8,central_full,Central clearing,162,27,8,5,49
96,need_based_to_competitive,Need-based → competitive,Competitive agents,4,0.8,central_full,Central clearing,183,30,17,5,74
97,need_based_to_competitive,Need-based → competitive,Competitive agents,4,0.8,central_full,Central clearing,152,19,28,9,51
98,need_based_to_competitive,Need-based → competitive,Competitive agents,4,0.8,central_full,Central clearing,133,14,19,6,40
99,need_based_to_competitive,Need-based → competitive,Competitive agents,4,0.8,central_full,Central clearing,150,19,28,5,54
0,need_based_to_competitive,Need-based → competitive,Competitive agents,4,0.8,equity_central,Equity central,146,17,23,10,58
1,need_based_to_competitive,Need-based → competitive,Competitive agents,4,0.8,equity_central,Equity central,114,17,21,6,52
2,need_based_to_competitive,Need-based → competitive,Competitive agents,4,0.8,equity_central,Equity central,175,27,18,16,68
3,need_based_to_competitive,Need-based → competitive,Competitive agents,4,0.8,equity_central,Equity central,178,27,17,6,67
4,need_based_to_competitive,Need-based → competitive,Competitive agents,4,0.8,equity_central,Equity central,123,19,17,20,55
5,need_based_to_competitive,Need-based → competitive,Competitive agents,4,0.8,equity_central,Equity central,130,19,11,6,57
6,need_based_to_competitive,Need-based → competitive,Competitive agents,4,0.8,equity_central,Equity central,147,25,8,9,52
7,need_based_to_competitive,Need-based → competitive,Competitive agents,4,0.8,equity_central,Equity central,149,25,9,6,53
8,need_based_to_competitive,Need-based → competitive,Competitive agents,4,0.8,equity_central,Equity central,145,22,13,6,67
9,need_based_to_competitive,Need-based → competitive,Competitive agents,4,0.8,equity_central,Equity central,109,17,16,15,44
10,need_based_to_competitive,Need-based → competitive,Competitive agents,4,0.8,equity_central,Equity central,169,27,12,7,63
11,need_based_to_competitive,Need-based → competitive,Competitive agents,4,0.8,equity_central,Equity central,154,27,12,16,53
12,need_based_to_competitive,Need-based → competitive,Competitive agents,4,0.8,equity_central,Equity central,126,14,23,13,39
13,need_based_to_competitive,Need-based → competitive,Competitive agents,4,0.8,equity_central,Equity central,163,27,14,7,48
14,need_based_to_competitive,Need-based → competitive,Competitive agents,4,0.8,equity_central,Equity central,170,25,20,5,66
15,need_based_to_competitive,Need-based → competitive,Competitive agents,4,0.8,equity_central,Equity central,144,22,11,10,47
16,need_based_to_competitive,Need-based → competitive,Competitive agents,4,0.8,equity_central,Equity central,122,14,27,5,37
17,need_based_to_competitive,Need-based → competitive,Competitive agents,4,0.8,equity_central,Equity central,157,22,16,5,65
18,need_based_to_competitive,Need-based → competitive,Competitive agents,4,0.8,equity_central,Equity central,161,19,24,12,61
19,need_based_to_competitive,Need-based → competitive,Competitive agents,4,0.8,equity_central,Equity central,157,30,4,3,55
20,need_based_to_competitive,Need-based → competitive,Competitive agents,4,0.8,equity_central,Equity central,146,17,21,7,57
21,need_based_to_competitive,Need-based → competitive,Competitive agents,4,0.8,equity_central,Equity central,130,22,8,6,47
22,need_based_to_competitive,Need-based → competitive,Competitive agents,4,0.8,equity_central,Equity central,176,30,13,8,70
23,need_based_to_competitive,Need-based → competitive,Competitive agents,4,0.8,equity_central,Equity central,187,35,6,8,71
24,need_based_to_competitive,Need-based → competitive,Competitive agents,4,0.8,equity_central,Equity central,154,27,11,7,63
25,need_based_to_competitive,Need-based → competitive,Competitive agents,4,0.8,equity_central,Equity central,177,30,14,5,57
26,need_based_to_competitive,Need-based → competitive,Competitive agents,4,0.8,equity_central,Equity central,92,12,10,21,42
27,need_based_to_competitive,Need-based → competitive,Competitive agents,4,0.8,equity_central,Equity central,111,17,14,17,38
28,need_based_to_competitive,Need-based → competitive,Competitive agents,4,0.8,equity_central,Equity central,135,17,20,13,53
29,need_based_to_competitive,Need-based → competitive,Competitive agents,4,0.8,equity_central,Equity central,117,17,14,7,42
30,need_based_to_competitive,Need-based → competitive,Competitive agents,4,0.8,equity_central,Equity central,138,25,6,6,52
31,need_based_to_competitive,Need-based → competitive,Competitive agents,4,0.8,equity_central,Equity central,170,27,17,8,58
32,need_based_to_competitive,Need-based → competitive,Competitive agents,4,0.8,equity_central,Equity central,161,27,14,2,57
33,need_based_to_competitive,Need-based → competitive,Competitive agents,4,0.8,equity_central,Equity central,115,17,10,13,44
34,need_based_to_competitive,Need-based → competitive,Competitive agents,4,0.8,equity_central,Equity central,133,21,12,6,44
35,need_based_to_competitive,Need-based → competitive,Competitive agents,4,0.8,equity_central,Equity central,103,17,9,19,32
36,need_based_to_competitive,Need-based → competitive,Competitive agents,4,0.8,equity_central,Equity central,137,22,14,9,56
37,need_based_to_competitive,Need-based → competitive,Competitive agents,4,0.8,equity_central,Equity central,137,22,13,7,50
38,need_based_to_competitive,Need-based → competitive,Competitive agents,4,0.8,equity_central,Equity central,148,22,25,7,57
39,need_based_to_competitive,Need-based → competitive,Competitive agents,4,0.8,equity_central,Equity central,177,30,14,5,56
40,need_based_to_competitive,Need-based → competitive,Competitive agents,4,0.8,equity_central,Equity central,117,17,13,14,52
41,need_based_to_competitive,Need-based → competitive,Competitive agents,4,0.8,equity_central,Equity central,186,30,24,5,65
42,need_based_to_competitive,Need-based → competitive,Competitive agents,4,0.8,equity_central,Equity central,107,17,10,9,43
43,need_based_to_competitive,Need-based → competitive,Competitive agents,4,0.8,equity_central,Equity central,132,19,16,6,45
44,need_based_to_competitive,Need-based → competitive,Competitive agents,4,0.8,equity_central,Equity central,164,30,5,5,60
45,need_based_to_competitive,Need-based → competitive,Competitive agents,4,0.8,equity_central,Equity central,111,14,19,14,41
46,need_based_to_competitive,Need-based → competitive,Competitive agents,4,0.8,equity_central,Equity central,137,19,14,10,57
47,need_based_to_competitive,Need-based → competitive,Competitive agents,4,0.8,equity_central,Equity central,146,19,19,5,46
48,need_based_to_competitive,Need-based → competitive,Competitive agents,4,0.8,equity_central,Equity central,138,22,19,6,44
49,need_based_to_competitive,Need-based → competitive,Competitive agents,4,0.8,equity_central,Equity central,155,22,19,10,48
50,need_based_to_competitive,Need-based → competitive,Competitive agents,4,0.8,equity_central,Equity central,180,29,10,6,61
51,need_based_to_competitive,Need-based → competitive,Competitive agents,4,0.8,equity_central,Equity central,164,25,16,14,54
52,need_based_to_competitive,Need-based → competitive,Competitive agents,4,0.8,equity_central,Equity central,166,27,14,9,63
53,need_based_to_competitive,Need-based → competitive,Competitive agents,4,0.8,equity_central,Equity central,158,25,17,9,55
54,need_based_to_competitive,Need-based → competitive,Competitive agents,4,0.8,equity_central,Equity central,131,22,17,9,56
55,need_based_to_competitive,Need-based → competitive,Competitive agents,4,0.8,equity_central,Equity central,132,17,23,11,47
56,need_based_to_competitive,Need-based → competitive,Competitive agents,4,0.8,equity_central,Equity central,130,14,29,14,49
57,need_based_to_competitive,Need-based → competitive,Competitive agents,4,0.8,equity_central,Equity central,187,30,16,4,59
58,need_based_to_competitive,Need-based → competitive,Competitive agents,4,0.8,equity_central,Equity central,102,17,10,16,47
59,need_based_to_competitive,Need-based → competitive,Competitive agents,4,0.8,equity_central,Equity central,191,27,19,11,60
60,need_based_to_competitive,Need-based → competitive,Competitive agents,4,0.8,equity_central,Equity central,164,25,14,7,63
61,need_based_to_competitive,Need-based → competitive,Competitive agents,4,0.8,equity_central,Equity central,146,25,8,3,46
62,need_based_to_competitive,Need-based → competitive,Competitive agents,4,0.8,equity_central,Equity central,138,17,20,6,38
63,need_based_to_competitive,Need-based → competitive,Competitive agents,4,0.8,equity_central,Equity central,156,25,11,9,72
64,need_based_to_competitive,Need-based → competitive,Competitive agents,4,0.8,equity_central,Equity central,171,22,21,8,57
65,need_based_to_competitive,Need-based → competitive,Competitive agents,4,0.8,equity_central,Equity central,138,19,23,7,52
66,need_based_to_competitive,Need-based → competitive,Competitive agents,4,0.8,equity_central,Equity central,140,22,17,3,50
67,need_based_to_competitive,Need-based → competitive,Competitive agents,4,0.8,equity_central,Equity central,96,9,27,30,45
68,need_based_to_competitive,Need-based → competitive,Competitive agents,4,0.8,equity_central,Equity central,125,22,8,6,43
69,need_based_to_competitive,Need-based → competitive,Competitive agents,4,0.8,equity_central,Equity central,123,20,11,8,45
70,need_based_to_competitive,Need-based → competitive,Competitive agents,4,0.8,equity_central,Equity central,107,17,6,8,47
71,need_based_to_competitive,Need-based → competitive,Competitive agents,4,0.8,equity_central,Equity central,155,22,21,9,52
72,need_based_to_competitive,Need-based → competitive,Competitive agents,4,0.8,equity_central,Equity central,155,29,4,6,52
73,need_based_to_competitive,Need-based → competitive,Competitive agents,4,0.8,equity_central,Equity central,157,27,9,11,50
74,need_based_to_competitive,Need-based → competitive,Competitive agents,4,0.8,equity_central,Equity central,171,27,16,6,65
75,need_based_to_competitive,Need-based → competitive,Competitive agents,4,0.8,equity_central,Equity central,168,22,24,10,65
76,need_based_to_competitive,Need-based → competitive,Competitive agents,4,0.8,equity_central,Equity central,134,22,11,5,49
77,need_based_to_competitive,Need-based → competitive,Competitive agents,4,0.8,equity_central,Equity central,155,27,14,7,60
78,need_based_to_competitive,Need-based → competitive,Competitive agents,4,0.8,equity_central,Equity central,131,17,19,13,46
79,need_based_to_competitive,Need-based → competitive,Competitive agents,4,0.8,equity_central,Equity central,106,14,16,14,54
80,need_based_to_competitive,Need-based → competitive,Competitive agents,4,0.8,equity_central,Equity central,144,22,20,8,41
81,need_based_to_competitive,Need-based → competitive,Competitive agents,4,0.8,equity_central,Equity central,171,27,12,4,57
82,need_based_to_competitive,Need-based → competitive,Competitive agents,4,0.8,equity_central,Equity central,163,27,11,8,55
83,need_based_to_competitive,Need-based → competitive,Competitive agents,4,0.8,equity_central,Equity central,110,20,8,4,44
84,need_based_to_competitive,Need-based → competitive,Competitive agents,4,0.8,equity_central,Equity central,160,25,20,6,58
85,need_based_to_competitive,Need-based → competitive,Competitive agents,4,0.8,equity_central,Equity central,178,31,10,6,57
86,need_based_to_competitive,Need-based → competitive,Competitive agents,4,0.8,equity_central,Equity central,136,25,5,8,53
87,need_based_to_competitive,Need-based → competitive,Competitive agents,4,0.8,equity_central,Equity central,146,22,17,9,55
88,need_based_to_competitive,Need-based → competitive,Competitive agents,4,0.8,equity_central,Equity central,101,15,15,6,42
89,need_based_to_competitive,Need-based → competitive,Competitive agents,4,0.8,equity_central,Equity central,110,20,5,4,43
90,need_based_to_competitive,Need-based → competitive,Competitive agents,4,0.8,equity_central,Equity central,162,30,8,8,49
91,need_based_to_competitive,Need-based → competitive,Competitive agents,4,0.8,equity_central,Equity central,161,27,9,10,60
92,need_based_to_competitive,Need-based → competitive,Competitive agents,4,0.8,equity_central,Equity central,113,17,8,14,44
93,need_based_to_competitive,Need-based → competitive,Competitive agents,4,0.8,equity_central,Equity central,119,20,7,6,48
94,need_based_to_competitive,Need-based → competitive,Competitive agents,4,0.8,equity_central,Equity central,169,14,32,11,58
95,need_based_to_competitive,Need-based → competitive,Competitive agents,4,0.8,equity_central,Equity central,160,28,10,8,59
96,need_based_to_competitive,Need-based → competitive,Competitive agents,4,0.8,equity_central,Equity central,157,19,23,3,58
97,need_based_to_competitive,Need-based → competitive,Competitive agents,4,0.8,equity_central,Equity central,115,18,12,12,37
98,need_based_to_competitive,Need-based → competitive,Competitive agents,4,0.8,equity_central,Equity central,112,17,10,7,45
99,need_based_to_competitive,Need-based → competitive,Competitive agents,4,0.8,equity_central,Equity central,157,22,22,7,63
0,need_based_to_competitive,Need-based → competitive,Competitive agents,5,1.0,no_trade,No trade,56,2,35,12,0
1,need_based_to_competitive,Need-based → competitive,Competitive agents,5,1.0,no_trade,No trade,28,2,13,11,0
2,need_based_to_competitive,Need-based → competitive,Competitive agents,5,1.0,no_trade,No trade,22,2,7,12,0
3,need_based_to_competitive,Need-based → competitive,Competitive agents,5,1.0,no_trade,No trade,12,0,6,14,0
4,need_based_to_competitive,Need-based → competitive,Competitive agents,5,1.0,no_trade,No trade,21,3,3,11,0
5,need_based_to_competitive,Need-based → competitive,Competitive agents,5,1.0,no_trade,No trade,13,1,5,5,0
6,need_based_to_competitive,Need-based → competitive,Competitive agents,5,1.0,no_trade,No trade,52,3,17,8,0
7,need_based_to_competitive,Need-based → competitive,Competitive agents,5,1.0,no_trade,No trade,36,3,8,10,0
8,need_based_to_competitive,Need-based → competitive,Competitive agents,5,1.0,no_trade,No trade,36,0,15,11,0
9,need_based_to_competitive,Need-based → competitive,Competitive agents,5,1.0,no_trade,No trade,39,3,10,11,0
10,need_based_to_competitive,Need-based → competitive,Competitive agents,5,1.0,no_trade,No trade,25,2,7,22,0
11,need_based_to_competitive,Need-based → competitive,Competitive agents,5,1.0,no_trade,No trade,34,3,12,26,0
12,need_based_to_competitive,Need-based → competitive,Competitive agents,5,1.0,no_trade,No trade,44,1,25,11,0
13,need_based_to_competitive,Need-based → competitive,Competitive agents,5,1.0,no_trade,No trade,30,0,20,16,0
14,need_based_to_competitive,Need-based → competitive,Competitive agents,5,1.0,no_trade,No trade,18,0,9,15,0
15,need_based_to_competitive,Need-based → competitive,Competitive agents,5,1.0,no_trade,No trade,27,1,10,14,0
16,need_based_to_competitive,Need-based → competitive,Competitive agents,5,1.0,no_trade,No trade,37,0,26,16,0
17,need_based_to_competitive,Need-based → competitive,Competitive agents,5,1.0,no_trade,No trade,39,1,19,22,0
18,need_based_to_competitive,Need-based → competitive,Competitive agents,5,1.0,no_trade,No trade,44,3,23,12,0
19,need_based_to_competitive,Need-based → competitive,Competitive agents,5,1.0,no_trade,No trade,34,2,11,16,0
20,need_based_to_competitive,Need-based → competitive,Competitive agents,5,1.0,no_trade,No trade,19,2,4,16,0
21,need_based_to_competitive,Need-based → competitive,Competitive agents,5,1.0,no_trade,No trade,31,2,10,14,0
22,need_based_to_competitive,Need-based → competitive,Competitive agents,5,1.0,no_trade,No trade,28,2,12,21,0
23,need_based_to_competitive,Need-based → competitive,Competitive agents,5,1.0,no_trade,No trade,27,2,8,20,0
24,need_based_to_competitive,Need-based → competitive,Competitive agents,5,1.0,no_trade,No trade,33,3,15,9,0
25,need_based_to_competitive,Need-based → competitive,Competitive agents,5,1.0,no_trade,No trade,33,2,15,14,0
26,need_based_to_competitive,Need-based → competitive,Competitive agents,5,1.0,no_trade,No trade,25,1,8,13,0
27,need_based_to_competitive,Need-based → competitive,Competitive agents,5,1.0,no_trade,No trade,23,1,6,19,0
28,need_based_to_competitive,Need-based → competitive,Competitive agents,5,1.0,no_trade,No trade,33,1,16,20,0
29,need_based_to_competitive,Need-based → competitive,Competitive agents,5,1.0,no_trade,No trade,36,2,21,17,0
30,need_based_to_competitive,Need-based → competitive,Competitive agents,5,1.0,no_trade,No trade,45,1,16,7,0
31,need_based_to_competitive,Need-based → competitive,Competitive agents,5,1.0,no_trade,No trade,45,3,13,6,0
32,need_based_to_competitive,Need-based → competitive,Competitive agents,5,1.0,no_trade,No trade,25,2,7,15,0
33,need_based_to_competitive,Need-based → competitive,Competitive agents,5,1.0,no_trade,No trade,42,1,30,19,0
34,need_based_to_competitive,Need-based → competitive,Competitive agents,5,1.0,no_trade,No trade,37,3,11,17,0
35,need_based_to_competitive,Need-based → competitive,Competitive agents,5,1.0,no_trade,No trade,28,1,8,11,0
36,need_based_to_competitive,Need-based → competitive,Competitive agents,5,1.0,no_trade,No trade,24,2,7,14,0
37,need_based_to_competitive,Need-based → competitive,Competitive agents,5,1.0,no_trade,No trade,21,2,7,14,0
38,need_based_to_competitive,Need-based → competitive,Competitive agents,5,1.0,no_trade,No trade,23,3,3,7,0
39,need_based_to_competitive,Need-based → competitive,Competitive agents,5,1.0,no_trade,No trade,32,1,13,16,0
40,need_based_to_competitive,Need-based → competitive,Competitive agents,5,1.0,no_trade,No trade,34,1,14,9,0
41,need_based_to_competitive,Need-based → competitive,Competitive agents,5,1.0,no_trade,No trade,35,2,19,16,0
42,need_based_to_competitive,Need-based → competitive,Competitive agents,5,1.0,no_trade,No trade,27,3,3,10,0
43,need_based_to_competitive,Need-based → competitive,Competitive agents,5,1.0,no_trade,No trade,36,2,19,20,0
44,need_based_to_competitive,Need-based → competitive,Competitive agents,5,1.0,no_trade,No trade,40,3,19,15,0
45,need_based_to_competitive,Need-based → competitive,Competitive agents,5,1.0,no_trade,No trade,31,2,14,17,0
46,need_based_to_competitive,Need-based → competitive,Competitive agents,5,1.0,no_trade,No trade,32,1,20,14,0
47,need_based_to_competitive,Need-based → competitive,Competitive agents,5,1.0,no_trade,No trade,20,2,4,19,0
48,need_based_to_competitive,Need-based → competitive,Competitive agents,5,1.0,no_trade,No trade,22,1,8,12,0
49,need_based_to_competitive,Need-based → competitive,Competitive agents,5,1.0,no_trade,No trade,47,3,14,16,0
50,need_based_to_competitive,Need-based → competitive,Competitive agents,5,1.0,no_trade,No trade,29,2,10,13,0
51,need_based_to_competitive,Need-based → competitive,Competitive agents,5,1.0,no_trade,No trade,29,2,12,28,0
52,need_based_to_competitive,Need-based → competitive,Competitive agents,5,1.0,no_trade,No trade,24,1,11,16,0
53,need_based_to_competitive,Need-based → competitive,Competitive agents,5,1.0,no_trade,No trade,25,3,5,23,0
54,need_based_to_competitive,Need-based → competitive,Competitive agents,5,1.0,no_trade,No trade,18,2,4,27,0
55,need_based_to_competitive,Need-based → competitive,Competitive agents,5,1.0,no_trade,No trade,17,1,5,18,0
56,need_based_to_competitive,Need-based → competitive,Competitive agents,5,1.0,no_trade,No trade,35,2,16,18,0
57,need_based_to_competitive,Need-based → competitive,Competitive agents,5,1.0,no_trade,No trade,34,3,13,22,0
58,need_based_to_competitive,Need-based → competitive,Competitive agents,5,1.0,no_trade,No trade,16,0,6,9,0
59,need_based_to_competitive,Need-based → competitive,Competitive agents,5,1.0,no_trade,No trade,29,2,13,13,0
60,need_based_to_competitive,Need-based → competitive,Competitive agents,5,1.0,no_trade,No trade,22,3,3,23,0
61,need_based_to_competitive,Need-based → competitive,Competitive agents,5,1.0,no_trade,No trade,25,3,4,15,0
62,need_based_to_competitive,Need-based → competitive,Competitive agents,5,1.0,no_trade,No trade,30,1,20,23,0
63,need_based_to_competitive,Need-based → competitive,Competitive agents,5,1.0,no_trade,No trade,18,1,5,7,0
64,need_based_to_competitive,Need-based → competitive,Competitive agents,5,1.0,no_trade,No trade,40,1,23,16,0
65,need_based_to_competitive,Need-based → competitive,Competitive agents,5,1.0,no_trade,No trade,22,3,3,21,0
66,need_based_to_competitive,Need-based → competitive,Competitive agents,5,1.0,no_trade,No trade,35,2,13,16,0
67,need_based_to_competitive,Need-based → competitive,Competitive agents,5,1.0,no_trade,No trade,33,2,10,20,0
68,need_based_to_competitive,Need-based → competitive,Competitive agents,5,1.0,no_trade,No trade,36,3,9,15,0
69,need_based_to_competitive,Need-based → competitive,Competitive agents,5,1.0,no_trade,No trade,30,1,11,19,0
70,need_based_to_competitive,Need-based → competitive,Competitive agents,5,1.0,no_trade,No trade,30,3,7,18,0
71,need_based_to_competitive,Need-based → competitive,Competitive agents,5,1.0,no_trade,No trade,17,2,4,17,0
72,need_based_to_competitive,Need-based → competitive,Competitive agents,5,1.0,no_trade,No trade,37,3,15,18,0
73,need_based_to_competitive,Need-based → competitive,Competitive agents,5,1.0,no_trade,No trade,48,1,20,17,0
74,need_based_to_competitive,Need-based → competitive,Competitive agents,5,1.0,no_trade,No trade,30,0,9,11,0
75,need_based_to_competitive,Need-based → competitive,Competitive agents,5,1.0,no_trade,No trade,24,1,11,10,0
76,need_based_to_competitive,Need-based → competitive,Competitive agents,5,1.0,no_trade,No trade,18,1,8,12,0
77,need_based_to_competitive,Need-based → competitive,Competitive agents,5,1.0,no_trade,No trade,27,3,6,8,0
78,need_based_to_competitive,Need-based → competitive,Competitive agents,5,1.0,no_trade,No trade,31,3,9,18,0
79,need_based_to_competitive,Need-based → competitive,Competitive agents,5,1.0,no_trade,No trade,22,1,8,23,0
80,need_based_to_competitive,Need-based → competitive,Competitive agents,5,1.0,no_trade,No trade,51,4,20,14,0
81,need_based_to_competitive,Need-based → competitive,Competitive agents,5,1.0,no_trade,No trade,34,0,11,15,0
82,need_based_to_competitive,Need-based → competitive,Competitive agents,5,1.0,no_trade,No trade,37,1,22,22,0
83,need_based_to_competitive,Need-based → competitive,Competitive agents,5,1.0,no_trade,No trade,37,3,11,13,0
84,need_based_to_competitive,Need-based → competitive,Competitive agents,5,1.0,no_trade,No trade,35,2,13,14,0
85,need_based_to_competitive,Need-based → competitive,Competitive agents,5,1.0,no_trade,No trade,31,0,12,18,0
86,need_based_to_competitive,Need-based → competitive,Competitive agents,5,1.0,no_trade,No trade,16,0,6,23,0
87,need_based_to_competitive,Need-based → competitive,Competitive agents,5,1.0,no_trade,No trade,18,1,5,19,0
88,need_based_to_competitive,Need-based → competitive,Competitive agents,5,1.0,no_trade,No trade,27,3,6,13,0
89,need_based_to_competitive,Need-based → competitive,Competitive agents,5,1.0,no_trade,No trade,31,1,15,8,0
90,need_based_to_competitive,Need-based → competitive,Competitive agents,5,1.0,no_trade,No trade,21,1,5,18,0
91,need_based_to_competitive,Need-based → competitive,Competitive agents,5,1.0,no_trade,No trade,39,3,10,18,0
92,need_based_to_competitive,Need-based → competitive,Competitive agents,5,1.0,no_trade,No trade,24,1,8,13,0
93,need_based_to_competitive,Need-based → competitive,Competitive agents,5,1.0,no_trade,No trade,16,1,5,17,0
94,need_based_to_competitive,Need-based → competitive,Competitive agents,5,1.0,no_trade,No trade,27,3,9,19,0
95,need_based_to_competitive,Need-based → competitive,Competitive agents,5,1.0,no_trade,No trade,24,3,4,29,0
96,need_based_to_competitive,Need-based → competitive,Competitive agents,5,1.0,no_trade,No trade,35,2,11,14,0
97,need_based_to_competitive,Need-based → competitive,Competitive agents,5,1.0,no_trade,No trade,24,1,8,17,0
98,need_based_to_competitive,Need-based → competitive,Competitive agents,5,1.0,no_trade,No trade,19,3,3,30,0
99,need_based_to_competitive,Need-based → competitive,Competitive agents,5,1.0,no_trade,No trade,34,2,10,17,0
0,need_based_to_competitive,Need-based → competitive,Competitive agents,5,1.0,bilateral_3pass,Bilateral 3-pass,95,8,31,9,18
1,need_based_to_competitive,Need-based → competitive,Competitive agents,5,1.0,bilateral_3pass,Bilateral 3-pass,119,9,44,3,28
2,need_based_to_competitive,Need-based → competitive,Competitive agents,5,1.0,bilateral_3pass,Bilateral 3-pass,107,14,15,8,15
3,need_based_to_competitive,Need-based → competitive,Competitive agents,5,1.0,bilateral_3pass,Bilateral 3-pass,90,9,18,12,23
4,need_based_to_competitive,Need-based → competitive,Competitive agents,5,1.0,bilateral_3pass,Bilateral 3-pass,107,6,25,16,23
5,need_based_to_competitive,Need-based → competitive,Competitive agents,5,1.0,bilateral_3pass,Bilateral 3-pass,98,3,30,19,30
6,need_based_to_competitive,Need-based → competitive,Competitive agents,5,1.0,bilateral_3pass,Bilateral 3-pass,77,6,25,15,18
7,need_based_to_competitive,Need-based → competitive,Competitive agents,5,1.0,bilateral_3pass,Bilateral 3-pass,84,6,26,8,22
8,need_based_to_competitive,Need-based → competitive,Competitive agents,5,1.0,bilateral_3pass,Bilateral 3-pass,93,6,33,10,15
9,need_based_to_competitive,Need-based → competitive,Competitive agents,5,1.0,bilateral_3pass,Bilateral 3-pass,95,11,25,12,25
10,need_based_to_competitive,Need-based → competitive,Competitive agents,5,1.0,bilateral_3pass,Bilateral 3-pass,122,14,22,13,27
11,need_based_to_competitive,Need-based → competitive,Competitive agents,5,1.0,bilateral_3pass,Bilateral 3-pass,97,3,38,16,21
12,need_based_to_competitive,Need-based → competitive,Competitive agents,5,1.0,bilateral_3pass,Bilateral 3-pass,83,6,30,20,12
13,need_based_to_competitive,Need-based → competitive,Competitive agents,5,1.0,bilateral_3pass,Bilateral 3-pass,106,12,16,4,23
14,need_based_to_competitive,Need-based → competitive,Competitive agents,5,1.0,bilateral_3pass,Bilateral 3-pass,128,14,19,8,22
15,need_based_to_competitive,Need-based → competitive,Competitive agents,5,1.0,bilateral_3pass,Bilateral 3-pass,83,6,37,8,21
16,need_based_to_competitive,Need-based → competitive,Competitive agents,5,1.0,bilateral_3pass,Bilateral 3-pass,127,14,32,5,25
17,need_based_to_competitive,Need-based → competitive,Competitive agents,5,1.0,bilateral_3pass,Bilateral 3-pass,121,6,43,13,26
18,need_based_to_competitive,Need-based → competitive,Competitive agents,5,1.0,bilateral_3pass,Bilateral 3-pass,104,10,25,18,22
19,need_based_to_competitive,Need-based → competitive,Competitive agents,5,1.0,bilateral_3pass,Bilateral 3-pass,77,6,22,8,16
20,need_based_to_competitive,Need-based → competitive,Competitive agents,5,1.0,bilateral_3pass,Bilateral 3-pass,115,14,34,14,25
21,need_based_to_competitive,Need-based → competitive,Competitive agents,5,1.0,bilateral_3pass,Bilateral 3-pass,107,11,32,14,24
22,need_based_to_competitive,Need-based → competitive,Competitive agents,5,1.0,bilateral_3pass,Bilateral 3-pass,119,3,44,13,20
23,need_based_to_competitive,Need-based → competitive,Competitive agents,5,1.0,bilateral_3pass,Bilateral 3-pass,103,9,24,12,23
24,need_based_to_competitive,Need-based → competitive,Competitive agents,5,1.0,bilateral_3pass,Bilateral 3-pass,80,6,28,17,24
25,need_based_to_competitive,Need-based → competitive,Competitive agents,5,1.0,bilateral_3pass,Bilateral 3-pass,95,6,24,15,24
26,need_based_to_competitive,Need-based → competitive,Competitive agents,5,1.0,bilateral_3pass,Bilateral 3-pass,51,5,10,24,21
27,need_based_to_competitive,Need-based → competitive,Competitive agents,5,1.0,bilateral_3pass,Bilateral 3-pass,59,6,11,19,16
28,need_based_to_competitive,Need-based → competitive,Competitive agents,5,1.0,bilateral_3pass,Bilateral 3-pass,136,9,37,7,20
29,need_based_to_competitive,Need-based → competitive,Competitive agents,5,1.0,bilateral_3pass,Bilateral 3-pass,97,6,35,4,24
30,need_based_to_competitive,Need-based → competitive,Competitive agents,5,1.0,bilateral_3pass,Bilateral 3-pass,124,2,39,19,29
31,need_based_to_competitive,Need-based → competitive,Competitive agents,5,1.0,bilateral_3pass,Bilateral 3-pass,82,6,28,21,22
32,need_based_to_competitive,Need-based → competitive,Competitive agents,5,1.0,bilateral_3pass,Bilateral 3-pass,92,6,32,13,20
33,need_based_to_competitive,Need-based → competitive,Competitive agents,5,1.0,bilateral_3pass,Bilateral 3-pass,119,14,25,17,21
34,need_based_to_competitive,Need-based → competitive,Competitive agents,5,1.0,bilateral_3pass,Bilateral 3-pass,98,6,30,19,19
35,need_based_to_competitive,Need-based → competitive,Competitive agents,5,1.0,bilateral_3pass,Bilateral 3-pass,109,6,46,10,21
36,need_based_to_competitive,Need-based → competitive,Competitive agents,5,1.0,bilateral_3pass,Bilateral 3-pass,112,12,15,11,18
37,need_based_to_competitive,Need-based → competitive,Competitive agents,5,1.0,bilateral_3pass,Bilateral 3-pass,106,6,30,13,26
38,need_based_to_competitive,Need-based → competitive,Competitive agents,5,1.0,bilateral_3pass,Bilateral 3-pass,111,6,30,8,24
39,need_based_to_competitive,Need-based → competitive,Competitive agents,5,1.0,bilateral_3pass,Bilateral 3-pass,110,9,29,4,17
40,need_based_to_competitive,Need-based → competitive,Competitive agents,5,1.0,bilateral_3pass,Bilateral 3-pass,91,9,14,13,22
41,need_based_to_competitive,Need-based → competitive,Competitive agents,5,1.0,bilateral_3pass,Bilateral 3-pass,122,6,32,9,22
42,need_based_to_competitive,Need-based → competitive,Competitive agents,5,1.0,bilateral_3pass,Bilateral 3-pass,94,11,22,9,24
43,need_based_to_competitive,Need-based → competitive,Competitive agents,5,1.0,bilateral_3pass,Bilateral 3-pass,135,22,11,8,29
44,need_based_to_competitive,Need-based → competitive,Competitive agents,5,1.0,bilateral_3pass,Bilateral 3-pass,88,6,32,23,18
45,need_based_to_competitive,Need-based → competitive,Competitive agents,5,1.0,bilateral_3pass,Bilateral 3-pass,68,9,16,15,16
46,need_based_to_competitive,Need-based → competitive,Competitive agents,5,1.0,bilateral_3pass,Bilateral 3-pass,109,11,31,5,21
47,need_based_to_competitive,Need-based → competitive,Competitive agents,5,1.0,bilateral_3pass,Bilateral 3-pass,71,3,37,15,18
48,need_based_to_competitive,Need-based → competitive,Competitive agents,5,1.0,bilateral_3pass,Bilateral 3-pass,91,4,46,15,18
49,need_based_to_competitive,Need-based → competitive,Competitive agents,5,1.0,bilateral_3pass,Bilateral 3-pass,106,6,33,18,25
50,need_based_to_competitive,Need-based → competitive,Competitive agents,5,1.0,bilateral_3pass,Bilateral 3-pass,110,12,21,12,24
51,need_based_to_competitive,Need-based → competitive,Competitive agents,5,1.0,bilateral_3pass,Bilateral 3-pass,104,6,33,17,23
52,need_based_to_competitive,Need-based → competitive,Competitive agents,5,1.0,bilateral_3pass,Bilateral 3-pass,82,6,27,7,15
53,need_based_to_competitive,Need-based → competitive,Competitive agents,5,1.0,bilateral_3pass,Bilateral 3-pass,84,3,30,25,15
54,need_based_to_competitive,Need-based → competitive,Competitive agents,5,1.0,bilateral_3pass,Bilateral 3-pass,101,5,38,13,20
55,need_based_to_competitive,Need-based → competitive,Competitive agents,5,1.0,bilateral_3pass,Bilateral 3-pass,21,3,3,26,11
56,need_based_to_competitive,Need-based → competitive,Competitive agents,5,1.0,bilateral_3pass,Bilateral 3-pass,99,3,41,23,24
57,need_based_to_competitive,Need-based → competitive,Competitive agents,5,1.0,bilateral_3pass,Bilateral 3-pass,136,20,19,9,22
58,need_based_to_competitive,Need-based → competitive,Competitive agents,5,1.0,bilateral_3pass,Bilateral 3-pass,74,6,22,12,14
59,need_based_to_competitive,Need-based → competitive,Competitive agents,5,1.0,bilateral_3pass,Bilateral 3-pass,89,3,33,20,23
60,need_based_to_competitive,Need-based → competitive,Competitive agents,5,1.0,bilateral_3pass,Bilateral 3-pass,88,13,9,19,21
61,need_based_to_competitive,Need-based → competitive,Competitive agents,5,1.0,bilateral_3pass,Bilateral 3-pass,101,13,15,15,19
62,need_based_to_competitive,Need-based → competitive,Competitive agents,5,1.0,bilateral_3pass,Bilateral 3-pass,111,6,30,13,16
63,need_based_to_competitive,Need-based → competitive,Competitive agents,5,1.0,bilateral_3pass,Bilateral 3-pass,93,6,41,11,28
64,need_based_to_competitive,Need-based → competitive,Competitive agents,5,1.0,bilateral_3pass,Bilateral 3-pass,108,9,39,7,21
65,need_based_to_competitive,Need-based → competitive,Competitive agents,5,1.0,bilateral_3pass,Bilateral 3-pass,102,6,34,6,21
66,need_based_to_competitive,Need-based → competitive,Competitive agents,5,1.0,bilateral_3pass,Bilateral 3-pass,90,11,20,5,18
67,need_based_to_competitive,Need-based → competitive,Competitive agents,5,1.0,bilateral_3pass,Bilateral 3-pass,113,9,41,6,20
68,need_based_to_competitive,Need-based → competitive,Competitive agents,5,1.0,bilateral_3pass,Bilateral 3-pass,97,6,28,6,20
69,need_based_to_competitive,Need-based → competitive,Competitive agents,5,1.0,bilateral_3pass,Bilateral 3-pass,129,12,30,4,15
70,need_based_to_competitive,Need-based → competitive,Competitive agents,5,1.0,bilateral_3pass,Bilateral 3-pass,70,6,20,13,17
71,need_based_to_competitive,Need-based → competitive,Competitive agents,5,1.0,bilateral_3pass,Bilateral 3-pass,119,9,42,7,20
72,need_based_to_competitive,Need-based → competitive,Competitive agents,5,1.0,bilateral_3pass,Bilateral 3-pass,96,3,54,13,19
73,need_based_to_competitive,Need-based → competitive,Competitive agents,5,1.0,bilateral_3pass,Bilateral 3-pass,109,7,26,20,24
74,need_based_to_competitive,Need-based → competitive,Competitive agents,5,1.0,bilateral_3pass,Bilateral 3-pass,139,14,35,6,35
75,need_based_to_competitive,Need-based → competitive,Competitive agents,5,1.0,bilateral_3pass,Bilateral 3-pass,86,6,32,9,21
76,need_based_to_competitive,Need-based → competitive,Competitive agents,5,1.0,bilateral_3pass,Bilateral 3-pass,63,3,22,17,19
77,need_based_to_competitive,Need-based → competitive,Competitive agents,5,1.0,bilateral_3pass,Bilateral 3-pass,80,6,25,9,17
78,need_based_to_competitive,Need-based → competitive,Competitive agents,5,1.0,bilateral_3pass,Bilateral 3-pass,69,3,25,24,17
79,need_based_to_competitive,Need-based → competitive,Competitive agents,5,1.0,bilateral_3pass,Bilateral 3-pass,100,9,22,5,21
80,need_based_to_competitive,Need-based → competitive,Competitive agents,5,1.0,bilateral_3pass,Bilateral 3-pass,102,14,20,6,20
81,need_based_to_competitive,Need-based → competitive,Competitive agents,5,1.0,bilateral_3pass,Bilateral 3-pass,114,14,19,8,27
82,need_based_to_competitive,Need-based → competitive,Competitive agents,5,1.0,bilateral_3pass,Bilateral 3-pass,132,17,22,7,20
83,need_based_to_competitive,Need-based → competitive,Competitive agents,5,1.0,bilateral_3pass,Bilateral 3-pass,62,4,16,17,19
84,need_based_to_competitive,Need-based → competitive,Competitive agents,5,1.0,bilateral_3pass,Bilateral 3-pass,100,6,34,14,22
85,need_based_to_competitive,Need-based → competitive,Competitive agents,5,1.0,bilateral_3pass,Bilateral 3-pass,93,9,29,14,21
86,need_based_to_competitive,Need-based → competitive,Competitive agents,5,1.0,bilateral_3pass,Bilateral 3-pass,66,2,26,16,11
87,need_based_to_competitive,Need-based → competitive,Competitive agents,5,1.0,bilateral_3pass,Bilateral 3-pass,98,3,31,20,25
88,need_based_to_competitive,Need-based → competitive,Competitive agents,5,1.0,bilateral_3pass,Bilateral 3-pass,48,3,17,26,16
89,need_based_to_competitive,Need-based → competitive,Competitive agents,5,1.0,bilateral_3pass,Bilateral 3-pass,113,14,14,11,23
90,need_based_to_competitive,Need-based → competitive,Competitive agents,5,1.0,bilateral_3pass,Bilateral 3-pass,113,14,20,16,24
91,need_based_to_competitive,Need-based → competitive,Competitive agents,5,1.0,bilateral_3pass,Bilateral 3-pass,94,6,24,15,25
92,need_based_to_competitive,Need-based → competitive,Competitive agents,5,1.0,bilateral_3pass,Bilateral 3-pass,100,12,28,12,20
93,need_based_to_competitive,Need-based → competitive,Competitive agents,5,1.0,bilateral_3pass,Bilateral 3-pass,96,9,21,10,17
94,need_based_to_competitive,Need-based → competitive,Competitive agents,5,1.0,bilateral_3pass,Bilateral 3-pass,111,12,18,12,28
95,need_based_to_competitive,Need-based → competitive,Competitive agents,5,1.0,bilateral_3pass,Bilateral 3-pass,92,6,24,14,20
96,need_based_to_competitive,Need-based → competitive,Competitive agents,5,1.0,bilateral_3pass,Bilateral 3-pass,93,6,33,12,27
97,need_based_to_competitive,Need-based → competitive,Competitive agents,5,1.0,bilateral_3pass,Bilateral 3-pass,88,9,18,5,17
98,need_based_to_competitive,Need-based → competitive,Competitive agents,5,1.0,bilateral_3pass,Bilateral 3-pass,104,6,33,11,25
99,need_based_to_competitive,Need-based → competitive,Competitive agents,5,1.0,bilateral_3pass,Bilateral 3-pass,135,6,36,8,28
0,need_based_to_competitive,Need-based → competitive,Competitive agents,5,1.0,public_pool,Public pool,56,2,35,12,0
1,need_based_to_competitive,Need-based → competitive,Competitive agents,5,1.0,public_pool,Public pool,28,2,13,11,0
2,need_based_to_competitive,Need-based → competitive,Competitive agents,5,1.0,public_pool,Public pool,22,2,7,12,0
3,need_based_to_competitive,Need-based → competitive,Competitive agents,5,1.0,public_pool,Public pool,12,0,6,14,0
4,need_based_to_competitive,Need-based → competitive,Competitive agents,5,1.0,public_pool,Public pool,21,3,3,11,0
5,need_based_to_competitive,Need-based → competitive,Competitive agents,5,1.0,public_pool,Public pool,13,1,5,5,0
6,need_based_to_competitive,Need-based → competitive,Competitive agents,5,1.0,public_pool,Public pool,52,3,17,8,0
7,need_based_to_competitive,Need-based → competitive,Competitive agents,5,1.0,public_pool,Public pool,36,3,8,10,0
8,need_based_to_competitive,Need-based → competitive,Competitive agents,5,1.0,public_pool,Public pool,36,0,15,11,0
9,need_based_to_competitive,Need-based → competitive,Competitive agents,5,1.0,public_pool,Public pool,39,3,10,11,0
10,need_based_to_competitive,Need-based → competitive,Competitive agents,5,1.0,public_pool,Public pool,25,2,7,22,0
11,need_based_to_competitive,Need-based → competitive,Competitive agents,5,1.0,public_pool,Public pool,34,3,12,26,0
12,need_based_to_competitive,Need-based → competitive,Competitive agents,5,1.0,public_pool,Public pool,44,1,25,11,0
13,need_based_to_competitive,Need-based → competitive,Competitive agents,5,1.0,public_pool,Public pool,30,0,20,16,0
14,need_based_to_competitive,Need-based → competitive,Competitive agents,5,1.0,public_pool,Public pool,18,0,9,15,0
15,need_based_to_competitive,Need-based → competitive,Competitive agents,5,1.0,public_pool,Public pool,27,1,10,14,0
16,need_based_to_competitive,Need-based → competitive,Competitive agents,5,1.0,public_pool,Public pool,37,0,26,16,0
17,need_based_to_competitive,Need-based → competitive,Competitive agents,5,1.0,public_pool,Public pool,39,1,19,22,0
18,need_based_to_competitive,Need-based → competitive,Competitive agents,5,1.0,public_pool,Public pool,44,3,23,12,0
19,need_based_to_competitive,Need-based → competitive,Competitive agents,5,1.0,public_pool,Public pool,34,2,11,16,0
20,need_based_to_competitive,Need-based → competitive,Competitive agents,5,1.0,public_pool,Public pool,19,2,4,16,0
21,need_based_to_competitive,Need-based → competitive,Competitive agents,5,1.0,public_pool,Public pool,31,2,10,14,0
22,need_based_to_competitive,Need-based → competitive,Competitive agents,5,1.0,public_pool,Public pool,28,2,12,21,0
23,need_based_to_competitive,Need-based → competitive,Competitive agents,5,1.0,public_pool,Public pool,27,2,8,20,0
24,need_based_to_competitive,Need-based → competitive,Competitive agents,5,1.0,public_pool,Public pool,33,3,15,9,0
25,need_based_to_competitive,Need-based → competitive,Competitive agents,5,1.0,public_pool,Public pool,33,2,15,14,0
26,need_based_to_competitive,Need-based → competitive,Competitive agents,5,1.0,public_pool,Public pool,25,1,8,13,0
27,need_based_to_competitive,Need-based → competitive,Competitive agents,5,1.0,public_pool,Public pool,23,1,6,19,0
28,need_based_to_competitive,Need-based → competitive,Competitive agents,5,1.0,public_pool,Public pool,33,1,16,20,0
29,need_based_to_competitive,Need-based → competitive,Competitive agents,5,1.0,public_pool,Public pool,36,2,21,17,0
30,need_based_to_competitive,Need-based → competitive,Competitive agents,5,1.0,public_pool,Public pool,45,1,16,7,0
31,need_based_to_competitive,Need-based → competitive,Competitive agents,5,1.0,public_pool,Public pool,45,3,13,6,0
32,need_based_to_competitive,Need-based → competitive,Competitive agents,5,1.0,public_pool,Public pool,25,2,7,15,0
33,need_based_to_competitive,Need-based → competitive,Competitive agents,5,1.0,public_pool,Public pool,42,1,30,19,0
34,need_based_to_competitive,Need-based → competitive,Competitive agents,5,1.0,public_pool,Public pool,37,3,11,17,0
35,need_based_to_competitive,Need-based → competitive,Competitive agents,5,1.0,public_pool,Public pool,28,1,8,11,0
36,need_based_to_competitive,Need-based → competitive,Competitive agents,5,1.0,public_pool,Public pool,24,2,7,14,0
37,need_based_to_competitive,Need-based → competitive,Competitive agents,5,1.0,public_pool,Public pool,21,2,7,14,0
38,need_based_to_competitive,Need-based → competitive,Competitive agents,5,1.0,public_pool,Public pool,23,3,3,7,0
39,need_based_to_competitive,Need-based → competitive,Competitive agents,5,1.0,public_pool,Public pool,32,1,13,16,0
40,need_based_to_competitive,Need-based → competitive,Competitive agents,5,1.0,public_pool,Public pool,34,1,14,9,0
41,need_based_to_competitive,Need-based → competitive,Competitive agents,5,1.0,public_pool,Public pool,35,2,19,16,0
42,need_based_to_competitive,Need-based → competitive,Competitive agents,5,1.0,public_pool,Public pool,27,3,3,10,0
43,need_based_to_competitive,Need-based → competitive,Competitive agents,5,1.0,public_pool,Public pool,36,2,19,20,0
44,need_based_to_competitive,Need-based → competitive,Competitive agents,5,1.0,public_pool,Public pool,40,3,19,15,0
45,need_based_to_competitive,Need-based → competitive,Competitive agents,5,1.0,public_pool,Public pool,31,2,14,17,0
46,need_based_to_competitive,Need-based → competitive,Competitive agents,5,1.0,public_pool,Public pool,32,1,20,14,0
47,need_based_to_competitive,Need-based → competitive,Competitive agents,5,1.0,public_pool,Public pool,20,2,4,19,0
48,need_based_to_competitive,Need-based → competitive,Competitive agents,5,1.0,public_pool,Public pool,22,1,8,12,0
49,need_based_to_competitive,Need-based → competitive,Competitive agents,5,1.0,public_pool,Public pool,47,3,14,16,0
50,need_based_to_competitive,Need-based → competitive,Competitive agents,5,1.0,public_pool,Public pool,29,2,10,13,0
51,need_based_to_competitive,Need-based → competitive,Competitive agents,5,1.0,public_pool,Public pool,29,2,12,28,0
52,need_based_to_competitive,Need-based → competitive,Competitive agents,5,1.0,public_pool,Public pool,24,1,11,16,0
53,need_based_to_competitive,Need-based → competitive,Competitive agents,5,1.0,public_pool,Public pool,25,3,5,23,0
54,need_based_to_competitive,Need-based → competitive,Competitive agents,5,1.0,public_pool,Public pool,18,2,4,27,0
55,need_based_to_competitive,Need-based → competitive,Competitive agents,5,1.0,public_pool,Public pool,17,1,5,18,0
56,need_based_to_competitive,Need-based → competitive,Competitive agents,5,1.0,public_pool,Public pool,35,2,16,18,0
57,need_based_to_competitive,Need-based → competitive,Competitive agents,5,1.0,public_pool,Public pool,34,3,13,22,0
58,need_based_to_competitive,Need-based → competitive,Competitive agents,5,1.0,public_pool,Public pool,16,0,6,9,0
59,need_based_to_competitive,Need-based → competitive,Competitive agents,5,1.0,public_pool,Public pool,29,2,13,13,0
60,need_based_to_competitive,Need-based → competitive,Competitive agents,5,1.0,public_pool,Public pool,22,3,3,23,0
61,need_based_to_competitive,Need-based → competitive,Competitive agents,5,1.0,public_pool,Public pool,25,3,4,15,0
62,need_based_to_competitive,Need-based → competitive,Competitive agents,5,1.0,public_pool,Public pool,30,1,20,23,0
63,need_based_to_competitive,Need-based → competitive,Competitive agents,5,1.0,public_pool,Public pool,18,1,5,7,0
64,need_based_to_competitive,Need-based → competitive,Competitive agents,5,1.0,public_pool,Public pool,40,1,23,16,0
65,need_based_to_competitive,Need-based → competitive,Competitive agents,5,1.0,public_pool,Public pool,22,3,3,21,0
66,need_based_to_competitive,Need-based → competitive,Competitive agents,5,1.0,public_pool,Public pool,35,2,13,16,0
67,need_based_to_competitive,Need-based → competitive,Competitive agents,5,1.0,public_pool,Public pool,33,2,10,20,0
68,need_based_to_competitive,Need-based → competitive,Competitive agents,5,1.0,public_pool,Public pool,36,3,9,15,0
69,need_based_to_competitive,Need-based → competitive,Competitive agents,5,1.0,public_pool,Public pool,30,1,11,19,0
70,need_based_to_competitive,Need-based → competitive,Competitive agents,5,1.0,public_pool,Public pool,30,3,7,18,0
71,need_based_to_competitive,Need-based → competitive,Competitive agents,5,1.0,public_pool,Public pool,17,2,4,17,0
72,need_based_to_competitive,Need-based → competitive,Competitive agents,5,1.0,public_pool,Public pool,37,3,15,18,0
73,need_based_to_competitive,Need-based → competitive,Competitive agents,5,1.0,public_pool,Public pool,48,1,20,17,0
74,need_based_to_competitive,Need-based → competitive,Competitive agents,5,1.0,public_pool,Public pool,30,0,9,11,0
75,need_based_to_competitive,Need-based → competitive,Competitive agents,5,1.0,public_pool,Public pool,24,1,11,10,0
76,need_based_to_competitive,Need-based → competitive,Competitive agents,5,1.0,public_pool,Public pool,18,1,8,12,0
77,need_based_to_competitive,Need-based → competitive,Competitive agents,5,1.0,public_pool,Public pool,27,3,6,8,0
78,need_based_to_competitive,Need-based → competitive,Competitive agents,5,1.0,public_pool,Public pool,31,3,9,18,0
79,need_based_to_competitive,Need-based → competitive,Competitive agents,5,1.0,public_pool,Public pool,22,1,8,23,0
80,need_based_to_competitive,Need-based → competitive,Competitive agents,5,1.0,public_pool,Public pool,51,4,20,14,0
81,need_based_to_competitive,Need-based → competitive,Competitive agents,5,1.0,public_pool,Public pool,34,0,11,15,0
82,need_based_to_competitive,Need-based → competitive,Competitive agents,5,1.0,public_pool,Public pool,37,1,22,22,0
83,need_based_to_competitive,Need-based → competitive,Competitive agents,5,1.0,public_pool,Public pool,37,3,11,13,0
84,need_based_to_competitive,Need-based → competitive,Competitive agents,5,1.0,public_pool,Public pool,35,2,13,14,0
85,need_based_to_competitive,Need-based → competitive,Competitive agents,5,1.0,public_pool,Public pool,31,0,12,18,0
86,need_based_to_competitive,Need-based → competitive,Competitive agents,5,1.0,public_pool,Public pool,16,0,6,23,0
87,need_based_to_competitive,Need-based → competitive,Competitive agents,5,1.0,public_pool,Public pool,18,1,5,19,0
88,need_based_to_competitive,Need-based → competitive,Competitive agents,5,1.0,public_pool,Public pool,27,3,6,13,0
89,need_based_to_competitive,Need-based → competitive,Competitive agents,5,1.0,public_pool,Public pool,31,1,15,8,0
90,need_based_to_competitive,Need-based → competitive,Competitive agents,5,1.0,public_pool,Public pool,21,1,5,18,0
91,need_based_to_competitive,Need-based → competitive,Competitive agents,5,1.0,public_pool,Public pool,39,3,10,18,0
92,need_based_to_competitive,Need-based → competitive,Competitive agents,5,1.0,public_pool,Public pool,24,1,8,13,0
93,need_based_to_competitive,Need-based → competitive,Competitive agents,5,1.0,public_pool,Public pool,16,1,5,17,0
94,need_based_to_competitive,Need-based → competitive,Competitive agents,5,1.0,public_pool,Public pool,27,3,9,19,0
95,need_based_to_competitive,Need-based → competitive,Competitive agents,5,1.0,public_pool,Public pool,24,3,4,29,0
96,need_based_to_competitive,Need-based → competitive,Competitive agents,5,1.0,public_pool,Public pool,35,2,11,14,0
97,need_based_to_competitive,Need-based → competitive,Competitive agents,5,1.0,public_pool,Public pool,24,1,8,17,0
98,need_based_to_competitive,Need-based → competitive,Competitive agents,5,1.0,public_pool,Public pool,19,3,3,30,0
99,need_based_to_competitive,Need-based → competitive,Competitive agents,5,1.0,public_pool,Public pool,34,2,10,17,0
0,need_based_to_competitive,Need-based → competitive,Competitive agents,5,1.0,central_cap2,Central capped (2),131,14,24,10,38
1,need_based_to_competitive,Need-based → competitive,Competitive agents,5,1.0,central_cap2,Central capped (2),118,6,34,9,35
2,need_based_to_competitive,Need-based → competitive,Competitive agents,5,1.0,central_cap2,Central capped (2),115,12,28,6,37
3,need_based_to_competitive,Need-based → competitive,Competitive agents,5,1.0,central_cap2,Central capped (2),126,9,31,14,38
4,need_based_to_competitive,Need-based → competitive,Competitive agents,5,1.0,central_cap2,Central capped (2),117,9,30,8,33
5,need_based_to_competitive,Need-based → competitive,Competitive agents,5,1.0,central_cap2,Central capped (2),113,10,25,17,38
6,need_based_to_competitive,Need-based → competitive,Competitive agents,5,1.0,central_cap2,Central capped (2),146,17,22,10,37
7,need_based_to_competitive,Need-based → competitive,Competitive agents,5,1.0,central_cap2,Central capped (2),134,14,22,8,36
8,need_based_to_competitive,Need-based → competitive,Competitive agents,5,1.0,central_cap2,Central capped (2),105,6,27,13,34
9,need_based_to_competitive,Need-based → competitive,Competitive agents,5,1.0,central_cap2,Central capped (2),114,15,18,8,32
10,need_based_to_competitive,Need-based → competitive,Competitive agents,5,1.0,central_cap2,Central capped (2),122,17,16,4,33
11,need_based_to_competitive,Need-based → competitive,Competitive agents,5,1.0,central_cap2,Central capped (2),162,22,24,2,32
12,need_based_to_competitive,Need-based → competitive,Competitive agents,5,1.0,central_cap2,Central capped (2),95,9,25,12,26
13,need_based_to_competitive,Need-based → competitive,Competitive agents,5,1.0,central_cap2,Central capped (2),114,11,31,5,35
14,need_based_to_competitive,Need-based → competitive,Competitive agents,5,1.0,central_cap2,Central capped (2),145,20,24,13,40
15,need_based_to_competitive,Need-based → competitive,Competitive agents,5,1.0,central_cap2,Central capped (2),104,11,24,14,38
16,need_based_to_competitive,Need-based → competitive,Competitive agents,5,1.0,central_cap2,Central capped (2),141,11,31,6,35
17,need_based_to_competitive,Need-based → competitive,Competitive agents,5,1.0,central_cap2,Central capped (2),138,12,29,6,37
18,need_based_to_competitive,Need-based → competitive,Competitive agents,5,1.0,central_cap2,Central capped (2),150,19,22,7,36
19,need_based_to_competitive,Need-based → competitive,Competitive agents,5,1.0,central_cap2,Central capped (2),145,14,24,13,37
20,need_based_to_competitive,Need-based → competitive,Competitive agents,5,1.0,central_cap2,Central capped (2),128,6,30,7,37
21,need_based_to_competitive,Need-based → competitive,Competitive agents,5,1.0,central_cap2,Central capped (2),103,9,22,14,34
22,need_based_to_competitive,Need-based → competitive,Competitive agents,5,1.0,central_cap2,Central capped (2),135,19,15,7,36
23,need_based_to_competitive,Need-based → competitive,Competitive agents,5,1.0,central_cap2,Central capped (2),129,17,16,11,37
24,need_based_to_competitive,Need-based → competitive,Competitive agents,5,1.0,central_cap2,Central capped (2),130,20,13,10,39
25,need_based_to_competitive,Need-based → competitive,Competitive agents,5,1.0,central_cap2,Central capped (2),140,17,24,3,37
26,need_based_to_competitive,Need-based → competitive,Competitive agents,5,1.0,central_cap2,Central capped (2),144,17,17,13,35
27,need_based_to_competitive,Need-based → competitive,Competitive agents,5,1.0,central_cap2,Central capped (2),149,22,20,7,35
28,need_based_to_competitive,Need-based → competitive,Competitive agents,5,1.0,central_cap2,Central capped (2),131,17,18,6,37
29,need_based_to_competitive,Need-based → competitive,Competitive agents,5,1.0,central_cap2,Central capped (2),100,9,24,13,34
30,need_based_to_competitive,Need-based → competitive,Competitive agents,5,1.0,central_cap2,Central capped (2),131,18,15,2,40
31,need_based_to_competitive,Need-based → competitive,Competitive agents,5,1.0,central_cap2,Central capped (2),68,6,14,14,32
32,need_based_to_competitive,Need-based → competitive,Competitive agents,5,1.0,central_cap2,Central capped (2),120,17,18,12,39
33,need_based_to_competitive,Need-based → competitive,Competitive agents,5,1.0,central_cap2,Central capped (2),131,13,31,15,33
34,need_based_to_competitive,Need-based → competitive,Competitive agents,5,1.0,central_cap2,Central capped (2),97,9,23,15,32
35,need_based_to_competitive,Need-based → competitive,Competitive agents,5,1.0,central_cap2,Central capped (2),120,14,26,20,36
36,need_based_to_competitive,Need-based → competitive,Competitive agents,5,1.0,central_cap2,Central capped (2),124,9,26,14,37
37,need_based_to_competitive,Need-based → competitive,Competitive agents,5,1.0,central_cap2,Central capped (2),130,17,27,9,35
38,need_based_to_competitive,Need-based → competitive,Competitive agents,5,1.0,central_cap2,Central capped (2),111,17,11,11,38
39,need_based_to_competitive,Need-based → competitive,Competitive agents,5,1.0,central_cap2,Central capped (2),130,17,22,8,35
40,need_based_to_competitive,Need-based → competitive,Competitive agents,5,1.0,central_cap2,Central capped (2),114,14,19,11,34
41,need_based_to_competitive,Need-based → competitive,Competitive agents,5,1.0,central_cap2,Central capped (2),141,17,29,11,37
42,need_based_to_competitive,Need-based → competitive,Competitive agents,5,1.0,central_cap2,Central capped (2),113,6,30,15,36
43,need_based_to_competitive,Need-based → competitive,Competitive agents,5,1.0,central_cap2,Central capped (2),108,14,11,6,37
44,need_based_to_competitive,Need-based → competitive,Competitive agents,5,1.0,central_cap2,Central capped (2),119,17,24,7,37
45,need_based_to_competitive,Need-based → competitive,Competitive agents,5,1.0,central_cap2,Central capped (2),114,14,22,12,39
46,need_based_to_competitive,Need-based → competitive,Competitive agents,5,1.0,central_cap2,Central capped (2),105,14,19,9,38
47,need_based_to_competitive,Need-based → competitive,Competitive agents,5,1.0,central_cap2,Central capped (2),143,19,32,11,34
48,need_based_to_competitive,Need-based → competitive,Competitive agents,5,1.0,central_cap2,Central capped (2),124,9,27,9,38
49,need_based_to_competitive,Need-based → competitive,Competitive agents,5,1.0,central_cap2,Central capped (2),141,22,16,7,39
50,need_based_to_competitive,Need-based → competitive,Competitive agents,5,1.0,central_cap2,Central capped (2),122,17,13,9,36
51,need_based_to_competitive,Need-based → competitive,Competitive agents,5,1.0,central_cap2,Central capped (2),133,14,28,11,33
52,need_based_to_competitive,Need-based → competitive,Competitive agents,5,1.0,central_cap2,Central capped (2),95,12,15,14,31
53,need_based_to_competitive,Need-based → competitive,Competitive agents,5,1.0,central_cap2,Central capped (2),121,14,20,14,30
54,need_based_to_competitive,Need-based → competitive,Competitive agents,5,1.0,central_cap2,Central capped (2),117,17,13,5,36
55,need_based_to_competitive,Need-based → competitive,Competitive agents,5,1.0,central_cap2,Central capped (2),100,14,16,10,35
56,need_based_to_competitive,Need-based → competitive,Competitive agents,5,1.0,central_cap2,Central capped (2),129,14,22,5,35
57,need_based_to_competitive,Need-based → competitive,Competitive agents,5,1.0,central_cap2,Central capped (2),117,19,14,8,33
58,need_based_to_competitive,Need-based → competitive,Competitive agents,5,1.0,central_cap2,Central capped (2),93,11,15,15,38
59,need_based_to_competitive,Need-based → competitive,Competitive agents,5,1.0,central_cap2,Central capped (2),136,9,26,8,38
60,need_based_to_competitive,Need-based → competitive,Competitive agents,5,1.0,central_cap2,Central capped (2),140,19,25,6,36
61,need_based_to_competitive,Need-based → competitive,Competitive agents,5,1.0,central_cap2,Central capped (2),138,15,26,4,37
62,need_based_to_competitive,Need-based → competitive,Competitive agents,5,1.0,central_cap2,Central capped (2),146,19,22,8,32
63,need_based_to_competitive,Need-based → competitive,Competitive agents,5,1.0,central_cap2,Central capped (2),76,6,19,10,38
64,need_based_to_competitive,Need-based → competitive,Competitive agents,5,1.0,central_cap2,Central capped (2),149,14,32,8,35
65,need_based_to_competitive,Need-based → competitive,Competitive agents,5,1.0,central_cap2,Central capped (2),114,6,25,7,36
66,need_based_to_competitive,Need-based → competitive,Competitive agents,5,1.0,central_cap2,Central capped (2),109,9,26,8,35
67,need_based_to_competitive,Need-based → competitive,Competitive agents,5,1.0,central_cap2,Central capped (2),88,6,22,19,38
68,need_based_to_competitive,Need-based → competitive,Competitive agents,5,1.0,central_cap2,Central capped (2),121,9,23,7,32
69,need_based_to_competitive,Need-based → competitive,Competitive agents,5,1.0,central_cap2,Central capped (2),109,6,34,9,33
70,need_based_to_competitive,Need-based → competitive,Competitive agents,5,1.0,central_cap2,Central capped (2),118,20,7,13,36
71,need_based_to_competitive,Need-based → competitive,Competitive agents,5,1.0,central_cap2,Central capped (2),146,9,46,8,37
72,need_based_to_competitive,Need-based → competitive,Competitive agents,5,1.0,central_cap2,Central capped (2),153,22,16,2,36
73,need_based_to_competitive,Need-based → competitive,Competitive agents,5,1.0,central_cap2,Central capped (2),145,20,18,11,36
74,need_based_to_competitive,Need-based → competitive,Competitive agents,5,1.0,central_cap2,Central capped (2),133,20,13,2,38
75,need_based_to_competitive,Need-based → competitive,Competitive agents,5,1.0,central_cap2,Central capped (2),134,17,19,7,37
76,need_based_to_competitive,Need-based → competitive,Competitive agents,5,1.0,central_cap2,Central capped (2),116,14,24,7,35
77,need_based_to_competitive,Need-based → competitive,Competitive agents,5,1.0,central_cap2,Central capped (2),74,6,27,19,31
78,need_based_to_competitive,Need-based → competitive,Competitive agents,5,1.0,central_cap2,Central capped (2),125,15,16,9,37
79,need_based_to_competitive,Need-based → competitive,Competitive agents,5,1.0,central_cap2,Central capped (2),104,9,20,13,32
80,need_based_to_competitive,Need-based → competitive,Competitive agents,5,1.0,central_cap2,Central capped (2),139,16,19,16,37
81,need_based_to_competitive,Need-based → competitive,Competitive agents,5,1.0,central_cap2,Central capped (2),149,15,23,4,39
82,need_based_to_competitive,Need-based → competitive,Competitive agents,5,1.0,central_cap2,Central capped (2),108,6,32,11,33
83,need_based_to_competitive,Need-based → competitive,Competitive agents,5,1.0,central_cap2,Central capped (2),102,9,20,6,32
84,need_based_to_competitive,Need-based → competitive,Competitive agents,5,1.0,central_cap2,Central capped (2),114,6,33,12,36
85,need_based_to_competitive,Need-based → competitive,Competitive agents,5,1.0,central_cap2,Central capped (2),135,17,18,10,35
86,need_based_to_competitive,Need-based → competitive,Competitive agents,5,1.0,central_cap2,Central capped (2),131,17,24,9,32
87,need_based_to_competitive,Need-based → competitive,Competitive agents,5,1.0,central_cap2,Central capped (2),142,12,30,5,38
88,need_based_to_competitive,Need-based → competitive,Competitive agents,5,1.0,central_cap2,Central capped (2),77,11,14,11,27
89,need_based_to_competitive,Need-based → competitive,Competitive agents,5,1.0,central_cap2,Central capped (2),125,14,22,11,37
90,need_based_to_competitive,Need-based → competitive,Competitive agents,5,1.0,central_cap2,Central capped (2),134,17,17,13,39
91,need_based_to_competitive,Need-based → competitive,Competitive agents,5,1.0,central_cap2,Central capped (2),134,12,23,12,37
92,need_based_to_competitive,Need-based → competitive,Competitive agents,5,1.0,central_cap2,Central capped (2),130,17,19,18,38
93,need_based_to_competitive,Need-based → competitive,Competitive agents,5,1.0,central_cap2,Central capped (2),91,6,24,17,35
94,need_based_to_competitive,Need-based → competitive,Competitive agents,5,1.0,central_cap2,Central capped (2),119,17,13,10,37
95,need_based_to_competitive,Need-based → competitive,Competitive agents,5,1.0,central_cap2,Central capped (2),84,9,19,23,35
96,need_based_to_competitive,Need-based → competitive,Competitive agents,5,1.0,central_cap2,Central capped (2),110,14,27,18,36
97,need_based_to_competitive,Need-based → competitive,Competitive agents,5,1.0,central_cap2,Central capped (2),119,14,16,11,36
98,need_based_to_competitive,Need-based → competitive,Competitive agents,5,1.0,central_cap2,Central capped (2),114,9,24,9,34
99,need_based_to_competitive,Need-based → competitive,Competitive agents,5,1.0,central_cap2,Central capped (2),116,6,35,5,36
0,need_based_to_competitive,Need-based → competitive,Competitive agents,5,1.0,central_full,Central clearing,125,14,22,15,48
1,need_based_to_competitive,Need-based → competitive,Competitive agents,5,1.0,central_full,Central clearing,122,9,27,3,38
2,need_based_to_competitive,Need-based → competitive,Competitive agents,5,1.0,central_full,Central clearing,154,22,22,4,57
3,need_based_to_competitive,Need-based → competitive,Competitive agents,5,1.0,central_full,Central clearing,174,27,17,10,59
4,need_based_to_competitive,Need-based → competitive,Competitive agents,5,1.0,central_full,Central clearing,89,6,21,15,42
5,need_based_to_competitive,Need-based → competitive,Competitive agents,5,1.0,central_full,Central clearing,134,22,16,13,48
6,need_based_to_competitive,Need-based → competitive,Competitive agents,5,1.0,central_full,Central clearing,97,11,17,18,37
7,need_based_to_competitive,Need-based → competitive,Competitive agents,5,1.0,central_full,Central clearing,150,22,19,5,48
8,need_based_to_competitive,Need-based → competitive,Competitive agents,5,1.0,central_full,Central clearing,156,25,13,6,47
9,need_based_to_competitive,Need-based → competitive,Competitive agents,5,1.0,central_full,Central clearing,128,19,20,7,48
10,need_based_to_competitive,Need-based → competitive,Competitive agents,5,1.0,central_full,Central clearing,177,30,14,7,71
11,need_based_to_competitive,Need-based → competitive,Competitive agents,5,1.0,central_full,Central clearing,117,15,28,16,46
12,need_based_to_competitive,Need-based → competitive,Competitive agents,5,1.0,central_full,Central clearing,123,14,25,14,42
13,need_based_to_competitive,Need-based → competitive,Competitive agents,5,1.0,central_full,Central clearing,154,22,19,4,50
14,need_based_to_competitive,Need-based → competitive,Competitive agents,5,1.0,central_full,Central clearing,154,22,25,3,60
15,need_based_to_competitive,Need-based → competitive,Competitive agents,5,1.0,central_full,Central clearing,124,19,15,6,50
16,need_based_to_competitive,Need-based → competitive,Competitive agents,5,1.0,central_full,Central clearing,123,11,34,7,38
17,need_based_to_competitive,Need-based → competitive,Competitive agents,5,1.0,central_full,Central clearing,105,11,21,16,35
18,need_based_to_competitive,Need-based → competitive,Competitive agents,5,1.0,central_full,Central clearing,170,19,28,3,47
19,need_based_to_competitive,Need-based → competitive,Competitive agents,5,1.0,central_full,Central clearing,180,33,8,7,65
20,need_based_to_competitive,Need-based → competitive,Competitive agents,5,1.0,central_full,Central clearing,150,22,14,5,65
21,need_based_to_competitive,Need-based → competitive,Competitive agents,5,1.0,central_full,Central clearing,143,20,16,14,42
22,need_based_to_competitive,Need-based → competitive,Competitive agents,5,1.0,central_full,Central clearing,185,27,14,9,57
23,need_based_to_competitive,Need-based → competitive,Competitive agents,5,1.0,central_full,Central clearing,165,28,16,7,58
24,need_based_to_competitive,Need-based → competitive,Competitive agents,5,1.0,central_full,Central clearing,149,26,9,6,55
25,need_based_to_competitive,Need-based → competitive,Competitive agents,5,1.0,central_full,Central clearing,139,22,13,11,53
26,need_based_to_competitive,Need-based → competitive,Competitive agents,5,1.0,central_full,Central clearing,95,6,21,16,35
27,need_based_to_competitive,Need-based → competitive,Competitive agents,5,1.0,central_full,Central clearing,159,17,25,14,58
28,need_based_to_competitive,Need-based → competitive,Competitive agents,5,1.0,central_full,Central clearing,124,19,19,5,46
29,need_based_to_competitive,Need-based → competitive,Competitive agents,5,1.0,central_full,Central clearing,143,17,19,9,50
30,need_based_to_competitive,Need-based → competitive,Competitive agents,5,1.0,central_full,Central clearing,169,30,11,5,64
31,need_based_to_competitive,Need-based → competitive,Competitive agents,5,1.0,central_full,Central clearing,156,22,17,7,60
32,need_based_to_competitive,Need-based → competitive,Competitive agents,5,1.0,central_full,Central clearing,179,27,22,6,60
33,need_based_to_competitive,Need-based → competitive,Competitive agents,5,1.0,central_full,Central clearing,139,27,3,12,42
34,need_based_to_competitive,Need-based → competitive,Competitive agents,5,1.0,central_full,Central clearing,136,17,24,4,50
35,need_based_to_competitive,Need-based → competitive,Competitive agents,5,1.0,central_full,Central clearing,150,25,12,12,44
36,need_based_to_competitive,Need-based → competitive,Competitive agents,5,1.0,central_full,Central clearing,150,25,12,3,57
37,need_based_to_competitive,Need-based → competitive,Competitive agents,5,1.0,central_full,Central clearing,136,22,15,12,52
38,need_based_to_competitive,Need-based → competitive,Competitive agents,5,1.0,central_full,Central clearing,159,30,6,9,61
39,need_based_to_competitive,Need-based → competitive,Competitive agents,5,1.0,central_full,Central clearing,140,17,22,8,39
40,need_based_to_competitive,Need-based → competitive,Competitive agents,5,1.0,central_full,Central clearing,164,27,18,5,57
41,need_based_to_competitive,Need-based → competitive,Competitive agents,5,1.0,central_full,Central clearing,146,17,22,8,63
42,need_based_to_competitive,Need-based → competitive,Competitive agents,5,1.0,central_full,Central clearing,105,9,25,7,42
43,need_based_to_competitive,Need-based → competitive,Competitive agents,5,1.0,central_full,Central clearing,142,22,11,8,52
44,need_based_to_competitive,Need-based → competitive,Competitive agents,5,1.0,central_full,Central clearing,156,27,8,8,55
45,need_based_to_competitive,Need-based → competitive,Competitive agents,5,1.0,central_full,Central clearing,127,14,23,14,47
46,need_based_to_competitive,Need-based → competitive,Competitive agents,5,1.0,central_full,Central clearing,109,14,21,6,50
47,need_based_to_competitive,Need-based → competitive,Competitive agents,5,1.0,central_full,Central clearing,147,22,24,11,50
48,need_based_to_competitive,Need-based → competitive,Competitive agents,5,1.0,central_full,Central clearing,133,22,14,6,54
49,need_based_to_competitive,Need-based → competitive,Competitive agents,5,1.0,central_full,Central clearing,141,22,12,11,43
50,need_based_to_competitive,Need-based → competitive,Competitive agents,5,1.0,central_full,Central clearing,116,12,18,11,43
51,need_based_to_competitive,Need-based → competitive,Competitive agents,5,1.0,central_full,Central clearing,155,20,23,11,51
52,need_based_to_competitive,Need-based → competitive,Competitive agents,5,1.0,central_full,Central clearing,97,12,15,16,39
53,need_based_to_competitive,Need-based → competitive,Competitive agents,5,1.0,central_full,Central clearing,163,28,13,2,51
54,need_based_to_competitive,Need-based → competitive,Competitive agents,5,1.0,central_full,Central clearing,125,17,15,8,44
55,need_based_to_competitive,Need-based → competitive,Competitive agents,5,1.0,central_full,Central clearing,134,14,29,15,50
56,need_based_to_competitive,Need-based → competitive,Competitive agents,5,1.0,central_full,Central clearing,128,17,19,5,47
57,need_based_to_competitive,Need-based → competitive,Competitive agents,5,1.0,central_full,Central clearing,175,30,17,6,57
58,need_based_to_competitive,Need-based → competitive,Competitive agents,5,1.0,central_full,Central clearing,98,17,5,12,55
59,need_based_to_competitive,Need-based → competitive,Competitive agents,5,1.0,central_full,Central clearing,173,27,17,10,57
60,need_based_to_competitive,Need-based → competitive,Competitive agents,5,1.0,central_full,Central clearing,160,22,21,10,62
61,need_based_to_competitive,Need-based → competitive,Competitive agents,5,1.0,central_full,Central clearing,153,22,16,6,49
62,need_based_to_competitive,Need-based → competitive,Competitive agents,5,1.0,central_full,Central clearing,157,22,16,10,36
63,need_based_to_competitive,Need-based → competitive,Competitive agents,5,1.0,central_full,Central clearing,156,27,9,5,62
64,need_based_to_competitive,Need-based → competitive,Competitive agents,5,1.0,central_full,Central clearing,163,19,26,8,53
65,need_based_to_competitive,Need-based → competitive,Competitive agents,5,1.0,central_full,Central clearing,138,19,23,7,47
66,need_based_to_competitive,Need-based → competitive,Competitive agents,5,1.0,central_full,Central clearing,153,22,22,5,50
67,need_based_to_competitive,Need-based → competitive,Competitive agents,5,1.0,central_full,Central clearing,141,20,16,13,53
68,need_based_to_competitive,Need-based → competitive,Competitive agents,5,1.0,central_full,Central clearing,113,9,22,7,34
69,need_based_to_competitive,Need-based → competitive,Competitive agents,5,1.0,central_full,Central clearing,130,17,17,4,44
70,need_based_to_competitive,Need-based → competitive,Competitive agents,5,1.0,central_full,Central clearing,152,22,19,5,42
71,need_based_to_competitive,Need-based → competitive,Competitive agents,5,1.0,central_full,Central clearing,174,28,12,3,60
72,need_based_to_competitive,Need-based → competitive,Competitive agents,5,1.0,central_full,Central clearing,164,25,16,5,56
73,need_based_to_competitive,Need-based → competitive,Competitive agents,5,1.0,central_full,Central clearing,159,28,9,8,56
74,need_based_to_competitive,Need-based → competitive,Competitive agents,5,1.0,central_full,Central clearing,178,30,16,5,57
75,need_based_to_competitive,Need-based → competitive,Competitive agents,5,1.0,central_full,Central clearing,133,14,28,10,58
76,need_based_to_competitive,Need-based → competitive,Competitive agents,5,1.0,central_full,Central clearing,110,17,13,13,46
77,need_based_to_competitive,Need-based → competitive,Competitive agents,5,1.0,central_full,Central clearing,151,25,11,7,64
78,need_based_to_competitive,Need-based → competitive,Competitive agents,5,1.0,central_full,Central clearing,159,25,13,19,52
79,need_based_to_competitive,Need-based → competitive,Competitive agents,5,1.0,central_full,Central clearing,108,9,24,10,45
80,need_based_to_competitive,Need-based → competitive,Competitive agents,5,1.0,central_full,Central clearing,176,27,17,6,54
81,need_based_to_competitive,Need-based → competitive,Competitive agents,5,1.0,central_full,Central clearing,188,27,22,6,58
82,need_based_to_competitive,Need-based → competitive,Competitive agents,5,1.0,central_full,Central clearing,112,9,21,5,42
83,need_based_to_competitive,Need-based → competitive,Competitive agents,5,1.0,central_full,Central clearing,145,22,17,4,56
84,need_based_to_competitive,Need-based → competitive,Competitive agents,5,1.0,central_full,Central clearing,129,17,14,7,56
85,need_based_to_competitive,Need-based → competitive,Competitive agents,5,1.0,central_full,Central clearing,178,29,17,14,65
86,need_based_to_competitive,Need-based → competitive,Competitive agents,5,1.0,central_full,Central clearing,133,19,22,9,36
87,need_based_to_competitive,Need-based → competitive,Competitive agents,5,1.0,central_full,Central clearing,159,25,19,8,48
88,need_based_to_competitive,Need-based → competitive,Competitive agents,5,1.0,central_full,Central clearing,84,11,13,8,30
89,need_based_to_competitive,Need-based → competitive,Competitive agents,5,1.0,central_full,Central clearing,187,27,17,6,54
90,need_based_to_competitive,Need-based → competitive,Competitive agents,5,1.0,central_full,Central clearing,150,21,14,8,49
91,need_based_to_competitive,Need-based → competitive,Competitive agents,5,1.0,central_full,Central clearing,147,25,11,8,63
92,need_based_to_competitive,Need-based → competitive,Competitive agents,5,1.0,central_full,Central clearing,168,27,15,7,57
93,need_based_to_competitive,Need-based → competitive,Competitive agents,5,1.0,central_full,Central clearing,129,22,8,9,59
94,need_based_to_competitive,Need-based → competitive,Competitive agents,5,1.0,central_full,Central clearing,170,14,28,11,53
95,need_based_to_competitive,Need-based → competitive,Competitive agents,5,1.0,central_full,Central clearing,146,22,16,6,61
96,need_based_to_competitive,Need-based → competitive,Competitive agents,5,1.0,central_full,Central clearing,162,23,21,5,62
97,need_based_to_competitive,Need-based → competitive,Competitive agents,5,1.0,central_full,Central clearing,111,12,23,15,46
98,need_based_to_competitive,Need-based → competitive,Competitive agents,5,1.0,central_full,Central clearing,133,14,19,6,40
99,need_based_to_competitive,Need-based → competitive,Competitive agents,5,1.0,central_full,Central clearing,168,22,28,7,59
0,need_based_to_competitive,Need-based → competitive,Competitive agents,5,1.0,equity_central,Equity central,136,19,21,6,52
1,need_based_to_competitive,Need-based → competitive,Competitive agents,5,1.0,equity_central,Equity central,114,17,21,6,52
2,need_based_to_competitive,Need-based → competitive,Competitive agents,5,1.0,equity_central,Equity central,130,22,19,9,54
3,need_based_to_competitive,Need-based → competitive,Competitive agents,5,1.0,equity_central,Equity central,177,27,20,8,59
4,need_based_to_competitive,Need-based → competitive,Competitive agents,5,1.0,equity_central,Equity central,76,6,19,18,43
5,need_based_to_competitive,Need-based → competitive,Competitive agents,5,1.0,equity_central,Equity central,154,25,11,9,55
6,need_based_to_competitive,Need-based → competitive,Competitive agents,5,1.0,equity_central,Equity central,67,9,10,17,35
7,need_based_to_competitive,Need-based → competitive,Competitive agents,5,1.0,equity_central,Equity central,150,25,13,7,53
8,need_based_to_competitive,Need-based → competitive,Competitive agents,5,1.0,equity_central,Equity central,128,17,30,5,54
9,need_based_to_competitive,Need-based → competitive,Competitive agents,5,1.0,equity_central,Equity central,109,17,16,15,44
10,need_based_to_competitive,Need-based → competitive,Competitive agents,5,1.0,equity_central,Equity central,165,27,11,10,64
11,need_based_to_competitive,Need-based → competitive,Competitive agents,5,1.0,equity_central,Equity central,128,17,26,10,40
12,need_based_to_competitive,Need-based → competitive,Competitive agents,5,1.0,equity_central,Equity central,126,14,23,13,39
13,need_based_to_competitive,Need-based → competitive,Competitive agents,5,1.0,equity_central,Equity central,140,22,14,7,45
14,need_based_to_competitive,Need-based → competitive,Competitive agents,5,1.0,equity_central,Equity central,119,19,12,6,50
15,need_based_to_competitive,Need-based → competitive,Competitive agents,5,1.0,equity_central,Equity central,130,17,23,4,58
16,need_based_to_competitive,Need-based → competitive,Competitive agents,5,1.0,equity_central,Equity central,122,14,27,5,37
17,need_based_to_competitive,Need-based → competitive,Competitive agents,5,1.0,equity_central,Equity central,93,9,21,16,35
18,need_based_to_competitive,Need-based → competitive,Competitive agents,5,1.0,equity_central,Equity central,161,19,24,12,61
19,need_based_to_competitive,Need-based → competitive,Competitive agents,5,1.0,equity_central,Equity central,169,32,4,11,61
20,need_based_to_competitive,Need-based → competitive,Competitive agents,5,1.0,equity_central,Equity central,161,27,12,7,68
21,need_based_to_competitive,Need-based → competitive,Competitive agents,5,1.0,equity_central,Equity central,133,22,8,6,48
22,need_based_to_competitive,Need-based → competitive,Competitive agents,5,1.0,equity_central,Equity central,186,30,12,6,62
23,need_based_to_competitive,Need-based → competitive,Competitive agents,5,1.0,equity_central,Equity central,176,30,16,7,57
24,need_based_to_competitive,Need-based → competitive,Competitive agents,5,1.0,equity_central,Equity central,159,27,9,7,56
25,need_based_to_competitive,Need-based → competitive,Competitive agents,5,1.0,equity_central,Equity central,179,30,17,5,66
26,need_based_to_competitive,Need-based → competitive,Competitive agents,5,1.0,equity_central,Equity central,106,14,19,14,39
27,need_based_to_competitive,Need-based → competitive,Competitive agents,5,1.0,equity_central,Equity central,175,30,11,12,52
28,need_based_to_competitive,Need-based → competitive,Competitive agents,5,1.0,equity_central,Equity central,127,14,27,6,54
29,need_based_to_competitive,Need-based → competitive,Competitive agents,5,1.0,equity_central,Equity central,117,17,14,7,42
30,need_based_to_competitive,Need-based → competitive,Competitive agents,5,1.0,equity_central,Equity central,138,25,6,6,52
31,need_based_to_competitive,Need-based → competitive,Competitive agents,5,1.0,equity_central,Equity central,167,27,17,11,58
32,need_based_to_competitive,Need-based → competitive,Competitive agents,5,1.0,equity_central,Equity central,158,27,14,3,48
33,need_based_to_competitive,Need-based → competitive,Competitive agents,5,1.0,equity_central,Equity central,131,20,22,19,48
34,need_based_to_competitive,Need-based → competitive,Competitive agents,5,1.0,equity_central,Equity central,123,17,18,8,40
35,need_based_to_competitive,Need-based → competitive,Competitive agents,5,1.0,equity_central,Equity central,167,30,5,12,47
36,need_based_to_competitive,Need-based → competitive,Competitive agents,5,1.0,equity_central,Equity central,155,25,17,8,62
37,need_based_to_competitive,Need-based → competitive,Competitive agents,5,1.0,equity_central,Equity central,137,22,13,7,50
38,need_based_to_competitive,Need-based → competitive,Competitive agents,5,1.0,equity_central,Equity central,166,30,6,12,58
39,need_based_to_competitive,Need-based → competitive,Competitive agents,5,1.0,equity_central,Equity central,112,14,15,8,37
40,need_based_to_competitive,Need-based → competitive,Competitive agents,5,1.0,equity_central,Equity central,129,19,11,9,66
41,need_based_to_competitive,Need-based → competitive,Competitive agents,5,1.0,equity_central,Equity central,153,22,22,4,60
42,need_based_to_competitive,Need-based → competitive,Competitive agents,5,1.0,equity_central,Equity central,95,16,6,14,42
43,need_based_to_competitive,Need-based → competitive,Competitive agents,5,1.0,equity_central,Equity central,139,22,8,10,60
44,need_based_to_competitive,Need-based → competitive,Competitive agents,5,1.0,equity_central,Equity central,164,30,5,5,60
45,need_based_to_competitive,Need-based → competitive,Competitive agents,5,1.0,equity_central,Equity central,130,22,8,18,45
46,need_based_to_competitive,Need-based → competitive,Competitive agents,5,1.0,equity_central,Equity central,161,27,11,9,75
47,need_based_to_competitive,Need-based → competitive,Competitive agents,5,1.0,equity_central,Equity central,148,22,20,11,47
48,need_based_to_competitive,Need-based → competitive,Competitive agents,5,1.0,equity_central,Equity central,117,17,14,7,55
49,need_based_to_competitive,Need-based → competitive,Competitive agents,5,1.0,equity_central,Equity central,127,20,10,5,41
50,need_based_to_competitive,Need-based → competitive,Competitive agents,5,1.0,equity_central,Equity central,101,12,13,16,44
51,need_based_to_competitive,Need-based → competitive,Competitive agents,5,1.0,equity_central,Equity central,160,25,10,7,57
52,need_based_to_competitive,Need-based → competitive,Competitive agents,5,1.0,equity_central,Equity central,112,19,9,9,49
53,need_based_to_competitive,Need-based → competitive,Competitive agents,5,1.0,equity_central,Equity central,152,25,13,9,42
54,need_based_to_competitive,Need-based → competitive,Competitive agents,5,1.0,equity_central,Equity central,141,25,6,6,46
55,need_based_to_competitive,Need-based → competitive,Competitive agents,5,1.0,equity_central,Equity central,136,17,25,19,49
56,need_based_to_competitive,Need-based → competitive,Competitive agents,5,1.0,equity_central,Equity central,115,17,17,4,44
57,need_based_to_competitive,Need-based → competitive,Competitive agents,5,1.0,equity_central,Equity central,173,30,8,5,63
58,need_based_to_competitive,Need-based → competitive,Competitive agents,5,1.0,equity_central,Equity central,78,14,5,19,47
59,need_based_to_competitive,Need-based → competitive,Competitive agents,5,1.0,equity_central,Equity central,185,27,16,6,60
60,need_based_to_competitive,Need-based → competitive,Competitive agents,5,1.0,equity_central,Equity central,166,25,21,8,61
61,need_based_to_competitive,Need-based → competitive,Competitive agents,5,1.0,equity_central,Equity central,115,17,18,13,50
62,need_based_to_competitive,Need-based → competitive,Competitive agents,5,1.0,equity_central,Equity central,157,22,16,10,36
63,need_based_to_competitive,Need-based → competitive,Competitive agents,5,1.0,equity_central,Equity central,140,22,14,4,55
64,need_based_to_competitive,Need-based → competitive,Competitive agents,5,1.0,equity_central,Equity central,171,22,21,8,57
65,need_based_to_competitive,Need-based → competitive,Competitive agents,5,1.0,equity_central,Equity central,144,19,23,5,52
66,need_based_to_competitive,Need-based → competitive,Competitive agents,5,1.0,equity_central,Equity central,140,22,17,3,50
67,need_based_to_competitive,Need-based → competitive,Competitive agents,5,1.0,equity_central,Equity central,122,15,23,12,42
68,need_based_to_competitive,Need-based → competitive,Competitive agents,5,1.0,equity_central,Equity central,102,19,3,8,40
69,need_based_to_competitive,Need-based → competitive,Competitive agents,5,1.0,equity_central,Equity central,109,14,16,11,45
70,need_based_to_competitive,Need-based → competitive,Competitive agents,5,1.0,equity_central,Equity central,172,30,13,6,61
71,need_based_to_competitive,Need-based → competitive,Competitive agents,5,1.0,equity_central,Equity central,158,22,16,6,50
72,need_based_to_competitive,Need-based → competitive,Competitive agents,5,1.0,equity_central,Equity central,165,30,8,6,58
73,need_based_to_competitive,Need-based → competitive,Competitive agents,5,1.0,equity_central,Equity central,155,27,9,11,52
74,need_based_to_competitive,Need-based → competitive,Competitive agents,5,1.0,equity_central,Equity central,171,27,16,6,65
75,need_based_to_competitive,Need-based → competitive,Competitive agents,5,1.0,equity_central,Equity central,122,14,19,10,51
76,need_based_to_competitive,Need-based → competitive,Competitive agents,5,1.0,equity_central,Equity central,138,27,3,12,60
77,need_based_to_competitive,Need-based → competitive,Competitive agents,5,1.0,equity_central,Equity central,146,22,14,9,56
78,need_based_to_competitive,Need-based → competitive,Competitive agents,5,1.0,equity_central,Equity central,150,22,17,11,50
79,need_based_to_competitive,Need-based → competitive,Competitive agents,5,1.0,equity_central,Equity central,91,13,12,15,50
80,need_based_to_competitive,Need-based → competitive,Competitive agents,5,1.0,equity_central,Equity central,116,20,7,16,44
81,need_based_to_competitive,Need-based → competitive,Competitive agents,5,1.0,equity_central,Equity central,172,30,7,4,55
82,need_based_to_competitive,Need-based → competitive,Competitive agents,5,1.0,equity_central,Equity central,91,14,11,18,42
83,need_based_to_competitive,Need-based → competitive,Competitive agents,5,1.0,equity_central,Equity central,145,27,4,12,53
84,need_based_to_competitive,Need-based → competitive,Competitive agents,5,1.0,equity_central,Equity central,136,22,19,9,56
85,need_based_to_competitive,Need-based → competitive,Competitive agents,5,1.0,equity_central,Equity central,178,31,10,6,57
86,need_based_to_competitive,Need-based → competitive,Competitive agents,5,1.0,equity_central,Equity central,136,21,17,9,40
87,need_based_to_competitive,Need-based → competitive,Competitive agents,5,1.0,equity_central,Equity central,155,22,15,7,53
88,need_based_to_competitive,Need-based → competitive,Competitive agents,5,1.0,equity_central,Equity central,75,11,11,15,28
89,need_based_to_competitive,Need-based → competitive,Competitive agents,5,1.0,equity_central,Equity central,178,27,15,10,53
90,need_based_to_competitive,Need-based → competitive,Competitive agents,5,1.0,equity_central,Equity central,162,30,8,8,49
91,need_based_to_competitive,Need-based → competitive,Competitive agents,5,1.0,equity_central,Equity central,163,27,16,8,56
92,need_based_to_competitive,Need-based → competitive,Competitive agents,5,1.0,equity_central,Equity central,138,25,5,12,51
93,need_based_to_competitive,Need-based → competitive,Competitive agents,5,1.0,equity_central,Equity central,107,15,21,6,48
94,need_based_to_competitive,Need-based → competitive,Competitive agents,5,1.0,equity_central,Equity central,169,14,32,11,58
95,need_based_to_competitive,Need-based → competitive,Competitive agents,5,1.0,equity_central,Equity central,141,22,14,8,61
96,need_based_to_competitive,Need-based → competitive,Competitive agents,5,1.0,equity_central,Equity central,149,25,11,10,65
97,need_based_to_competitive,Need-based → competitive,Competitive agents,5,1.0,equity_central,Equity central,128,17,13,6,45
98,need_based_to_competitive,Need-based → competitive,Competitive agents,5,1.0,equity_central,Equity central,112,17,10,7,45
99,need_based_to_competitive,Need-based → competitive,Competitive agents,5,1.0,equity_central,Equity central,159,19,27,8,66
