q_state_key,action,training_state_visits,training_action_updates
"0,3,2,2,0,0,0",bilateral_3pass,2648,121
"0,3,2,2,0,0,0",clearinghouse,2648,117
"0,3,2,2,0,0,0",public_pool,2648,1907
"0,3,2,2,0,0,0",subsidized_catch_up,2648,131
"0,3,2,2,0,0,0",central_cap2,2648,116
"0,3,2,2,0,0,0",equity_cap2,2648,122
"0,3,2,2,0,0,0",central_full,2648,134
"0,3,1,2,0,0,3",bilateral_3pass,91,8
"0,3,1,2,0,0,3",clearinghouse,91,6
"0,3,1,2,0,0,3",public_pool,91,43
"0,3,1,2,0,0,3",subsidized_catch_up,91,15
"0,3,1,2,0,0,3",central_cap2,91,7
"0,3,1,2,0,0,3",equity_cap2,91,4
"0,3,1,2,0,0,3",central_full,91,8
"0,2,1,2,0,0,3",bilateral_3pass,511,36
"0,2,1,2,0,0,3",clearinghouse,511,403
"0,2,1,2,0,0,3",public_pool,511,12
"0,2,1,2,0,0,3",subsidized_catch_up,511,34
"0,2,1,2,0,0,3",central_cap2,511,13
"0,2,1,2,0,0,3",equity_cap2,511,13
"0,2,1,2,0,0,3",central_full,511,0
"0,3,1,1,0,0,0",bilateral_3pass,3549,173
"0,3,1,1,0,0,0",clearinghouse,3549,173
"0,3,1,1,0,0,0",public_pool,3549,168
"0,3,1,1,0,0,0",subsidized_catch_up,3549,175
"0,3,1,1,0,0,0",central_cap2,3549,202
"0,3,1,1,0,0,0",equity_cap2,3549,163
"0,3,1,1,0,0,0",central_full,3549,2495
"0,2,2,1,0,0,2",bilateral_3pass,284,11
"0,2,2,1,0,0,2",clearinghouse,284,14
"0,2,2,1,0,0,2",public_pool,284,13
"0,2,2,1,0,0,2",subsidized_catch_up,284,224
"0,2,2,1,0,0,2",central_cap2,284,7
"0,2,2,1,0,0,2",equity_cap2,284,15
"0,2,2,1,0,0,2",central_full,284,0
"1,1,0,2,0,0,1",bilateral_3pass,22,22
"1,1,0,2,0,0,1",clearinghouse,22,0
"1,1,0,2,0,0,1",public_pool,22,0
"1,1,0,2,0,0,1",subsidized_catch_up,22,0
"1,1,0,2,0,0,1",central_cap2,22,0
"1,1,0,2,0,0,1",equity_cap2,22,0
"1,1,0,2,0,0,1",central_full,22,0
"1,1,2,3,0,0,0",bilateral_3pass,245,245
"1,1,2,3,0,0,0",clearinghouse,245,0
"1,1,2,3,0,0,0",public_pool,245,0
"1,1,2,3,0,0,0",subsidized_catch_up,245,0
"1,1,2,3,0,0,0",central_cap2,245,0
"1,1,2,3,0,0,0",equity_cap2,245,0
"1,1,2,3,0,0,0",central_full,245,0
"1,2,1,3,0,0,0",bilateral_3pass,794,61
"1,2,1,3,0,0,0",clearinghouse,794,630
"1,2,1,3,0,0,0",public_pool,794,14
"1,2,1,3,0,0,0",subsidized_catch_up,794,67
"1,2,1,3,0,0,0",central_cap2,794,11
"1,2,1,3,0,0,0",equity_cap2,794,11
"1,2,1,3,0,0,0",central_full,794,0
"1,1,2,3,0,1,3",bilateral_3pass,932,855
"1,1,2,3,0,1,3",clearinghouse,932,0
"1,1,2,3,0,1,3",public_pool,932,0
"1,1,2,3,0,1,3",subsidized_catch_up,932,77
"1,1,2,3,0,1,3",central_cap2,932,0
"1,1,2,3,0,1,3",equity_cap2,932,0
"1,1,2,3,0,1,3",central_full,932,0
"1,1,1,3,1,1,0",bilateral_3pass,466,466
"1,1,1,3,1,1,0",clearinghouse,466,0
"1,1,1,3,1,1,0",public_pool,466,0
"1,1,1,3,1,1,0",subsidized_catch_up,466,0
"1,1,1,3,1,1,0",central_cap2,466,0
"1,1,1,3,1,1,0",equity_cap2,466,0
"1,1,1,3,1,1,0",central_full,466,0
"2,2,1,3,2,1,0",bilateral_3pass,932,68
"2,2,1,3,2,1,0",clearinghouse,932,90
"2,2,1,3,2,1,0",public_pool,932,24
"2,2,1,3,2,1,0",subsidized_catch_up,932,704
"2,2,1,3,2,1,0",central_cap2,932,19
"2,2,1,3,2,1,0",equity_cap2,932,27
"2,2,1,3,2,1,0",central_full,932,0
"2,1,1,2,2,1,1",bilateral_3pass,110,104
"2,1,1,2,2,1,1",clearinghouse,110,6
"2,1,1,2,2,1,1",public_pool,110,0
"2,1,1,2,2,1,1",subsidized_catch_up,110,0
"2,1,1,2,2,1,1",central_cap2,110,0
"2,1,1,2,2,1,1",equity_cap2,110,0
"2,1,1,2,2,1,1",central_full,110,0
"2,1,1,3,2,2,0",bilateral_3pass,179,179
"2,1,1,3,2,2,0",clearinghouse,179,0
"2,1,1,3,2,2,0",public_pool,179,0
"2,1,1,3,2,2,0",subsidized_catch_up,179,0
"2,1,1,3,2,2,0",central_cap2,179,0
"2,1,1,3,2,2,0",equity_cap2,179,0
"2,1,1,3,2,2,0",central_full,179,0
"2,2,1,2,2,1,0",bilateral_3pass,621,67
"2,2,1,2,2,1,0",clearinghouse,621,63
"2,2,1,2,2,1,0",public_pool,621,12
"2,2,1,2,2,1,0",subsidized_catch_up,621,458
"2,2,1,2,2,1,0",central_cap2,621,12
"2,2,1,2,2,1,0",equity_cap2,621,9
"2,2,1,2,2,1,0",central_full,621,0
"2,2,2,1,2,1,0",bilateral_3pass,452,41
"2,2,2,1,2,1,0",clearinghouse,452,27
"2,2,2,1,2,1,0",public_pool,452,11
"2,2,2,1,2,1,0",subsidized_catch_up,452,355
"2,2,2,1,2,1,0",central_cap2,452,10
"2,2,2,1,2,1,0",equity_cap2,452,8
"2,2,2,1,2,1,0",central_full,452,0
"3,2,1,3,2,1,1",bilateral_3pass,145,12
"3,2,1,3,2,1,1",clearinghouse,145,129
"3,2,1,3,2,1,1",public_pool,145,0
"3,2,1,3,2,1,1",subsidized_catch_up,145,2
"3,2,1,3,2,1,1",central_cap2,145,1
"3,2,1,3,2,1,1",equity_cap2,145,1
"3,2,1,3,2,1,1",central_full,145,0
"3,1,2,1,2,1,3",bilateral_3pass,181,165
"3,1,2,1,2,1,3",clearinghouse,181,0
"3,1,2,1,2,1,3",public_pool,181,0
"3,1,2,1,2,1,3",subsidized_catch_up,181,16
"3,1,2,1,2,1,3",central_cap2,181,0
"3,1,2,1,2,1,3",equity_cap2,181,0
"3,1,2,1,2,1,3",central_full,181,0
"3,1,1,3,2,1,0",bilateral_3pass,707,707
"3,1,1,3,2,1,0",clearinghouse,707,0
"3,1,1,3,2,1,0",public_pool,707,0
"3,1,1,3,2,1,0",subsidized_catch_up,707,0
"3,1,1,3,2,1,0",central_cap2,707,0
"3,1,1,3,2,1,0",equity_cap2,707,0
"3,1,1,3,2,1,0",central_full,707,0
"3,2,1,3,2,1,0",bilateral_3pass,2295,1753
"3,2,1,3,2,1,0",clearinghouse,2295,212
"3,2,1,3,2,1,0",public_pool,2295,52
"3,2,1,3,2,1,0",subsidized_catch_up,2295,183
"3,2,1,3,2,1,0",central_cap2,2295,50
"3,2,1,3,2,1,0",equity_cap2,2295,45
"3,2,1,3,2,1,0",central_full,2295,0
"3,1,1,3,2,1,3",bilateral_3pass,557,500
"3,1,1,3,2,1,3",clearinghouse,557,0
"3,1,1,3,2,1,3",public_pool,557,0
"3,1,1,3,2,1,3",subsidized_catch_up,557,57
"3,1,1,3,2,1,3",central_cap2,557,0
"3,1,1,3,2,1,3",equity_cap2,557,0
"3,1,1,3,2,1,3",central_full,557,0
"0,2,1,3,0,0,5",bilateral_3pass,191,14
"0,2,1,3,0,0,5",clearinghouse,191,19
"0,2,1,3,0,0,5",public_pool,191,8
"0,2,1,3,0,0,5",subsidized_catch_up,191,124
"0,2,1,3,0,0,5",central_cap2,191,5
"0,2,1,3,0,0,5",equity_cap2,191,21
"0,2,1,3,0,0,5",central_full,191,0
"0,1,1,2,0,0,2",bilateral_3pass,55,55
"0,1,1,2,0,0,2",clearinghouse,55,0
"0,1,1,2,0,0,2",public_pool,55,0
"0,1,1,2,0,0,2",subsidized_catch_up,55,0
"0,1,1,2,0,0,2",central_cap2,55,0
"0,1,1,2,0,0,2",equity_cap2,55,0
"0,1,1,2,0,0,2",central_full,55,0
"0,2,1,3,0,0,0",bilateral_3pass,602,50
"0,2,1,3,0,0,0",clearinghouse,602,48
"0,2,1,3,0,0,0",public_pool,602,10
"0,2,1,3,0,0,0",subsidized_catch_up,602,471
"0,2,1,3,0,0,0",central_cap2,602,16
"0,2,1,3,0,0,0",equity_cap2,602,7
"0,2,1,3,0,0,0",central_full,602,0
"0,1,2,3,0,1,1",bilateral_3pass,152,146
"0,1,2,3,0,1,1",clearinghouse,152,6
"0,1,2,3,0,1,1",public_pool,152,0
"0,1,2,3,0,1,1",subsidized_catch_up,152,0
"0,1,2,3,0,1,1",central_cap2,152,0
"0,1,2,3,0,1,1",equity_cap2,152,0
"0,1,2,3,0,1,1",central_full,152,0
"1,2,1,2,1,1,0",bilateral_3pass,988,746
"1,2,1,2,1,1,0",clearinghouse,988,77
"1,2,1,2,1,1,0",public_pool,988,17
"1,2,1,2,1,1,0",subsidized_catch_up,988,100
"1,2,1,2,1,1,0",central_cap2,988,29
"1,2,1,2,1,1,0",equity_cap2,988,19
"1,2,1,2,1,1,0",central_full,988,0
"1,1,2,3,1,1,3",bilateral_3pass,177,155
"1,1,2,3,1,1,3",clearinghouse,177,0
"1,1,2,3,1,1,3",public_pool,177,0
"1,1,2,3,1,1,3",subsidized_catch_up,177,22
"1,1,2,3,1,1,3",central_cap2,177,0
"1,1,2,3,1,1,3",equity_cap2,177,0
"1,1,2,3,1,1,3",central_full,177,0
"1,1,2,3,1,2,0",bilateral_3pass,41,41
"1,1,2,3,1,2,0",clearinghouse,41,0
"1,1,2,3,1,2,0",public_pool,41,0
"1,1,2,3,1,2,0",subsidized_catch_up,41,0
"1,1,2,3,1,2,0",central_cap2,41,0
"1,1,2,3,1,2,0",equity_cap2,41,0
"1,1,2,3,1,2,0",central_full,41,0
"1,2,2,3,1,2,0",bilateral_3pass,140,12
"1,2,2,3,1,2,0",clearinghouse,140,106
"1,2,2,3,1,2,0",public_pool,140,2
"1,2,2,3,1,2,0",subsidized_catch_up,140,10
"1,2,2,3,1,2,0",central_cap2,140,5
"1,2,2,3,1,2,0",equity_cap2,140,5
"1,2,2,3,1,2,0",central_full,140,0
"2,2,1,1,1,2,0",bilateral_3pass,1695,141
"2,2,1,1,1,2,0",clearinghouse,1695,134
"2,2,1,1,1,2,0",public_pool,1695,35
"2,2,1,1,1,2,0",subsidized_catch_up,1695,1322
"2,2,1,1,1,2,0",central_cap2,1695,34
"2,2,1,1,1,2,0",equity_cap2,1695,29
"2,2,1,1,1,2,0",central_full,1695,0
"2,2,2,1,2,2,0",bilateral_3pass,276,205
"2,2,2,1,2,2,0",clearinghouse,276,27
"2,2,2,1,2,2,0",public_pool,276,4
"2,2,2,1,2,2,0",subsidized_catch_up,276,27
"2,2,2,1,2,2,0",central_cap2,276,6
"2,2,2,1,2,2,0",equity_cap2,276,7
"2,2,2,1,2,2,0",central_full,276,0
"2,2,1,1,2,1,3",bilateral_3pass,98,82
"2,2,1,1,2,1,3",clearinghouse,98,8
"2,2,1,1,2,1,3",public_pool,98,0
"2,2,1,1,2,1,3",subsidized_catch_up,98,7
"2,2,1,1,2,1,3",central_cap2,98,0
"2,2,1,1,2,1,3",equity_cap2,98,1
"2,2,1,1,2,1,3",central_full,98,0
"2,1,1,1,2,1,1",bilateral_3pass,196,185
"2,1,1,1,2,1,1",clearinghouse,196,11
"2,1,1,1,2,1,1",public_pool,196,0
"2,1,1,1,2,1,1",subsidized_catch_up,196,0
"2,1,1,1,2,1,1",central_cap2,196,0
"2,1,1,1,2,1,1",equity_cap2,196,0
"2,1,1,1,2,1,1",central_full,196,0
"2,1,1,1,2,1,0",bilateral_3pass,368,368
"2,1,1,1,2,1,0",clearinghouse,368,0
"2,1,1,1,2,1,0",public_pool,368,0
"2,1,1,1,2,1,0",subsidized_catch_up,368,0
"2,1,1,1,2,1,0",central_cap2,368,0
"2,1,1,1,2,1,0",equity_cap2,368,0
"2,1,1,1,2,1,0",central_full,368,0
"3,2,1,1,2,1,0",bilateral_3pass,2351,327
"3,2,1,1,2,1,0",clearinghouse,2351,1661
"3,2,1,1,2,1,0",public_pool,2351,59
"3,2,1,1,2,1,0",subsidized_catch_up,2351,212
"3,2,1,1,2,1,0",central_cap2,2351,47
"3,2,1,1,2,1,0",equity_cap2,2351,45
"3,2,1,1,2,1,0",central_full,2351,0
"3,1,1,1,2,1,1",bilateral_3pass,603,564
"3,1,1,1,2,1,1",clearinghouse,603,39
"3,1,1,1,2,1,1",public_pool,603,0
"3,1,1,1,2,1,1",subsidized_catch_up,603,0
"3,1,1,1,2,1,1",central_cap2,603,0
"3,1,1,1,2,1,1",equity_cap2,603,0
"3,1,1,1,2,1,1",central_full,603,0
"3,1,1,2,2,1,0",bilateral_3pass,387,387
"3,1,1,2,2,1,0",clearinghouse,387,0
"3,1,1,2,2,1,0",public_pool,387,0
"3,1,1,2,2,1,0",subsidized_catch_up,387,0
"3,1,1,2,2,1,0",central_cap2,387,0
"3,1,1,2,2,1,0",equity_cap2,387,0
"3,1,1,2,2,1,0",central_full,387,0
"3,2,1,2,2,1,0",bilateral_3pass,1124,847
"3,2,1,2,2,1,0",clearinghouse,1124,107
"3,2,1,2,2,1,0",public_pool,1124,28
"3,2,1,2,2,1,0",subsidized_catch_up,1124,96
"3,2,1,2,2,1,0",central_cap2,1124,23
"3,2,1,2,2,1,0",equity_cap2,1124,23
"3,2,1,2,2,1,0",central_full,1124,0
"3,1,1,1,2,1,3",bilateral_3pass,404,382
"3,1,1,1,2,1,3",clearinghouse,404,0
"3,1,1,1,2,1,3",public_pool,404,0
"3,1,1,1,2,1,3",subsidized_catch_up,404,22
"3,1,1,1,2,1,3",central_cap2,404,0
"3,1,1,1,2,1,3",equity_cap2,404,0
"3,1,1,1,2,1,3",central_full,404,0
"0,3,1,1,0,0,4",bilateral_3pass,129,11
"0,3,1,1,0,0,4",clearinghouse,129,12
"0,3,1,1,0,0,4",public_pool,129,14
"0,3,1,1,0,0,4",subsidized_catch_up,129,9
"0,3,1,1,0,0,4",central_cap2,129,64
"0,3,1,1,0,0,4",equity_cap2,129,11
"0,3,1,1,0,0,4",central_full,129,8
"0,2,0,2,0,0,3",bilateral_3pass,131,109
"0,2,0,2,0,0,3",clearinghouse,131,5
"0,2,0,2,0,0,3",public_pool,131,4
"0,2,0,2,0,0,3",subsidized_catch_up,131,6
"0,2,0,2,0,0,3",central_cap2,131,2
"0,2,0,2,0,0,3",equity_cap2,131,5
"0,2,0,2,0,0,3",central_full,131,0
"0,2,2,3,0,1,1",bilateral_3pass,20,13
"0,2,2,3,0,1,1",clearinghouse,20,3
"0,2,2,3,0,1,1",public_pool,20,1
"0,2,2,3,0,1,1",subsidized_catch_up,20,3
"0,2,2,3,0,1,1",central_cap2,20,0
"0,2,2,3,0,1,1",equity_cap2,20,0
"0,2,2,3,0,1,1",central_full,20,0
"0,1,1,2,0,1,1",bilateral_3pass,337,319
"0,1,1,2,0,1,1",clearinghouse,337,18
"0,1,1,2,0,1,1",public_pool,337,0
"0,1,1,2,0,1,1",subsidized_catch_up,337,0
"0,1,1,2,0,1,1",central_cap2,337,0
"0,1,1,2,0,1,1",equity_cap2,337,0
"0,1,1,2,0,1,1",central_full,337,0
"1,2,1,3,0,1,0",bilateral_3pass,2891,2238
"1,2,1,3,0,1,0",clearinghouse,2891,233
"1,2,1,3,0,1,0",public_pool,2891,55
"1,2,1,3,0,1,0",subsidized_catch_up,2891,272
"1,2,1,3,0,1,0",central_cap2,2891,40
"1,2,1,3,0,1,0",equity_cap2,2891,53
"1,2,1,3,0,1,0",central_full,2891,0
"1,1,1,3,0,1,3",bilateral_3pass,892,813
"1,1,1,3,0,1,3",clearinghouse,892,0
"1,1,1,3,0,1,3",public_pool,892,0
"1,1,1,3,0,1,3",subsidized_catch_up,892,79
"1,1,1,3,0,1,3",central_cap2,892,0
"1,1,1,3,0,1,3",equity_cap2,892,0
"1,1,1,3,0,1,3",central_full,892,0
"1,2,1,3,1,0,0",bilateral_3pass,456,359
"1,2,1,3,1,0,0",clearinghouse,456,40
"1,2,1,3,1,0,0",public_pool,456,10
"1,2,1,3,1,0,0",subsidized_catch_up,456,32
"1,2,1,3,1,0,0",central_cap2,456,9
"1,2,1,3,1,0,0",equity_cap2,456,6
"1,2,1,3,1,0,0",central_full,456,0
"1,2,2,3,1,1,0",bilateral_3pass,847,644
"1,2,2,3,1,1,0",clearinghouse,847,71
"1,2,2,3,1,1,0",public_pool,847,20
"1,2,2,3,1,1,0",subsidized_catch_up,847,67
"1,2,2,3,1,1,0",central_cap2,847,24
"1,2,2,3,1,1,0",equity_cap2,847,21
"1,2,2,3,1,1,0",central_full,847,0
"2,1,1,3,1,1,3",bilateral_3pass,456,419
"2,1,1,3,1,1,3",clearinghouse,456,0
"2,1,1,3,1,1,3",public_pool,456,0
"2,1,1,3,1,1,3",subsidized_catch_up,456,37
"2,1,1,3,1,1,3",central_cap2,456,0
"2,1,1,3,1,1,3",equity_cap2,456,0
"2,1,1,3,1,1,3",central_full,456,0
"2,2,2,3,2,1,0",bilateral_3pass,400,294
"2,2,2,3,2,1,0",clearinghouse,400,43
"2,2,2,3,2,1,0",public_pool,400,4
"2,2,2,3,2,1,0",subsidized_catch_up,400,40
"2,2,2,3,2,1,0",central_cap2,400,12
"2,2,2,3,2,1,0",equity_cap2,400,7
"2,2,2,3,2,1,0",central_full,400,0
"2,1,2,3,1,1,3",bilateral_3pass,357,319
"2,1,2,3,1,1,3",clearinghouse,357,0
"2,1,2,3,1,1,3",public_pool,357,0
"2,1,2,3,1,1,3",subsidized_catch_up,357,38
"2,1,2,3,1,1,3",central_cap2,357,0
"2,1,2,3,1,1,3",equity_cap2,357,0
"2,1,2,3,1,1,3",central_full,357,0
"2,1,2,3,1,2,0",bilateral_3pass,122,122
"2,1,2,3,1,2,0",clearinghouse,122,0
"2,1,2,3,1,2,0",public_pool,122,0
"2,1,2,3,1,2,0",subsidized_catch_up,122,0
"2,1,2,3,1,2,0",central_cap2,122,0
"2,1,2,3,1,2,0",equity_cap2,122,0
"2,1,2,3,1,2,0",central_full,122,0
"2,2,1,3,1,2,0",bilateral_3pass,757,609
"2,2,1,3,1,2,0",clearinghouse,757,52
"2,2,1,3,1,2,0",public_pool,757,17
"2,2,1,3,1,2,0",subsidized_catch_up,757,44
"2,2,1,3,1,2,0",central_cap2,757,22
"2,2,1,3,1,2,0",equity_cap2,757,13
"2,2,1,3,1,2,0",central_full,757,0
"3,2,2,1,1,2,0",bilateral_3pass,354,267
"3,2,2,1,1,2,0",clearinghouse,354,34
"3,2,2,1,1,2,0",public_pool,354,11
"3,2,2,1,1,2,0",subsidized_catch_up,354,28
"3,2,2,1,1,2,0",central_cap2,354,8
"3,2,2,1,1,2,0",equity_cap2,354,6
"3,2,2,1,1,2,0",central_full,354,0
"3,2,2,1,1,2,1",bilateral_3pass,22,2
"3,2,2,1,1,2,1",clearinghouse,22,19
"3,2,2,1,1,2,1",public_pool,22,0
"3,2,2,1,1,2,1",subsidized_catch_up,22,1
"3,2,2,1,1,2,1",central_cap2,22,0
"3,2,2,1,1,2,1",equity_cap2,22,0
"3,2,2,1,1,2,1",central_full,22,0
"3,2,0,3,1,2,1",bilateral_3pass,16,12
"3,2,0,3,1,2,1",clearinghouse,16,3
"3,2,0,3,1,2,1",public_pool,16,0
"3,2,0,3,1,2,1",subsidized_catch_up,16,1
"3,2,0,3,1,2,1",central_cap2,16,0
"3,2,0,3,1,2,1",equity_cap2,16,0
"3,2,0,3,1,2,1",central_full,16,0
"3,1,1,2,2,2,1",bilateral_3pass,345,325
"3,1,1,2,2,2,1",clearinghouse,345,20
"3,1,1,2,2,2,1",public_pool,345,0
"3,1,1,2,2,2,1",subsidized_catch_up,345,0
"3,1,1,2,2,2,1",central_cap2,345,0
"3,1,1,2,2,2,1",equity_cap2,345,0
"3,1,1,2,2,2,1",central_full,345,0
"0,3,2,3,0,0,0",bilateral_3pass,526,35
"0,3,2,3,0,0,0",clearinghouse,526,26
"0,3,2,3,0,0,0",public_pool,526,372
"0,3,2,3,0,0,0",subsidized_catch_up,526,24
"0,3,2,3,0,0,0",central_cap2,526,20
"0,3,2,3,0,0,0",equity_cap2,526,14
"0,3,2,3,0,0,0",central_full,526,35
"0,3,1,1,0,0,1",bilateral_3pass,305,33
"0,3,1,1,0,0,1",clearinghouse,305,33
"0,3,1,1,0,0,1",public_pool,305,34
"0,3,1,1,0,0,1",subsidized_catch_up,305,136
"0,3,1,1,0,0,1",central_cap2,305,26
"0,3,1,1,0,0,1",equity_cap2,305,25
"0,3,1,1,0,0,1",central_full,305,18
"0,2,0,1,0,0,3",bilateral_3pass,225,10
"0,2,0,1,0,0,3",clearinghouse,225,17
"0,2,0,1,0,0,3",public_pool,225,9
"0,2,0,1,0,0,3",subsidized_catch_up,225,175
"0,2,0,1,0,0,3",central_cap2,225,5
"0,2,0,1,0,0,3",equity_cap2,225,9
"0,2,0,1,0,0,3",central_full,225,0
"0,1,1,1,0,1,4",bilateral_3pass,97,97
"0,1,1,1,0,1,4",clearinghouse,97,0
"0,1,1,1,0,1,4",public_pool,97,0
"0,1,1,1,0,1,4",subsidized_catch_up,97,0
"0,1,1,1,0,1,4",central_cap2,97,0
"0,1,1,1,0,1,4",equity_cap2,97,0
"0,1,1,1,0,1,4",central_full,97,0
"0,2,2,2,0,1,0",bilateral_3pass,545,45
"0,2,2,2,0,1,0",clearinghouse,545,428
"0,2,2,2,0,1,0",public_pool,545,7
"0,2,2,2,0,1,0",subsidized_catch_up,545,44
"0,2,2,2,0,1,0",central_cap2,545,10
"0,2,2,2,0,1,0",equity_cap2,545,11
"0,2,2,2,0,1,0",central_full,545,0
"1,1,1,1,0,0,0",bilateral_3pass,204,204
"1,1,1,1,0,0,0",clearinghouse,204,0
"1,1,1,1,0,0,0",public_pool,204,0
"1,1,1,1,0,0,0",subsidized_catch_up,204,0
"1,1,1,1,0,0,0",central_cap2,204,0
"1,1,1,1,0,0,0",equity_cap2,204,0
"1,1,1,1,0,0,0",central_full,204,0
"1,1,1,3,1,1,1",bilateral_3pass,275,261
"1,1,1,3,1,1,1",clearinghouse,275,14
"1,1,1,3,1,1,1",public_pool,275,0
"1,1,1,3,1,1,1",subsidized_catch_up,275,0
"1,1,1,3,1,1,1",central_cap2,275,0
"1,1,1,3,1,1,1",equity_cap2,275,0
"1,1,1,3,1,1,1",central_full,275,0
"1,1,1,2,1,1,0",bilateral_3pass,283,283
"1,1,1,2,1,1,0",clearinghouse,283,0
"1,1,1,2,1,1,0",public_pool,283,0
"1,1,1,2,1,1,0",subsidized_catch_up,283,0
"1,1,1,2,1,1,0",central_cap2,283,0
"1,1,1,2,1,1,0",equity_cap2,283,0
"1,1,1,2,1,1,0",central_full,283,0
"2,2,1,3,1,0,0",bilateral_3pass,272,211
"2,2,1,3,1,0,0",clearinghouse,272,25
"2,2,1,3,1,0,0",public_pool,272,5
"2,2,1,3,1,0,0",subsidized_catch_up,272,17
"2,2,1,3,1,0,0",central_cap2,272,10
"2,2,1,3,1,0,0",equity_cap2,272,4
"2,2,1,3,1,0,0",central_full,272,0
"2,1,2,2,2,0,3",bilateral_3pass,39,32
"2,1,2,2,2,0,3",clearinghouse,39,0
"2,1,2,2,2,0,3",public_pool,39,0
"2,1,2,2,2,0,3",subsidized_catch_up,39,7
"2,1,2,2,2,0,3",central_cap2,39,0
"2,1,2,2,2,0,3",equity_cap2,39,0
"2,1,2,2,2,0,3",central_full,39,0
"2,1,2,2,2,1,0",bilateral_3pass,119,119
"2,1,2,2,2,1,0",clearinghouse,119,0
"2,1,2,2,2,1,0",public_pool,119,0
"2,1,2,2,2,1,0",subsidized_catch_up,119,0
"2,1,2,2,2,1,0",central_cap2,119,0
"2,1,2,2,2,1,0",equity_cap2,119,0
"2,1,2,2,2,1,0",central_full,119,0
"2,2,1,2,2,0,0",bilateral_3pass,93,70
"2,2,1,2,2,0,0",clearinghouse,93,10
"2,2,1,2,2,0,0",public_pool,93,1
"2,2,1,2,2,0,0",subsidized_catch_up,93,8
"2,2,1,2,2,0,0",central_cap2,93,1
"2,2,1,2,2,0,0",equity_cap2,93,3
"2,2,1,2,2,0,0",central_full,93,0
"2,2,1,3,2,0,0",bilateral_3pass,154,130
"2,2,1,3,2,0,0",clearinghouse,154,8
"2,2,1,3,2,0,0",public_pool,154,2
"2,2,1,3,2,0,0",subsidized_catch_up,154,7
"2,2,1,3,2,0,0",central_cap2,154,5
"2,2,1,3,2,0,0",equity_cap2,154,2
"2,2,1,3,2,0,0",central_full,154,0
"3,1,1,3,2,1,4",bilateral_3pass,66,66
"3,1,1,3,2,1,4",clearinghouse,66,0
"3,1,1,3,2,1,4",public_pool,66,0
"3,1,1,3,2,1,4",subsidized_catch_up,66,0
"3,1,1,3,2,1,4",central_cap2,66,0
"3,1,1,3,2,1,4",equity_cap2,66,0
"3,1,1,3,2,1,4",central_full,66,0
"3,2,0,3,2,1,0",bilateral_3pass,777,80
"3,2,0,3,2,1,0",clearinghouse,777,574
"3,2,0,3,2,1,0",public_pool,777,18
"3,2,0,3,2,1,0",subsidized_catch_up,777,69
"3,2,0,3,2,1,0",central_cap2,777,16
"3,2,0,3,2,1,0",equity_cap2,777,20
"3,2,0,3,2,1,0",central_full,777,0
"3,1,0,3,2,1,3",bilateral_3pass,124,115
"3,1,0,3,2,1,3",clearinghouse,124,0
"3,1,0,3,2,1,3",public_pool,124,0
"3,1,0,3,2,1,3",subsidized_catch_up,124,9
"3,1,0,3,2,1,3",central_cap2,124,0
"3,1,0,3,2,1,3",equity_cap2,124,0
"3,1,0,3,2,1,3",central_full,124,0
"3,1,2,2,2,0,0",bilateral_3pass,34,34
"3,1,2,2,2,0,0",clearinghouse,34,0
"3,1,2,2,2,0,0",public_pool,34,0
"3,1,2,2,2,0,0",subsidized_catch_up,34,0
"3,1,2,2,2,0,0",central_cap2,34,0
"3,1,2,2,2,0,0",equity_cap2,34,0
"3,1,2,2,2,0,0",central_full,34,0
"0,3,2,1,0,0,0",bilateral_3pass,5395,243
"0,3,2,1,0,0,0",clearinghouse,5395,251
"0,3,2,1,0,0,0",public_pool,5395,3864
"0,3,2,1,0,0,0",subsidized_catch_up,5395,256
"0,3,2,1,0,0,0",central_cap2,5395,297
"0,3,2,1,0,0,0",equity_cap2,5395,244
"0,3,2,1,0,0,0",central_full,5395,240
"0,2,1,2,0,0,6",bilateral_3pass,367,30
"0,2,1,2,0,0,6",clearinghouse,367,268
"0,2,1,2,0,0,6",public_pool,367,17
"0,2,1,2,0,0,6",subsidized_catch_up,367,17
"0,2,1,2,0,0,6",central_cap2,367,14
"0,2,1,2,0,0,6",equity_cap2,367,14
"0,2,1,2,0,0,6",central_full,367,7
"0,2,1,1,0,0,1",bilateral_3pass,686,533
"0,2,1,1,0,0,1",clearinghouse,686,54
"0,2,1,1,0,0,1",public_pool,686,15
"0,2,1,1,0,0,1",subsidized_catch_up,686,54
"0,2,1,1,0,0,1",central_cap2,686,14
"0,2,1,1,0,0,1",equity_cap2,686,16
"0,2,1,1,0,0,1",central_full,686,0
"0,1,1,1,0,0,3",bilateral_3pass,445,398
"0,1,1,1,0,0,3",clearinghouse,445,0
"0,1,1,1,0,0,3",public_pool,445,0
"0,1,1,1,0,0,3",subsidized_catch_up,445,47
"0,1,1,1,0,0,3",central_cap2,445,0
"0,1,1,1,0,0,3",equity_cap2,445,0
"0,1,1,1,0,0,3",central_full,445,0
"0,1,1,2,0,1,0",bilateral_3pass,330,330
"0,1,1,2,0,1,0",clearinghouse,330,0
"0,1,1,2,0,1,0",public_pool,330,0
"0,1,1,2,0,1,0",subsidized_catch_up,330,0
"0,1,1,2,0,1,0",central_cap2,330,0
"0,1,1,2,0,1,0",equity_cap2,330,0
"0,1,1,2,0,1,0",central_full,330,0
"1,2,1,1,0,1,0",bilateral_3pass,3080,318
"1,2,1,1,0,1,0",clearinghouse,3080,256
"1,2,1,1,0,1,0",public_pool,3080,62
"1,2,1,1,0,1,0",subsidized_catch_up,3080,2335
"1,2,1,1,0,1,0",central_cap2,3080,56
"1,2,1,1,0,1,0",equity_cap2,3080,53
"1,2,1,1,0,1,0",central_full,3080,0
"1,1,2,3,0,1,1",bilateral_3pass,411,384
"1,1,2,3,0,1,1",clearinghouse,411,27
"1,1,2,3,0,1,1",public_pool,411,0
"1,1,2,3,0,1,1",subsidized_catch_up,411,0
"1,1,2,3,0,1,1",central_cap2,411,0
"1,1,2,3,0,1,1",equity_cap2,411,0
"1,1,2,3,0,1,1",central_full,411,0
"1,1,1,1,0,1,1",bilateral_3pass,557,497
"1,1,1,1,0,1,1",clearinghouse,557,60
"1,1,1,1,0,1,1",public_pool,557,0
"1,1,1,1,0,1,1",subsidized_catch_up,557,0
"1,1,1,1,0,1,1",central_cap2,557,0
"1,1,1,1,0,1,1",equity_cap2,557,0
"1,1,1,1,0,1,1",central_full,557,0
"1,1,2,3,0,1,0",bilateral_3pass,745,745
"1,1,2,3,0,1,0",clearinghouse,745,0
"1,1,2,3,0,1,0",public_pool,745,0
"1,1,2,3,0,1,0",subsidized_catch_up,745,0
"1,1,2,3,0,1,0",central_cap2,745,0
"1,1,2,3,0,1,0",equity_cap2,745,0
"1,1,2,3,0,1,0",central_full,745,0
"1,2,2,1,0,1,0",bilateral_3pass,1414,998
"1,2,2,1,0,1,0",clearinghouse,1414,232
"1,2,2,1,0,1,0",public_pool,1414,32
"1,2,2,1,0,1,0",subsidized_catch_up,1414,111
"1,2,2,1,0,1,0",central_cap2,1414,28
"1,2,2,1,0,1,0",equity_cap2,1414,13
"1,2,2,1,0,1,0",central_full,1414,0
"2,1,1,1,0,2,1",bilateral_3pass,76,71
"2,1,1,1,0,2,1",clearinghouse,76,5
"2,1,1,1,0,2,1",public_pool,76,0
"2,1,1,1,0,2,1",subsidized_catch_up,76,0
"2,1,1,1,0,2,1",central_cap2,76,0
"2,1,1,1,0,2,1",equity_cap2,76,0
"2,1,1,1,0,2,1",central_full,76,0
"2,2,1,1,0,2,0",bilateral_3pass,459,313
"2,2,1,1,0,2,0",clearinghouse,459,34
"2,2,1,1,0,2,0",public_pool,459,11
"2,2,1,1,0,2,0",subsidized_catch_up,459,69
"2,2,1,1,0,2,0",central_cap2,459,17
"2,2,1,1,0,2,0",equity_cap2,459,15
"2,2,1,1,0,2,0",central_full,459,0
"2,1,1,2,1,2,1",bilateral_3pass,143,129
"2,1,1,2,1,2,1",clearinghouse,143,14
"2,1,1,2,1,2,1",public_pool,143,0
"2,1,1,2,1,2,1",subsidized_catch_up,143,0
"2,1,1,2,1,2,1",central_cap2,143,0
"2,1,1,2,1,2,1",equity_cap2,143,0
"2,1,1,2,1,2,1",central_full,143,0
"2,1,1,2,1,2,0",bilateral_3pass,201,201
"2,1,1,2,1,2,0",clearinghouse,201,0
"2,1,1,2,1,2,0",public_pool,201,0
"2,1,1,2,1,2,0",subsidized_catch_up,201,0
"2,1,1,2,1,2,0",central_cap2,201,0
"2,1,1,2,1,2,0",equity_cap2,201,0
"2,1,1,2,1,2,0",central_full,201,0
"2,2,1,1,2,2,0",bilateral_3pass,871,77
"2,2,1,1,2,2,0",clearinghouse,871,72
"2,2,1,1,2,2,0",public_pool,871,16
"2,2,1,1,2,2,0",subsidized_catch_up,871,676
"2,2,1,1,2,2,0",central_cap2,871,17
"2,2,1,1,2,2,0",equity_cap2,871,13
"2,2,1,1,2,2,0",central_full,871,0
"3,1,1,3,2,2,3",bilateral_3pass,643,584
"3,1,1,3,2,2,3",clearinghouse,643,0
"3,1,1,3,2,2,3",public_pool,643,0
"3,1,1,3,2,2,3",subsidized_catch_up,643,59
"3,1,1,3,2,2,3",central_cap2,643,0
"3,1,1,3,2,2,3",equity_cap2,643,0
"3,1,1,3,2,2,3",central_full,643,0
"3,2,1,3,2,2,0",bilateral_3pass,2409,1799
"3,2,1,3,2,2,0",clearinghouse,2409,224
"3,2,1,3,2,2,0",public_pool,2409,64
"3,2,1,3,2,2,0",subsidized_catch_up,2409,210
"3,2,1,3,2,2,0",central_cap2,2409,57
"3,2,1,3,2,2,0",equity_cap2,2409,55
"3,2,1,3,2,2,0",central_full,2409,0
"3,1,1,2,1,2,3",bilateral_3pass,125,112
"3,1,1,2,1,2,3",clearinghouse,125,0
"3,1,1,2,1,2,3",public_pool,125,0
"3,1,1,2,1,2,3",subsidized_catch_up,125,13
"3,1,1,2,1,2,3",central_cap2,125,0
"3,1,1,2,1,2,3",equity_cap2,125,0
"3,1,1,2,1,2,3",central_full,125,0
"0,2,2,3,0,0,2",bilateral_3pass,265,17
"0,2,2,3,0,0,2",clearinghouse,265,12
"0,2,2,3,0,0,2",public_pool,265,18
"0,2,2,3,0,0,2",subsidized_catch_up,265,197
"0,2,2,3,0,0,2",central_cap2,265,8
"0,2,2,3,0,0,2",equity_cap2,265,13
"0,2,2,3,0,0,2",central_full,265,0
"0,2,2,2,0,0,3",bilateral_3pass,294,27
"0,2,2,2,0,0,3",clearinghouse,294,228
"0,2,2,2,0,0,3",public_pool,294,7
"0,2,2,2,0,0,3",subsidized_catch_up,294,22
"0,2,2,2,0,0,3",central_cap2,294,5
"0,2,2,2,0,0,3",equity_cap2,294,5
"0,2,2,2,0,0,3",central_full,294,0
"0,1,0,2,0,0,3",bilateral_3pass,47,44
"0,1,0,2,0,0,3",clearinghouse,47,0
"0,1,0,2,0,0,3",public_pool,47,0
"0,1,0,2,0,0,3",subsidized_catch_up,47,3
"0,1,0,2,0,0,3",central_cap2,47,0
"0,1,0,2,0,0,3",equity_cap2,47,0
"0,1,0,2,0,0,3",central_full,47,0
"0,1,1,3,0,1,3",bilateral_3pass,370,344
"0,1,1,3,0,1,3",clearinghouse,370,0
"0,1,1,3,0,1,3",public_pool,370,0
"0,1,1,3,0,1,3",subsidized_catch_up,370,26
"0,1,1,3,0,1,3",central_cap2,370,0
"0,1,1,3,0,1,3",equity_cap2,370,0
"0,1,1,3,0,1,3",central_full,370,0
"1,1,1,1,0,1,3",bilateral_3pass,771,723
"1,1,1,1,0,1,3",clearinghouse,771,0
"1,1,1,1,0,1,3",public_pool,771,0
"1,1,1,1,0,1,3",subsidized_catch_up,771,48
"1,1,1,1,0,1,3",central_cap2,771,0
"1,1,1,1,0,1,3",equity_cap2,771,0
"1,1,1,1,0,1,3",central_full,771,0
"1,1,1,2,0,2,0",bilateral_3pass,53,53
"1,1,1,2,0,2,0",clearinghouse,53,0
"1,1,1,2,0,2,0",public_pool,53,0
"1,1,1,2,0,2,0",subsidized_catch_up,53,0
"1,1,1,2,0,2,0",central_cap2,53,0
"1,1,1,2,0,2,0",equity_cap2,53,0
"1,1,1,2,0,2,0",central_full,53,0
"1,1,2,1,1,2,1",bilateral_3pass,31,26
"1,1,2,1,1,2,1",clearinghouse,31,5
"1,1,2,1,1,2,1",public_pool,31,0
"1,1,2,1,1,2,1",subsidized_catch_up,31,0
"1,1,2,1,1,2,1",central_cap2,31,0
"1,1,2,1,1,2,1",equity_cap2,31,0
"1,1,2,1,1,2,1",central_full,31,0
"2,1,1,1,1,2,1",bilateral_3pass,337,301
"2,1,1,1,1,2,1",clearinghouse,337,36
"2,1,1,1,1,2,1",public_pool,337,0
"2,1,1,1,1,2,1",subsidized_catch_up,337,0
"2,1,1,1,1,2,1",central_cap2,337,0
"2,1,1,1,1,2,1",equity_cap2,337,0
"2,1,1,1,1,2,1",central_full,337,0
"2,2,1,3,1,1,0",bilateral_3pass,1305,1027
"2,2,1,3,1,1,0",clearinghouse,1305,92
"2,2,1,3,1,1,0",public_pool,1305,29
"2,2,1,3,1,1,0",subsidized_catch_up,1305,105
"2,2,1,3,1,1,0",central_cap2,1305,34
"2,2,1,3,1,1,0",equity_cap2,1305,18
"2,2,1,3,1,1,0",central_full,1305,0
"2,1,2,1,1,2,1",bilateral_3pass,183,162
"2,1,2,1,1,2,1",clearinghouse,183,21
"2,1,2,1,1,2,1",public_pool,183,0
"2,1,2,1,1,2,1",subsidized_catch_up,183,0
"2,1,2,1,1,2,1",central_cap2,183,0
"2,1,2,1,1,2,1",equity_cap2,183,0
"2,1,2,1,1,2,1",central_full,183,0
"2,1,1,3,1,2,0",bilateral_3pass,216,216
"2,1,1,3,1,2,0",clearinghouse,216,0
"2,1,1,3,1,2,0",public_pool,216,0
"2,1,1,3,1,2,0",subsidized_catch_up,216,0
"2,1,1,3,1,2,0",central_cap2,216,0
"2,1,1,3,1,2,0",equity_cap2,216,0
"2,1,1,3,1,2,0",central_full,216,0
"3,2,1,1,1,2,0",bilateral_3pass,1021,808
"3,2,1,1,1,2,0",clearinghouse,1021,84
"3,2,1,1,1,2,0",public_pool,1021,17
"3,2,1,1,1,2,0",subsidized_catch_up,1021,73
"3,2,1,1,1,2,0",central_cap2,1021,21
"3,2,1,1,1,2,0",equity_cap2,1021,18
"3,2,1,1,1,2,0",central_full,1021,0
"3,2,0,2,0,2,0",bilateral_3pass,15,1
"3,2,0,2,0,2,0",clearinghouse,15,0
"3,2,0,2,0,2,0",public_pool,15,1
"3,2,0,2,0,2,0",subsidized_catch_up,15,11
"3,2,0,2,0,2,0",central_cap2,15,0
"3,2,0,2,0,2,0",equity_cap2,15,2
"3,2,0,2,0,2,0",central_full,15,0
"3,1,1,3,0,2,5",bilateral_3pass,2,2
"3,1,1,3,0,2,5",clearinghouse,2,0
"3,1,1,3,0,2,5",public_pool,2,0
"3,1,1,3,0,2,5",subsidized_catch_up,2,0
"3,1,1,3,0,2,5",central_cap2,2,0
"3,1,1,3,0,2,5",equity_cap2,2,0
"3,1,1,3,0,2,5",central_full,2,0
"3,1,0,3,1,1,0",bilateral_3pass,68,68
"3,1,0,3,1,1,0",clearinghouse,68,0
"3,1,0,3,1,1,0",public_pool,68,0
"3,1,0,3,1,1,0",subsidized_catch_up,68,0
"3,1,0,3,1,1,0",central_cap2,68,0
"3,1,0,3,1,1,0",equity_cap2,68,0
"3,1,0,3,1,1,0",central_full,68,0
"3,2,0,3,0,1,0",bilateral_3pass,15,8
"3,2,0,3,0,1,0",clearinghouse,15,3
"3,2,0,3,0,1,0",public_pool,15,1
"3,2,0,3,0,1,0",subsidized_catch_up,15,2
"3,2,0,3,0,1,0",central_cap2,15,1
"3,2,0,3,0,1,0",equity_cap2,15,0
"3,2,0,3,0,1,0",central_full,15,0
"0,3,0,1,0,0,4",bilateral_3pass,19,0
"0,3,0,1,0,0,4",clearinghouse,19,4
"0,3,0,1,0,0,4",public_pool,19,1
"0,3,0,1,0,0,4",subsidized_catch_up,19,1
"0,3,0,1,0,0,4",central_cap2,19,4
"0,3,0,1,0,0,4",equity_cap2,19,0
"0,3,0,1,0,0,4",central_full,19,9
"0,2,0,2,0,0,1",bilateral_3pass,127,7
"0,2,0,2,0,0,1",clearinghouse,127,101
"0,2,0,2,0,0,1",public_pool,127,4
"0,2,0,2,0,0,1",subsidized_catch_up,127,11
"0,2,0,2,0,0,1",central_cap2,127,2
"0,2,0,2,0,0,1",equity_cap2,127,2
"0,2,0,2,0,0,1",central_full,127,0
"0,3,1,1,0,1,0",bilateral_3pass,104,7
"0,3,1,1,0,1,0",clearinghouse,104,3
"0,3,1,1,0,1,0",public_pool,104,3
"0,3,1,1,0,1,0",subsidized_catch_up,104,5
"0,3,1,1,0,1,0",central_cap2,104,3
"0,3,1,1,0,1,0",equity_cap2,104,76
"0,3,1,1,0,1,0",central_full,104,7
"1,1,2,2,0,1,5",bilateral_3pass,46,46
"1,1,2,2,0,1,5",clearinghouse,46,0
"1,1,2,2,0,1,5",public_pool,46,0
"1,1,2,2,0,1,5",subsidized_catch_up,46,0
"1,1,2,2,0,1,5",central_cap2,46,0
"1,1,2,2,0,1,5",equity_cap2,46,0
"1,1,2,2,0,1,5",central_full,46,0
"1,2,2,2,0,2,0",bilateral_3pass,524,407
"1,2,2,2,0,2,0",clearinghouse,524,38
"1,2,2,2,0,2,0",public_pool,524,19
"1,2,2,2,0,2,0",subsidized_catch_up,524,41
"1,2,2,2,0,2,0",central_cap2,524,8
"1,2,2,2,0,2,0",equity_cap2,524,11
"1,2,2,2,0,2,0",central_full,524,0
"1,1,1,2,0,2,1",bilateral_3pass,37,35
"1,1,1,2,0,2,1",clearinghouse,37,2
"1,1,1,2,0,2,1",public_pool,37,0
"1,1,1,2,0,2,1",subsidized_catch_up,37,0
"1,1,1,2,0,2,1",central_cap2,37,0
"1,1,1,2,0,2,1",equity_cap2,37,0
"1,1,1,2,0,2,1",central_full,37,0
"1,1,2,2,1,1,0",bilateral_3pass,155,155
"1,1,2,2,1,1,0",clearinghouse,155,0
"1,1,2,2,1,1,0",public_pool,155,0
"1,1,2,2,1,1,0",subsidized_catch_up,155,0
"1,1,2,2,1,1,0",central_cap2,155,0
"1,1,2,2,1,1,0",equity_cap2,155,0
"1,1,2,2,1,1,0",central_full,155,0
"2,2,2,1,1,2,0",bilateral_3pass,917,106
"2,2,2,1,1,2,0",clearinghouse,917,85
"2,2,2,1,1,2,0",public_pool,917,16
"2,2,2,1,1,2,0",subsidized_catch_up,917,682
"2,2,2,1,1,2,0",central_cap2,917,13
"2,2,2,1,1,2,0",equity_cap2,917,15
"2,2,2,1,1,2,0",central_full,917,0
"2,1,2,1,1,2,3",bilateral_3pass,278,255
"2,1,2,1,1,2,3",clearinghouse,278,0
"2,1,2,1,1,2,3",public_pool,278,0
"2,1,2,1,1,2,3",subsidized_catch_up,278,23
"2,1,2,1,1,2,3",central_cap2,278,0
"2,1,2,1,1,2,3",equity_cap2,278,0
"2,1,2,1,1,2,3",central_full,278,0
"2,1,1,1,1,2,0",bilateral_3pass,536,536
"2,1,1,1,1,2,0",clearinghouse,536,0
"2,1,1,1,1,2,0",public_pool,536,0
"2,1,1,1,1,2,0",subsidized_catch_up,536,0
"2,1,1,1,1,2,0",central_cap2,536,0
"2,1,1,1,1,2,0",equity_cap2,536,0
"2,1,1,1,1,2,0",central_full,536,0
"2,2,1,2,1,2,0",bilateral_3pass,643,482
"2,2,1,2,1,2,0",clearinghouse,643,58
"2,2,1,2,1,2,0",public_pool,643,19
"2,2,1,2,1,2,0",subsidized_catch_up,643,59
"2,2,1,2,1,2,0",central_cap2,643,10
"2,2,1,2,1,2,0",equity_cap2,643,15
"2,2,1,2,1,2,0",central_full,643,0
"2,2,2,3,2,2,0",bilateral_3pass,237,182
"2,2,2,3,2,2,0",clearinghouse,237,25
"2,2,2,3,2,2,0",public_pool,237,2
"2,2,2,3,2,2,0",subsidized_catch_up,237,18
"2,2,2,3,2,2,0",central_cap2,237,3
"2,2,2,3,2,2,0",equity_cap2,237,7
"2,2,2,3,2,2,0",central_full,237,0
"3,1,1,2,2,1,4",bilateral_3pass,27,27
"3,1,1,2,2,1,4",clearinghouse,27,0
"3,1,1,2,2,1,4",public_pool,27,0
"3,1,1,2,2,1,4",subsidized_catch_up,27,0
"3,1,1,2,2,1,4",central_cap2,27,0
"3,1,1,2,2,1,4",equity_cap2,27,0
"3,1,1,2,2,1,4",central_full,27,0
"3,1,0,1,2,1,0",bilateral_3pass,100,100
"3,1,0,1,2,1,0",clearinghouse,100,0
"3,1,0,1,2,1,0",public_pool,100,0
"3,1,0,1,2,1,0",subsidized_catch_up,100,0
"3,1,0,1,2,1,0",central_cap2,100,0
"3,1,0,1,2,1,0",equity_cap2,100,0
"3,1,0,1,2,1,0",central_full,100,0
"0,2,2,1,0,0,6",bilateral_3pass,373,22
"0,2,2,1,0,0,6",clearinghouse,373,14
"0,2,2,1,0,0,6",public_pool,373,10
"0,2,2,1,0,0,6",subsidized_catch_up,373,31
"0,2,2,1,0,0,6",central_cap2,373,20
"0,2,2,1,0,0,6",equity_cap2,373,269
"0,2,2,1,0,0,6",central_full,373,7
"0,1,1,1,0,0,6",bilateral_3pass,250,250
"0,1,1,1,0,0,6",clearinghouse,250,0
"0,1,1,1,0,0,6",public_pool,250,0
"0,1,1,1,0,0,6",subsidized_catch_up,250,0
"0,1,1,1,0,0,6",central_cap2,250,0
"0,1,1,1,0,0,6",equity_cap2,250,0
"0,1,1,1,0,0,6",central_full,250,0
"0,2,0,2,0,1,0",bilateral_3pass,96,6
"0,2,0,2,0,1,0",clearinghouse,96,9
"0,2,0,2,0,1,0",public_pool,96,1
"0,2,0,2,0,1,0",subsidized_catch_up,96,77
"0,2,0,2,0,1,0",central_cap2,96,2
"0,2,0,2,0,1,0",equity_cap2,96,1
"0,2,0,2,0,1,0",central_full,96,0
"0,1,1,3,0,1,1",bilateral_3pass,420,391
"0,1,1,3,0,1,1",clearinghouse,420,29
"0,1,1,3,0,1,1",public_pool,420,0
"0,1,1,3,0,1,1",subsidized_catch_up,420,0
"0,1,1,3,0,1,1",central_cap2,420,0
"0,1,1,3,0,1,1",equity_cap2,420,0
"0,1,1,3,0,1,1",central_full,420,0
"1,2,1,1,1,0,0",bilateral_3pass,199,20
"1,2,1,1,1,0,0",clearinghouse,199,13
"1,2,1,1,1,0,0",public_pool,199,4
"1,2,1,1,1,0,0",subsidized_catch_up,199,157
"1,2,1,1,1,0,0",central_cap2,199,3
"1,2,1,1,1,0,0",equity_cap2,199,2
"1,2,1,1,1,0,0",central_full,199,0
"1,2,2,3,0,0,0",bilateral_3pass,645,495
"1,2,2,3,0,0,0",clearinghouse,645,50
"1,2,2,3,0,0,0",public_pool,645,19
"1,2,2,3,0,0,0",subsidized_catch_up,645,57
"1,2,2,3,0,0,0",central_cap2,645,10
"1,2,2,3,0,0,0",equity_cap2,645,14
"1,2,2,3,0,0,0",central_full,645,0
"1,1,0,3,1,0,5",bilateral_3pass,1,1
"1,1,0,3,1,0,5",clearinghouse,1,0
"1,1,0,3,1,0,5",public_pool,1,0
"1,1,0,3,1,0,5",subsidized_catch_up,1,0
"1,1,0,3,1,0,5",central_cap2,1,0
"1,1,0,3,1,0,5",equity_cap2,1,0
"1,1,0,3,1,0,5",central_full,1,0
"1,1,1,3,1,0,0",bilateral_3pass,116,116
"1,1,1,3,1,0,0",clearinghouse,116,0
"1,1,1,3,1,0,0",public_pool,116,0
"1,1,1,3,1,0,0",subsidized_catch_up,116,0
"1,1,1,3,1,0,0",central_cap2,116,0
"1,1,1,3,1,0,0",equity_cap2,116,0
"1,1,1,3,1,0,0",central_full,116,0
"2,1,1,2,1,1,1",bilateral_3pass,208,192
"2,1,1,2,1,1,1",clearinghouse,208,16
"2,1,1,2,1,1,1",public_pool,208,0
"2,1,1,2,1,1,1",subsidized_catch_up,208,0
"2,1,1,2,1,1,1",central_cap2,208,0
"2,1,1,2,1,1,1",equity_cap2,208,0
"2,1,1,2,1,1,1",central_full,208,0
"2,1,1,1,1,1,0",bilateral_3pass,687,687
"2,1,1,1,1,1,0",clearinghouse,687,0
"2,1,1,1,1,1,0",public_pool,687,0
"2,1,1,1,1,1,0",subsidized_catch_up,687,0
"2,1,1,1,1,1,0",central_cap2,687,0
"2,1,1,1,1,1,0",equity_cap2,687,0
"2,1,1,1,1,1,0",central_full,687,0
"2,2,2,3,1,1,0",bilateral_3pass,727,553
"2,2,2,3,1,1,0",clearinghouse,727,49
"2,2,2,3,1,1,0",public_pool,727,24
"2,2,2,3,1,1,0",subsidized_catch_up,727,62
"2,2,2,3,1,1,0",central_cap2,727,18
"2,2,2,3,1,1,0",equity_cap2,727,21
"2,2,2,3,1,1,0",central_full,727,0
"2,1,2,3,1,2,1",bilateral_3pass,114,108
"2,1,2,3,1,2,1",clearinghouse,114,6
"2,1,2,3,1,2,1",public_pool,114,0
"2,1,2,3,1,2,1",subsidized_catch_up,114,0
"2,1,2,3,1,2,1",central_cap2,114,0
"2,1,2,3,1,2,1",equity_cap2,114,0
"2,1,2,3,1,2,1",central_full,114,0
"3,1,1,1,2,1,0",bilateral_3pass,692,692
"3,1,1,1,2,1,0",clearinghouse,692,0
"3,1,1,1,2,1,0",public_pool,692,0
"3,1,1,1,2,1,0",subsidized_catch_up,692,0
"3,1,1,1,2,1,0",central_cap2,692,0
"3,1,1,1,2,1,0",equity_cap2,692,0
"3,1,1,1,2,1,0",central_full,692,0
"0,2,1,1,0,0,2",bilateral_3pass,1259,69
"0,2,1,1,0,0,2",clearinghouse,1259,68
"0,2,1,1,0,0,2",public_pool,1259,62
"0,2,1,1,0,0,2",subsidized_catch_up,1259,956
"0,2,1,1,0,0,2",central_cap2,1259,58
"0,2,1,1,0,0,2",equity_cap2,1259,46
"0,2,1,1,0,0,2",central_full,1259,0
"0,1,1,1,0,0,5",bilateral_3pass,602,602
"0,1,1,1,0,0,5",clearinghouse,602,0
"0,1,1,1,0,0,5",public_pool,602,0
"0,1,1,1,0,0,5",subsidized_catch_up,602,0
"0,1,1,1,0,0,5",central_cap2,602,0
"0,1,1,1,0,0,5",equity_cap2,602,0
"0,1,1,1,0,0,5",central_full,602,0
"0,2,1,1,0,0,0",bilateral_3pass,1346,103
"0,2,1,1,0,0,0",clearinghouse,1346,99
"0,2,1,1,0,0,0",public_pool,1346,21
"0,2,1,1,0,0,0",subsidized_catch_up,1346,1056
"0,2,1,1,0,0,0",central_cap2,1346,31
"0,2,1,1,0,0,0",equity_cap2,1346,36
"0,2,1,1,0,0,0",central_full,1346,0
"0,1,1,1,0,1,3",bilateral_3pass,420,394
"0,1,1,1,0,1,3",clearinghouse,420,0
"0,1,1,1,0,1,3",public_pool,420,0
"0,1,1,1,0,1,3",subsidized_catch_up,420,26
"0,1,1,1,0,1,3",central_cap2,420,0
"0,1,1,1,0,1,3",equity_cap2,420,0
"0,1,1,1,0,1,3",central_full,420,0
"1,1,1,1,0,1,0",bilateral_3pass,999,999
"1,1,1,1,0,1,0",clearinghouse,999,0
"1,1,1,1,0,1,0",public_pool,999,0
"1,1,1,1,0,1,0",subsidized_catch_up,999,0
"1,1,1,1,0,1,0",central_cap2,999,0
"1,1,1,1,0,1,0",equity_cap2,999,0
"1,1,1,1,0,1,0",central_full,999,0
"1,2,2,3,0,1,0",bilateral_3pass,2586,1994
"1,2,2,3,0,1,0",clearinghouse,2586,228
"1,2,2,3,0,1,0",public_pool,2586,60
"1,2,2,3,0,1,0",subsidized_catch_up,2586,214
"1,2,2,3,0,1,0",central_cap2,2586,45
"1,2,2,3,0,1,0",equity_cap2,2586,45
"1,2,2,3,0,1,0",central_full,2586,0
"1,2,1,3,0,1,3",bilateral_3pass,243,204
"1,2,1,3,0,1,3",clearinghouse,243,14
"1,2,1,3,0,1,3",public_pool,243,1
"1,2,1,3,0,1,3",subsidized_catch_up,243,21
"1,2,1,3,0,1,3",central_cap2,243,2
"1,2,1,3,0,1,3",equity_cap2,243,1
"1,2,1,3,0,1,3",central_full,243,0
"2,1,2,3,0,1,4",bilateral_3pass,9,9
"2,1,2,3,0,1,4",clearinghouse,9,0
"2,1,2,3,0,1,4",public_pool,9,0
"2,1,2,3,0,1,4",subsidized_catch_up,9,0
"2,1,2,3,0,1,4",central_cap2,9,0
"2,1,2,3,0,1,4",equity_cap2,9,0
"2,1,2,3,0,1,4",central_full,9,0
"2,1,2,3,0,1,0",bilateral_3pass,59,59
"2,1,2,3,0,1,0",clearinghouse,59,0
"2,1,2,3,0,1,0",public_pool,59,0
"2,1,2,3,0,1,0",subsidized_catch_up,59,0
"2,1,2,3,0,1,0",central_cap2,59,0
"2,1,2,3,0,1,0",equity_cap2,59,0
"2,1,2,3,0,1,0",central_full,59,0
"2,2,0,1,0,1,0",bilateral_3pass,41,5
"2,2,0,1,0,1,0",clearinghouse,41,29
"2,2,0,1,0,1,0",public_pool,41,0
"2,2,0,1,0,1,0",subsidized_catch_up,41,4
"2,2,0,1,0,1,0",central_cap2,41,2
"2,2,0,1,0,1,0",equity_cap2,41,1
"2,2,0,1,0,1,0",central_full,41,0
"2,2,1,3,0,1,0",bilateral_3pass,289,227
"2,2,1,3,0,1,0",clearinghouse,289,19
"2,2,1,3,0,1,0",public_pool,289,4
"2,2,1,3,0,1,0",subsidized_catch_up,289,23
"2,2,1,3,0,1,0",central_cap2,289,6
"2,2,1,3,0,1,0",equity_cap2,289,10
"2,2,1,3,0,1,0",central_full,289,0
"2,1,2,3,0,1,5",bilateral_3pass,11,11
"2,1,2,3,0,1,5",clearinghouse,11,0
"2,1,2,3,0,1,5",public_pool,11,0
"2,1,2,3,0,1,5",subsidized_catch_up,11,0
"2,1,2,3,0,1,5",central_cap2,11,0
"2,1,2,3,0,1,5",equity_cap2,11,0
"2,1,2,3,0,1,5",central_full,11,0
"3,1,1,3,1,1,0",bilateral_3pass,178,178
"3,1,1,3,1,1,0",clearinghouse,178,0
"3,1,1,3,1,1,0",public_pool,178,0
"3,1,1,3,1,1,0",subsidized_catch_up,178,0
"3,1,1,3,1,1,0",central_cap2,178,0
"3,1,1,3,1,1,0",equity_cap2,178,0
"3,1,1,3,1,1,0",central_full,178,0
"3,1,1,3,1,2,1",bilateral_3pass,119,114
"3,1,1,3,1,2,1",clearinghouse,119,5
"3,1,1,3,1,2,1",public_pool,119,0
"3,1,1,3,1,2,1",subsidized_catch_up,119,0
"3,1,1,3,1,2,1",central_cap2,119,0
"3,1,1,3,1,2,1",equity_cap2,119,0
"3,1,1,3,1,2,1",central_full,119,0
"3,1,1,3,1,2,0",bilateral_3pass,196,196
"3,1,1,3,1,2,0",clearinghouse,196,0
"3,1,1,3,1,2,0",public_pool,196,0
"3,1,1,3,1,2,0",subsidized_catch_up,196,0
"3,1,1,3,1,2,0",central_cap2,196,0
"3,1,1,3,1,2,0",equity_cap2,196,0
"3,1,1,3,1,2,0",central_full,196,0
"3,2,0,3,1,2,0",bilateral_3pass,233,173
"3,2,0,3,1,2,0",clearinghouse,233,19
"3,2,0,3,1,2,0",public_pool,233,7
"3,2,0,3,1,2,0",subsidized_catch_up,233,22
"3,2,0,3,1,2,0",central_cap2,233,4
"3,2,0,3,1,2,0",equity_cap2,233,8
"3,2,0,3,1,2,0",central_full,233,0
"0,2,1,1,0,0,3",bilateral_3pass,1285,87
"0,2,1,1,0,0,3",clearinghouse,1285,1050
"0,2,1,1,0,0,3",public_pool,1285,29
"0,2,1,1,0,0,3",subsidized_catch_up,1285,73
"0,2,1,1,0,0,3",central_cap2,1285,21
"0,2,1,1,0,0,3",equity_cap2,1285,25
"0,2,1,1,0,0,3",central_full,1285,0
"0,1,0,2,0,0,2",bilateral_3pass,17,17
"0,1,0,2,0,0,2",clearinghouse,17,0
"0,1,0,2,0,0,2",public_pool,17,0
"0,1,0,2,0,0,2",subsidized_catch_up,17,0
"0,1,0,2,0,0,2",central_cap2,17,0
"0,1,0,2,0,0,2",equity_cap2,17,0
"0,1,0,2,0,0,2",central_full,17,0
"0,1,0,2,0,1,0",bilateral_3pass,33,33
"0,1,0,2,0,1,0",clearinghouse,33,0
"0,1,0,2,0,1,0",public_pool,33,0
"0,1,0,2,0,1,0",subsidized_catch_up,33,0
"0,1,0,2,0,1,0",central_cap2,33,0
"0,1,0,2,0,1,0",equity_cap2,33,0
"0,1,0,2,0,1,0",central_full,33,0
"1,1,1,2,0,1,0",bilateral_3pass,591,591
"1,1,1,2,0,1,0",clearinghouse,591,0
"1,1,1,2,0,1,0",public_pool,591,0
"1,1,1,2,0,1,0",subsidized_catch_up,591,0
"1,1,1,2,0,1,0",central_cap2,591,0
"1,1,1,2,0,1,0",equity_cap2,591,0
"1,1,1,2,0,1,0",central_full,591,0
"1,2,1,3,1,1,0",bilateral_3pass,1932,1481
"1,2,1,3,1,1,0",clearinghouse,1932,151
"1,2,1,3,1,1,0",public_pool,1932,46
"1,2,1,3,1,1,0",subsidized_catch_up,1932,165
"1,2,1,3,1,1,0",central_cap2,1932,45
"1,2,1,3,1,1,0",equity_cap2,1932,44
"1,2,1,3,1,1,0",central_full,1932,0
"2,1,0,2,1,0,0",bilateral_3pass,12,12
"2,1,0,2,1,0,0",clearinghouse,12,0
"2,1,0,2,1,0,0",public_pool,12,0
"2,1,0,2,1,0,0",subsidized_catch_up,12,0
"2,1,0,2,1,0,0",central_cap2,12,0
"2,1,0,2,1,0,0",equity_cap2,12,0
"2,1,0,2,1,0,0",central_full,12,0
"2,1,1,3,2,2,1",bilateral_3pass,112,100
"2,1,1,3,2,2,1",clearinghouse,112,12
"2,1,1,3,2,2,1",public_pool,112,0
"2,1,1,3,2,2,1",subsidized_catch_up,112,0
"2,1,1,3,2,2,1",central_cap2,112,0
"2,1,1,3,2,2,1",equity_cap2,112,0
"2,1,1,3,2,2,1",central_full,112,0
"2,1,1,3,2,1,0",bilateral_3pass,324,324
"2,1,1,3,2,1,0",clearinghouse,324,0
"2,1,1,3,2,1,0",public_pool,324,0
"2,1,1,3,2,1,0",subsidized_catch_up,324,0
"2,1,1,3,2,1,0",central_cap2,324,0
"2,1,1,3,2,1,0",equity_cap2,324,0
"2,1,1,3,2,1,0",central_full,324,0
"3,2,1,3,2,0,0",bilateral_3pass,345,261
"3,2,1,3,2,0,0",clearinghouse,345,37
"3,2,1,3,2,0,0",public_pool,345,3
"3,2,1,3,2,0,0",subsidized_catch_up,345,34
"3,2,1,3,2,0,0",central_cap2,345,6
"3,2,1,3,2,0,0",equity_cap2,345,4
"3,2,1,3,2,0,0",central_full,345,0
"0,2,0,1,0,0,2",bilateral_3pass,151,7
"0,2,0,1,0,0,2",clearinghouse,151,4
"0,2,0,1,0,0,2",public_pool,151,6
"0,2,0,1,0,0,2",subsidized_catch_up,151,121
"0,2,0,1,0,0,2",central_cap2,151,5
"0,2,0,1,0,0,2",equity_cap2,151,8
"0,2,0,1,0,0,2",central_full,151,0
"0,1,1,1,0,0,4",bilateral_3pass,160,160
"0,1,1,1,0,0,4",clearinghouse,160,0
"0,1,1,1,0,0,4",public_pool,160,0
"0,1,1,1,0,0,4",subsidized_catch_up,160,0
"0,1,1,1,0,0,4",central_cap2,160,0
"0,1,1,1,0,0,4",equity_cap2,160,0
"0,1,1,1,0,0,4",central_full,160,0
"0,1,1,2,0,0,0",bilateral_3pass,108,108
"0,1,1,2,0,0,0",clearinghouse,108,0
"0,1,1,2,0,0,0",public_pool,108,0
"0,1,1,2,0,0,0",subsidized_catch_up,108,0
"0,1,1,2,0,0,0",central_cap2,108,0
"0,1,1,2,0,0,0",equity_cap2,108,0
"0,1,1,2,0,0,0",central_full,108,0
"1,2,1,1,1,1,0",bilateral_3pass,1258,992
"1,2,1,1,1,1,0",clearinghouse,1258,87
"1,2,1,1,1,1,0",public_pool,1258,19
"1,2,1,1,1,1,0",subsidized_catch_up,1258,109
"1,2,1,1,1,1,0",central_cap2,1258,28
"1,2,1,1,1,1,0",equity_cap2,1258,23
"1,2,1,1,1,1,0",central_full,1258,0
"1,1,2,2,1,2,1",bilateral_3pass,53,49
"1,1,2,2,1,2,1",clearinghouse,53,4
"1,1,2,2,1,2,1",public_pool,53,0
"1,1,2,2,1,2,1",subsidized_catch_up,53,0
"1,1,2,2,1,2,1",central_cap2,53,0
"1,1,2,2,1,2,1",equity_cap2,53,0
"1,1,2,2,1,2,1",central_full,53,0
"2,2,1,1,2,1,0",bilateral_3pass,1080,818
"2,2,1,1,2,1,0",clearinghouse,1080,78
"2,2,1,1,2,1,0",public_pool,1080,29
"2,2,1,1,2,1,0",subsidized_catch_up,1080,108
"2,2,1,1,2,1,0",central_cap2,1080,20
"2,2,1,1,2,1,0",equity_cap2,1080,27
"2,2,1,1,2,1,0",central_full,1080,0
"2,1,2,3,2,1,1",bilateral_3pass,97,94
"2,1,2,3,2,1,1",clearinghouse,97,3
"2,1,2,3,2,1,1",public_pool,97,0
"2,1,2,3,2,1,1",subsidized_catch_up,97,0
"2,1,2,3,2,1,1",central_cap2,97,0
"2,1,2,3,2,1,1",equity_cap2,97,0
"2,1,2,3,2,1,1",central_full,97,0
"3,1,2,3,2,0,3",bilateral_3pass,35,30
"3,1,2,3,2,0,3",clearinghouse,35,0
"3,1,2,3,2,0,3",public_pool,35,0
"3,1,2,3,2,0,3",subsidized_catch_up,35,5
"3,1,2,3,2,0,3",central_cap2,35,0
"3,1,2,3,2,0,3",equity_cap2,35,0
"3,1,2,3,2,0,3",central_full,35,0
"3,1,1,3,2,0,3",bilateral_3pass,72,70
"3,1,1,3,2,0,3",clearinghouse,72,0
"3,1,1,3,2,0,3",public_pool,72,0
"3,1,1,3,2,0,3",subsidized_catch_up,72,2
"3,1,1,3,2,0,3",central_cap2,72,0
"3,1,1,3,2,0,3",equity_cap2,72,0
"3,1,1,3,2,0,3",central_full,72,0
"3,2,0,3,2,2,0",bilateral_3pass,1040,792
"3,2,0,3,2,2,0",clearinghouse,1040,85
"3,2,0,3,2,2,0",public_pool,1040,21
"3,2,0,3,2,2,0",subsidized_catch_up,1040,105
"3,2,0,3,2,2,0",central_cap2,1040,14
"3,2,0,3,2,2,0",equity_cap2,1040,23
"3,2,0,3,2,2,0",central_full,1040,0
"0,2,2,2,0,0,2",bilateral_3pass,495,16
"0,2,2,2,0,0,2",clearinghouse,495,386
"0,2,2,2,0,0,2",public_pool,495,27
"0,2,2,2,0,0,2",subsidized_catch_up,495,26
"0,2,2,2,0,0,2",central_cap2,495,21
"0,2,2,2,0,0,2",equity_cap2,495,19
"0,2,2,2,0,0,2",central_full,495,0
"0,2,1,2,0,0,0",bilateral_3pass,483,51
"0,2,1,2,0,0,0",clearinghouse,483,370
"0,2,1,2,0,0,0",public_pool,483,9
"0,2,1,2,0,0,0",subsidized_catch_up,483,32
"0,2,1,2,0,0,0",central_cap2,483,12
"0,2,1,2,0,0,0",equity_cap2,483,9
"0,2,1,2,0,0,0",central_full,483,0
"0,1,1,2,0,0,1",bilateral_3pass,328,297
"0,1,1,2,0,0,1",clearinghouse,328,31
"0,1,1,2,0,0,1",public_pool,328,0
"0,1,1,2,0,0,1",subsidized_catch_up,328,0
"0,1,1,2,0,0,1",central_cap2,328,0
"0,1,1,2,0,0,1",equity_cap2,328,0
"0,1,1,2,0,0,1",central_full,328,0
"1,1,1,3,0,0,0",bilateral_3pass,302,302
"1,1,1,3,0,0,0",clearinghouse,302,0
"1,1,1,3,0,0,0",public_pool,302,0
"1,1,1,3,0,0,0",subsidized_catch_up,302,0
"1,1,1,3,0,0,0",central_cap2,302,0
"1,1,1,3,0,0,0",equity_cap2,302,0
"1,1,1,3,0,0,0",central_full,302,0
"1,1,2,1,0,1,3",bilateral_3pass,455,427
"1,1,2,1,0,1,3",clearinghouse,455,0
"1,1,2,1,0,1,3",public_pool,455,0
"1,1,2,1,0,1,3",subsidized_catch_up,455,28
"1,1,2,1,0,1,3",central_cap2,455,0
"1,1,2,1,0,1,3",equity_cap2,455,0
"1,1,2,1,0,1,3",central_full,455,0
"1,1,1,3,0,1,0",bilateral_3pass,895,895
"1,1,1,3,0,1,0",clearinghouse,895,0
"1,1,1,3,0,1,0",public_pool,895,0
"1,1,1,3,0,1,0",subsidized_catch_up,895,0
"1,1,1,3,0,1,0",central_cap2,895,0
"1,1,1,3,0,1,0",equity_cap2,895,0
"1,1,1,3,0,1,0",central_full,895,0
"2,1,2,3,0,1,3",bilateral_3pass,112,96
"2,1,2,3,0,1,3",clearinghouse,112,0
"2,1,2,3,0,1,3",public_pool,112,0
"2,1,2,3,0,1,3",subsidized_catch_up,112,16
"2,1,2,3,0,1,3",central_cap2,112,0
"2,1,2,3,0,1,3",equity_cap2,112,0
"2,1,2,3,0,1,3",central_full,112,0
"2,1,2,2,1,1,0",bilateral_3pass,272,272
"2,1,2,2,1,1,0",clearinghouse,272,0
"2,1,2,2,1,1,0",public_pool,272,0
"2,1,2,2,1,1,0",subsidized_catch_up,272,0
"2,1,2,2,1,1,0",central_cap2,272,0
"2,1,2,2,1,1,0",equity_cap2,272,0
"2,1,2,2,1,1,0",central_full,272,0
"2,1,2,3,2,2,1",bilateral_3pass,42,38
"2,1,2,3,2,2,1",clearinghouse,42,4
"2,1,2,3,2,2,1",public_pool,42,0
"2,1,2,3,2,2,1",subsidized_catch_up,42,0
"2,1,2,3,2,2,1",central_cap2,42,0
"2,1,2,3,2,2,1",equity_cap2,42,0
"2,1,2,3,2,2,1",central_full,42,0
"3,1,1,3,2,2,1",bilateral_3pass,521,489
"3,1,1,3,2,2,1",clearinghouse,521,32
"3,1,1,3,2,2,1",public_pool,521,0
"3,1,1,3,2,2,1",subsidized_catch_up,521,0
"3,1,1,3,2,2,1",central_cap2,521,0
"3,1,1,3,2,2,1",equity_cap2,521,0
"3,1,1,3,2,2,1",central_full,521,0
"3,1,1,3,2,2,0",bilateral_3pass,724,724
"3,1,1,3,2,2,0",clearinghouse,724,0
"3,1,1,3,2,2,0",public_pool,724,0
"3,1,1,3,2,2,0",subsidized_catch_up,724,0
"3,1,1,3,2,2,0",central_cap2,724,0
"3,1,1,3,2,2,0",equity_cap2,724,0
"3,1,1,3,2,2,0",central_full,724,0
"1,1,1,3,0,1,1",bilateral_3pass,564,535
"1,1,1,3,0,1,1",clearinghouse,564,29
"1,1,1,3,0,1,1",public_pool,564,0
"1,1,1,3,0,1,1",subsidized_catch_up,564,0
"1,1,1,3,0,1,1",central_cap2,564,0
"1,1,1,3,0,1,1",equity_cap2,564,0
"1,1,1,3,0,1,1",central_full,564,0
"2,1,1,3,0,0,5",bilateral_3pass,5,5
"2,1,1,3,0,0,5",clearinghouse,5,0
"2,1,1,3,0,0,5",public_pool,5,0
"2,1,1,3,0,0,5",subsidized_catch_up,5,0
"2,1,1,3,0,0,5",central_cap2,5,0
"2,1,1,3,0,0,5",equity_cap2,5,0
"2,1,1,3,0,0,5",central_full,5,0
"2,1,1,2,0,0,0",bilateral_3pass,31,31
"2,1,1,2,0,0,0",clearinghouse,31,0
"2,1,1,2,0,0,0",public_pool,31,0
"2,1,1,2,0,0,0",subsidized_catch_up,31,0
"2,1,1,2,0,0,0",central_cap2,31,0
"2,1,1,2,0,0,0",equity_cap2,31,0
"2,1,1,2,0,0,0",central_full,31,0
"2,2,1,2,1,0,0",bilateral_3pass,174,129
"2,2,1,2,1,0,0",clearinghouse,174,11
"2,2,1,2,1,0,0",public_pool,174,5
"2,2,1,2,1,0,0",subsidized_catch_up,174,24
"2,2,1,2,1,0,0",central_cap2,174,3
"2,2,1,2,1,0,0",equity_cap2,174,2
"2,2,1,2,1,0,0",central_full,174,0
"2,1,1,3,1,0,3",bilateral_3pass,94,93
"2,1,1,3,1,0,3",clearinghouse,94,0
"2,1,1,3,1,0,3",public_pool,94,0
"2,1,1,3,1,0,3",subsidized_catch_up,94,1
"2,1,1,3,1,0,3",central_cap2,94,0
"2,1,1,3,1,0,3",equity_cap2,94,0
"2,1,1,3,1,0,3",central_full,94,0
"3,2,0,2,2,1,0",bilateral_3pass,361,21
"3,2,0,2,2,1,0",clearinghouse,361,292
"3,2,0,2,2,1,0",public_pool,361,6
"3,2,0,2,2,1,0",subsidized_catch_up,361,32
"3,2,0,2,2,1,0",central_cap2,361,5
"3,2,0,2,2,1,0",equity_cap2,361,5
"3,2,0,2,2,1,0",central_full,361,0
"3,1,0,3,2,2,4",bilateral_3pass,27,27
"3,1,0,3,2,2,4",clearinghouse,27,0
"3,1,0,3,2,2,4",public_pool,27,0
"3,1,0,3,2,2,4",subsidized_catch_up,27,0
"3,1,0,3,2,2,4",central_cap2,27,0
"3,1,0,3,2,2,4",equity_cap2,27,0
"3,1,0,3,2,2,4",central_full,27,0
"3,2,0,1,2,2,0",bilateral_3pass,560,416
"3,2,0,1,2,2,0",clearinghouse,560,37
"3,2,0,1,2,2,0",public_pool,560,8
"3,2,0,1,2,2,0",subsidized_catch_up,560,75
"3,2,0,1,2,2,0",central_cap2,560,9
"3,2,0,1,2,2,0",equity_cap2,560,15
"3,2,0,1,2,2,0",central_full,560,0
"0,3,1,1,0,0,5",bilateral_3pass,116,9
"0,3,1,1,0,0,5",clearinghouse,116,15
"0,3,1,1,0,0,5",public_pool,116,10
"0,3,1,1,0,0,5",subsidized_catch_up,116,5
"0,3,1,1,0,0,5",central_cap2,116,9
"0,3,1,1,0,0,5",equity_cap2,116,9
"0,3,1,1,0,0,5",central_full,116,59
"0,2,2,1,0,1,3",bilateral_3pass,92,77
"0,2,2,1,0,1,3",clearinghouse,92,4
"0,2,2,1,0,1,3",public_pool,92,2
"0,2,2,1,0,1,3",subsidized_catch_up,92,8
"0,2,2,1,0,1,3",central_cap2,92,1
"0,2,2,1,0,1,3",equity_cap2,92,0
"0,2,2,1,0,1,3",central_full,92,0
"1,1,1,3,1,0,3",bilateral_3pass,74,69
"1,1,1,3,1,0,3",clearinghouse,74,0
"1,1,1,3,1,0,3",public_pool,74,0
"1,1,1,3,1,0,3",subsidized_catch_up,74,5
"1,1,1,3,1,0,3",central_cap2,74,0
"1,1,1,3,1,0,3",equity_cap2,74,0
"1,1,1,3,1,0,3",central_full,74,0
"1,1,1,1,1,1,0",bilateral_3pass,346,346
"1,1,1,1,1,1,0",clearinghouse,346,0
"1,1,1,1,1,1,0",public_pool,346,0
"1,1,1,1,1,1,0",subsidized_catch_up,346,0
"1,1,1,1,1,1,0",central_cap2,346,0
"1,1,1,1,1,1,0",equity_cap2,346,0
"1,1,1,1,1,1,0",central_full,346,0
"2,1,1,2,2,2,0",bilateral_3pass,131,131
"2,1,1,2,2,2,0",clearinghouse,131,0
"2,1,1,2,2,2,0",public_pool,131,0
"2,1,1,2,2,2,0",subsidized_catch_up,131,0
"2,1,1,2,2,2,0",central_cap2,131,0
"2,1,1,2,2,2,0",equity_cap2,131,0
"2,1,1,2,2,2,0",central_full,131,0
"2,2,0,3,2,2,0",bilateral_3pass,104,81
"2,2,0,3,2,2,0",clearinghouse,104,10
"2,2,0,3,2,2,0",public_pool,104,1
"2,2,0,3,2,2,0",subsidized_catch_up,104,6
"2,2,0,3,2,2,0",central_cap2,104,1
"2,2,0,3,2,2,0",equity_cap2,104,5
"2,2,0,3,2,2,0",central_full,104,0
"2,1,1,1,2,1,3",bilateral_3pass,257,240
"2,1,1,1,2,1,3",clearinghouse,257,0
"2,1,1,1,2,1,3",public_pool,257,0
"2,1,1,1,2,1,3",subsidized_catch_up,257,17
"2,1,1,1,2,1,3",central_cap2,257,0
"2,1,1,1,2,1,3",equity_cap2,257,0
"2,1,1,1,2,1,3",central_full,257,0
"3,1,1,3,2,1,1",bilateral_3pass,656,623
"3,1,1,3,2,1,1",clearinghouse,656,33
"3,1,1,3,2,1,1",public_pool,656,0
"3,1,1,3,2,1,1",subsidized_catch_up,656,0
"3,1,1,3,2,1,1",central_cap2,656,0
"3,1,1,3,2,1,1",equity_cap2,656,0
"3,1,1,3,2,1,1",central_full,656,0
"0,3,1,1,0,0,2",bilateral_3pass,1537,58
"0,3,1,1,0,0,2",clearinghouse,1537,67
"0,3,1,1,0,0,2",public_pool,1537,36
"0,3,1,1,0,0,2",subsidized_catch_up,1537,63
"0,3,1,1,0,0,2",central_cap2,1537,1208
"0,3,1,1,0,0,2",equity_cap2,1537,51
"0,3,1,1,0,0,2",central_full,1537,54
"0,2,0,1,0,0,5",bilateral_3pass,55,5
"0,2,0,1,0,0,5",clearinghouse,55,4
"0,2,0,1,0,0,5",public_pool,55,2
"0,2,0,1,0,0,5",subsidized_catch_up,55,31
"0,2,0,1,0,0,5",central_cap2,55,4
"0,2,0,1,0,0,5",equity_cap2,55,9
"0,2,0,1,0,0,5",central_full,55,0
"0,1,2,3,0,1,4",bilateral_3pass,17,17
"0,1,2,3,0,1,4",clearinghouse,17,0
"0,1,2,3,0,1,4",public_pool,17,0
"0,1,2,3,0,1,4",subsidized_catch_up,17,0
"0,1,2,3,0,1,4",central_cap2,17,0
"0,1,2,3,0,1,4",equity_cap2,17,0
"0,1,2,3,0,1,4",central_full,17,0
"1,1,2,2,0,1,0",bilateral_3pass,627,627
"1,1,2,2,0,1,0",clearinghouse,627,0
"1,1,2,2,0,1,0",public_pool,627,0
"1,1,2,2,0,1,0",subsidized_catch_up,627,0
"1,1,2,2,0,1,0",central_cap2,627,0
"1,1,2,2,0,1,0",equity_cap2,627,0
"1,1,2,2,0,1,0",central_full,627,0
"1,1,2,3,1,1,0",bilateral_3pass,222,222
"1,1,2,3,1,1,0",clearinghouse,222,0
"1,1,2,3,1,1,0",public_pool,222,0
"1,1,2,3,1,1,0",subsidized_catch_up,222,0
"1,1,2,3,1,1,0",central_cap2,222,0
"1,1,2,3,1,1,0",equity_cap2,222,0
"1,1,2,3,1,1,0",central_full,222,0
"2,1,0,2,1,1,0",bilateral_3pass,53,53
"2,1,0,2,1,1,0",clearinghouse,53,0
"2,1,0,2,1,1,0",public_pool,53,0
"2,1,0,2,1,1,0",subsidized_catch_up,53,0
"2,1,0,2,1,1,0",central_cap2,53,0
"2,1,0,2,1,1,0",equity_cap2,53,0
"2,1,0,2,1,1,0",central_full,53,0
"2,1,2,2,1,2,1",bilateral_3pass,176,159
"2,1,2,2,1,2,1",clearinghouse,176,17
"2,1,2,2,1,2,1",public_pool,176,0
"2,1,2,2,1,2,1",subsidized_catch_up,176,0
"2,1,2,2,1,2,1",central_cap2,176,0
"2,1,2,2,1,2,1",equity_cap2,176,0
"2,1,2,2,1,2,1",central_full,176,0
"3,2,1,2,1,2,0",bilateral_3pass,447,32
"3,2,1,2,1,2,0",clearinghouse,447,337
"3,2,1,2,1,2,0",public_pool,447,15
"3,2,1,2,1,2,0",subsidized_catch_up,447,54
"3,2,1,2,1,2,0",central_cap2,447,3
"3,2,1,2,1,2,0",equity_cap2,447,6
"3,2,1,2,1,2,0",central_full,447,0
"3,1,2,3,1,2,2",bilateral_3pass,5,5
"3,1,2,3,1,2,2",clearinghouse,5,0
"3,1,2,3,1,2,2",public_pool,5,0
"3,1,2,3,1,2,2",subsidized_catch_up,5,0
"3,1,2,3,1,2,2",central_cap2,5,0
"3,1,2,3,1,2,2",equity_cap2,5,0
"3,1,2,3,1,2,2",central_full,5,0
"3,2,2,3,1,2,0",bilateral_3pass,171,124
"3,2,2,3,1,2,0",clearinghouse,171,19
"3,2,2,3,1,2,0",public_pool,171,5
"3,2,2,3,1,2,0",subsidized_catch_up,171,13
"3,2,2,3,1,2,0",central_cap2,171,5
"3,2,2,3,1,2,0",equity_cap2,171,5
"3,2,2,3,1,2,0",central_full,171,0
"0,3,1,3,0,0,0",bilateral_3pass,413,27
"0,3,1,3,0,0,0",clearinghouse,413,20
"0,3,1,3,0,0,0",public_pool,413,20
"0,3,1,3,0,0,0",subsidized_catch_up,413,29
"0,3,1,3,0,0,0",central_cap2,413,30
"0,3,1,3,0,0,0",equity_cap2,413,265
"0,3,1,3,0,0,0",central_full,413,22
"0,2,2,3,0,0,5",bilateral_3pass,63,5
"0,2,2,3,0,0,5",clearinghouse,63,45
"0,2,2,3,0,0,5",public_pool,63,3
"0,2,2,3,0,0,5",subsidized_catch_up,63,4
"0,2,2,3,0,0,5",central_cap2,63,2
"0,2,2,3,0,0,5",equity_cap2,63,4
"0,2,2,3,0,0,5",central_full,63,0
"0,1,1,1,0,0,2",bilateral_3pass,106,106
"0,1,1,1,0,0,2",clearinghouse,106,0
"0,1,1,1,0,0,2",public_pool,106,0
"0,1,1,1,0,0,2",subsidized_catch_up,106,0
"0,1,1,1,0,0,2",central_cap2,106,0
"0,1,1,1,0,0,2",equity_cap2,106,0
"0,1,1,1,0,0,2",central_full,106,0
"0,2,1,2,0,1,0",bilateral_3pass,736,559
"0,2,1,2,0,1,0",clearinghouse,736,71
"0,2,1,2,0,1,0",public_pool,736,21
"0,2,1,2,0,1,0",subsidized_catch_up,736,52
"0,2,1,2,0,1,0",central_cap2,736,18
"0,2,1,2,0,1,0",equity_cap2,736,15
"0,2,1,2,0,1,0",central_full,736,0
"2,2,1,1,1,1,0",bilateral_3pass,1857,172
"2,2,1,1,1,1,0",clearinghouse,1857,149
"2,2,1,1,1,1,0",public_pool,1857,38
"2,2,1,1,1,1,0",subsidized_catch_up,1857,1407
"2,2,1,1,1,1,0",central_cap2,1857,47
"2,2,1,1,1,1,0",equity_cap2,1857,44
"2,2,1,1,1,1,0",central_full,1857,0
"2,2,2,1,1,1,2",bilateral_3pass,18,2
"2,2,2,1,1,1,2",clearinghouse,18,14
"2,2,2,1,1,1,2",public_pool,18,2
"2,2,2,1,1,1,2",subsidized_catch_up,18,0
"2,2,2,1,1,1,2",central_cap2,18,0
"2,2,2,1,1,1,2",equity_cap2,18,0
"2,2,2,1,1,1,2",central_full,18,0
"2,2,2,1,1,2,2",bilateral_3pass,45,7
"2,2,2,1,1,2,2",clearinghouse,45,26
"2,2,2,1,1,2,2",public_pool,45,3
"2,2,2,1,1,2,2",subsidized_catch_up,45,3
"2,2,2,1,1,2,2",central_cap2,45,2
"2,2,2,1,1,2,2",equity_cap2,45,4
"2,2,2,1,1,2,2",central_full,45,0
"2,2,2,2,1,2,0",bilateral_3pass,661,512
"2,2,2,2,1,2,0",clearinghouse,661,63
"2,2,2,2,1,2,0",public_pool,661,8
"2,2,2,2,1,2,0",subsidized_catch_up,661,52
"2,2,2,2,1,2,0",central_cap2,661,9
"2,2,2,2,1,2,0",equity_cap2,661,17
"2,2,2,2,1,2,0",central_full,661,0
"3,1,1,2,2,2,4",bilateral_3pass,48,48
"3,1,1,2,2,2,4",clearinghouse,48,0
"3,1,1,2,2,2,4",public_pool,48,0
"3,1,1,2,2,2,4",subsidized_catch_up,48,0
"3,1,1,2,2,2,4",central_cap2,48,0
"3,1,1,2,2,2,4",equity_cap2,48,0
"3,1,1,2,2,2,4",central_full,48,0
"3,1,1,1,2,2,0",bilateral_3pass,845,845
"3,1,1,1,2,2,0",clearinghouse,845,0
"3,1,1,1,2,2,0",public_pool,845,0
"3,1,1,1,2,2,0",subsidized_catch_up,845,0
"3,1,1,1,2,2,0",central_cap2,845,0
"3,1,1,1,2,2,0",equity_cap2,845,0
"3,1,1,1,2,2,0",central_full,845,0
"3,2,1,1,2,2,0",bilateral_3pass,2802,245
"3,2,1,1,2,2,0",clearinghouse,2802,234
"3,2,1,1,2,2,0",public_pool,2802,58
"3,2,1,1,2,2,0",subsidized_catch_up,2802,2125
"3,2,1,1,2,2,0",central_cap2,2802,73
"3,2,1,1,2,2,0",equity_cap2,2802,67
"3,2,1,1,2,2,0",central_full,2802,0
"3,1,1,1,2,2,4",bilateral_3pass,52,52
"3,1,1,1,2,2,4",clearinghouse,52,0
"3,1,1,1,2,2,4",public_pool,52,0
"3,1,1,1,2,2,4",subsidized_catch_up,52,0
"3,1,1,1,2,2,4",central_cap2,52,0
"3,1,1,1,2,2,4",equity_cap2,52,0
"3,1,1,1,2,2,4",central_full,52,0
"0,2,1,1,0,0,6",bilateral_3pass,1205,62
"0,2,1,1,0,0,6",clearinghouse,1205,62
"0,2,1,1,0,0,6",public_pool,1205,39
"0,2,1,1,0,0,6",subsidized_catch_up,1205,95
"0,2,1,1,0,0,6",central_cap2,1205,55
"0,2,1,1,0,0,6",equity_cap2,1205,867
"0,2,1,1,0,0,6",central_full,1205,25
"0,2,1,2,0,0,1",bilateral_3pass,410,29
"0,2,1,2,0,0,1",clearinghouse,410,32
"0,2,1,2,0,0,1",public_pool,410,7
"0,2,1,2,0,0,1",subsidized_catch_up,410,333
"0,2,1,2,0,0,1",central_cap2,410,6
"0,2,1,2,0,0,1",equity_cap2,410,3
"0,2,1,2,0,0,1",central_full,410,0
"0,2,0,3,0,0,0",bilateral_3pass,140,101
"0,2,0,3,0,0,0",clearinghouse,140,20
"0,2,0,3,0,0,0",public_pool,140,1
"0,2,0,3,0,0,0",subsidized_catch_up,140,11
"0,2,0,3,0,0,0",central_cap2,140,5
"0,2,0,3,0,0,0",equity_cap2,140,2
"0,2,0,3,0,0,0",central_full,140,0
"0,2,1,2,0,1,3",bilateral_3pass,73,8
"0,2,1,2,0,1,3",clearinghouse,73,53
"0,2,1,2,0,1,3",public_pool,73,4
"0,2,1,2,0,1,3",subsidized_catch_up,73,4
"0,2,1,2,0,1,3",central_cap2,73,2
"0,2,1,2,0,1,3",equity_cap2,73,2
"0,2,1,2,0,1,3",central_full,73,0
"1,2,2,2,0,1,3",bilateral_3pass,198,153
"1,2,2,2,0,1,3",clearinghouse,198,21
"1,2,2,2,0,1,3",public_pool,198,0
"1,2,2,2,0,1,3",subsidized_catch_up,198,19
"1,2,2,2,0,1,3",central_cap2,198,3
"1,2,2,2,0,1,3",equity_cap2,198,2
"1,2,2,2,0,1,3",central_full,198,0
"2,1,1,1,0,0,4",bilateral_3pass,8,8
"2,1,1,1,0,0,4",clearinghouse,8,0
"2,1,1,1,0,0,4",public_pool,8,0
"2,1,1,1,0,0,4",subsidized_catch_up,8,0
"2,1,1,1,0,0,4",central_cap2,8,0
"2,1,1,1,0,0,4",equity_cap2,8,0
"2,1,1,1,0,0,4",central_full,8,0
"2,2,2,2,1,1,0",bilateral_3pass,774,57
"2,2,2,2,1,1,0",clearinghouse,774,77
"2,2,2,2,1,1,0",public_pool,774,11
"2,2,2,2,1,1,0",subsidized_catch_up,774,596
"2,2,2,2,1,1,0",central_cap2,774,13
"2,2,2,2,1,1,0",equity_cap2,774,20
"2,2,2,2,1,1,0",central_full,774,0
"3,2,2,2,2,1,0",bilateral_3pass,508,405
"3,2,2,2,2,1,0",clearinghouse,508,41
"3,2,2,2,2,1,0",public_pool,508,8
"3,2,2,2,2,1,0",subsidized_catch_up,508,42
"3,2,2,2,2,1,0",central_cap2,508,7
"3,2,2,2,2,1,0",equity_cap2,508,5
"3,2,2,2,2,1,0",central_full,508,0
"3,2,1,1,2,1,1",bilateral_3pass,205,9
"3,2,1,1,2,1,1",clearinghouse,205,15
"3,2,1,1,2,1,1",public_pool,205,2
"3,2,1,1,2,1,1",subsidized_catch_up,205,174
"3,2,1,1,2,1,1",central_cap2,205,2
"3,2,1,1,2,1,1",equity_cap2,205,3
"3,2,1,1,2,1,1",central_full,205,0
"3,2,1,1,1,1,0",bilateral_3pass,511,46
"3,2,1,1,1,1,0",clearinghouse,511,89
"3,2,1,1,1,1,0",public_pool,511,12
"3,2,1,1,1,1,0",subsidized_catch_up,511,341
"3,2,1,1,1,1,0",central_cap2,511,12
"3,2,1,1,1,1,0",equity_cap2,511,11
"3,2,1,1,1,1,0",central_full,511,0
"0,2,1,3,0,0,4",bilateral_3pass,280,14
"0,2,1,3,0,0,4",clearinghouse,280,17
"0,2,1,3,0,0,4",public_pool,280,4
"0,2,1,3,0,0,4",subsidized_catch_up,280,205
"0,2,1,3,0,0,4",central_cap2,280,21
"0,2,1,3,0,0,4",equity_cap2,280,19
"0,2,1,3,0,0,4",central_full,280,0
"0,1,1,2,0,0,5",bilateral_3pass,141,141
"0,1,1,2,0,0,5",clearinghouse,141,0
"0,1,1,2,0,0,5",public_pool,141,0
"0,1,1,2,0,0,5",subsidized_catch_up,141,0
"0,1,1,2,0,0,5",central_cap2,141,0
"0,1,1,2,0,0,5",equity_cap2,141,0
"0,1,1,2,0,0,5",central_full,141,0
"1,1,1,3,1,1,4",bilateral_3pass,43,43
"1,1,1,3,1,1,4",clearinghouse,43,0
"1,1,1,3,1,1,4",public_pool,43,0
"1,1,1,3,1,1,4",subsidized_catch_up,43,0
"1,1,1,3,1,1,4",central_cap2,43,0
"1,1,1,3,1,1,4",equity_cap2,43,0
"1,1,1,3,1,1,4",central_full,43,0
"2,1,2,1,1,2,0",bilateral_3pass,280,280
"2,1,2,1,1,2,0",clearinghouse,280,0
"2,1,2,1,1,2,0",public_pool,280,0
"2,1,2,1,1,2,0",subsidized_catch_up,280,0
"2,1,2,1,1,2,0",central_cap2,280,0
"2,1,2,1,1,2,0",equity_cap2,280,0
"2,1,2,1,1,2,0",central_full,280,0
"2,1,1,1,2,2,1",bilateral_3pass,169,152
"2,1,1,1,2,2,1",clearinghouse,169,17
"2,1,1,1,2,2,1",public_pool,169,0
"2,1,1,1,2,2,1",subsidized_catch_up,169,0
"2,1,1,1,2,2,1",central_cap2,169,0
"2,1,1,1,2,2,1",equity_cap2,169,0
"2,1,1,1,2,2,1",central_full,169,0
"3,1,2,2,2,2,0",bilateral_3pass,170,170
"3,1,2,2,2,2,0",clearinghouse,170,0
"3,1,2,2,2,2,0",public_pool,170,0
"3,1,2,2,2,2,0",subsidized_catch_up,170,0
"3,1,2,2,2,2,0",central_cap2,170,0
"3,1,2,2,2,2,0",equity_cap2,170,0
"3,1,2,2,2,2,0",central_full,170,0
"3,2,2,3,2,2,0",bilateral_3pass,467,352
"3,2,2,3,2,2,0",clearinghouse,467,46
"3,2,2,3,2,2,0",public_pool,467,14
"3,2,2,3,2,2,0",subsidized_catch_up,467,28
"3,2,2,3,2,2,0",central_cap2,467,14
"3,2,2,3,2,2,0",equity_cap2,467,13
"3,2,2,3,2,2,0",central_full,467,0
"3,1,1,1,2,2,3",bilateral_3pass,667,616
"3,1,1,1,2,2,3",clearinghouse,667,0
"3,1,1,1,2,2,3",public_pool,667,0
"3,1,1,1,2,2,3",subsidized_catch_up,667,51
"3,1,1,1,2,2,3",central_cap2,667,0
"3,1,1,1,2,2,3",equity_cap2,667,0
"3,1,1,1,2,2,3",central_full,667,0
"3,2,2,1,2,2,0",bilateral_3pass,709,547
"3,2,2,1,2,2,0",clearinghouse,709,70
"3,2,2,1,2,2,0",public_pool,709,12
"3,2,2,1,2,2,0",subsidized_catch_up,709,48
"3,2,2,1,2,2,0",central_cap2,709,18
"3,2,2,1,2,2,0",equity_cap2,709,14
"3,2,2,1,2,2,0",central_full,709,0
"0,3,2,1,0,0,2",bilateral_3pass,384,13
"0,3,2,1,0,0,2",clearinghouse,384,14
"0,3,2,1,0,0,2",public_pool,384,14
"0,3,2,1,0,0,2",subsidized_catch_up,384,304
"0,3,2,1,0,0,2",central_cap2,384,10
"0,3,2,1,0,0,2",equity_cap2,384,16
"0,3,2,1,0,0,2",central_full,384,13
"1,1,2,1,0,1,0",bilateral_3pass,481,481
"1,1,2,1,0,1,0",clearinghouse,481,0
"1,1,2,1,0,1,0",public_pool,481,0
"1,1,2,1,0,1,0",subsidized_catch_up,481,0
"1,1,2,1,0,1,0",central_cap2,481,0
"1,1,2,1,0,1,0",equity_cap2,481,0
"1,1,2,1,0,1,0",central_full,481,0
"1,2,0,2,0,1,0",bilateral_3pass,185,14
"1,2,0,2,0,1,0",clearinghouse,185,12
"1,2,0,2,0,1,0",public_pool,185,4
"1,2,0,2,0,1,0",subsidized_catch_up,185,146
"1,2,0,2,0,1,0",central_cap2,185,4
"1,2,0,2,0,1,0",equity_cap2,185,5
"1,2,0,2,0,1,0",central_full,185,0
"1,1,2,1,0,2,1",bilateral_3pass,73,67
"1,1,2,1,0,2,1",clearinghouse,73,6
"1,1,2,1,0,2,1",public_pool,73,0
"1,1,2,1,0,2,1",subsidized_catch_up,73,0
"1,1,2,1,0,2,1",central_cap2,73,0
"1,1,2,1,0,2,1",equity_cap2,73,0
"1,1,2,1,0,2,1",central_full,73,0
"2,1,2,1,0,2,4",bilateral_3pass,12,12
"2,1,2,1,0,2,4",clearinghouse,12,0
"2,1,2,1,0,2,4",public_pool,12,0
"2,1,2,1,0,2,4",subsidized_catch_up,12,0
"2,1,2,1,0,2,4",central_cap2,12,0
"2,1,2,1,0,2,4",equity_cap2,12,0
"2,1,2,1,0,2,4",central_full,12,0
"3,1,2,2,1,2,3",bilateral_3pass,76,69
"3,1,2,2,1,2,3",clearinghouse,76,0
"3,1,2,2,1,2,3",public_pool,76,0
"3,1,2,2,1,2,3",subsidized_catch_up,76,7
"3,1,2,2,1,2,3",central_cap2,76,0
"3,1,2,2,1,2,3",equity_cap2,76,0
"3,1,2,2,1,2,3",central_full,76,0
"3,1,1,1,1,2,0",bilateral_3pass,255,255
"3,1,1,1,1,2,0",clearinghouse,255,0
"3,1,1,1,1,2,0",public_pool,255,0
"3,1,1,1,1,2,0",subsidized_catch_up,255,0
"3,1,1,1,1,2,0",central_cap2,255,0
"3,1,1,1,1,2,0",equity_cap2,255,0
"3,1,1,1,1,2,0",central_full,255,0
"3,2,1,2,2,2,0",bilateral_3pass,1581,295
"3,2,1,2,2,2,0",clearinghouse,1581,1038
"3,2,1,2,2,2,0",public_pool,1581,42
"3,2,1,2,2,2,0",subsidized_catch_up,1581,124
"3,2,1,2,2,2,0",central_cap2,1581,41
"3,2,1,2,2,2,0",equity_cap2,1581,41
"3,2,1,2,2,2,0",central_full,1581,0
"3,1,0,2,2,2,5",bilateral_3pass,8,8
"3,1,0,2,2,2,5",clearinghouse,8,0
"3,1,0,2,2,2,5",public_pool,8,0
"3,1,0,2,2,2,5",subsidized_catch_up,8,0
"3,1,0,2,2,2,5",central_cap2,8,0
"3,1,0,2,2,2,5",equity_cap2,8,0
"3,1,0,2,2,2,5",central_full,8,0
"0,2,1,1,0,1,3",bilateral_3pass,246,198
"0,2,1,1,0,1,3",clearinghouse,246,21
"0,2,1,1,0,1,3",public_pool,246,4
"0,2,1,1,0,1,3",subsidized_catch_up,246,17
"0,2,1,1,0,1,3",central_cap2,246,3
"0,2,1,1,0,1,3",equity_cap2,246,3
"0,2,1,1,0,1,3",central_full,246,0
"0,1,1,1,0,1,1",bilateral_3pass,473,434
"0,1,1,1,0,1,1",clearinghouse,473,39
"0,1,1,1,0,1,1",public_pool,473,0
"0,1,1,1,0,1,1",subsidized_catch_up,473,0
"0,1,1,1,0,1,1",central_cap2,473,0
"0,1,1,1,0,1,1",equity_cap2,473,0
"0,1,1,1,0,1,1",central_full,473,0
"1,2,1,1,1,2,0",bilateral_3pass,336,32
"1,2,1,1,1,2,0",clearinghouse,336,258
"1,2,1,1,1,2,0",public_pool,336,6
"1,2,1,1,1,2,0",subsidized_catch_up,336,25
"1,2,1,1,1,2,0",central_cap2,336,9
"1,2,1,1,1,2,0",equity_cap2,336,6
"1,2,1,1,1,2,0",central_full,336,0
"2,2,2,2,1,2,1",bilateral_3pass,45,42
"2,2,2,2,1,2,1",clearinghouse,45,1
"2,2,2,2,1,2,1",public_pool,45,1
"2,2,2,2,1,2,1",subsidized_catch_up,45,1
"2,2,2,2,1,2,1",central_cap2,45,0
"2,2,2,2,1,2,1",equity_cap2,45,0
"2,2,2,2,1,2,1",central_full,45,0
"2,1,2,2,1,2,3",bilateral_3pass,280,260
"2,1,2,2,1,2,3",clearinghouse,280,0
"2,1,2,2,1,2,3",public_pool,280,0
"2,1,2,2,1,2,3",subsidized_catch_up,280,20
"2,1,2,2,1,2,3",central_cap2,280,0
"2,1,2,2,1,2,3",equity_cap2,280,0
"2,1,2,2,1,2,3",central_full,280,0
"2,2,2,1,0,2,0",bilateral_3pass,346,38
"2,2,2,1,0,2,0",clearinghouse,346,26
"2,2,2,1,0,2,0",public_pool,346,9
"2,2,2,1,0,2,0",subsidized_catch_up,346,259
"2,2,2,1,0,2,0",central_cap2,346,8
"2,2,2,1,0,2,0",equity_cap2,346,6
"2,2,2,1,0,2,0",central_full,346,0
"2,1,2,2,0,2,1",bilateral_3pass,33,29
"2,1,2,2,0,2,1",clearinghouse,33,4
"2,1,2,2,0,2,1",public_pool,33,0
"2,1,2,2,0,2,1",subsidized_catch_up,33,0
"2,1,2,2,0,2,1",central_cap2,33,0
"2,1,2,2,0,2,1",equity_cap2,33,0
"2,1,2,2,0,2,1",central_full,33,0
"1,2,2,1,0,1,2",bilateral_3pass,26,17
"1,2,2,1,0,1,2",clearinghouse,26,1
"1,2,2,1,0,1,2",public_pool,26,4
"1,2,2,1,0,1,2",subsidized_catch_up,26,2
"1,2,2,1,0,1,2",central_cap2,26,1
"1,2,2,1,0,1,2",equity_cap2,26,1
"1,2,2,1,0,1,2",central_full,26,0
"1,1,1,2,0,2,3",bilateral_3pass,49,47
"1,1,1,2,0,2,3",clearinghouse,49,0
"1,1,1,2,0,2,3",public_pool,49,0
"1,1,1,2,0,2,3",subsidized_catch_up,49,2
"1,1,1,2,0,2,3",central_cap2,49,0
"1,1,1,2,0,2,3",equity_cap2,49,0
"1,1,1,2,0,2,3",central_full,49,0
"1,1,1,1,0,1,4",bilateral_3pass,55,55
"1,1,1,1,0,1,4",clearinghouse,55,0
"1,1,1,1,0,1,4",public_pool,55,0
"1,1,1,1,0,1,4",subsidized_catch_up,55,0
"1,1,1,1,0,1,4",central_cap2,55,0
"1,1,1,1,0,1,4",equity_cap2,55,0
"1,1,1,1,0,1,4",central_full,55,0
"2,1,1,1,0,1,0",bilateral_3pass,190,190
"2,1,1,1,0,1,0",clearinghouse,190,0
"2,1,1,1,0,1,0",public_pool,190,0
"2,1,1,1,0,1,0",subsidized_catch_up,190,0
"2,1,1,1,0,1,0",central_cap2,190,0
"2,1,1,1,0,1,0",equity_cap2,190,0
"2,1,1,1,0,1,0",central_full,190,0
"2,2,2,1,0,1,0",bilateral_3pass,409,317
"2,2,2,1,0,1,0",clearinghouse,409,34
"2,2,2,1,0,1,0",public_pool,409,3
"2,2,2,1,0,1,0",subsidized_catch_up,409,41
"2,2,2,1,0,1,0",central_cap2,409,9
"2,2,2,1,0,1,0",equity_cap2,409,5
"2,2,2,1,0,1,0",central_full,409,0
"2,1,1,2,0,1,1",bilateral_3pass,45,42
"2,1,1,2,0,1,1",clearinghouse,45,3
"2,1,1,2,0,1,1",public_pool,45,0
"2,1,1,2,0,1,1",subsidized_catch_up,45,0
"2,1,1,2,0,1,1",central_cap2,45,0
"2,1,1,2,0,1,1",equity_cap2,45,0
"2,1,1,2,0,1,1",central_full,45,0
"2,1,1,3,1,1,1",bilateral_3pass,324,306
"2,1,1,3,1,1,1",clearinghouse,324,18
"2,1,1,3,1,1,1",public_pool,324,0
"2,1,1,3,1,1,1",subsidized_catch_up,324,0
"2,1,1,3,1,1,1",central_cap2,324,0
"2,1,1,3,1,1,1",equity_cap2,324,0
"2,1,1,3,1,1,1",central_full,324,0
"2,1,2,3,1,1,0",bilateral_3pass,247,247
"2,1,2,3,1,1,0",clearinghouse,247,0
"2,1,2,3,1,1,0",public_pool,247,0
"2,1,2,3,1,1,0",subsidized_catch_up,247,0
"2,1,2,3,1,1,0",central_cap2,247,0
"2,1,2,3,1,1,0",equity_cap2,247,0
"2,1,2,3,1,1,0",central_full,247,0
"0,2,2,2,0,0,6",bilateral_3pass,231,176
"0,2,2,2,0,0,6",clearinghouse,231,17
"0,2,2,2,0,0,6",public_pool,231,9
"0,2,2,2,0,0,6",subsidized_catch_up,231,8
"0,2,2,2,0,0,6",central_cap2,231,7
"0,2,2,2,0,0,6",equity_cap2,231,9
"0,2,2,2,0,0,6",central_full,231,5
"0,1,0,2,0,0,6",bilateral_3pass,21,21
"0,1,0,2,0,0,6",clearinghouse,21,0
"0,1,0,2,0,0,6",public_pool,21,0
"0,1,0,2,0,0,6",subsidized_catch_up,21,0
"0,1,0,2,0,0,6",central_cap2,21,0
"0,1,0,2,0,0,6",equity_cap2,21,0
"0,1,0,2,0,0,6",central_full,21,0
"1,1,1,2,1,1,1",bilateral_3pass,119,115
"1,1,1,2,1,1,1",clearinghouse,119,4
"1,1,1,2,1,1,1",public_pool,119,0
"1,1,1,2,1,1,1",subsidized_catch_up,119,0
"1,1,1,2,1,1,1",central_cap2,119,0
"1,1,1,2,1,1,1",equity_cap2,119,0
"1,1,1,2,1,1,1",central_full,119,0
"1,1,1,2,1,2,0",bilateral_3pass,34,34
"1,1,1,2,1,2,0",clearinghouse,34,0
"1,1,1,2,1,2,0",public_pool,34,0
"1,1,1,2,1,2,0",subsidized_catch_up,34,0
"1,1,1,2,1,2,0",central_cap2,34,0
"1,1,1,2,1,2,0",equity_cap2,34,0
"1,1,1,2,1,2,0",central_full,34,0
"2,1,1,2,2,1,0",bilateral_3pass,218,218
"2,1,1,2,2,1,0",clearinghouse,218,0
"2,1,1,2,2,1,0",public_pool,218,0
"2,1,1,2,2,1,0",subsidized_catch_up,218,0
"2,1,1,2,2,1,0",central_cap2,218,0
"2,1,1,2,2,1,0",equity_cap2,218,0
"2,1,1,2,2,1,0",central_full,218,0
"2,1,1,3,2,1,1",bilateral_3pass,185,179
"2,1,1,3,2,1,1",clearinghouse,185,6
"2,1,1,3,2,1,1",public_pool,185,0
"2,1,1,3,2,1,1",subsidized_catch_up,185,0
"2,1,1,3,2,1,1",central_cap2,185,0
"2,1,1,3,2,1,1",equity_cap2,185,0
"2,1,1,3,2,1,1",central_full,185,0
"2,1,2,3,2,0,0",bilateral_3pass,37,37
"2,1,2,3,2,0,0",clearinghouse,37,0
"2,1,2,3,2,0,0",public_pool,37,0
"2,1,2,3,2,0,0",subsidized_catch_up,37,0
"2,1,2,3,2,0,0",central_cap2,37,0
"2,1,2,3,2,0,0",equity_cap2,37,0
"2,1,2,3,2,0,0",central_full,37,0
"3,1,0,3,2,1,5",bilateral_3pass,24,24
"3,1,0,3,2,1,5",clearinghouse,24,0
"3,1,0,3,2,1,5",public_pool,24,0
"3,1,0,3,2,1,5",subsidized_catch_up,24,0
"3,1,0,3,2,1,5",central_cap2,24,0
"3,1,0,3,2,1,5",equity_cap2,24,0
"3,1,0,3,2,1,5",central_full,24,0
"3,2,0,3,2,0,0",bilateral_3pass,96,68
"3,2,0,3,2,0,0",clearinghouse,96,10
"3,2,0,3,2,0,0",public_pool,96,1
"3,2,0,3,2,0,0",subsidized_catch_up,96,7
"3,2,0,3,2,0,0",central_cap2,96,6
"3,2,0,3,2,0,0",equity_cap2,96,4
"3,2,0,3,2,0,0",central_full,96,0
"0,3,2,2,0,0,1",bilateral_3pass,40,4
"0,3,2,2,0,0,1",clearinghouse,40,5
"0,3,2,2,0,0,1",public_pool,40,2
"0,3,2,2,0,0,1",subsidized_catch_up,40,4
"0,3,2,2,0,0,1",central_cap2,40,18
"0,3,2,2,0,0,1",equity_cap2,40,5
"0,3,2,2,0,0,1",central_full,40,2
"0,3,1,2,0,0,0",bilateral_3pass,713,44
"0,3,1,2,0,0,0",clearinghouse,713,45
"0,3,1,2,0,0,0",public_pool,713,44
"0,3,1,2,0,0,0",subsidized_catch_up,713,42
"0,3,1,2,0,0,0",central_cap2,713,463
"0,3,1,2,0,0,0",equity_cap2,713,33
"0,3,1,2,0,0,0",central_full,713,42
"1,1,2,3,0,0,4",bilateral_3pass,28,28
"1,1,2,3,0,0,4",clearinghouse,28,0
"1,1,2,3,0,0,4",public_pool,28,0
"1,1,2,3,0,0,4",subsidized_catch_up,28,0
"1,1,2,3,0,0,4",central_cap2,28,0
"1,1,2,3,0,0,4",equity_cap2,28,0
"1,1,2,3,0,0,4",central_full,28,0
"1,2,1,3,1,2,0",bilateral_3pass,320,27
"1,2,1,3,1,2,0",clearinghouse,320,18
"1,2,1,3,1,2,0",public_pool,320,5
"1,2,1,3,1,2,0",subsidized_catch_up,320,249
"1,2,1,3,1,2,0",central_cap2,320,10
"1,2,1,3,1,2,0",equity_cap2,320,11
"1,2,1,3,1,2,0",central_full,320,0
"2,2,2,1,1,0,0",bilateral_3pass,339,23
"2,2,2,1,1,0,0",clearinghouse,339,30
"2,2,2,1,1,0,0",public_pool,339,8
"2,2,2,1,1,0,0",subsidized_catch_up,339,270
"2,2,2,1,1,0,0",central_cap2,339,4
"2,2,2,1,1,0,0",equity_cap2,339,4
"2,2,2,1,1,0,0",central_full,339,0
"2,1,2,1,1,0,2",bilateral_3pass,15,15
"2,1,2,1,1,0,2",clearinghouse,15,0
"2,1,2,1,1,0,2",public_pool,15,0
"2,1,2,1,1,0,2",subsidized_catch_up,15,0
"2,1,2,1,1,0,2",central_cap2,15,0
"2,1,2,1,1,0,2",equity_cap2,15,0
"2,1,2,1,1,0,2",central_full,15,0
"2,2,1,2,1,1,0",bilateral_3pass,990,87
"2,2,1,2,1,1,0",clearinghouse,990,779
"2,2,1,2,1,1,0",public_pool,990,9
"2,2,1,2,1,1,0",subsidized_catch_up,990,72
"2,2,1,2,1,1,0",central_cap2,990,23
"2,2,1,2,1,1,0",equity_cap2,990,20
"2,2,1,2,1,1,0",central_full,990,0
"2,2,1,1,1,0,0",bilateral_3pass,343,32
"2,2,1,1,1,0,0",clearinghouse,343,33
"2,2,1,1,1,0,0",public_pool,343,4
"2,2,1,1,1,0,0",subsidized_catch_up,343,260
"2,2,1,1,1,0,0",central_cap2,343,6
"2,2,1,1,1,0,0",equity_cap2,343,8
"2,2,1,1,1,0,0",central_full,343,0
"3,1,1,3,1,2,3",bilateral_3pass,194,172
"3,1,1,3,1,2,3",clearinghouse,194,0
"3,1,1,3,1,2,3",public_pool,194,0
"3,1,1,3,1,2,3",subsidized_catch_up,194,22
"3,1,1,3,1,2,3",central_cap2,194,0
"3,1,1,3,1,2,3",equity_cap2,194,0
"3,1,1,3,1,2,3",central_full,194,0
"3,1,2,3,2,2,3",bilateral_3pass,199,181
"3,1,2,3,2,2,3",clearinghouse,199,0
"3,1,2,3,2,2,3",public_pool,199,0
"3,1,2,3,2,2,3",subsidized_catch_up,199,18
"3,1,2,3,2,2,3",central_cap2,199,0
"3,1,2,3,2,2,3",equity_cap2,199,0
"3,1,2,3,2,2,3",central_full,199,0
"0,3,2,3,0,0,1",bilateral_3pass,28,3
"0,3,2,3,0,0,1",clearinghouse,28,5
"0,3,2,3,0,0,1",public_pool,28,3
"0,3,2,3,0,0,1",subsidized_catch_up,28,2
"0,3,2,3,0,0,1",central_cap2,28,1
"0,3,2,3,0,0,1",equity_cap2,28,1
"0,3,2,3,0,0,1",central_full,28,13
"0,3,0,3,0,0,0",bilateral_3pass,79,10
"0,3,0,3,0,0,0",clearinghouse,79,41
"0,3,0,3,0,0,0",public_pool,79,7
"0,3,0,3,0,0,0",subsidized_catch_up,79,6
"0,3,0,3,0,0,0",central_cap2,79,4
"0,3,0,3,0,0,0",equity_cap2,79,5
"0,3,0,3,0,0,0",central_full,79,6
"0,2,1,1,0,1,4",bilateral_3pass,80,6
"0,2,1,1,0,1,4",clearinghouse,80,50
"0,2,1,1,0,1,4",public_pool,80,1
"0,2,1,1,0,1,4",subsidized_catch_up,80,10
"0,2,1,1,0,1,4",central_cap2,80,7
"0,2,1,1,0,1,4",equity_cap2,80,6
"0,2,1,1,0,1,4",central_full,80,0
"1,2,2,1,0,1,3",bilateral_3pass,127,11
"1,2,2,1,0,1,3",clearinghouse,127,9
"1,2,2,1,0,1,3",public_pool,127,5
"1,2,2,1,0,1,3",subsidized_catch_up,127,97
"1,2,2,1,0,1,3",central_cap2,127,4
"1,2,2,1,0,1,3",equity_cap2,127,1
"1,2,2,1,0,1,3",central_full,127,0
"1,2,2,2,0,2,3",bilateral_3pass,64,3
"1,2,2,2,0,2,3",clearinghouse,64,4
"1,2,2,2,0,2,3",public_pool,64,3
"1,2,2,2,0,2,3",subsidized_catch_up,64,52
"1,2,2,2,0,2,3",central_cap2,64,1
"1,2,2,2,0,2,3",equity_cap2,64,1
"1,2,2,2,0,2,3",central_full,64,0
"1,1,1,3,0,2,2",bilateral_3pass,7,7
"1,1,1,3,0,2,2",clearinghouse,7,0
"1,1,1,3,0,2,2",public_pool,7,0
"1,1,1,3,0,2,2",subsidized_catch_up,7,0
"1,1,1,3,0,2,2",central_cap2,7,0
"1,1,1,3,0,2,2",equity_cap2,7,0
"1,1,1,3,0,2,2",central_full,7,0
"1,1,1,3,0,2,0",bilateral_3pass,93,93
"1,1,1,3,0,2,0",clearinghouse,93,0
"1,1,1,3,0,2,0",public_pool,93,0
"1,1,1,3,0,2,0",subsidized_catch_up,93,0
"1,1,1,3,0,2,0",central_cap2,93,0
"1,1,1,3,0,2,0",equity_cap2,93,0
"1,1,1,3,0,2,0",central_full,93,0
"2,1,2,2,1,2,0",bilateral_3pass,208,208
"2,1,2,2,1,2,0",clearinghouse,208,0
"2,1,2,2,1,2,0",public_pool,208,0
"2,1,2,2,1,2,0",subsidized_catch_up,208,0
"2,1,2,2,1,2,0",central_cap2,208,0
"2,1,2,2,1,2,0",equity_cap2,208,0
"2,1,2,2,1,2,0",central_full,208,0
"3,1,1,3,2,1,5",bilateral_3pass,74,74
"3,1,1,3,2,1,5",clearinghouse,74,0
"3,1,1,3,2,1,5",public_pool,74,0
"3,1,1,3,2,1,5",subsidized_catch_up,74,0
"3,1,1,3,2,1,5",central_cap2,74,0
"3,1,1,3,2,1,5",equity_cap2,74,0
"3,1,1,3,2,1,5",central_full,74,0
"3,1,2,3,1,2,0",bilateral_3pass,40,40
"3,1,2,3,1,2,0",clearinghouse,40,0
"3,1,2,3,1,2,0",public_pool,40,0
"3,1,2,3,1,2,0",subsidized_catch_up,40,0
"3,1,2,3,1,2,0",central_cap2,40,0
"3,1,2,3,1,2,0",equity_cap2,40,0
"3,1,2,3,1,2,0",central_full,40,0
"0,3,1,1,0,0,3",bilateral_3pass,269,22
"0,3,1,1,0,0,3",clearinghouse,269,21
"0,3,1,1,0,0,3",public_pool,269,132
"0,3,1,1,0,0,3",subsidized_catch_up,269,23
"0,3,1,1,0,0,3",central_cap2,269,16
"0,3,1,1,0,0,3",equity_cap2,269,37
"0,3,1,1,0,0,3",central_full,269,18
"0,1,1,1,0,1,0",bilateral_3pass,572,572
"0,1,1,1,0,1,0",clearinghouse,572,0
"0,1,1,1,0,1,0",public_pool,572,0
"0,1,1,1,0,1,0",subsidized_catch_up,572,0
"0,1,1,1,0,1,0",central_cap2,572,0
"0,1,1,1,0,1,0",equity_cap2,572,0
"0,1,1,1,0,1,0",central_full,572,0
"1,1,1,2,0,1,3",bilateral_3pass,503,465
"1,1,1,2,0,1,3",clearinghouse,503,0
"1,1,1,2,0,1,3",public_pool,503,0
"1,1,1,2,0,1,3",subsidized_catch_up,503,38
"1,1,1,2,0,1,3",central_cap2,503,0
"1,1,1,2,0,1,3",equity_cap2,503,0
"1,1,1,2,0,1,3",central_full,503,0
"2,1,1,3,1,1,0",bilateral_3pass,444,444
"2,1,1,3,1,1,0",clearinghouse,444,0
"2,1,1,3,1,1,0",public_pool,444,0
"2,1,1,3,1,1,0",subsidized_catch_up,444,0
"2,1,1,3,1,1,0",central_cap2,444,0
"2,1,1,3,1,1,0",equity_cap2,444,0
"2,1,1,3,1,1,0",central_full,444,0
"2,1,1,3,1,1,2",bilateral_3pass,36,36
"2,1,1,3,1,1,2",clearinghouse,36,0
"2,1,1,3,1,1,2",public_pool,36,0
"2,1,1,3,1,1,2",subsidized_catch_up,36,0
"2,1,1,3,1,1,2",central_cap2,36,0
"2,1,1,3,1,1,2",equity_cap2,36,0
"2,1,1,3,1,1,2",central_full,36,0
"3,2,0,0,2,1,0",bilateral_3pass,19,1
"3,2,0,0,2,1,0",clearinghouse,19,1
"3,2,0,0,2,1,0",public_pool,19,0
"3,2,0,0,2,1,0",subsidized_catch_up,19,16
"3,2,0,0,2,1,0",central_cap2,19,1
"3,2,0,0,2,1,0",equity_cap2,19,0
"3,2,0,0,2,1,0",central_full,19,0
"0,3,2,1,0,1,0",bilateral_3pass,34,3
"0,3,2,1,0,1,0",clearinghouse,34,1
"0,3,2,1,0,1,0",public_pool,34,23
"0,3,2,1,0,1,0",subsidized_catch_up,34,5
"0,3,2,1,0,1,0",central_cap2,34,0
"0,3,2,1,0,1,0",equity_cap2,34,2
"0,3,2,1,0,1,0",central_full,34,0
"1,3,2,2,0,1,0",bilateral_3pass,142,3
"1,3,2,2,0,1,0",clearinghouse,142,124
"1,3,2,2,0,1,0",public_pool,142,1
"1,3,2,2,0,1,0",subsidized_catch_up,142,2
"1,3,2,2,0,1,0",central_cap2,142,4
"1,3,2,2,0,1,0",equity_cap2,142,2
"1,3,2,2,0,1,0",central_full,142,6
"1,3,1,3,0,1,3",bilateral_3pass,2,0
"1,3,1,3,0,1,3",clearinghouse,2,0
"1,3,1,3,0,1,3",public_pool,2,0
"1,3,1,3,0,1,3",subsidized_catch_up,2,0
"1,3,1,3,0,1,3",central_cap2,2,1
"1,3,1,3,0,1,3",equity_cap2,2,1
"1,3,1,3,0,1,3",central_full,2,0
"1,2,1,3,0,1,5",bilateral_3pass,17,0
"1,2,1,3,0,1,5",clearinghouse,17,13
"1,2,1,3,0,1,5",public_pool,17,0
"1,2,1,3,0,1,5",subsidized_catch_up,17,2
"1,2,1,3,0,1,5",central_cap2,17,0
"1,2,1,3,0,1,5",equity_cap2,17,2
"1,2,1,3,0,1,5",central_full,17,0
"2,2,0,3,1,1,0",bilateral_3pass,157,7
"2,2,0,3,1,1,0",clearinghouse,157,131
"2,2,0,3,1,1,0",public_pool,157,2
"2,2,0,3,1,1,0",subsidized_catch_up,157,12
"2,2,0,3,1,1,0",central_cap2,157,1
"2,2,0,3,1,1,0",equity_cap2,157,4
"2,2,0,3,1,1,0",central_full,157,0
"2,1,1,1,1,1,3",bilateral_3pass,591,550
"2,1,1,1,1,1,3",clearinghouse,591,0
"2,1,1,1,1,1,3",public_pool,591,0
"2,1,1,1,1,1,3",subsidized_catch_up,591,41
"2,1,1,1,1,1,3",central_cap2,591,0
"2,1,1,1,1,1,3",equity_cap2,591,0
"2,1,1,1,1,1,3",central_full,591,0
"3,1,2,3,2,2,1",bilateral_3pass,107,98
"3,1,2,3,2,2,1",clearinghouse,107,9
"3,1,2,3,2,2,1",public_pool,107,0
"3,1,2,3,2,2,1",subsidized_catch_up,107,0
"3,1,2,3,2,2,1",central_cap2,107,0
"3,1,2,3,2,2,1",equity_cap2,107,0
"3,1,2,3,2,2,1",central_full,107,0
"3,1,0,3,2,2,1",bilateral_3pass,222,206
"3,1,0,3,2,2,1",clearinghouse,222,16
"3,1,0,3,2,2,1",public_pool,222,0
"3,1,0,3,2,2,1",subsidized_catch_up,222,0
"3,1,0,3,2,2,1",central_cap2,222,0
"3,1,0,3,2,2,1",equity_cap2,222,0
"3,1,0,3,2,2,1",central_full,222,0
"3,1,0,2,2,2,0",bilateral_3pass,151,151
"3,1,0,2,2,2,0",clearinghouse,151,0
"3,1,0,2,2,2,0",public_pool,151,0
"3,1,0,2,2,2,0",subsidized_catch_up,151,0
"3,1,0,2,2,2,0",central_cap2,151,0
"3,1,0,2,2,2,0",equity_cap2,151,0
"3,1,0,2,2,2,0",central_full,151,0
"0,2,0,2,0,0,5",bilateral_3pass,29,4
"0,2,0,2,0,0,5",clearinghouse,29,17
"0,2,0,2,0,0,5",public_pool,29,4
"0,2,0,2,0,0,5",subsidized_catch_up,29,2
"0,2,0,2,0,0,5",central_cap2,29,1
"0,2,0,2,0,0,5",equity_cap2,29,1
"0,2,0,2,0,0,5",central_full,29,0
"0,1,2,2,0,0,3",bilateral_3pass,122,113
"0,1,2,2,0,0,3",clearinghouse,122,0
"0,1,2,2,0,0,3",public_pool,122,0
"0,1,2,2,0,0,3",subsidized_catch_up,122,9
"0,1,2,2,0,0,3",central_cap2,122,0
"0,1,2,2,0,0,3",equity_cap2,122,0
"0,1,2,2,0,0,3",central_full,122,0
"1,1,0,2,0,0,3",bilateral_3pass,17,17
"1,1,0,2,0,0,3",clearinghouse,17,0
"1,1,0,2,0,0,3",public_pool,17,0
"1,1,0,2,0,0,3",subsidized_catch_up,17,0
"1,1,0,2,0,0,3",central_cap2,17,0
"1,1,0,2,0,0,3",equity_cap2,17,0
"1,1,0,2,0,0,3",central_full,17,0
"1,1,1,3,0,2,1",bilateral_3pass,49,46
"1,1,1,3,0,2,1",clearinghouse,49,3
"1,1,1,3,0,2,1",public_pool,49,0
"1,1,1,3,0,2,1",subsidized_catch_up,49,0
"1,1,1,3,0,2,1",central_cap2,49,0
"1,1,1,3,0,2,1",equity_cap2,49,0
"1,1,1,3,0,2,1",central_full,49,0
"3,1,1,2,2,2,0",bilateral_3pass,464,464
"3,1,1,2,2,2,0",clearinghouse,464,0
"3,1,1,2,2,2,0",public_pool,464,0
"3,1,1,2,2,2,0",subsidized_catch_up,464,0
"3,1,1,2,2,2,0",central_cap2,464,0
"3,1,1,2,2,2,0",equity_cap2,464,0
"3,1,1,2,2,2,0",central_full,464,0
"3,1,1,1,2,2,1",bilateral_3pass,628,590
"3,1,1,1,2,2,1",clearinghouse,628,38
"3,1,1,1,2,2,1",public_pool,628,0
"3,1,1,1,2,2,1",subsidized_catch_up,628,0
"3,1,1,1,2,2,1",central_cap2,628,0
"3,1,1,1,2,2,1",equity_cap2,628,0
"3,1,1,1,2,2,1",central_full,628,0
"3,1,2,1,2,2,0",bilateral_3pass,175,175
"3,1,2,1,2,2,0",clearinghouse,175,0
"3,1,2,1,2,2,0",public_pool,175,0
"3,1,2,1,2,2,0",subsidized_catch_up,175,0
"3,1,2,1,2,2,0",central_cap2,175,0
"3,1,2,1,2,2,0",equity_cap2,175,0
"3,1,2,1,2,2,0",central_full,175,0
"3,2,2,2,2,2,0",bilateral_3pass,512,396
"3,2,2,2,2,2,0",clearinghouse,512,46
"3,2,2,2,2,2,0",public_pool,512,6
"3,2,2,2,2,2,0",subsidized_catch_up,512,50
"3,2,2,2,2,2,0",central_cap2,512,4
"3,2,2,2,2,2,0",equity_cap2,512,10
"3,2,2,2,2,2,0",central_full,512,0
"0,2,2,1,0,0,0",bilateral_3pass,259,20
"0,2,2,1,0,0,0",clearinghouse,259,208
"0,2,2,1,0,0,0",public_pool,259,6
"0,2,2,1,0,0,0",subsidized_catch_up,259,13
"0,2,2,1,0,0,0",central_cap2,259,5
"0,2,2,1,0,0,0",equity_cap2,259,7
"0,2,2,1,0,0,0",central_full,259,0
"1,1,1,1,0,0,1",bilateral_3pass,125,116
"1,1,1,1,0,0,1",clearinghouse,125,9
"1,1,1,1,0,0,1",public_pool,125,0
"1,1,1,1,0,0,1",subsidized_catch_up,125,0
"1,1,1,1,0,0,1",central_cap2,125,0
"1,1,1,1,0,0,1",equity_cap2,125,0
"1,1,1,1,0,0,1",central_full,125,0
"1,2,2,1,1,1,0",bilateral_3pass,310,246
"1,2,2,1,1,1,0",clearinghouse,310,23
"1,2,2,1,1,1,0",public_pool,310,6
"1,2,2,1,1,1,0",subsidized_catch_up,310,20
"1,2,2,1,1,1,0",central_cap2,310,9
"1,2,2,1,1,1,0",equity_cap2,310,6
"1,2,2,1,1,1,0",central_full,310,0
"1,2,2,1,1,1,1",bilateral_3pass,11,0
"1,2,2,1,1,1,1",clearinghouse,11,0
"1,2,2,1,1,1,1",public_pool,11,0
"1,2,2,1,1,1,1",subsidized_catch_up,11,10
"1,2,2,1,1,1,1",central_cap2,11,1
"1,2,2,1,1,1,1",equity_cap2,11,0
"1,2,2,1,1,1,1",central_full,11,0
"1,1,1,2,1,1,3",bilateral_3pass,88,83
"1,1,1,2,1,1,3",clearinghouse,88,0
"1,1,1,2,1,1,3",public_pool,88,0
"1,1,1,2,1,1,3",subsidized_catch_up,88,5
"1,1,1,2,1,1,3",central_cap2,88,0
"1,1,1,2,1,1,3",equity_cap2,88,0
"1,1,1,2,1,1,3",central_full,88,0
"2,1,2,1,2,1,0",bilateral_3pass,155,155
"2,1,2,1,2,1,0",clearinghouse,155,0
"2,1,2,1,2,1,0",public_pool,155,0
"2,1,2,1,2,1,0",subsidized_catch_up,155,0
"2,1,2,1,2,1,0",central_cap2,155,0
"2,1,2,1,2,1,0",equity_cap2,155,0
"2,1,2,1,2,1,0",central_full,155,0
"2,2,1,2,2,2,2",bilateral_3pass,11,0
"2,2,1,2,2,2,2",clearinghouse,11,1
"2,2,1,2,2,2,2",public_pool,11,0
"2,2,1,2,2,2,2",subsidized_catch_up,11,9
"2,2,1,2,2,2,2",central_cap2,11,0
"2,2,1,2,2,2,2",equity_cap2,11,1
"2,2,1,2,2,2,2",central_full,11,0
"2,1,1,2,2,2,1",bilateral_3pass,92,89
"2,1,1,2,2,2,1",clearinghouse,92,3
"2,1,1,2,2,2,1",public_pool,92,0
"2,1,1,2,2,2,1",subsidized_catch_up,92,0
"2,1,1,2,2,2,1",central_cap2,92,0
"2,1,1,2,2,2,1",equity_cap2,92,0
"2,1,1,2,2,2,1",central_full,92,0
"0,2,2,2,0,1,3",bilateral_3pass,52,39
"0,2,2,2,0,1,3",clearinghouse,52,7
"0,2,2,2,0,1,3",public_pool,52,0
"0,2,2,2,0,1,3",subsidized_catch_up,52,5
"0,2,2,2,0,1,3",central_cap2,52,1
"0,2,2,2,0,1,3",equity_cap2,52,0
"0,2,2,2,0,1,3",central_full,52,0
"1,2,2,2,1,1,0",bilateral_3pass,550,437
"1,2,2,2,1,1,0",clearinghouse,550,40
"1,2,2,2,1,1,0",public_pool,550,7
"1,2,2,2,1,1,0",subsidized_catch_up,550,45
"1,2,2,2,1,1,0",central_cap2,550,11
"1,2,2,2,1,1,0",equity_cap2,550,10
"1,2,2,2,1,1,0",central_full,550,0
"2,2,0,1,1,1,0",bilateral_3pass,153,19
"2,2,0,1,1,1,0",clearinghouse,153,117
"2,2,0,1,1,1,0",public_pool,153,1
"2,2,0,1,1,1,0",subsidized_catch_up,153,8
"2,2,0,1,1,1,0",central_cap2,153,3
"2,2,0,1,1,1,0",equity_cap2,153,5
"2,2,0,1,1,1,0",central_full,153,0
"2,1,1,1,2,2,0",bilateral_3pass,279,279
"2,1,1,1,2,2,0",clearinghouse,279,0
"2,1,1,1,2,2,0",public_pool,279,0
"2,1,1,1,2,2,0",subsidized_catch_up,279,0
"2,1,1,1,2,2,0",central_cap2,279,0
"2,1,1,1,2,2,0",equity_cap2,279,0
"2,1,1,1,2,2,0",central_full,279,0
"3,1,0,3,2,2,0",bilateral_3pass,304,304
"3,1,0,3,2,2,0",clearinghouse,304,0
"3,1,0,3,2,2,0",public_pool,304,0
"3,1,0,3,2,2,0",subsidized_catch_up,304,0
"3,1,0,3,2,2,0",central_cap2,304,0
"3,1,0,3,2,2,0",equity_cap2,304,0
"3,1,0,3,2,2,0",central_full,304,0
"3,1,1,3,2,0,1",bilateral_3pass,92,87
"3,1,1,3,2,0,1",clearinghouse,92,5
"3,1,1,3,2,0,1",public_pool,92,0
"3,1,1,3,2,0,1",subsidized_catch_up,92,0
"3,1,1,3,2,0,1",central_cap2,92,0
"3,1,1,3,2,0,1",equity_cap2,92,0
"3,1,1,3,2,0,1",central_full,92,0
"0,3,0,1,0,0,1",bilateral_3pass,44,5
"0,3,0,1,0,0,1",clearinghouse,44,3
"0,3,0,1,0,0,1",public_pool,44,3
"0,3,0,1,0,0,1",subsidized_catch_up,44,29
"0,3,0,1,0,0,1",central_cap2,44,1
"0,3,0,1,0,0,1",equity_cap2,44,2
"0,3,0,1,0,0,1",central_full,44,1
"0,1,1,3,0,0,0",bilateral_3pass,214,214
"0,1,1,3,0,0,0",clearinghouse,214,0
"0,1,1,3,0,0,0",public_pool,214,0
"0,1,1,3,0,0,0",subsidized_catch_up,214,0
"0,1,1,3,0,0,0",central_cap2,214,0
"0,1,1,3,0,0,0",equity_cap2,214,0
"0,1,1,3,0,0,0",central_full,214,0
"1,1,2,2,0,1,3",bilateral_3pass,646,606
"1,1,2,2,0,1,3",clearinghouse,646,0
"1,1,2,2,0,1,3",public_pool,646,0
"1,1,2,2,0,1,3",subsidized_catch_up,646,40
"1,1,2,2,0,1,3",central_cap2,646,0
"1,1,2,2,0,1,3",equity_cap2,646,0
"1,1,2,2,0,1,3",central_full,646,0
"2,2,2,3,1,2,0",bilateral_3pass,374,290
"2,2,2,3,1,2,0",clearinghouse,374,22
"2,2,2,3,1,2,0",public_pool,374,7
"2,2,2,3,1,2,0",subsidized_catch_up,374,41
"2,2,2,3,1,2,0",central_cap2,374,8
"2,2,2,3,1,2,0",equity_cap2,374,6
"2,2,2,3,1,2,0",central_full,374,0
"2,3,1,3,1,2,0",bilateral_3pass,95,1
"2,3,1,3,1,2,0",clearinghouse,95,3
"2,3,1,3,1,2,0",public_pool,95,0
"2,3,1,3,1,2,0",subsidized_catch_up,95,80
"2,3,1,3,1,2,0",central_cap2,95,8
"2,3,1,3,1,2,0",equity_cap2,95,2
"2,3,1,3,1,2,0",central_full,95,1
"2,2,2,3,2,1,4",bilateral_3pass,6,4
"2,2,2,3,2,1,4",clearinghouse,6,1
"2,2,2,3,2,1,4",public_pool,6,0
"2,2,2,3,2,1,4",subsidized_catch_up,6,1
"2,2,2,3,2,1,4",central_cap2,6,0
"2,2,2,3,2,1,4",equity_cap2,6,0
"2,2,2,3,2,1,4",central_full,6,0
"2,1,1,3,2,2,3",bilateral_3pass,221,188
"2,1,1,3,2,2,3",clearinghouse,221,0
"2,1,1,3,2,2,3",public_pool,221,0
"2,1,1,3,2,2,3",subsidized_catch_up,221,33
"2,1,1,3,2,2,3",central_cap2,221,0
"2,1,1,3,2,2,3",equity_cap2,221,0
"2,1,1,3,2,2,3",central_full,221,0
"2,1,2,3,2,2,3",bilateral_3pass,120,105
"2,1,2,3,2,2,3",clearinghouse,120,0
"2,1,2,3,2,2,3",public_pool,120,0
"2,1,2,3,2,2,3",subsidized_catch_up,120,15
"2,1,2,3,2,2,3",central_cap2,120,0
"2,1,2,3,2,2,3",equity_cap2,120,0
"2,1,2,3,2,2,3",central_full,120,0
"3,2,2,3,2,1,0",bilateral_3pass,651,62
"3,2,2,3,2,1,0",clearinghouse,651,484
"3,2,2,3,2,1,0",public_pool,651,11
"3,2,2,3,2,1,0",subsidized_catch_up,651,57
"3,2,2,3,2,1,0",central_cap2,651,19
"3,2,2,3,2,1,0",equity_cap2,651,18
"3,2,2,3,2,1,0",central_full,651,0
"3,1,2,2,2,2,3",bilateral_3pass,169,153
"3,1,2,2,2,2,3",clearinghouse,169,0
"3,1,2,2,2,2,3",public_pool,169,0
"3,1,2,2,2,2,3",subsidized_catch_up,169,16
"3,1,2,2,2,2,3",central_cap2,169,0
"3,1,2,2,2,2,3",equity_cap2,169,0
"3,1,2,2,2,2,3",central_full,169,0
"3,2,2,1,2,1,0",bilateral_3pass,888,661
"3,2,2,1,2,1,0",clearinghouse,888,103
"3,2,2,1,2,1,0",public_pool,888,18
"3,2,2,1,2,1,0",subsidized_catch_up,888,77
"3,2,2,1,2,1,0",central_cap2,888,10
"3,2,2,1,2,1,0",equity_cap2,888,19
"3,2,2,1,2,1,0",central_full,888,0
"0,1,0,1,0,0,1",bilateral_3pass,102,84
"0,1,0,1,0,0,1",clearinghouse,102,18
"0,1,0,1,0,0,1",public_pool,102,0
"0,1,0,1,0,0,1",subsidized_catch_up,102,0
"0,1,0,1,0,0,1",central_cap2,102,0
"0,1,0,1,0,0,1",equity_cap2,102,0
"0,1,0,1,0,0,1",central_full,102,0
"1,1,2,2,0,1,1",bilateral_3pass,317,301
"1,1,2,2,0,1,1",clearinghouse,317,16
"1,1,2,2,0,1,1",public_pool,317,0
"1,1,2,2,0,1,1",subsidized_catch_up,317,0
"1,1,2,2,0,1,1",central_cap2,317,0
"1,1,2,2,0,1,1",equity_cap2,317,0
"1,1,2,2,0,1,1",central_full,317,0
"2,2,1,3,0,0,0",bilateral_3pass,63,9
"2,2,1,3,0,0,0",clearinghouse,63,4
"2,2,1,3,0,0,0",public_pool,63,2
"2,2,1,3,0,0,0",subsidized_catch_up,63,46
"2,2,1,3,0,0,0",central_cap2,63,1
"2,2,1,3,0,0,0",equity_cap2,63,1
"2,2,1,3,0,0,0",central_full,63,0
"2,3,1,1,2,1,0",bilateral_3pass,112,96
"2,3,1,1,2,1,0",clearinghouse,112,0
"2,3,1,1,2,1,0",public_pool,112,6
"2,3,1,1,2,1,0",subsidized_catch_up,112,7
"2,3,1,1,2,1,0",central_cap2,112,1
"2,3,1,1,2,1,0",equity_cap2,112,2
"2,3,1,1,2,1,0",central_full,112,0
"2,2,1,3,2,1,3",bilateral_3pass,126,5
"2,2,1,3,2,1,3",clearinghouse,126,117
"2,2,1,3,2,1,3",public_pool,126,1
"2,2,1,3,2,1,3",subsidized_catch_up,126,1
"2,2,1,3,2,1,3",central_cap2,126,1
"2,2,1,3,2,1,3",equity_cap2,126,1
"2,2,1,3,2,1,3",central_full,126,0
"3,2,1,2,2,1,2",bilateral_3pass,41,3
"3,2,1,2,2,1,2",clearinghouse,41,7
"3,2,1,2,2,1,2",public_pool,41,0
"3,2,1,2,2,1,2",subsidized_catch_up,41,28
"3,2,1,2,2,1,2",central_cap2,41,3
"3,2,1,2,2,1,2",equity_cap2,41,0
"3,2,1,2,2,1,2",central_full,41,0
"0,1,1,2,0,1,4",bilateral_3pass,33,33
"0,1,1,2,0,1,4",clearinghouse,33,0
"0,1,1,2,0,1,4",public_pool,33,0
"0,1,1,2,0,1,4",subsidized_catch_up,33,0
"0,1,1,2,0,1,4",central_cap2,33,0
"0,1,1,2,0,1,4",equity_cap2,33,0
"0,1,1,2,0,1,4",central_full,33,0
"0,2,2,1,0,1,0",bilateral_3pass,493,390
"0,2,2,1,0,1,0",clearinghouse,493,40
"0,2,2,1,0,1,0",public_pool,493,14
"0,2,2,1,0,1,0",subsidized_catch_up,493,33
"0,2,2,1,0,1,0",central_cap2,493,8
"0,2,2,1,0,1,0",equity_cap2,493,8
"0,2,2,1,0,1,0",central_full,493,0
"1,1,1,1,0,2,1",bilateral_3pass,79,76
"1,1,1,1,0,2,1",clearinghouse,79,3
"1,1,1,1,0,2,1",public_pool,79,0
"1,1,1,1,0,2,1",subsidized_catch_up,79,0
"1,1,1,1,0,2,1",central_cap2,79,0
"1,1,1,1,0,2,1",equity_cap2,79,0
"1,1,1,1,0,2,1",central_full,79,0
"2,1,1,2,0,1,0",bilateral_3pass,75,75
"2,1,1,2,0,1,0",clearinghouse,75,0
"2,1,1,2,0,1,0",public_pool,75,0
"2,1,1,2,0,1,0",subsidized_catch_up,75,0
"2,1,1,2,0,1,0",central_cap2,75,0
"2,1,1,2,0,1,0",equity_cap2,75,0
"2,1,1,2,0,1,0",central_full,75,0
"2,2,2,3,0,0,0",bilateral_3pass,50,3
"2,2,2,3,0,0,0",clearinghouse,50,41
"2,2,2,3,0,0,0",public_pool,50,0
"2,2,2,3,0,0,0",subsidized_catch_up,50,4
"2,2,2,3,0,0,0",central_cap2,50,2
"2,2,2,3,0,0,0",equity_cap2,50,0
"2,2,2,3,0,0,0",central_full,50,0
"2,1,1,1,0,0,1",bilateral_3pass,30,29
"2,1,1,1,0,0,1",clearinghouse,30,1
"2,1,1,1,0,0,1",public_pool,30,0
"2,1,1,1,0,0,1",subsidized_catch_up,30,0
"2,1,1,1,0,0,1",central_cap2,30,0
"2,1,1,1,0,0,1",equity_cap2,30,0
"2,1,1,1,0,0,1",central_full,30,0
"2,2,2,2,1,0,0",bilateral_3pass,149,10
"2,2,2,2,1,0,0",clearinghouse,149,17
"2,2,2,2,1,0,0",public_pool,149,2
"2,2,2,2,1,0,0",subsidized_catch_up,149,108
"2,2,2,2,1,0,0",central_cap2,149,5
"2,2,2,2,1,0,0",equity_cap2,149,7
"2,2,2,2,1,0,0",central_full,149,0
"3,1,1,2,1,1,3",bilateral_3pass,79,77
"3,1,1,2,1,1,3",clearinghouse,79,0
"3,1,1,2,1,1,3",public_pool,79,0
"3,1,1,2,1,1,3",subsidized_catch_up,79,2
"3,1,1,2,1,1,3",central_cap2,79,0
"3,1,1,2,1,1,3",equity_cap2,79,0
"3,1,1,2,1,1,3",central_full,79,0
"3,1,1,2,1,1,0",bilateral_3pass,89,89
"3,1,1,2,1,1,0",clearinghouse,89,0
"3,1,1,2,1,1,0",public_pool,89,0
"3,1,1,2,1,1,0",subsidized_catch_up,89,0
"3,1,1,2,1,1,0",central_cap2,89,0
"3,1,1,2,1,1,0",equity_cap2,89,0
"3,1,1,2,1,1,0",central_full,89,0
"3,1,1,1,2,0,3",bilateral_3pass,56,53
"3,1,1,1,2,0,3",clearinghouse,56,0
"3,1,1,1,2,0,3",public_pool,56,0
"3,1,1,1,2,0,3",subsidized_catch_up,56,3
"3,1,1,1,2,0,3",central_cap2,56,0
"3,1,1,1,2,0,3",equity_cap2,56,0
"3,1,1,1,2,0,3",central_full,56,0
"0,1,1,2,0,0,3",bilateral_3pass,255,241
"0,1,1,2,0,0,3",clearinghouse,255,0
"0,1,1,2,0,0,3",public_pool,255,0
"0,1,1,2,0,0,3",subsidized_catch_up,255,14
"0,1,1,2,0,0,3",central_cap2,255,0
"0,1,1,2,0,0,3",equity_cap2,255,0
"0,1,1,2,0,0,3",central_full,255,0
"1,2,1,1,0,0,0",bilateral_3pass,578,51
"1,2,1,1,0,0,0",clearinghouse,578,49
"1,2,1,1,0,0,0",public_pool,578,11
"1,2,1,1,0,0,0",subsidized_catch_up,578,448
"1,2,1,1,0,0,0",central_cap2,578,11
"1,2,1,1,0,0,0",equity_cap2,578,8
"1,2,1,1,0,0,0",central_full,578,0
"2,1,1,3,0,1,3",bilateral_3pass,138,130
"2,1,1,3,0,1,3",clearinghouse,138,0
"2,1,1,3,0,1,3",public_pool,138,0
"2,1,1,3,0,1,3",subsidized_catch_up,138,8
"2,1,1,3,0,1,3",central_cap2,138,0
"2,1,1,3,0,1,3",equity_cap2,138,0
"2,1,1,3,0,1,3",central_full,138,0
"2,2,1,1,0,0,0",bilateral_3pass,133,15
"2,2,1,1,0,0,0",clearinghouse,133,10
"2,2,1,1,0,0,0",public_pool,133,1
"2,2,1,1,0,0,0",subsidized_catch_up,133,104
"2,2,1,1,0,0,0",central_cap2,133,0
"2,2,1,1,0,0,0",equity_cap2,133,3
"2,2,1,1,0,0,0",central_full,133,0
"2,1,1,2,0,0,3",bilateral_3pass,15,15
"2,1,1,2,0,0,3",clearinghouse,15,0
"2,1,1,2,0,0,3",public_pool,15,0
"2,1,1,2,0,0,3",subsidized_catch_up,15,0
"2,1,1,2,0,0,3",central_cap2,15,0
"2,1,1,2,0,0,3",equity_cap2,15,0
"2,1,1,2,0,0,3",central_full,15,0
"3,2,2,3,1,1,0",bilateral_3pass,186,143
"3,2,2,3,1,1,0",clearinghouse,186,6
"3,2,2,3,1,1,0",public_pool,186,3
"3,2,2,3,1,1,0",subsidized_catch_up,186,16
"3,2,2,3,1,1,0",central_cap2,186,6
"3,2,2,3,1,1,0",equity_cap2,186,12
"3,2,2,3,1,1,0",central_full,186,0
"3,1,0,2,2,2,1",bilateral_3pass,120,113
"3,1,0,2,2,2,1",clearinghouse,120,7
"3,1,0,2,2,2,1",public_pool,120,0
"3,1,0,2,2,2,1",subsidized_catch_up,120,0
"3,1,0,2,2,2,1",central_cap2,120,0
"3,1,0,2,2,2,1",equity_cap2,120,0
"3,1,0,2,2,2,1",central_full,120,0
"3,1,0,3,1,1,1",bilateral_3pass,37,34
"3,1,0,3,1,1,1",clearinghouse,37,3
"3,1,0,3,1,1,1",public_pool,37,0
"3,1,0,3,1,1,1",subsidized_catch_up,37,0
"3,1,0,3,1,1,1",central_cap2,37,0
"3,1,0,3,1,1,1",equity_cap2,37,0
"3,1,0,3,1,1,1",central_full,37,0
"0,2,1,2,0,0,5",bilateral_3pass,119,15
"0,2,1,2,0,0,5",clearinghouse,119,66
"0,2,1,2,0,0,5",public_pool,119,3
"0,2,1,2,0,0,5",subsidized_catch_up,119,10
"0,2,1,2,0,0,5",central_cap2,119,9
"0,2,1,2,0,0,5",equity_cap2,119,16
"0,2,1,2,0,0,5",central_full,119,0
"1,1,0,3,1,1,0",bilateral_3pass,38,38
"1,1,0,3,1,1,0",clearinghouse,38,0
"1,1,0,3,1,1,0",public_pool,38,0
"1,1,0,3,1,1,0",subsidized_catch_up,38,0
"1,1,0,3,1,1,0",central_cap2,38,0
"1,1,0,3,1,1,0",equity_cap2,38,0
"1,1,0,3,1,1,0",central_full,38,0
"3,2,1,1,1,1,1",bilateral_3pass,22,22
"3,2,1,1,1,1,1",clearinghouse,22,0
"3,2,1,1,1,1,1",public_pool,22,0
"3,2,1,1,1,1,1",subsidized_catch_up,22,0
"3,2,1,1,1,1,1",central_cap2,22,0
"3,2,1,1,1,1,1",equity_cap2,22,0
"3,2,1,1,1,1,1",central_full,22,0
"3,2,0,2,1,2,0",bilateral_3pass,120,6
"3,2,0,2,1,2,0",clearinghouse,120,6
"3,2,0,2,1,2,0",public_pool,120,0
"3,2,0,2,1,2,0",subsidized_catch_up,120,99
"3,2,0,2,1,2,0",central_cap2,120,5
"3,2,0,2,1,2,0",equity_cap2,120,4
"3,2,0,2,1,2,0",central_full,120,0
"3,1,0,3,1,2,1",bilateral_3pass,52,49
"3,1,0,3,1,2,1",clearinghouse,52,3
"3,1,0,3,1,2,1",public_pool,52,0
"3,1,0,3,1,2,1",subsidized_catch_up,52,0
"3,1,0,3,1,2,1",central_cap2,52,0
"3,1,0,3,1,2,1",equity_cap2,52,0
"3,1,0,3,1,2,1",central_full,52,0
"0,3,1,2,0,0,4",bilateral_3pass,51,4
"0,3,1,2,0,0,4",clearinghouse,51,3
"0,3,1,2,0,0,4",public_pool,51,2
"0,3,1,2,0,0,4",subsidized_catch_up,51,31
"0,3,1,2,0,0,4",central_cap2,51,4
"0,3,1,2,0,0,4",equity_cap2,51,2
"0,3,1,2,0,0,4",central_full,51,5
"0,2,1,2,0,0,4",bilateral_3pass,260,21
"0,2,1,2,0,0,4",clearinghouse,260,22
"0,2,1,2,0,0,4",public_pool,260,12
"0,2,1,2,0,0,4",subsidized_catch_up,260,174
"0,2,1,2,0,0,4",central_cap2,260,21
"0,2,1,2,0,0,4",equity_cap2,260,10
"0,2,1,2,0,0,4",central_full,260,0
"0,2,1,1,0,1,0",bilateral_3pass,1488,1125
"0,2,1,1,0,1,0",clearinghouse,1488,105
"0,2,1,1,0,1,0",public_pool,1488,33
"0,2,1,1,0,1,0",subsidized_catch_up,1488,169
"0,2,1,1,0,1,0",central_cap2,1488,27
"0,2,1,1,0,1,0",equity_cap2,1488,29
"0,2,1,1,0,1,0",central_full,1488,0
"1,1,1,1,0,1,6",bilateral_3pass,13,13
"1,1,1,1,0,1,6",clearinghouse,13,0
"1,1,1,1,0,1,6",public_pool,13,0
"1,1,1,1,0,1,6",subsidized_catch_up,13,0
"1,1,1,1,0,1,6",central_cap2,13,0
"1,1,1,1,0,1,6",equity_cap2,13,0
"1,1,1,1,0,1,6",central_full,13,0
"1,2,0,1,0,1,0",bilateral_3pass,234,19
"1,2,0,1,0,1,0",clearinghouse,234,47
"1,2,0,1,0,1,0",public_pool,234,3
"1,2,0,1,0,1,0",subsidized_catch_up,234,159
"1,2,0,1,0,1,0",central_cap2,234,3
"1,2,0,1,0,1,0",equity_cap2,234,3
"1,2,0,1,0,1,0",central_full,234,0
"1,1,1,2,0,0,3",bilateral_3pass,181,174
"1,1,1,2,0,0,3",clearinghouse,181,0
"1,1,1,2,0,0,3",public_pool,181,0
"1,1,1,2,0,0,3",subsidized_catch_up,181,7
"1,1,1,2,0,0,3",central_cap2,181,0
"1,1,1,2,0,0,3",equity_cap2,181,0
"1,1,1,2,0,0,3",central_full,181,0
"1,1,1,2,0,0,0",bilateral_3pass,165,165
"1,1,1,2,0,0,0",clearinghouse,165,0
"1,1,1,2,0,0,0",public_pool,165,0
"1,1,1,2,0,0,0",subsidized_catch_up,165,0
"1,1,1,2,0,0,0",central_cap2,165,0
"1,1,1,2,0,0,0",equity_cap2,165,0
"1,1,1,2,0,0,0",central_full,165,0
"2,2,0,2,1,0,0",bilateral_3pass,32,24
"2,2,0,2,1,0,0",clearinghouse,32,4
"2,2,0,2,1,0,0",public_pool,32,1
"2,2,0,2,1,0,0",subsidized_catch_up,32,2
"2,2,0,2,1,0,0",central_cap2,32,1
"2,2,0,2,1,0,0",equity_cap2,32,0
"2,2,0,2,1,0,0",central_full,32,0
"2,1,2,2,1,0,3",bilateral_3pass,60,57
"2,1,2,2,1,0,3",clearinghouse,60,0
"2,1,2,2,1,0,3",public_pool,60,0
"2,1,2,2,1,0,3",subsidized_catch_up,60,3
"2,1,2,2,1,0,3",central_cap2,60,0
"2,1,2,2,1,0,3",equity_cap2,60,0
"2,1,2,2,1,0,3",central_full,60,0
"3,2,1,2,1,0,3",bilateral_3pass,6,0
"3,2,1,2,1,0,3",clearinghouse,6,0
"3,2,1,2,1,0,3",public_pool,6,0
"3,2,1,2,1,0,3",subsidized_catch_up,6,6
"3,2,1,2,1,0,3",central_cap2,6,0
"3,2,1,2,1,0,3",equity_cap2,6,0
"3,2,1,2,1,0,3",central_full,6,0
"3,2,1,3,1,1,3",bilateral_3pass,50,40
"3,2,1,3,1,1,3",clearinghouse,50,4
"3,2,1,3,1,1,3",public_pool,50,0
"3,2,1,3,1,1,3",subsidized_catch_up,50,3
"3,2,1,3,1,1,3",central_cap2,50,1
"3,2,1,3,1,1,3",equity_cap2,50,2
"3,2,1,3,1,1,3",central_full,50,0
"0,3,2,3,0,0,2",bilateral_3pass,120,3
"0,3,2,3,0,0,2",clearinghouse,120,6
"0,3,2,3,0,0,2",public_pool,120,4
"0,3,2,3,0,0,2",subsidized_catch_up,120,94
"0,3,2,3,0,0,2",central_cap2,120,4
"0,3,2,3,0,0,2",equity_cap2,120,5
"0,3,2,3,0,0,2",central_full,120,4
"0,2,1,3,0,0,1",bilateral_3pass,615,56
"0,2,1,3,0,0,1",clearinghouse,615,50
"0,2,1,3,0,0,1",public_pool,615,7
"0,2,1,3,0,0,1",subsidized_catch_up,615,482
"0,2,1,3,0,0,1",central_cap2,615,10
"0,2,1,3,0,0,1",equity_cap2,615,10
"0,2,1,3,0,0,1",central_full,615,0
"0,1,1,3,0,0,4",bilateral_3pass,72,72
"0,1,1,3,0,0,4",clearinghouse,72,0
"0,1,1,3,0,0,4",public_pool,72,0
"0,1,1,3,0,0,4",subsidized_catch_up,72,0
"0,1,1,3,0,0,4",central_cap2,72,0
"0,1,1,3,0,0,4",equity_cap2,72,0
"0,1,1,3,0,0,4",central_full,72,0
"1,2,1,2,0,1,0",bilateral_3pass,1701,127
"1,2,1,2,0,1,0",clearinghouse,1701,139
"1,2,1,2,0,1,0",public_pool,1701,35
"1,2,1,2,0,1,0",subsidized_catch_up,1701,1338
"1,2,1,2,0,1,0",central_cap2,1701,32
"1,2,1,2,0,1,0",equity_cap2,1701,30
"1,2,1,2,0,1,0",central_full,1701,0
"2,1,2,2,1,1,3",bilateral_3pass,353,325
"2,1,2,2,1,1,3",clearinghouse,353,0
"2,1,2,2,1,1,3",public_pool,353,0
"2,1,2,2,1,1,3",subsidized_catch_up,353,28
"2,1,2,2,1,1,3",central_cap2,353,0
"2,1,2,2,1,1,3",equity_cap2,353,0
"2,1,2,2,1,1,3",central_full,353,0
"2,1,2,3,2,1,0",bilateral_3pass,155,155
"2,1,2,3,2,1,0",clearinghouse,155,0
"2,1,2,3,2,1,0",public_pool,155,0
"2,1,2,3,2,1,0",subsidized_catch_up,155,0
"2,1,2,3,2,1,0",central_cap2,155,0
"2,1,2,3,2,1,0",equity_cap2,155,0
"2,1,2,3,2,1,0",central_full,155,0
"2,2,1,2,2,2,0",bilateral_3pass,447,40
"2,2,1,2,2,2,0",clearinghouse,447,43
"2,2,1,2,2,2,0",public_pool,447,11
"2,2,1,2,2,2,0",subsidized_catch_up,447,335
"2,2,1,2,2,2,0",central_cap2,447,12
"2,2,1,2,2,2,0",equity_cap2,447,6
"2,2,1,2,2,2,0",central_full,447,0
"3,1,2,1,2,2,1",bilateral_3pass,147,137
"3,1,2,1,2,2,1",clearinghouse,147,10
"3,1,2,1,2,2,1",public_pool,147,0
"3,1,2,1,2,2,1",subsidized_catch_up,147,0
"3,1,2,1,2,2,1",central_cap2,147,0
"3,1,2,1,2,2,1",equity_cap2,147,0
"3,1,2,1,2,2,1",central_full,147,0
"0,2,2,2,0,0,0",bilateral_3pass,225,17
"0,2,2,2,0,0,0",clearinghouse,225,177
"0,2,2,2,0,0,0",public_pool,225,7
"0,2,2,2,0,0,0",subsidized_catch_up,225,17
"0,2,2,2,0,0,0",central_cap2,225,5
"0,2,2,2,0,0,0",equity_cap2,225,2
"0,2,2,2,0,0,0",central_full,225,0
"1,2,1,1,0,1,1",bilateral_3pass,141,13
"1,2,1,1,0,1,1",clearinghouse,141,8
"1,2,1,1,0,1,1",public_pool,141,2
"1,2,1,1,0,1,1",subsidized_catch_up,141,115
"1,2,1,1,0,1,1",central_cap2,141,1
"1,2,1,1,0,1,1",equity_cap2,141,2
"1,2,1,1,0,1,1",central_full,141,0
"1,1,1,3,0,1,5",bilateral_3pass,57,57
"1,1,1,3,0,1,5",clearinghouse,57,0
"1,1,1,3,0,1,5",public_pool,57,0
"1,1,1,3,0,1,5",subsidized_catch_up,57,0
"1,1,1,3,0,1,5",central_cap2,57,0
"1,1,1,3,0,1,5",equity_cap2,57,0
"1,1,1,3,0,1,5",central_full,57,0
"2,1,1,1,0,1,1",bilateral_3pass,107,98
"2,1,1,1,0,1,1",clearinghouse,107,9
"2,1,1,1,0,1,1",public_pool,107,0
"2,1,1,1,0,1,1",subsidized_catch_up,107,0
"2,1,1,1,0,1,1",central_cap2,107,0
"2,1,1,1,0,1,1",equity_cap2,107,0
"2,1,1,1,0,1,1",central_full,107,0
"2,1,2,2,0,1,1",bilateral_3pass,51,47
"2,1,2,2,0,1,1",clearinghouse,51,4
"2,1,2,2,0,1,1",public_pool,51,0
"2,1,2,2,0,1,1",subsidized_catch_up,51,0
"2,1,2,2,0,1,1",central_cap2,51,0
"2,1,2,2,0,1,1",equity_cap2,51,0
"2,1,2,2,0,1,1",central_full,51,0
"2,1,1,3,1,2,1",bilateral_3pass,189,179
"2,1,1,3,1,2,1",clearinghouse,189,10
"2,1,1,3,1,2,1",public_pool,189,0
"2,1,1,3,1,2,1",subsidized_catch_up,189,0
"2,1,1,3,1,2,1",central_cap2,189,0
"2,1,1,3,1,2,1",equity_cap2,189,0
"2,1,1,3,1,2,1",central_full,189,0
"3,2,2,2,1,2,0",bilateral_3pass,247,193
"3,2,2,2,1,2,0",clearinghouse,247,21
"3,2,2,2,1,2,0",public_pool,247,5
"3,2,2,2,1,2,0",subsidized_catch_up,247,21
"3,2,2,2,1,2,0",central_cap2,247,3
"3,2,2,2,1,2,0",equity_cap2,247,4
"3,2,2,2,1,2,0",central_full,247,0
"0,2,1,3,0,0,2",bilateral_3pass,774,59
"0,2,1,3,0,0,2",clearinghouse,774,582
"0,2,1,3,0,0,2",public_pool,774,42
"0,2,1,3,0,0,2",subsidized_catch_up,774,43
"0,2,1,3,0,0,2",central_cap2,774,25
"0,2,1,3,0,0,2",equity_cap2,774,23
"0,2,1,3,0,0,2",central_full,774,0
"0,1,1,3,0,0,5",bilateral_3pass,120,120
"0,1,1,3,0,0,5",clearinghouse,120,0
"0,1,1,3,0,0,5",public_pool,120,0
"0,1,1,3,0,0,5",subsidized_catch_up,120,0
"0,1,1,3,0,0,5",central_cap2,120,0
"0,1,1,3,0,0,5",equity_cap2,120,0
"0,1,1,3,0,0,5",central_full,120,0
"1,1,2,3,0,2,5",bilateral_3pass,13,13
"1,1,2,3,0,2,5",clearinghouse,13,0
"1,1,2,3,0,2,5",public_pool,13,0
"1,1,2,3,0,2,5",subsidized_catch_up,13,0
"1,1,2,3,0,2,5",central_cap2,13,0
"1,1,2,3,0,2,5",equity_cap2,13,0
"1,1,2,3,0,2,5",central_full,13,0
"1,1,2,2,0,2,3",bilateral_3pass,121,111
"1,1,2,2,0,2,3",clearinghouse,121,0
"1,1,2,2,0,2,3",public_pool,121,0
"1,1,2,2,0,2,3",subsidized_catch_up,121,10
"1,1,2,2,0,2,3",central_cap2,121,0
"1,1,2,2,0,2,3",equity_cap2,121,0
"1,1,2,2,0,2,3",central_full,121,0
"2,1,1,1,0,2,0",bilateral_3pass,103,103
"2,1,1,1,0,2,0",clearinghouse,103,0
"2,1,1,1,0,2,0",public_pool,103,0
"2,1,1,1,0,2,0",subsidized_catch_up,103,0
"2,1,1,1,0,2,0",central_cap2,103,0
"2,1,1,1,0,2,0",equity_cap2,103,0
"2,1,1,1,0,2,0",central_full,103,0
"2,2,2,1,1,1,0",bilateral_3pass,1038,81
"2,2,2,1,1,1,0",clearinghouse,1038,100
"2,2,2,1,1,1,0",public_pool,1038,15
"2,2,2,1,1,1,0",subsidized_catch_up,1038,811
"2,2,2,1,1,1,0",central_cap2,1038,13
"2,2,2,1,1,1,0",equity_cap2,1038,18
"2,2,2,1,1,1,0",central_full,1038,0
"3,2,0,3,2,2,2",bilateral_3pass,24,0
"3,2,0,3,2,2,2",clearinghouse,24,18
"3,2,0,3,2,2,2",public_pool,24,3
"3,2,0,3,2,2,2",subsidized_catch_up,24,1
"3,2,0,3,2,2,2",central_cap2,24,0
"3,2,0,3,2,2,2",equity_cap2,24,2
"3,2,0,3,2,2,2",central_full,24,0
"3,2,1,1,2,2,2",bilateral_3pass,73,9
"3,2,1,1,2,2,2",clearinghouse,73,10
"3,2,1,1,2,2,2",public_pool,73,6
"3,2,1,1,2,2,2",subsidized_catch_up,73,43
"3,2,1,1,2,2,2",central_cap2,73,1
"3,2,1,1,2,2,2",equity_cap2,73,4
"3,2,1,1,2,2,2",central_full,73,0
"0,1,1,3,0,0,6",bilateral_3pass,81,81
"0,1,1,3,0,0,6",clearinghouse,81,0
"0,1,1,3,0,0,6",public_pool,81,0
"0,1,1,3,0,0,6",subsidized_catch_up,81,0
"0,1,1,3,0,0,6",central_cap2,81,0
"0,1,1,3,0,0,6",equity_cap2,81,0
"0,1,1,3,0,0,6",central_full,81,0
"0,2,1,3,0,1,0",bilateral_3pass,823,646
"0,2,1,3,0,1,0",clearinghouse,823,75
"0,2,1,3,0,1,0",public_pool,823,16
"0,2,1,3,0,1,0",subsidized_catch_up,823,52
"0,2,1,3,0,1,0",central_cap2,823,19
"0,2,1,3,0,1,0",equity_cap2,823,15
"0,2,1,3,0,1,0",central_full,823,0
"1,1,2,2,0,0,0",bilateral_3pass,168,168
"1,1,2,2,0,0,0",clearinghouse,168,0
"1,1,2,2,0,0,0",public_pool,168,0
"1,1,2,2,0,0,0",subsidized_catch_up,168,0
"1,1,2,2,0,0,0",central_cap2,168,0
"1,1,2,2,0,0,0",equity_cap2,168,0
"1,1,2,2,0,0,0",central_full,168,0
"1,2,2,3,1,0,0",bilateral_3pass,211,43
"1,2,2,3,1,0,0",clearinghouse,211,22
"1,2,2,3,1,0,0",public_pool,211,5
"1,2,2,3,1,0,0",subsidized_catch_up,211,133
"1,2,2,3,1,0,0",central_cap2,211,5
"1,2,2,3,1,0,0",equity_cap2,211,3
"1,2,2,3,1,0,0",central_full,211,0
"1,1,1,3,1,0,2",bilateral_3pass,18,18
"1,1,1,3,1,0,2",clearinghouse,18,0
"1,1,1,3,1,0,2",public_pool,18,0
"1,1,1,3,1,0,2",subsidized_catch_up,18,0
"1,1,1,3,1,0,2",central_cap2,18,0
"1,1,1,3,1,0,2",equity_cap2,18,0
"1,1,1,3,1,0,2",central_full,18,0
"2,1,0,3,2,1,1",bilateral_3pass,29,29
"2,1,0,3,2,1,1",clearinghouse,29,0
"2,1,0,3,2,1,1",public_pool,29,0
"2,1,0,3,2,1,1",subsidized_catch_up,29,0
"2,1,0,3,2,1,1",central_cap2,29,0
"2,1,0,3,2,1,1",equity_cap2,29,0
"2,1,0,3,2,1,1",central_full,29,0
"2,2,2,3,2,0,0",bilateral_3pass,103,3
"2,2,2,3,2,0,0",clearinghouse,103,86
"2,2,2,3,2,0,0",public_pool,103,3
"2,2,2,3,2,0,0",subsidized_catch_up,103,9
"2,2,2,3,2,0,0",central_cap2,103,1
"2,2,2,3,2,0,0",equity_cap2,103,1
"2,2,2,3,2,0,0",central_full,103,0
"3,1,2,3,2,1,1",bilateral_3pass,175,166
"3,1,2,3,2,1,1",clearinghouse,175,9
"3,1,2,3,2,1,1",public_pool,175,0
"3,1,2,3,2,1,1",subsidized_catch_up,175,0
"3,1,2,3,2,1,1",central_cap2,175,0
"3,1,2,3,2,1,1",equity_cap2,175,0
"3,1,2,3,2,1,1",central_full,175,0
"0,3,1,2,0,0,5",bilateral_3pass,23,2
"0,3,1,2,0,0,5",clearinghouse,23,2
"0,3,1,2,0,0,5",public_pool,23,2
"0,3,1,2,0,0,5",subsidized_catch_up,23,2
"0,3,1,2,0,0,5",central_cap2,23,9
"0,3,1,2,0,0,5",equity_cap2,23,3
"0,3,1,2,0,0,5",central_full,23,3
"0,1,2,3,0,0,2",bilateral_3pass,51,51
"0,1,2,3,0,0,2",clearinghouse,51,0
"0,1,2,3,0,0,2",public_pool,51,0
"0,1,2,3,0,0,2",subsidized_catch_up,51,0
"0,1,2,3,0,0,2",central_cap2,51,0
"0,1,2,3,0,0,2",equity_cap2,51,0
"0,1,2,3,0,0,2",central_full,51,0
"0,1,0,1,0,0,0",bilateral_3pass,53,53
"0,1,0,1,0,0,0",clearinghouse,53,0
"0,1,0,1,0,0,0",public_pool,53,0
"0,1,0,1,0,0,0",subsidized_catch_up,53,0
"0,1,0,1,0,0,0",central_cap2,53,0
"0,1,0,1,0,0,0",equity_cap2,53,0
"0,1,0,1,0,0,0",central_full,53,0
"1,2,2,2,0,1,0",bilateral_3pass,1953,1521
"1,2,2,2,0,1,0",clearinghouse,1953,170
"1,2,2,2,0,1,0",public_pool,1953,37
"1,2,2,2,0,1,0",subsidized_catch_up,1953,157
"1,2,2,2,0,1,0",central_cap2,1953,26
"1,2,2,2,0,1,0",equity_cap2,1953,42
"1,2,2,2,0,1,0",central_full,1953,0
"2,1,2,2,0,1,0",bilateral_3pass,76,76
"2,1,2,2,0,1,0",clearinghouse,76,0
"2,1,2,2,0,1,0",public_pool,76,0
"2,1,2,2,0,1,0",subsidized_catch_up,76,0
"2,1,2,2,0,1,0",central_cap2,76,0
"2,1,2,2,0,1,0",equity_cap2,76,0
"2,1,2,2,0,1,0",central_full,76,0
"2,2,2,3,0,1,0",bilateral_3pass,181,141
"2,2,2,3,0,1,0",clearinghouse,181,21
"2,2,2,3,0,1,0",public_pool,181,4
"2,2,2,3,0,1,0",subsidized_catch_up,181,11
"2,2,2,3,0,1,0",central_cap2,181,2
"2,2,2,3,0,1,0",equity_cap2,181,2
"2,2,2,3,0,1,0",central_full,181,0
"2,1,0,1,1,2,2",bilateral_3pass,3,3
"2,1,0,1,1,2,2",clearinghouse,3,0
"2,1,0,1,1,2,2",public_pool,3,0
"2,1,0,1,1,2,2",subsidized_catch_up,3,0
"2,1,0,1,1,2,2",central_cap2,3,0
"2,1,0,1,1,2,2",equity_cap2,3,0
"2,1,0,1,1,2,2",central_full,3,0
"3,1,1,1,0,1,0",bilateral_3pass,24,24
"3,1,1,1,0,1,0",clearinghouse,24,0
"3,1,1,1,0,1,0",public_pool,24,0
"3,1,1,1,0,1,0",subsidized_catch_up,24,0
"3,1,1,1,0,1,0",central_cap2,24,0
"3,1,1,1,0,1,0",equity_cap2,24,0
"3,1,1,1,0,1,0",central_full,24,0
"3,2,1,3,0,0,0",bilateral_3pass,10,0
"3,2,1,3,0,0,0",clearinghouse,10,1
"3,2,1,3,0,0,0",public_pool,10,0
"3,2,1,3,0,0,0",subsidized_catch_up,10,9
"3,2,1,3,0,0,0",central_cap2,10,0
"3,2,1,3,0,0,0",equity_cap2,10,0
"3,2,1,3,0,0,0",central_full,10,0
"3,1,1,1,0,1,3",bilateral_3pass,16,16
"3,1,1,1,0,1,3",clearinghouse,16,0
"3,1,1,1,0,1,3",public_pool,16,0
"3,1,1,1,0,1,3",subsidized_catch_up,16,0
"3,1,1,1,0,1,3",central_cap2,16,0
"3,1,1,1,0,1,3",equity_cap2,16,0
"3,1,1,1,0,1,3",central_full,16,0
"0,2,1,1,0,0,4",bilateral_3pass,1021,722
"0,2,1,1,0,0,4",clearinghouse,1021,62
"0,2,1,1,0,0,4",public_pool,1021,31
"0,2,1,1,0,0,4",subsidized_catch_up,1021,61
"0,2,1,1,0,0,4",central_cap2,1021,50
"0,2,1,1,0,0,4",equity_cap2,1021,95
"0,2,1,1,0,0,4",central_full,1021,0
"0,2,0,1,0,1,0",bilateral_3pass,137,9
"0,2,0,1,0,1,0",clearinghouse,137,112
"0,2,0,1,0,1,0",public_pool,137,1
"0,2,0,1,0,1,0",subsidized_catch_up,137,8
"0,2,0,1,0,1,0",central_cap2,137,3
"0,2,0,1,0,1,0",equity_cap2,137,4
"0,2,0,1,0,1,0",central_full,137,0
"0,1,1,2,0,0,4",bilateral_3pass,69,69
"0,1,1,2,0,0,4",clearinghouse,69,0
"0,1,1,2,0,0,4",public_pool,69,0
"0,1,1,2,0,0,4",subsidized_catch_up,69,0
"0,1,1,2,0,0,4",central_cap2,69,0
"0,1,1,2,0,0,4",equity_cap2,69,0
"0,1,1,2,0,0,4",central_full,69,0
"1,1,2,1,0,0,3",bilateral_3pass,90,86
"1,1,2,1,0,0,3",clearinghouse,90,0
"1,1,2,1,0,0,3",public_pool,90,0
"1,1,2,1,0,0,3",subsidized_catch_up,90,4
"1,1,2,1,0,0,3",central_cap2,90,0
"1,1,2,1,0,0,3",equity_cap2,90,0
"1,1,2,1,0,0,3",central_full,90,0
"1,1,2,3,1,2,1",bilateral_3pass,54,49
"1,1,2,3,1,2,1",clearinghouse,54,5
"1,1,2,3,1,2,1",public_pool,54,0
"1,1,2,3,1,2,1",subsidized_catch_up,54,0
"1,1,2,3,1,2,1",central_cap2,54,0
"1,1,2,3,1,2,1",equity_cap2,54,0
"1,1,2,3,1,2,1",central_full,54,0
"2,1,2,3,2,2,0",bilateral_3pass,68,68
"2,1,2,3,2,2,0",clearinghouse,68,0
"2,1,2,3,2,2,0",public_pool,68,0
"2,1,2,3,2,2,0",subsidized_catch_up,68,0
"2,1,2,3,2,2,0",central_cap2,68,0
"2,1,2,3,2,2,0",equity_cap2,68,0
"2,1,2,3,2,2,0",central_full,68,0
"2,2,2,1,2,0,0",bilateral_3pass,172,140
"2,2,2,1,2,0,0",clearinghouse,172,13
"2,2,2,1,2,0,0",public_pool,172,3
"2,2,2,1,2,0,0",subsidized_catch_up,172,13
"2,2,2,1,2,0,0",central_cap2,172,1
"2,2,2,1,2,0,0",equity_cap2,172,2
"2,2,2,1,2,0,0",central_full,172,0
"2,2,2,1,2,1,1",bilateral_3pass,24,0
"2,2,2,1,2,1,1",clearinghouse,24,1
"2,2,2,1,2,1,1",public_pool,24,0
"2,2,2,1,2,1,1",subsidized_catch_up,24,23
"2,2,2,1,2,1,1",central_cap2,24,0
"2,2,2,1,2,1,1",equity_cap2,24,0
"2,2,2,1,2,1,1",central_full,24,0
"3,1,1,2,2,2,3",bilateral_3pass,400,361
"3,1,1,2,2,2,3",clearinghouse,400,0
"3,1,1,2,2,2,3",public_pool,400,0
"3,1,1,2,2,2,3",subsidized_catch_up,400,39
"3,1,1,2,2,2,3",central_cap2,400,0
"3,1,1,2,2,2,3",equity_cap2,400,0
"3,1,1,2,2,2,3",central_full,400,0
"0,3,0,3,0,0,1",bilateral_3pass,29,3
"0,3,0,3,0,0,1",clearinghouse,29,1
"0,3,0,3,0,0,1",public_pool,29,2
"0,3,0,3,0,0,1",subsidized_catch_up,29,14
"0,3,0,3,0,0,1",central_cap2,29,3
"0,3,0,3,0,0,1",equity_cap2,29,4
"0,3,0,3,0,0,1",central_full,29,2
"0,2,1,1,0,0,5",bilateral_3pass,334,193
"0,2,1,1,0,0,5",clearinghouse,334,32
"0,2,1,1,0,0,5",public_pool,334,21
"0,2,1,1,0,0,5",subsidized_catch_up,334,29
"0,2,1,1,0,0,5",central_cap2,334,20
"0,2,1,1,0,0,5",equity_cap2,334,39
"0,2,1,1,0,0,5",central_full,334,0
"1,1,1,3,0,0,5",bilateral_3pass,23,23
"1,1,1,3,0,0,5",clearinghouse,23,0
"1,1,1,3,0,0,5",public_pool,23,0
"1,1,1,3,0,0,5",subsidized_catch_up,23,0
"1,1,1,3,0,0,5",central_cap2,23,0
"1,1,1,3,0,0,5",equity_cap2,23,0
"1,1,1,3,0,0,5",central_full,23,0
"2,1,2,1,0,1,4",bilateral_3pass,15,15
"2,1,2,1,0,1,4",clearinghouse,15,0
"2,1,2,1,0,1,4",public_pool,15,0
"2,1,2,1,0,1,4",subsidized_catch_up,15,0
"2,1,2,1,0,1,4",central_cap2,15,0
"2,1,2,1,0,1,4",equity_cap2,15,0
"2,1,2,1,0,1,4",central_full,15,0
"2,1,2,1,1,1,1",bilateral_3pass,183,165
"2,1,2,1,1,1,1",clearinghouse,183,18
"2,1,2,1,1,1,1",public_pool,183,0
"2,1,2,1,1,1,1",subsidized_catch_up,183,0
"2,1,2,1,1,1,1",central_cap2,183,0
"2,1,2,1,1,1,1",equity_cap2,183,0
"2,1,2,1,1,1,1",central_full,183,0
"3,1,2,2,1,1,3",bilateral_3pass,63,57
"3,1,2,2,1,1,3",clearinghouse,63,0
"3,1,2,2,1,1,3",public_pool,63,0
"3,1,2,2,1,1,3",subsidized_catch_up,63,6
"3,1,2,2,1,1,3",central_cap2,63,0
"3,1,2,2,1,1,3",equity_cap2,63,0
"3,1,2,2,1,1,3",central_full,63,0
"3,2,0,2,1,1,0",bilateral_3pass,72,9
"3,2,0,2,1,1,0",clearinghouse,72,2
"3,2,0,2,1,1,0",public_pool,72,0
"3,2,0,2,1,1,0",subsidized_catch_up,72,58
"3,2,0,2,1,1,0",central_cap2,72,1
"3,2,0,2,1,1,0",equity_cap2,72,2
"3,2,0,2,1,1,0",central_full,72,0
"3,1,2,3,0,1,5",bilateral_3pass,3,3
"3,1,2,3,0,1,5",clearinghouse,3,0
"3,1,2,3,0,1,5",public_pool,3,0
"3,1,2,3,0,1,5",subsidized_catch_up,3,0
"3,1,2,3,0,1,5",central_cap2,3,0
"3,1,2,3,0,1,5",equity_cap2,3,0
"3,1,2,3,0,1,5",central_full,3,0
"3,1,2,1,1,1,0",bilateral_3pass,82,82
"3,1,2,1,1,1,0",clearinghouse,82,0
"3,1,2,1,1,1,0",public_pool,82,0
"3,1,2,1,1,1,0",subsidized_catch_up,82,0
"3,1,2,1,1,1,0",central_cap2,82,0
"3,1,2,1,1,1,0",equity_cap2,82,0
"3,1,2,1,1,1,0",central_full,82,0
"1,1,1,2,0,1,2",bilateral_3pass,23,23
"1,1,1,2,0,1,2",clearinghouse,23,0
"1,1,1,2,0,1,2",public_pool,23,0
"1,1,1,2,0,1,2",subsidized_catch_up,23,0
"1,1,1,2,0,1,2",central_cap2,23,0
"1,1,1,2,0,1,2",equity_cap2,23,0
"1,1,1,2,0,1,2",central_full,23,0
"2,1,1,1,1,0,0",bilateral_3pass,157,157
"2,1,1,1,1,0,0",clearinghouse,157,0
"2,1,1,1,1,0,0",public_pool,157,0
"2,1,1,1,1,0,0",subsidized_catch_up,157,0
"2,1,1,1,1,0,0",central_cap2,157,0
"2,1,1,1,1,0,0",equity_cap2,157,0
"2,1,1,1,1,0,0",central_full,157,0
"2,1,2,2,2,0,5",bilateral_3pass,4,4
"2,1,2,2,2,0,5",clearinghouse,4,0
"2,1,2,2,2,0,5",public_pool,4,0
"2,1,2,2,2,0,5",subsidized_catch_up,4,0
"2,1,2,2,2,0,5",central_cap2,4,0
"2,1,2,2,2,0,5",equity_cap2,4,0
"2,1,2,2,2,0,5",central_full,4,0
"2,1,2,1,2,2,0",bilateral_3pass,91,91
"2,1,2,1,2,2,0",clearinghouse,91,0
"2,1,2,1,2,2,0",public_pool,91,0
"2,1,2,1,2,2,0",subsidized_catch_up,91,0
"2,1,2,1,2,2,0",central_cap2,91,0
"2,1,2,1,2,2,0",equity_cap2,91,0
"2,1,2,1,2,2,0",central_full,91,0
"3,1,0,1,2,2,1",bilateral_3pass,138,126
"3,1,0,1,2,2,1",clearinghouse,138,12
"3,1,0,1,2,2,1",public_pool,138,0
"3,1,0,1,2,2,1",subsidized_catch_up,138,0
"3,1,0,1,2,2,1",central_cap2,138,0
"3,1,0,1,2,2,1",equity_cap2,138,0
"3,1,0,1,2,2,1",central_full,138,0
"3,1,2,3,2,1,0",bilateral_3pass,197,197
"3,1,2,3,2,1,0",clearinghouse,197,0
"3,1,2,3,2,1,0",public_pool,197,0
"3,1,2,3,2,1,0",subsidized_catch_up,197,0
"3,1,2,3,2,1,0",central_cap2,197,0
"3,1,2,3,2,1,0",equity_cap2,197,0
"3,1,2,3,2,1,0",central_full,197,0
"0,3,0,2,0,0,3",bilateral_3pass,13,1
"0,3,0,2,0,0,3",clearinghouse,13,3
"0,3,0,2,0,0,3",public_pool,13,5
"0,3,0,2,0,0,3",subsidized_catch_up,13,0
"0,3,0,2,0,0,3",central_cap2,13,1
"0,3,0,2,0,0,3",equity_cap2,13,2
"0,3,0,2,0,0,3",central_full,13,1
"0,2,2,1,0,0,5",bilateral_3pass,77,9
"0,2,2,1,0,0,5",clearinghouse,77,48
"0,2,2,1,0,0,5",public_pool,77,3
"0,2,2,1,0,0,5",subsidized_catch_up,77,6
"0,2,2,1,0,0,5",central_cap2,77,7
"0,2,2,1,0,0,5",equity_cap2,77,4
"0,2,2,1,0,0,5",central_full,77,0
"1,1,2,1,0,1,1",bilateral_3pass,245,219
"1,1,2,1,0,1,1",clearinghouse,245,26
"1,1,2,1,0,1,1",public_pool,245,0
"1,1,2,1,0,1,1",subsidized_catch_up,245,0
"1,1,2,1,0,1,1",central_cap2,245,0
"1,1,2,1,0,1,1",equity_cap2,245,0
"1,1,2,1,0,1,1",central_full,245,0
"1,1,2,3,0,2,0",bilateral_3pass,108,108
"1,1,2,3,0,2,0",clearinghouse,108,0
"1,1,2,3,0,2,0",public_pool,108,0
"1,1,2,3,0,2,0",subsidized_catch_up,108,0
"1,1,2,3,0,2,0",central_cap2,108,0
"1,1,2,3,0,2,0",equity_cap2,108,0
"1,1,2,3,0,2,0",central_full,108,0
"2,1,2,3,1,0,4",bilateral_3pass,13,13
"2,1,2,3,1,0,4",clearinghouse,13,0
"2,1,2,3,1,0,4",public_pool,13,0
"2,1,2,3,1,0,4",subsidized_catch_up,13,0
"2,1,2,3,1,0,4",central_cap2,13,0
"2,1,2,3,1,0,4",equity_cap2,13,0
"2,1,2,3,1,0,4",central_full,13,0
"3,2,1,3,1,1,0",bilateral_3pass,502,401
"3,2,1,3,1,1,0",clearinghouse,502,35
"3,2,1,3,1,1,0",public_pool,502,7
"3,2,1,3,1,1,0",subsidized_catch_up,502,43
"3,2,1,3,1,1,0",central_cap2,502,7
"3,2,1,3,1,1,0",equity_cap2,502,9
"3,2,1,3,1,1,0",central_full,502,0
"3,1,1,3,2,2,4",bilateral_3pass,46,46
"3,1,1,3,2,2,4",clearinghouse,46,0
"3,1,1,3,2,2,4",public_pool,46,0
"3,1,1,3,2,2,4",subsidized_catch_up,46,0
"3,1,1,3,2,2,4",central_cap2,46,0
"3,1,1,3,2,2,4",equity_cap2,46,0
"3,1,1,3,2,2,4",central_full,46,0
"0,2,1,2,0,1,4",bilateral_3pass,20,1
"0,2,1,2,0,1,4",clearinghouse,20,11
"0,2,1,2,0,1,4",public_pool,20,0
"0,2,1,2,0,1,4",subsidized_catch_up,20,4
"0,2,1,2,0,1,4",central_cap2,20,4
"0,2,1,2,0,1,4",equity_cap2,20,0
"0,2,1,2,0,1,4",central_full,20,0
"0,1,2,3,0,1,0",bilateral_3pass,248,248
"0,1,2,3,0,1,0",clearinghouse,248,0
"0,1,2,3,0,1,0",public_pool,248,0
"0,1,2,3,0,1,0",subsidized_catch_up,248,0
"0,1,2,3,0,1,0",central_cap2,248,0
"0,1,2,3,0,1,0",equity_cap2,248,0
"0,1,2,3,0,1,0",central_full,248,0
"1,1,1,1,1,1,1",bilateral_3pass,155,147
"1,1,1,1,1,1,1",clearinghouse,155,8
"1,1,1,1,1,1,1",public_pool,155,0
"1,1,1,1,1,1,1",subsidized_catch_up,155,0
"1,1,1,1,1,1,1",central_cap2,155,0
"1,1,1,1,1,1,1",equity_cap2,155,0
"1,1,1,1,1,1,1",central_full,155,0
"1,1,1,3,1,2,3",bilateral_3pass,52,43
"1,1,1,3,1,2,3",clearinghouse,52,0
"1,1,1,3,1,2,3",public_pool,52,0
"1,1,1,3,1,2,3",subsidized_catch_up,52,9
"1,1,1,3,1,2,3",central_cap2,52,0
"1,1,1,3,1,2,3",equity_cap2,52,0
"1,1,1,3,1,2,3",central_full,52,0
"2,1,1,1,1,1,1",bilateral_3pass,345,321
"2,1,1,1,1,1,1",clearinghouse,345,24
"2,1,1,1,1,1,1",public_pool,345,0
"2,1,1,1,1,1,1",subsidized_catch_up,345,0
"2,1,1,1,1,1,1",central_cap2,345,0
"2,1,1,1,1,1,1",equity_cap2,345,0
"2,1,1,1,1,1,1",central_full,345,0
"2,1,2,2,2,2,3",bilateral_3pass,103,99
"2,1,2,2,2,2,3",clearinghouse,103,0
"2,1,2,2,2,2,3",public_pool,103,0
"2,1,2,2,2,2,3",subsidized_catch_up,103,4
"2,1,2,2,2,2,3",central_cap2,103,0
"2,1,2,2,2,2,3",equity_cap2,103,0
"2,1,2,2,2,2,3",central_full,103,0
"0,3,0,1,0,0,3",bilateral_3pass,43,1
"0,3,0,1,0,0,3",clearinghouse,43,6
"0,3,0,1,0,0,3",public_pool,43,21
"0,3,0,1,0,0,3",subsidized_catch_up,43,3
"0,3,0,1,0,0,3",central_cap2,43,3
"0,3,0,1,0,0,3",equity_cap2,43,4
"0,3,0,1,0,0,3",central_full,43,5
"0,2,2,1,0,0,4",bilateral_3pass,236,16
"0,2,2,1,0,0,4",clearinghouse,236,9
"0,2,2,1,0,0,4",public_pool,236,7
"0,2,2,1,0,0,4",subsidized_catch_up,236,178
"0,2,2,1,0,0,4",central_cap2,236,12
"0,2,2,1,0,0,4",equity_cap2,236,14
"0,2,2,1,0,0,4",central_full,236,0
"0,2,0,3,0,0,3",bilateral_3pass,166,14
"0,2,0,3,0,0,3",clearinghouse,166,13
"0,2,0,3,0,0,3",public_pool,166,4
"0,2,0,3,0,0,3",subsidized_catch_up,166,132
"0,2,0,3,0,0,3",central_cap2,166,2
"0,2,0,3,0,0,3",equity_cap2,166,1
"0,2,0,3,0,0,3",central_full,166,0
"1,1,2,3,0,0,3",bilateral_3pass,359,338
"1,1,2,3,0,0,3",clearinghouse,359,0
"1,1,2,3,0,0,3",public_pool,359,0
"1,1,2,3,0,0,3",subsidized_catch_up,359,21
"1,1,2,3,0,0,3",central_cap2,359,0
"1,1,2,3,0,0,3",equity_cap2,359,0
"1,1,2,3,0,0,3",central_full,359,0
"2,1,1,1,1,2,3",bilateral_3pass,518,467
"2,1,1,1,1,2,3",clearinghouse,518,0
"2,1,1,1,1,2,3",public_pool,518,0
"2,1,1,1,1,2,3",subsidized_catch_up,518,51
"2,1,1,1,1,2,3",central_cap2,518,0
"2,1,1,1,1,2,3",equity_cap2,518,0
"2,1,1,1,1,2,3",central_full,518,0
"0,2,0,0,0,0,1",bilateral_3pass,13,0
"0,2,0,0,0,0,1",clearinghouse,13,2
"0,2,0,0,0,0,1",public_pool,13,1
"0,2,0,0,0,0,1",subsidized_catch_up,13,10
"0,2,0,0,0,0,1",central_cap2,13,0
"0,2,0,0,0,0,1",equity_cap2,13,0
"0,2,0,0,0,0,1",central_full,13,0
"0,1,1,2,0,1,2",bilateral_3pass,20,20
"0,1,1,2,0,1,2",clearinghouse,20,0
"0,1,1,2,0,1,2",public_pool,20,0
"0,1,1,2,0,1,2",subsidized_catch_up,20,0
"0,1,1,2,0,1,2",central_cap2,20,0
"0,1,1,2,0,1,2",equity_cap2,20,0
"0,1,1,2,0,1,2",central_full,20,0
"1,2,0,3,1,1,0",bilateral_3pass,128,100
"1,2,0,3,1,1,0",clearinghouse,128,9
"1,2,0,3,1,1,0",public_pool,128,7
"1,2,0,3,1,1,0",subsidized_catch_up,128,6
"1,2,0,3,1,1,0",central_cap2,128,3
"1,2,0,3,1,1,0",equity_cap2,128,3
"1,2,0,3,1,1,0",central_full,128,0
"2,1,1,2,0,0,4",bilateral_3pass,2,2
"2,1,1,2,0,0,4",clearinghouse,2,0
"2,1,1,2,0,0,4",public_pool,2,0
"2,1,1,2,0,0,4",subsidized_catch_up,2,0
"2,1,1,2,0,0,4",central_cap2,2,0
"2,1,1,2,0,0,4",equity_cap2,2,0
"2,1,1,2,0,0,4",central_full,2,0
"3,1,0,2,1,1,3",bilateral_3pass,20,18
"3,1,0,2,1,1,3",clearinghouse,20,0
"3,1,0,2,1,1,3",public_pool,20,0
"3,1,0,2,1,1,3",subsidized_catch_up,20,2
"3,1,0,2,1,1,3",central_cap2,20,0
"3,1,0,2,1,1,3",equity_cap2,20,0
"3,1,0,2,1,1,3",central_full,20,0
"3,1,0,3,1,2,0",bilateral_3pass,64,64
"3,1,0,3,1,2,0",clearinghouse,64,0
"3,1,0,3,1,2,0",public_pool,64,0
"3,1,0,3,1,2,0",subsidized_catch_up,64,0
"3,1,0,3,1,2,0",central_cap2,64,0
"3,1,0,3,1,2,0",equity_cap2,64,0
"3,1,0,3,1,2,0",central_full,64,0
"3,2,0,0,1,1,0",bilateral_3pass,8,6
"3,2,0,0,1,1,0",clearinghouse,8,2
"3,2,0,0,1,1,0",public_pool,8,0
"3,2,0,0,1,1,0",subsidized_catch_up,8,0
"3,2,0,0,1,1,0",central_cap2,8,0
"3,2,0,0,1,1,0",equity_cap2,8,0
"3,2,0,0,1,1,0",central_full,8,0
"3,1,0,3,2,1,1",bilateral_3pass,198,190
"3,1,0,3,2,1,1",clearinghouse,198,8
"3,1,0,3,2,1,1",public_pool,198,0
"3,1,0,3,2,1,1",subsidized_catch_up,198,0
"3,1,0,3,2,1,1",central_cap2,198,0
"3,1,0,3,2,1,1",equity_cap2,198,0
"3,1,0,3,2,1,1",central_full,198,0
"0,3,2,2,0,0,3",bilateral_3pass,55,7
"0,3,2,2,0,0,3",clearinghouse,55,3
"0,3,2,2,0,0,3",public_pool,55,6
"0,3,2,2,0,0,3",subsidized_catch_up,55,27
"0,3,2,2,0,0,3",central_cap2,55,3
"0,3,2,2,0,0,3",equity_cap2,55,3
"0,3,2,2,0,0,3",central_full,55,6
"0,1,1,3,0,0,2",bilateral_3pass,95,95
"0,1,1,3,0,0,2",clearinghouse,95,0
"0,1,1,3,0,0,2",public_pool,95,0
"0,1,1,3,0,0,2",subsidized_catch_up,95,0
"0,1,1,3,0,0,2",central_cap2,95,0
"0,1,1,3,0,0,2",equity_cap2,95,0
"0,1,1,3,0,0,2",central_full,95,0
"1,1,2,1,1,1,3",bilateral_3pass,34,32
"1,1,2,1,1,1,3",clearinghouse,34,0
"1,1,2,1,1,1,3",public_pool,34,0
"1,1,2,1,1,1,3",subsidized_catch_up,34,2
"1,1,2,1,1,1,3",central_cap2,34,0
"1,1,2,1,1,1,3",equity_cap2,34,0
"1,1,2,1,1,1,3",central_full,34,0
"1,1,2,3,2,1,0",bilateral_3pass,7,7
"1,1,2,3,2,1,0",clearinghouse,7,0
"1,1,2,3,2,1,0",public_pool,7,0
"1,1,2,3,2,1,0",subsidized_catch_up,7,0
"1,1,2,3,2,1,0",central_cap2,7,0
"1,1,2,3,2,1,0",equity_cap2,7,0
"1,1,2,3,2,1,0",central_full,7,0
"1,2,1,2,2,2,0",bilateral_3pass,9,1
"1,2,1,2,2,2,0",clearinghouse,9,6
"1,2,1,2,2,2,0",public_pool,9,1
"1,2,1,2,2,2,0",subsidized_catch_up,9,0
"1,2,1,2,2,2,0",central_cap2,9,1
"1,2,1,2,2,2,0",equity_cap2,9,0
"1,2,1,2,2,2,0",central_full,9,0
"1,2,1,1,2,2,0",bilateral_3pass,8,0
"1,2,1,1,2,2,0",clearinghouse,8,6
"1,2,1,1,2,2,0",public_pool,8,0
"1,2,1,1,2,2,0",subsidized_catch_up,8,1
"1,2,1,1,2,2,0",central_cap2,8,1
"1,2,1,1,2,2,0",equity_cap2,8,0
"1,2,1,1,2,2,0",central_full,8,0
"2,2,1,3,2,2,0",bilateral_3pass,578,440
"2,2,1,3,2,2,0",clearinghouse,578,54
"2,2,1,3,2,2,0",public_pool,578,8
"2,2,1,3,2,2,0",subsidized_catch_up,578,49
"2,2,1,3,2,2,0",central_cap2,578,12
"2,2,1,3,2,2,0",equity_cap2,578,15
"2,2,1,3,2,2,0",central_full,578,0
"3,1,1,1,2,2,2",bilateral_3pass,15,15
"3,1,1,1,2,2,2",clearinghouse,15,0
"3,1,1,1,2,2,2",public_pool,15,0
"3,1,1,1,2,2,2",subsidized_catch_up,15,0
"3,1,1,1,2,2,2",central_cap2,15,0
"3,1,1,1,2,2,2",equity_cap2,15,0
"3,1,1,1,2,2,2",central_full,15,0
"0,1,1,1,0,1,6",bilateral_3pass,50,50
"0,1,1,1,0,1,6",clearinghouse,50,0
"0,1,1,1,0,1,6",public_pool,50,0
"0,1,1,1,0,1,6",subsidized_catch_up,50,0
"0,1,1,1,0,1,6",central_cap2,50,0
"0,1,1,1,0,1,6",equity_cap2,50,0
"0,1,1,1,0,1,6",central_full,50,0
"2,1,1,1,2,0,1",bilateral_3pass,42,39
"2,1,1,1,2,0,1",clearinghouse,42,3
"2,1,1,1,2,0,1",public_pool,42,0
"2,1,1,1,2,0,1",subsidized_catch_up,42,0
"2,1,1,1,2,0,1",central_cap2,42,0
"2,1,1,1,2,0,1",equity_cap2,42,0
"2,1,1,1,2,0,1",central_full,42,0
"2,1,1,3,2,0,0",bilateral_3pass,64,64
"2,1,1,3,2,0,0",clearinghouse,64,0
"2,1,1,3,2,0,0",public_pool,64,0
"2,1,1,3,2,0,0",subsidized_catch_up,64,0
"2,1,1,3,2,0,0",central_cap2,64,0
"2,1,1,3,2,0,0",equity_cap2,64,0
"2,1,1,3,2,0,0",central_full,64,0
"2,2,0,2,2,1,0",bilateral_3pass,142,14
"2,2,0,2,2,1,0",clearinghouse,142,14
"2,2,0,2,2,1,0",public_pool,142,2
"2,2,0,2,2,1,0",subsidized_catch_up,142,107
"2,2,0,2,2,1,0",central_cap2,142,0
"2,2,0,2,2,1,0",equity_cap2,142,5
"2,2,0,2,2,1,0",central_full,142,0
"2,2,0,3,2,1,0",bilateral_3pass,143,20
"2,2,0,3,2,1,0",clearinghouse,143,10
"2,2,0,3,2,1,0",public_pool,143,2
"2,2,0,3,2,1,0",subsidized_catch_up,143,104
"2,2,0,3,2,1,0",central_cap2,143,5
"2,2,0,3,2,1,0",equity_cap2,143,2
"2,2,0,3,2,1,0",central_full,143,0
"0,1,2,2,0,1,1",bilateral_3pass,180,177
"0,1,2,2,0,1,1",clearinghouse,180,3
"0,1,2,2,0,1,1",public_pool,180,0
"0,1,2,2,0,1,1",subsidized_catch_up,180,0
"0,1,2,2,0,1,1",central_cap2,180,0
"0,1,2,2,0,1,1",equity_cap2,180,0
"0,1,2,2,0,1,1",central_full,180,0
"1,2,2,1,0,2,0",bilateral_3pass,554,36
"1,2,2,1,0,2,0",clearinghouse,554,39
"1,2,2,1,0,2,0",public_pool,554,11
"1,2,2,1,0,2,0",subsidized_catch_up,554,448
"1,2,2,1,0,2,0",central_cap2,554,13
"1,2,2,1,0,2,0",equity_cap2,554,7
"1,2,2,1,0,2,0",central_full,554,0
"2,1,1,3,0,1,0",bilateral_3pass,87,87
"2,1,1,3,0,1,0",clearinghouse,87,0
"2,1,1,3,0,1,0",public_pool,87,0
"2,1,1,3,0,1,0",subsidized_catch_up,87,0
"2,1,1,3,0,1,0",central_cap2,87,0
"2,1,1,3,0,1,0",equity_cap2,87,0
"2,1,1,3,0,1,0",central_full,87,0
"2,1,2,3,1,2,3",bilateral_3pass,167,152
"2,1,2,3,1,2,3",clearinghouse,167,0
"2,1,2,3,1,2,3",public_pool,167,0
"2,1,2,3,1,2,3",subsidized_catch_up,167,15
"2,1,2,3,1,2,3",central_cap2,167,0
"2,1,2,3,1,2,3",equity_cap2,167,0
"2,1,2,3,1,2,3",central_full,167,0
"2,1,1,3,1,2,3",bilateral_3pass,258,230
"2,1,1,3,1,2,3",clearinghouse,258,0
"2,1,1,3,1,2,3",public_pool,258,0
"2,1,1,3,1,2,3",subsidized_catch_up,258,28
"2,1,1,3,1,2,3",central_cap2,258,0
"2,1,1,3,1,2,3",equity_cap2,258,0
"2,1,1,3,1,2,3",central_full,258,0
"3,1,1,2,0,2,0",bilateral_3pass,8,8
"3,1,1,2,0,2,0",clearinghouse,8,0
"3,1,1,2,0,2,0",public_pool,8,0
"3,1,1,2,0,2,0",subsidized_catch_up,8,0
"3,1,1,2,0,2,0",central_cap2,8,0
"3,1,1,2,0,2,0",equity_cap2,8,0
"3,1,1,2,0,2,0",central_full,8,0
"3,2,0,1,1,2,0",bilateral_3pass,147,120
"3,2,0,1,1,2,0",clearinghouse,147,10
"3,2,0,1,1,2,0",public_pool,147,4
"3,2,0,1,1,2,0",subsidized_catch_up,147,9
"3,2,0,1,1,2,0",central_cap2,147,3
"3,2,0,1,1,2,0",equity_cap2,147,1
"3,2,0,1,1,2,0",central_full,147,0
"3,1,0,3,1,2,3",bilateral_3pass,51,47
"3,1,0,3,1,2,3",clearinghouse,51,0
"3,1,0,3,1,2,3",public_pool,51,0
"3,1,0,3,1,2,3",subsidized_catch_up,51,4
"3,1,0,3,1,2,3",central_cap2,51,0
"3,1,0,3,1,2,3",equity_cap2,51,0
"3,1,0,3,1,2,3",central_full,51,0
"3,2,0,3,1,1,0",bilateral_3pass,182,150
"3,2,0,3,1,1,0",clearinghouse,182,8
"3,2,0,3,1,1,0",public_pool,182,0
"3,2,0,3,1,1,0",subsidized_catch_up,182,13
"3,2,0,3,1,1,0",central_cap2,182,7
"3,2,0,3,1,1,0",equity_cap2,182,4
"3,2,0,3,1,1,0",central_full,182,0
"0,1,1,3,0,0,3",bilateral_3pass,510,467
"0,1,1,3,0,0,3",clearinghouse,510,0
"0,1,1,3,0,0,3",public_pool,510,0
"0,1,1,3,0,0,3",subsidized_catch_up,510,43
"0,1,1,3,0,0,3",central_cap2,510,0
"0,1,1,3,0,0,3",equity_cap2,510,0
"0,1,1,3,0,0,3",central_full,510,0
"1,1,2,3,1,2,2",bilateral_3pass,5,5
"1,1,2,3,1,2,2",clearinghouse,5,0
"1,1,2,3,1,2,2",public_pool,5,0
"1,1,2,3,1,2,2",subsidized_catch_up,5,0
"1,1,2,3,1,2,2",central_cap2,5,0
"1,1,2,3,1,2,2",equity_cap2,5,0
"1,1,2,3,1,2,2",central_full,5,0
"2,1,2,1,1,1,0",bilateral_3pass,379,379
"2,1,2,1,1,1,0",clearinghouse,379,0
"2,1,2,1,1,1,0",public_pool,379,0
"2,1,2,1,1,1,0",subsidized_catch_up,379,0
"2,1,2,1,1,1,0",central_cap2,379,0
"2,1,2,1,1,1,0",equity_cap2,379,0
"2,1,2,1,1,1,0",central_full,379,0
"2,1,1,3,2,1,3",bilateral_3pass,341,315
"2,1,1,3,2,1,3",clearinghouse,341,0
"2,1,1,3,2,1,3",public_pool,341,0
"2,1,1,3,2,1,3",subsidized_catch_up,341,26
"2,1,1,3,2,1,3",central_cap2,341,0
"2,1,1,3,2,1,3",equity_cap2,341,0
"2,1,1,3,2,1,3",central_full,341,0
"3,1,2,3,2,1,3",bilateral_3pass,189,169
"3,1,2,3,2,1,3",clearinghouse,189,0
"3,1,2,3,2,1,3",public_pool,189,0
"3,1,2,3,2,1,3",subsidized_catch_up,189,20
"3,1,2,3,2,1,3",central_cap2,189,0
"3,1,2,3,2,1,3",equity_cap2,189,0
"3,1,2,3,2,1,3",central_full,189,0
"0,1,2,3,0,0,3",bilateral_3pass,182,171
"0,1,2,3,0,0,3",clearinghouse,182,0
"0,1,2,3,0,0,3",public_pool,182,0
"0,1,2,3,0,0,3",subsidized_catch_up,182,11
"0,1,2,3,0,0,3",central_cap2,182,0
"0,1,2,3,0,0,3",equity_cap2,182,0
"0,1,2,3,0,0,3",central_full,182,0
"1,1,1,1,1,2,1",bilateral_3pass,62,60
"1,1,1,1,1,2,1",clearinghouse,62,2
"1,1,1,1,1,2,1",public_pool,62,0
"1,1,1,1,1,2,1",subsidized_catch_up,62,0
"1,1,1,1,1,2,1",central_cap2,62,0
"1,1,1,1,1,2,1",equity_cap2,62,0
"1,1,1,1,1,2,1",central_full,62,0
"2,1,0,3,2,2,1",bilateral_3pass,17,14
"2,1,0,3,2,2,1",clearinghouse,17,3
"2,1,0,3,2,2,1",public_pool,17,0
"2,1,0,3,2,2,1",subsidized_catch_up,17,0
"2,1,0,3,2,2,1",central_cap2,17,0
"2,1,0,3,2,2,1",equity_cap2,17,0
"2,1,0,3,2,2,1",central_full,17,0
"0,3,0,1,0,0,0",bilateral_3pass,126,16
"0,3,0,1,0,0,0",clearinghouse,126,6
"0,3,0,1,0,0,0",public_pool,126,68
"0,3,0,1,0,0,0",subsidized_catch_up,126,12
"0,3,0,1,0,0,0",central_cap2,126,5
"0,3,0,1,0,0,0",equity_cap2,126,8
"0,3,0,1,0,0,0",central_full,126,11
"0,3,2,2,0,1,0",bilateral_3pass,27,2
"0,3,2,2,0,1,0",clearinghouse,27,1
"0,3,2,2,0,1,0",public_pool,27,1
"0,3,2,2,0,1,0",subsidized_catch_up,27,3
"0,3,2,2,0,1,0",central_cap2,27,2
"0,3,2,2,0,1,0",equity_cap2,27,1
"0,3,2,2,0,1,0",central_full,27,17
"0,1,1,2,0,0,6",bilateral_3pass,97,97
"0,1,1,2,0,0,6",clearinghouse,97,0
"0,1,1,2,0,0,6",public_pool,97,0
"0,1,1,2,0,0,6",subsidized_catch_up,97,0
"0,1,1,2,0,0,6",central_cap2,97,0
"0,1,1,2,0,0,6",equity_cap2,97,0
"0,1,1,2,0,0,6",central_full,97,0
"1,1,1,3,0,0,3",bilateral_3pass,373,350
"1,1,1,3,0,0,3",clearinghouse,373,0
"1,1,1,3,0,0,3",public_pool,373,0
"1,1,1,3,0,0,3",subsidized_catch_up,373,23
"1,1,1,3,0,0,3",central_cap2,373,0
"1,1,1,3,0,0,3",equity_cap2,373,0
"1,1,1,3,0,0,3",central_full,373,0
"2,2,2,2,0,2,0",bilateral_3pass,216,166
"2,2,2,2,0,2,0",clearinghouse,216,18
"2,2,2,2,0,2,0",public_pool,216,5
"2,2,2,2,0,2,0",subsidized_catch_up,216,21
"2,2,2,2,0,2,0",central_cap2,216,2
"2,2,2,2,0,2,0",equity_cap2,216,4
"2,2,2,2,0,2,0",central_full,216,0
"2,1,1,2,0,2,1",bilateral_3pass,36,32
"2,1,1,2,0,2,1",clearinghouse,36,4
"2,1,1,2,0,2,1",public_pool,36,0
"2,1,1,2,0,2,1",subsidized_catch_up,36,0
"2,1,1,2,0,2,1",central_cap2,36,0
"2,1,1,2,0,2,1",equity_cap2,36,0
"2,1,1,2,0,2,1",central_full,36,0
"3,2,1,3,1,2,0",bilateral_3pass,580,437
"3,2,1,3,1,2,0",clearinghouse,580,56
"3,2,1,3,1,2,0",public_pool,580,10
"3,2,1,3,1,2,0",subsidized_catch_up,580,56
"3,2,1,3,1,2,0",central_cap2,580,14
"3,2,1,3,1,2,0",equity_cap2,580,7
"3,2,1,3,1,2,0",central_full,580,0
"3,1,2,1,0,2,1",bilateral_3pass,17,14
"3,1,2,1,0,2,1",clearinghouse,17,3
"3,1,2,1,0,2,1",public_pool,17,0
"3,1,2,1,0,2,1",subsidized_catch_up,17,0
"3,1,2,1,0,2,1",central_cap2,17,0
"3,1,2,1,0,2,1",equity_cap2,17,0
"3,1,2,1,0,2,1",central_full,17,0
"3,1,2,1,1,2,1",bilateral_3pass,63,54
"3,1,2,1,1,2,1",clearinghouse,63,9
"3,1,2,1,1,2,1",public_pool,63,0
"3,1,2,1,1,2,1",subsidized_catch_up,63,0
"3,1,2,1,1,2,1",central_cap2,63,0
"3,1,2,1,1,2,1",equity_cap2,63,0
"3,1,2,1,1,2,1",central_full,63,0
"3,1,1,2,1,2,1",bilateral_3pass,99,97
"3,1,1,2,1,2,1",clearinghouse,99,2
"3,1,1,2,1,2,1",public_pool,99,0
"3,1,1,2,1,2,1",subsidized_catch_up,99,0
"3,1,1,2,1,2,1",central_cap2,99,0
"3,1,1,2,1,2,1",equity_cap2,99,0
"3,1,1,2,1,2,1",central_full,99,0
"0,2,0,1,0,0,0",bilateral_3pass,291,18
"0,2,0,1,0,0,0",clearinghouse,291,21
"0,2,0,1,0,0,0",public_pool,291,4
"0,2,0,1,0,0,0",subsidized_catch_up,291,234
"0,2,0,1,0,0,0",central_cap2,291,8
"0,2,0,1,0,0,0",equity_cap2,291,6
"0,2,0,1,0,0,0",central_full,291,0
"0,1,1,3,0,1,2",bilateral_3pass,26,26
"0,1,1,3,0,1,2",clearinghouse,26,0
"0,1,1,3,0,1,2",public_pool,26,0
"0,1,1,3,0,1,2",subsidized_catch_up,26,0
"0,1,1,3,0,1,2",central_cap2,26,0
"0,1,1,3,0,1,2",equity_cap2,26,0
"0,1,1,3,0,1,2",central_full,26,0
"1,1,1,1,1,0,5",bilateral_3pass,5,5
"1,1,1,1,1,0,5",clearinghouse,5,0
"1,1,1,1,1,0,5",public_pool,5,0
"1,1,1,1,1,0,5",subsidized_catch_up,5,0
"1,1,1,1,1,0,5",central_cap2,5,0
"1,1,1,1,1,0,5",equity_cap2,5,0
"1,1,1,1,1,0,5",central_full,5,0
"3,2,0,0,2,2,0",bilateral_3pass,38,29
"3,2,0,0,2,2,0",clearinghouse,38,2
"3,2,0,0,2,2,0",public_pool,38,2
"3,2,0,0,2,2,0",subsidized_catch_up,38,5
"3,2,0,0,2,2,0",central_cap2,38,0
"3,2,0,0,2,2,0",equity_cap2,38,0
"3,2,0,0,2,2,0",central_full,38,0
"3,3,0,3,2,1,0",bilateral_3pass,97,0
"3,3,0,3,2,1,0",clearinghouse,97,1
"3,3,0,3,2,1,0",public_pool,97,1
"3,3,0,3,2,1,0",subsidized_catch_up,97,1
"3,3,0,3,2,1,0",central_cap2,97,92
"3,3,0,3,2,1,0",equity_cap2,97,1
"3,3,0,3,2,1,0",central_full,97,1
"0,2,1,1,0,1,5",bilateral_3pass,37,2
"0,2,1,1,0,1,5",clearinghouse,37,1
"0,2,1,1,0,1,5",public_pool,37,1
"0,2,1,1,0,1,5",subsidized_catch_up,37,28
"0,2,1,1,0,1,5",central_cap2,37,1
"0,2,1,1,0,1,5",equity_cap2,37,4
"0,2,1,1,0,1,5",central_full,37,0
"1,1,1,2,1,0,0",bilateral_3pass,75,75
"1,1,1,2,1,0,0",clearinghouse,75,0
"1,1,1,2,1,0,0",public_pool,75,0
"1,1,1,2,1,0,0",subsidized_catch_up,75,0
"1,1,1,2,1,0,0",central_cap2,75,0
"1,1,1,2,1,0,0",equity_cap2,75,0
"1,1,1,2,1,0,0",central_full,75,0
"2,2,0,1,2,1,0",bilateral_3pass,81,62
"2,2,0,1,2,1,0",clearinghouse,81,4
"2,2,0,1,2,1,0",public_pool,81,2
"2,2,0,1,2,1,0",subsidized_catch_up,81,8
"2,2,0,1,2,1,0",central_cap2,81,1
"2,2,0,1,2,1,0",equity_cap2,81,4
"2,2,0,1,2,1,0",central_full,81,0
"0,1,1,1,0,1,2",bilateral_3pass,24,24
"0,1,1,1,0,1,2",clearinghouse,24,0
"0,1,1,1,0,1,2",public_pool,24,0
"0,1,1,1,0,1,2",subsidized_catch_up,24,0
"0,1,1,1,0,1,2",central_cap2,24,0
"0,1,1,1,0,1,2",equity_cap2,24,0
"0,1,1,1,0,1,2",central_full,24,0
"1,1,1,3,0,0,1",bilateral_3pass,213,208
"1,1,1,3,0,0,1",clearinghouse,213,5
"1,1,1,3,0,0,1",public_pool,213,0
"1,1,1,3,0,0,1",subsidized_catch_up,213,0
"1,1,1,3,0,0,1",central_cap2,213,0
"1,1,1,3,0,0,1",equity_cap2,213,0
"1,1,1,3,0,0,1",central_full,213,0
"1,1,1,3,1,2,1",bilateral_3pass,73,71
"1,1,1,3,1,2,1",clearinghouse,73,2
"1,1,1,3,1,2,1",public_pool,73,0
"1,1,1,3,1,2,1",subsidized_catch_up,73,0
"1,1,1,3,1,2,1",central_cap2,73,0
"1,1,1,3,1,2,1",equity_cap2,73,0
"1,1,1,3,1,2,1",central_full,73,0
"2,1,1,2,1,1,0",bilateral_3pass,338,338
"2,1,1,2,1,1,0",clearinghouse,338,0
"2,1,1,2,1,1,0",public_pool,338,0
"2,1,1,2,1,1,0",subsidized_catch_up,338,0
"2,1,1,2,1,1,0",central_cap2,338,0
"2,1,1,2,1,1,0",equity_cap2,338,0
"2,1,1,2,1,1,0",central_full,338,0
"3,2,1,3,2,2,2",bilateral_3pass,75,50
"3,2,1,3,2,2,2",clearinghouse,75,6
"3,2,1,3,2,2,2",public_pool,75,8
"3,2,1,3,2,2,2",subsidized_catch_up,75,9
"3,2,1,3,2,2,2",central_cap2,75,1
"3,2,1,3,2,2,2",equity_cap2,75,1
"3,2,1,3,2,2,2",central_full,75,0
"0,3,0,3,0,1,0",bilateral_3pass,5,2
"0,3,0,3,0,1,0",clearinghouse,5,1
"0,3,0,3,0,1,0",public_pool,5,0
"0,3,0,3,0,1,0",subsidized_catch_up,5,1
"0,3,0,3,0,1,0",central_cap2,5,1
"0,3,0,3,0,1,0",equity_cap2,5,0
"0,3,0,3,0,1,0",central_full,5,0
"1,3,2,2,0,1,1",bilateral_3pass,1,1
"1,3,2,2,0,1,1",clearinghouse,1,0
"1,3,2,2,0,1,1",public_pool,1,0
"1,3,2,2,0,1,1",subsidized_catch_up,1,0
"1,3,2,2,0,1,1",central_cap2,1,0
"1,3,2,2,0,1,1",equity_cap2,1,0
"1,3,2,2,0,1,1",central_full,1,0
"1,3,1,2,0,1,0",bilateral_3pass,108,3
"1,3,1,2,0,1,0",clearinghouse,108,89
"1,3,1,2,0,1,0",public_pool,108,3
"1,3,1,2,0,1,0",subsidized_catch_up,108,1
"1,3,1,2,0,1,0",central_cap2,108,4
"1,3,1,2,0,1,0",equity_cap2,108,4
"1,3,1,2,0,1,0",central_full,108,4
"1,2,1,3,0,1,4",bilateral_3pass,8,5
"1,2,1,3,0,1,4",clearinghouse,8,0
"1,2,1,3,0,1,4",public_pool,8,0
"1,2,1,3,0,1,4",subsidized_catch_up,8,2
"1,2,1,3,0,1,4",central_cap2,8,0
"1,2,1,3,0,1,4",equity_cap2,8,1
"1,2,1,3,0,1,4",central_full,8,0
"1,2,2,3,0,1,3",bilateral_3pass,298,243
"1,2,2,3,0,1,3",clearinghouse,298,14
"1,2,2,3,0,1,3",public_pool,298,3
"1,2,2,3,0,1,3",subsidized_catch_up,298,33
"1,2,2,3,0,1,3",central_cap2,298,4
"1,2,2,3,0,1,3",equity_cap2,298,1
"1,2,2,3,0,1,3",central_full,298,0
"1,1,2,1,1,1,1",bilateral_3pass,43,41
"1,1,2,1,1,1,1",clearinghouse,43,2
"1,1,2,1,1,1,1",public_pool,43,0
"1,1,2,1,1,1,1",subsidized_catch_up,43,0
"1,1,2,1,1,1,1",central_cap2,43,0
"1,1,2,1,1,1,1",equity_cap2,43,0
"1,1,2,1,1,1,1",central_full,43,0
"2,1,2,3,0,2,3",bilateral_3pass,60,53
"2,1,2,3,0,2,3",clearinghouse,60,0
"2,1,2,3,0,2,3",public_pool,60,0
"2,1,2,3,0,2,3",subsidized_catch_up,60,7
"2,1,2,3,0,2,3",central_cap2,60,0
"2,1,2,3,0,2,3",equity_cap2,60,0
"2,1,2,3,0,2,3",central_full,60,0
"1,1,2,2,1,2,0",bilateral_3pass,42,42
"1,1,2,2,1,2,0",clearinghouse,42,0
"1,1,2,2,1,2,0",public_pool,42,0
"1,1,2,2,1,2,0",subsidized_catch_up,42,0
"1,1,2,2,1,2,0",central_cap2,42,0
"1,1,2,2,1,2,0",equity_cap2,42,0
"1,1,2,2,1,2,0",central_full,42,0
"3,2,1,3,0,2,1",bilateral_3pass,3,0
"3,2,1,3,0,2,1",clearinghouse,3,2
"3,2,1,3,0,2,1",public_pool,3,0
"3,2,1,3,0,2,1",subsidized_catch_up,3,0
"3,2,1,3,0,2,1",central_cap2,3,0
"3,2,1,3,0,2,1",equity_cap2,3,1
"3,2,1,3,0,2,1",central_full,3,0
"3,1,1,1,1,2,1",bilateral_3pass,158,141
"3,1,1,1,1,2,1",clearinghouse,158,17
"3,1,1,1,1,2,1",public_pool,158,0
"3,1,1,1,1,2,1",subsidized_catch_up,158,0
"3,1,1,1,1,2,1",central_cap2,158,0
"3,1,1,1,1,2,1",equity_cap2,158,0
"3,1,1,1,1,2,1",central_full,158,0
"0,1,2,2,0,1,5",bilateral_3pass,32,32
"0,1,2,2,0,1,5",clearinghouse,32,0
"0,1,2,2,0,1,5",public_pool,32,0
"0,1,2,2,0,1,5",subsidized_catch_up,32,0
"0,1,2,2,0,1,5",central_cap2,32,0
"0,1,2,2,0,1,5",equity_cap2,32,0
"0,1,2,2,0,1,5",central_full,32,0
"2,1,2,2,0,0,3",bilateral_3pass,16,14
"2,1,2,2,0,0,3",clearinghouse,16,0
"2,1,2,2,0,0,3",public_pool,16,0
"2,1,2,2,0,0,3",subsidized_catch_up,16,2
"2,1,2,2,0,0,3",central_cap2,16,0
"2,1,2,2,0,0,3",equity_cap2,16,0
"2,1,2,2,0,0,3",central_full,16,0
"2,1,1,1,2,2,3",bilateral_3pass,213,193
"2,1,1,1,2,2,3",clearinghouse,213,0
"2,1,1,1,2,2,3",public_pool,213,0
"2,1,1,1,2,2,3",subsidized_catch_up,213,20
"2,1,1,1,2,2,3",central_cap2,213,0
"2,1,1,1,2,2,3",equity_cap2,213,0
"2,1,1,1,2,2,3",central_full,213,0
"0,2,0,1,0,0,6",bilateral_3pass,172,10
"0,2,0,1,0,0,6",clearinghouse,172,17
"0,2,0,1,0,0,6",public_pool,172,6
"0,2,0,1,0,0,6",subsidized_catch_up,172,119
"0,2,0,1,0,0,6",central_cap2,172,9
"0,2,0,1,0,0,6",equity_cap2,172,10
"0,2,0,1,0,0,6",central_full,172,1
"2,1,0,3,0,1,3",bilateral_3pass,13,12
"2,1,0,3,0,1,3",clearinghouse,13,0
"2,1,0,3,0,1,3",public_pool,13,0
"2,1,0,3,0,1,3",subsidized_catch_up,13,1
"2,1,0,3,0,1,3",central_cap2,13,0
"2,1,0,3,0,1,3",equity_cap2,13,0
"2,1,0,3,0,1,3",central_full,13,0
"3,2,1,1,0,2,0",bilateral_3pass,111,15
"3,2,1,1,0,2,0",clearinghouse,111,11
"3,2,1,1,0,2,0",public_pool,111,2
"3,2,1,1,0,2,0",subsidized_catch_up,111,81
"3,2,1,1,0,2,0",central_cap2,111,1
"3,2,1,1,0,2,0",equity_cap2,111,1
"3,2,1,1,0,2,0",central_full,111,0
"3,2,1,1,1,1,5",bilateral_3pass,3,0
"3,2,1,1,1,1,5",clearinghouse,3,0
"3,2,1,1,1,1,5",public_pool,3,0
"3,2,1,1,1,1,5",subsidized_catch_up,3,2
"3,2,1,1,1,1,5",central_cap2,3,0
"3,2,1,1,1,1,5",equity_cap2,3,1
"3,2,1,1,1,1,5",central_full,3,0
"3,1,1,1,1,2,5",bilateral_3pass,19,19
"3,1,1,1,1,2,5",clearinghouse,19,0
"3,1,1,1,1,2,5",public_pool,19,0
"3,1,1,1,1,2,5",subsidized_catch_up,19,0
"3,1,1,1,1,2,5",central_cap2,19,0
"3,1,1,1,1,2,5",equity_cap2,19,0
"3,1,1,1,1,2,5",central_full,19,0
"2,1,2,2,1,0,5",bilateral_3pass,6,6
"2,1,2,2,1,0,5",clearinghouse,6,0
"2,1,2,2,1,0,5",public_pool,6,0
"2,1,2,2,1,0,5",subsidized_catch_up,6,0
"2,1,2,2,1,0,5",central_cap2,6,0
"2,1,2,2,1,0,5",equity_cap2,6,0
"2,1,2,2,1,0,5",central_full,6,0
"2,2,2,2,2,1,0",bilateral_3pass,370,45
"2,2,2,2,2,1,0",clearinghouse,370,33
"2,2,2,2,2,1,0",public_pool,370,5
"2,2,2,2,2,1,0",subsidized_catch_up,370,274
"2,2,2,2,2,1,0",central_cap2,370,8
"2,2,2,2,2,1,0",equity_cap2,370,5
"2,2,2,2,2,1,0",central_full,370,0
"2,1,1,1,1,1,5",bilateral_3pass,63,63
"2,1,1,1,1,1,5",clearinghouse,63,0
"2,1,1,1,1,1,5",public_pool,63,0
"2,1,1,1,1,1,5",subsidized_catch_up,63,0
"2,1,1,1,1,1,5",central_cap2,63,0
"2,1,1,1,1,1,5",equity_cap2,63,0
"2,1,1,1,1,1,5",central_full,63,0
"3,1,2,1,2,0,0",bilateral_3pass,97,97
"3,1,2,1,2,0,0",clearinghouse,97,0
"3,1,2,1,2,0,0",public_pool,97,0
"3,1,2,1,2,0,0",subsidized_catch_up,97,0
"3,1,2,1,2,0,0",central_cap2,97,0
"3,1,2,1,2,0,0",equity_cap2,97,0
"3,1,2,1,2,0,0",central_full,97,0
"3,1,1,2,1,1,4",bilateral_3pass,6,6
"3,1,1,2,1,1,4",clearinghouse,6,0
"3,1,1,2,1,1,4",public_pool,6,0
"3,1,1,2,1,1,4",subsidized_catch_up,6,0
"3,1,1,2,1,1,4",central_cap2,6,0
"3,1,1,2,1,1,4",equity_cap2,6,0
"3,1,1,2,1,1,4",central_full,6,0
"3,1,1,2,2,0,0",bilateral_3pass,51,51
"3,1,1,2,2,0,0",clearinghouse,51,0
"3,1,1,2,2,0,0",public_pool,51,0
"3,1,1,2,2,0,0",subsidized_catch_up,51,0
"3,1,1,2,2,0,0",central_cap2,51,0
"3,1,1,2,2,0,0",equity_cap2,51,0
"3,1,1,2,2,0,0",central_full,51,0
"0,2,1,3,0,0,3",bilateral_3pass,788,42
"0,2,1,3,0,0,3",clearinghouse,788,657
"0,2,1,3,0,0,3",public_pool,788,17
"0,2,1,3,0,0,3",subsidized_catch_up,788,46
"0,2,1,3,0,0,3",central_cap2,788,15
"0,2,1,3,0,0,3",equity_cap2,788,11
"0,2,1,3,0,0,3",central_full,788,0
"0,1,1,3,0,1,0",bilateral_3pass,479,479
"0,1,1,3,0,1,0",clearinghouse,479,0
"0,1,1,3,0,1,0",public_pool,479,0
"0,1,1,3,0,1,0",subsidized_catch_up,479,0
"0,1,1,3,0,1,0",central_cap2,479,0
"0,1,1,3,0,1,0",equity_cap2,479,0
"0,1,1,3,0,1,0",central_full,479,0
"1,2,0,2,1,1,0",bilateral_3pass,120,7
"1,2,0,2,1,1,0",clearinghouse,120,95
"1,2,0,2,1,1,0",public_pool,120,2
"1,2,0,2,1,1,0",subsidized_catch_up,120,13
"1,2,0,2,1,1,0",central_cap2,120,1
"1,2,0,2,1,1,0",equity_cap2,120,2
"1,2,0,2,1,1,0",central_full,120,0
"1,1,2,2,0,0,3",bilateral_3pass,167,159
"1,1,2,2,0,0,3",clearinghouse,167,0
"1,1,2,2,0,0,3",public_pool,167,0
"1,1,2,2,0,0,3",subsidized_catch_up,167,8
"1,1,2,2,0,0,3",central_cap2,167,0
"1,1,2,2,0,0,3",equity_cap2,167,0
"1,1,2,2,0,0,3",central_full,167,0
"2,2,1,1,2,0,0",bilateral_3pass,199,166
"2,2,1,1,2,0,0",clearinghouse,199,11
"2,2,1,1,2,0,0",public_pool,199,0
"2,2,1,1,2,0,0",subsidized_catch_up,199,16
"2,2,1,1,2,0,0",central_cap2,199,4
"2,2,1,1,2,0,0",equity_cap2,199,2
"2,2,1,1,2,0,0",central_full,199,0
"2,1,2,1,2,1,3",bilateral_3pass,156,137
"2,1,2,1,2,1,3",clearinghouse,156,0
"2,1,2,1,2,1,3",public_pool,156,0
"2,1,2,1,2,1,3",subsidized_catch_up,156,19
"2,1,2,1,2,1,3",central_cap2,156,0
"2,1,2,1,2,1,3",equity_cap2,156,0
"2,1,2,1,2,1,3",central_full,156,0
"3,2,0,2,2,1,2",bilateral_3pass,8,0
"3,2,0,2,2,1,2",clearinghouse,8,0
"3,2,0,2,2,1,2",public_pool,8,2
"3,2,0,2,2,1,2",subsidized_catch_up,8,2
"3,2,0,2,2,1,2",central_cap2,8,4
"3,2,0,2,2,1,2",equity_cap2,8,0
"3,2,0,2,2,1,2",central_full,8,0
"1,1,1,2,0,0,1",bilateral_3pass,113,111
"1,1,1,2,0,0,1",clearinghouse,113,2
"1,1,1,2,0,0,1",public_pool,113,0
"1,1,1,2,0,0,1",subsidized_catch_up,113,0
"1,1,1,2,0,0,1",central_cap2,113,0
"1,1,1,2,0,0,1",equity_cap2,113,0
"1,1,1,2,0,0,1",central_full,113,0
"1,1,0,1,1,1,0",bilateral_3pass,28,28
"1,1,0,1,1,1,0",clearinghouse,28,0
"1,1,0,1,1,1,0",public_pool,28,0
"1,1,0,1,1,1,0",subsidized_catch_up,28,0
"1,1,0,1,1,1,0",central_cap2,28,0
"1,1,0,1,1,1,0",equity_cap2,28,0
"1,1,0,1,1,1,0",central_full,28,0
"1,2,2,2,0,0,0",bilateral_3pass,395,25
"1,2,2,2,0,0,0",clearinghouse,395,307
"1,2,2,2,0,0,0",public_pool,395,16
"1,2,2,2,0,0,0",subsidized_catch_up,395,30
"1,2,2,2,0,0,0",central_cap2,395,5
"1,2,2,2,0,0,0",equity_cap2,395,12
"1,2,2,2,0,0,0",central_full,395,0
"1,1,2,2,1,0,1",bilateral_3pass,20,19
"1,1,2,2,1,0,1",clearinghouse,20,1
"1,1,2,2,1,0,1",public_pool,20,0
"1,1,2,2,1,0,1",subsidized_catch_up,20,0
"1,1,2,2,1,0,1",central_cap2,20,0
"1,1,2,2,1,0,1",equity_cap2,20,0
"1,1,2,2,1,0,1",central_full,20,0
"1,1,2,1,2,0,0",bilateral_3pass,1,1
"1,1,2,1,2,0,0",clearinghouse,1,0
"1,1,2,1,2,0,0",public_pool,1,0
"1,1,2,1,2,0,0",subsidized_catch_up,1,0
"1,1,2,1,2,0,0",central_cap2,1,0
"1,1,2,1,2,0,0",equity_cap2,1,0
"1,1,2,1,2,0,0",central_full,1,0
"3,2,1,2,2,2,3",bilateral_3pass,140,116
"3,2,1,2,2,2,3",clearinghouse,140,7
"3,2,1,2,2,2,3",public_pool,140,3
"3,2,1,2,2,2,3",subsidized_catch_up,140,11
"3,2,1,2,2,2,3",central_cap2,140,1
"3,2,1,2,2,2,3",equity_cap2,140,2
"3,2,1,2,2,2,3",central_full,140,0
"0,2,1,2,0,0,2",bilateral_3pass,650,31
"0,2,1,2,0,0,2",clearinghouse,650,27
"0,2,1,2,0,0,2",public_pool,650,34
"0,2,1,2,0,0,2",subsidized_catch_up,650,519
"0,2,1,2,0,0,2",central_cap2,650,21
"0,2,1,2,0,0,2",equity_cap2,650,18
"0,2,1,2,0,0,2",central_full,650,0
"0,1,1,3,0,1,5",bilateral_3pass,51,51
"0,1,1,3,0,1,5",clearinghouse,51,0
"0,1,1,3,0,1,5",public_pool,51,0
"0,1,1,3,0,1,5",subsidized_catch_up,51,0
"0,1,1,3,0,1,5",central_cap2,51,0
"0,1,1,3,0,1,5",equity_cap2,51,0
"0,1,1,3,0,1,5",central_full,51,0
"1,1,2,1,0,0,0",bilateral_3pass,101,101
"1,1,2,1,0,0,0",clearinghouse,101,0
"1,1,2,1,0,0,0",public_pool,101,0
"1,1,2,1,0,0,0",subsidized_catch_up,101,0
"1,1,2,1,0,0,0",central_cap2,101,0
"1,1,2,1,0,0,0",equity_cap2,101,0
"1,1,2,1,0,0,0",central_full,101,0
"2,2,0,3,0,0,0",bilateral_3pass,17,5
"2,2,0,3,0,0,0",clearinghouse,17,11
"2,2,0,3,0,0,0",public_pool,17,0
"2,2,0,3,0,0,0",subsidized_catch_up,17,1
"2,2,0,3,0,0,0",central_cap2,17,0
"2,2,0,3,0,0,0",equity_cap2,17,0
"2,2,0,3,0,0,0",central_full,17,0
"2,2,0,3,0,1,3",bilateral_3pass,2,2
"2,2,0,3,0,1,3",clearinghouse,2,0
"2,2,0,3,0,1,3",public_pool,2,0
"2,2,0,3,0,1,3",subsidized_catch_up,2,0
"2,2,0,3,0,1,3",central_cap2,2,0
"2,2,0,3,0,1,3",equity_cap2,2,0
"2,2,0,3,0,1,3",central_full,2,0
"2,2,1,1,0,1,0",bilateral_3pass,499,377
"2,2,1,1,0,1,0",clearinghouse,499,42
"2,2,1,1,0,1,0",public_pool,499,11
"2,2,1,1,0,1,0",subsidized_catch_up,499,44
"2,2,1,1,0,1,0",central_cap2,499,8
"2,2,1,1,0,1,0",equity_cap2,499,17
"2,2,1,1,0,1,0",central_full,499,0
"2,2,1,3,1,1,1",bilateral_3pass,75,65
"2,2,1,3,1,1,1",clearinghouse,75,3
"2,2,1,3,1,1,1",public_pool,75,0
"2,2,1,3,1,1,1",subsidized_catch_up,75,5
"2,2,1,3,1,1,1",central_cap2,75,0
"2,2,1,3,1,1,1",equity_cap2,75,2
"2,2,1,3,1,1,1",central_full,75,0
"3,1,1,1,2,1,4",bilateral_3pass,48,48
"3,1,1,1,2,1,4",clearinghouse,48,0
"3,1,1,1,2,1,4",public_pool,48,0
"3,1,1,1,2,1,4",subsidized_catch_up,48,0
"3,1,1,1,2,1,4",central_cap2,48,0
"3,1,1,1,2,1,4",equity_cap2,48,0
"3,1,1,1,2,1,4",central_full,48,0
"3,2,2,1,2,0,0",bilateral_3pass,322,25
"3,2,2,1,2,0,0",clearinghouse,322,22
"3,2,2,1,2,0,0",public_pool,322,7
"3,2,2,1,2,0,0",subsidized_catch_up,322,253
"3,2,2,1,2,0,0",central_cap2,322,7
"3,2,2,1,2,0,0",equity_cap2,322,8
"3,2,2,1,2,0,0",central_full,322,0
"3,3,1,1,2,1,0",bilateral_3pass,175,7
"3,3,1,1,2,1,0",clearinghouse,175,5
"3,3,1,1,2,1,0",public_pool,175,6
"3,3,1,1,2,1,0",subsidized_catch_up,175,1
"3,3,1,1,2,1,0",central_cap2,175,9
"3,3,1,1,2,1,0",equity_cap2,175,6
"3,3,1,1,2,1,0",central_full,175,141
"0,1,1,2,0,1,3",bilateral_3pass,228,215
"0,1,1,2,0,1,3",clearinghouse,228,0
"0,1,1,2,0,1,3",public_pool,228,0
"0,1,1,2,0,1,3",subsidized_catch_up,228,13
"0,1,1,2,0,1,3",central_cap2,228,0
"0,1,1,2,0,1,3",equity_cap2,228,0
"0,1,1,2,0,1,3",central_full,228,0
"2,2,1,1,2,1,1",bilateral_3pass,46,36
"2,2,1,1,2,1,1",clearinghouse,46,6
"2,2,1,1,2,1,1",public_pool,46,0
"2,2,1,1,2,1,1",subsidized_catch_up,46,4
"2,2,1,1,2,1,1",central_cap2,46,0
"2,2,1,1,2,1,1",equity_cap2,46,0
"2,2,1,1,2,1,1",central_full,46,0
"2,1,2,2,2,1,1",bilateral_3pass,62,57
"2,1,2,2,2,1,1",clearinghouse,62,5
"2,1,2,2,2,1,1",public_pool,62,0
"2,1,2,2,2,1,1",subsidized_catch_up,62,0
"2,1,2,2,2,1,1",central_cap2,62,0
"2,1,2,2,2,1,1",equity_cap2,62,0
"2,1,2,2,2,1,1",central_full,62,0
"2,1,2,3,2,0,1",bilateral_3pass,20,20
"2,1,2,3,2,0,1",clearinghouse,20,0
"2,1,2,3,2,0,1",public_pool,20,0
"2,1,2,3,2,0,1",subsidized_catch_up,20,0
"2,1,2,3,2,0,1",central_cap2,20,0
"2,1,2,3,2,0,1",equity_cap2,20,0
"2,1,2,3,2,0,1",central_full,20,0
"2,1,2,1,2,0,0",bilateral_3pass,60,60
"2,1,2,1,2,0,0",clearinghouse,60,0
"2,1,2,1,2,0,0",public_pool,60,0
"2,1,2,1,2,0,0",subsidized_catch_up,60,0
"2,1,2,1,2,0,0",central_cap2,60,0
"2,1,2,1,2,0,0",equity_cap2,60,0
"2,1,2,1,2,0,0",central_full,60,0
"3,1,0,3,2,0,5",bilateral_3pass,2,2
"3,1,0,3,2,0,5",clearinghouse,2,0
"3,1,0,3,2,0,5",public_pool,2,0
"3,1,0,3,2,0,5",subsidized_catch_up,2,0
"3,1,0,3,2,0,5",central_cap2,2,0
"3,1,0,3,2,0,5",equity_cap2,2,0
"3,1,0,3,2,0,5",central_full,2,0
"0,3,0,2,0,0,1",bilateral_3pass,18,1
"0,3,0,2,0,0,1",clearinghouse,18,2
"0,3,0,2,0,0,1",public_pool,18,4
"0,3,0,2,0,0,1",subsidized_catch_up,18,1
"0,3,0,2,0,0,1",central_cap2,18,7
"0,3,0,2,0,0,1",equity_cap2,18,3
"0,3,0,2,0,0,1",central_full,18,0
"0,2,1,3,0,1,2",bilateral_3pass,19,2
"0,2,1,3,0,1,2",clearinghouse,19,0
"0,2,1,3,0,1,2",public_pool,19,2
"0,2,1,3,0,1,2",subsidized_catch_up,19,14
"0,2,1,3,0,1,2",central_cap2,19,1
"0,2,1,3,0,1,2",equity_cap2,19,0
"0,2,1,3,0,1,2",central_full,19,0
"0,1,2,2,0,1,0",bilateral_3pass,231,231
"0,1,2,2,0,1,0",clearinghouse,231,0
"0,1,2,2,0,1,0",public_pool,231,0
"0,1,2,2,0,1,0",subsidized_catch_up,231,0
"0,1,2,2,0,1,0",central_cap2,231,0
"0,1,2,2,0,1,0",equity_cap2,231,0
"0,1,2,2,0,1,0",central_full,231,0
"1,2,1,1,0,2,0",bilateral_3pass,611,472
"1,2,1,1,0,2,0",clearinghouse,611,54
"1,2,1,1,0,2,0",public_pool,611,9
"1,2,1,1,0,2,0",subsidized_catch_up,611,53
"1,2,1,1,0,2,0",central_cap2,611,13
"1,2,1,1,0,2,0",equity_cap2,611,10
"1,2,1,1,0,2,0",central_full,611,0
"1,1,1,3,0,2,5",bilateral_3pass,10,10
"1,1,1,3,0,2,5",clearinghouse,10,0
"1,1,1,3,0,2,5",public_pool,10,0
"1,1,1,3,0,2,5",subsidized_catch_up,10,0
"1,1,1,3,0,2,5",central_cap2,10,0
"1,1,1,3,0,2,5",equity_cap2,10,0
"1,1,1,3,0,2,5",central_full,10,0
"2,1,1,3,2,2,4",bilateral_3pass,15,15
"2,1,1,3,2,2,4",clearinghouse,15,0
"2,1,1,3,2,2,4",public_pool,15,0
"2,1,1,3,2,2,4",subsidized_catch_up,15,0
"2,1,1,3,2,2,4",central_cap2,15,0
"2,1,1,3,2,2,4",equity_cap2,15,0
"2,1,1,3,2,2,4",central_full,15,0
"1,1,2,3,0,0,5",bilateral_3pass,36,36
"1,1,2,3,0,0,5",clearinghouse,36,0
"1,1,2,3,0,0,5",public_pool,36,0
"1,1,2,3,0,0,5",subsidized_catch_up,36,0
"1,1,2,3,0,0,5",central_cap2,36,0
"1,1,2,3,0,0,5",equity_cap2,36,0
"1,1,2,3,0,0,5",central_full,36,0
"1,1,0,2,0,0,0",bilateral_3pass,20,20
"1,1,0,2,0,0,0",clearinghouse,20,0
"1,1,0,2,0,0,0",public_pool,20,0
"1,1,0,2,0,0,0",subsidized_catch_up,20,0
"1,1,0,2,0,0,0",central_cap2,20,0
"1,1,0,2,0,0,0",equity_cap2,20,0
"1,1,0,2,0,0,0",central_full,20,0
"1,2,0,1,0,0,0",bilateral_3pass,58,1
"1,2,0,1,0,0,0",clearinghouse,58,8
"1,2,0,1,0,0,0",public_pool,58,2
"1,2,0,1,0,0,0",subsidized_catch_up,58,46
"1,2,0,1,0,0,0",central_cap2,58,0
"1,2,0,1,0,0,0",equity_cap2,58,1
"1,2,0,1,0,0,0",central_full,58,0
"2,1,0,1,0,0,3",bilateral_3pass,5,5
"2,1,0,1,0,0,3",clearinghouse,5,0
"2,1,0,1,0,0,3",public_pool,5,0
"2,1,0,1,0,0,3",subsidized_catch_up,5,0
"2,1,0,1,0,0,3",central_cap2,5,0
"2,1,0,1,0,0,3",equity_cap2,5,0
"2,1,0,1,0,0,3",central_full,5,0
"2,2,0,2,0,1,0",bilateral_3pass,33,2
"2,2,0,2,0,1,0",clearinghouse,33,3
"2,2,0,2,0,1,0",public_pool,33,0
"2,2,0,2,0,1,0",subsidized_catch_up,33,27
"2,2,0,2,0,1,0",central_cap2,33,0
"2,2,0,2,0,1,0",equity_cap2,33,1
"2,2,0,2,0,1,0",central_full,33,0
"2,2,0,2,1,1,0",bilateral_3pass,158,118
"2,2,0,2,1,1,0",clearinghouse,158,21
"2,2,0,2,1,1,0",public_pool,158,1
"2,2,0,2,1,1,0",subsidized_catch_up,158,15
"2,2,0,2,1,1,0",central_cap2,158,0
"2,2,0,2,1,1,0",equity_cap2,158,3
"2,2,0,2,1,1,0",central_full,158,0
"2,2,1,2,2,1,3",bilateral_3pass,50,5
"2,2,1,2,2,1,3",clearinghouse,50,37
"2,2,1,2,2,1,3",public_pool,50,2
"2,2,1,2,2,1,3",subsidized_catch_up,50,5
"2,2,1,2,2,1,3",central_cap2,50,1
"2,2,1,2,2,1,3",equity_cap2,50,0
"2,2,1,2,2,1,3",central_full,50,0
"3,1,2,2,2,1,1",bilateral_3pass,128,124
"3,1,2,2,2,1,1",clearinghouse,128,4
"3,1,2,2,2,1,1",public_pool,128,0
"3,1,2,2,2,1,1",subsidized_catch_up,128,0
"3,1,2,2,2,1,1",central_cap2,128,0
"3,1,2,2,2,1,1",equity_cap2,128,0
"3,1,2,2,2,1,1",central_full,128,0
"1,1,1,2,0,0,4",bilateral_3pass,9,9
"1,1,1,2,0,0,4",clearinghouse,9,0
"1,1,1,2,0,0,4",public_pool,9,0
"1,1,1,2,0,0,4",subsidized_catch_up,9,0
"1,1,1,2,0,0,4",central_cap2,9,0
"1,1,1,2,0,0,4",equity_cap2,9,0
"1,1,1,2,0,0,4",central_full,9,0
"2,1,1,1,2,1,4",bilateral_3pass,23,23
"2,1,1,1,2,1,4",clearinghouse,23,0
"2,1,1,1,2,1,4",public_pool,23,0
"2,1,1,1,2,1,4",subsidized_catch_up,23,0
"2,1,1,1,2,1,4",central_cap2,23,0
"2,1,1,1,2,1,4",equity_cap2,23,0
"2,1,1,1,2,1,4",central_full,23,0
"3,2,2,2,2,0,0",bilateral_3pass,103,10
"3,2,2,2,2,0,0",clearinghouse,103,77
"3,2,2,2,2,0,0",public_pool,103,2
"3,2,2,2,2,0,0",subsidized_catch_up,103,9
"3,2,2,2,2,0,0",central_cap2,103,3
"3,2,2,2,2,0,0",equity_cap2,103,2
"3,2,2,2,2,0,0",central_full,103,0
"3,1,0,0,2,1,0",bilateral_3pass,10,10
"3,1,0,0,2,1,0",clearinghouse,10,0
"3,1,0,0,2,1,0",public_pool,10,0
"3,1,0,0,2,1,0",subsidized_catch_up,10,0
"3,1,0,0,2,1,0",central_cap2,10,0
"3,1,0,0,2,1,0",equity_cap2,10,0
"3,1,0,0,2,1,0",central_full,10,0
"0,3,2,1,0,0,1",bilateral_3pass,55,2
"0,3,2,1,0,0,1",clearinghouse,55,7
"0,3,2,1,0,0,1",public_pool,55,4
"0,3,2,1,0,0,1",subsidized_catch_up,55,6
"0,3,2,1,0,0,1",central_cap2,55,6
"0,3,2,1,0,0,1",equity_cap2,55,5
"0,3,2,1,0,0,1",central_full,55,25
"0,2,0,1,0,0,4",bilateral_3pass,148,10
"0,2,0,1,0,0,4",clearinghouse,148,10
"0,2,0,1,0,0,4",public_pool,148,2
"0,2,0,1,0,0,4",subsidized_catch_up,148,9
"0,2,0,1,0,0,4",central_cap2,148,109
"0,2,0,1,0,0,4",equity_cap2,148,8
"0,2,0,1,0,0,4",central_full,148,0
"1,1,1,2,0,1,1",bilateral_3pass,291,272
"1,1,1,2,0,1,1",clearinghouse,291,19
"1,1,1,2,0,1,1",public_pool,291,0
"1,1,1,2,0,1,1",subsidized_catch_up,291,0
"1,1,1,2,0,1,1",central_cap2,291,0
"1,1,1,2,0,1,1",equity_cap2,291,0
"1,1,1,2,0,1,1",central_full,291,0
"2,2,1,2,0,2,0",bilateral_3pass,156,122
"2,2,1,2,0,2,0",clearinghouse,156,8
"2,2,1,2,0,2,0",public_pool,156,4
"2,2,1,2,0,2,0",subsidized_catch_up,156,13
"2,2,1,2,0,2,0",central_cap2,156,4
"2,2,1,2,0,2,0",equity_cap2,156,5
"2,2,1,2,0,2,0",central_full,156,0
"2,3,2,2,1,2,0",bilateral_3pass,63,7
"2,3,2,2,1,2,0",clearinghouse,63,1
"2,3,2,2,1,2,0",public_pool,63,0
"2,3,2,2,1,2,0",subsidized_catch_up,63,43
"2,3,2,2,1,2,0",central_cap2,63,7
"2,3,2,2,1,2,0",equity_cap2,63,0
"2,3,2,2,1,2,0",central_full,63,5
"2,2,1,2,1,2,1",bilateral_3pass,40,32
"2,2,1,2,1,2,1",clearinghouse,40,3
"2,2,1,2,1,2,1",public_pool,40,1
"2,2,1,2,1,2,1",subsidized_catch_up,40,3
"2,2,1,2,1,2,1",central_cap2,40,0
"2,2,1,2,1,2,1",equity_cap2,40,1
"2,2,1,2,1,2,1",central_full,40,0
"2,1,2,2,1,2,2",bilateral_3pass,13,13
"2,1,2,2,1,2,2",clearinghouse,13,0
"2,1,2,2,1,2,2",public_pool,13,0
"2,1,2,2,1,2,2",subsidized_catch_up,13,0
"2,1,2,2,1,2,2",central_cap2,13,0
"2,1,2,2,1,2,2",equity_cap2,13,0
"2,1,2,2,1,2,2",central_full,13,0
"3,1,2,1,1,2,0",bilateral_3pass,96,96
"3,1,2,1,1,2,0",clearinghouse,96,0
"3,1,2,1,1,2,0",public_pool,96,0
"3,1,2,1,1,2,0",subsidized_catch_up,96,0
"3,1,2,1,1,2,0",central_cap2,96,0
"3,1,2,1,1,2,0",equity_cap2,96,0
"3,1,2,1,1,2,0",central_full,96,0
"0,3,1,3,0,0,3",bilateral_3pass,118,20
"0,3,1,3,0,0,3",clearinghouse,118,13
"0,3,1,3,0,0,3",public_pool,118,9
"0,3,1,3,0,0,3",subsidized_catch_up,118,10
"0,3,1,3,0,0,3",central_cap2,118,12
"0,3,1,3,0,0,3",equity_cap2,118,6
"0,3,1,3,0,0,3",central_full,118,48
"2,1,2,3,2,1,3",bilateral_3pass,208,201
"2,1,2,3,2,1,3",clearinghouse,208,0
"2,1,2,3,2,1,3",public_pool,208,0
"2,1,2,3,2,1,3",subsidized_catch_up,208,7
"2,1,2,3,2,1,3",central_cap2,208,0
"2,1,2,3,2,1,3",equity_cap2,208,0
"2,1,2,3,2,1,3",central_full,208,0
"3,1,1,1,2,2,5",bilateral_3pass,56,56
"3,1,1,1,2,2,5",clearinghouse,56,0
"3,1,1,1,2,2,5",public_pool,56,0
"3,1,1,1,2,2,5",subsidized_catch_up,56,0
"3,1,1,1,2,2,5",central_cap2,56,0
"3,1,1,1,2,2,5",equity_cap2,56,0
"3,1,1,1,2,2,5",central_full,56,0
"0,3,1,3,0,0,5",bilateral_3pass,41,4
"0,3,1,3,0,0,5",clearinghouse,41,3
"0,3,1,3,0,0,5",public_pool,41,4
"0,3,1,3,0,0,5",subsidized_catch_up,41,3
"0,3,1,3,0,0,5",central_cap2,41,24
"0,3,1,3,0,0,5",equity_cap2,41,1
"0,3,1,3,0,0,5",central_full,41,2
"0,2,2,3,0,1,0",bilateral_3pass,354,34
"0,2,2,3,0,1,0",clearinghouse,354,30
"0,2,2,3,0,1,0",public_pool,354,7
"0,2,2,3,0,1,0",subsidized_catch_up,354,274
"0,2,2,3,0,1,0",central_cap2,354,3
"0,2,2,3,0,1,0",equity_cap2,354,6
"0,2,2,3,0,1,0",central_full,354,0
"1,2,1,2,0,1,3",bilateral_3pass,139,120
"1,2,1,2,0,1,3",clearinghouse,139,5
"1,2,1,2,0,1,3",public_pool,139,2
"1,2,1,2,0,1,3",subsidized_catch_up,139,7
"1,2,1,2,0,1,3",central_cap2,139,2
"1,2,1,2,0,1,3",equity_cap2,139,3
"1,2,1,2,0,1,3",central_full,139,0
"2,1,1,1,2,1,5",bilateral_3pass,20,20
"2,1,1,1,2,1,5",clearinghouse,20,0
"2,1,1,1,2,1,5",public_pool,20,0
"2,1,1,1,2,1,5",subsidized_catch_up,20,0
"2,1,1,1,2,1,5",central_cap2,20,0
"2,1,1,1,2,1,5",equity_cap2,20,0
"2,1,1,1,2,1,5",central_full,20,0
"0,3,1,2,0,0,1",bilateral_3pass,83,5
"0,3,1,2,0,0,1",clearinghouse,83,41
"0,3,1,2,0,0,1",public_pool,83,13
"0,3,1,2,0,0,1",subsidized_catch_up,83,6
"0,3,1,2,0,0,1",central_cap2,83,2
"0,3,1,2,0,0,1",equity_cap2,83,8
"0,3,1,2,0,0,1",central_full,83,8
"1,1,2,3,1,0,2",bilateral_3pass,6,6
"1,1,2,3,1,0,2",clearinghouse,6,0
"1,1,2,3,1,0,2",public_pool,6,0
"1,1,2,3,1,0,2",subsidized_catch_up,6,0
"1,1,2,3,1,0,2",central_cap2,6,0
"1,1,2,3,1,0,2",equity_cap2,6,0
"1,1,2,3,1,0,2",central_full,6,0
"2,1,2,3,2,1,2",bilateral_3pass,19,19
"2,1,2,3,2,1,2",clearinghouse,19,0
"2,1,2,3,2,1,2",public_pool,19,0
"2,1,2,3,2,1,2",subsidized_catch_up,19,0
"2,1,2,3,2,1,2",central_cap2,19,0
"2,1,2,3,2,1,2",equity_cap2,19,0
"2,1,2,3,2,1,2",central_full,19,0
"0,3,1,2,0,0,2",bilateral_3pass,289,11
"0,3,1,2,0,0,2",clearinghouse,289,7
"0,3,1,2,0,0,2",public_pool,289,10
"0,3,1,2,0,0,2",subsidized_catch_up,289,9
"0,3,1,2,0,0,2",central_cap2,289,8
"0,3,1,2,0,0,2",equity_cap2,289,12
"0,3,1,2,0,0,2",central_full,289,232
"0,2,2,2,0,0,5",bilateral_3pass,87,6
"0,2,2,2,0,0,5",clearinghouse,87,60
"0,2,2,2,0,0,5",public_pool,87,1
"0,2,2,2,0,0,5",subsidized_catch_up,87,8
"0,2,2,2,0,0,5",central_cap2,87,3
"0,2,2,2,0,0,5",equity_cap2,87,9
"0,2,2,2,0,0,5",central_full,87,0
"2,1,1,1,0,2,3",bilateral_3pass,119,109
"2,1,1,1,0,2,3",clearinghouse,119,0
"2,1,1,1,0,2,3",public_pool,119,0
"2,1,1,1,0,2,3",subsidized_catch_up,119,10
"2,1,1,1,0,2,3",central_cap2,119,0
"2,1,1,1,0,2,3",equity_cap2,119,0
"2,1,1,1,0,2,3",central_full,119,0
"3,1,2,2,1,2,0",bilateral_3pass,84,84
"3,1,2,2,1,2,0",clearinghouse,84,0
"3,1,2,2,1,2,0",public_pool,84,0
"3,1,2,2,1,2,0",subsidized_catch_up,84,0
"3,1,2,2,1,2,0",central_cap2,84,0
"3,1,2,2,1,2,0",equity_cap2,84,0
"3,1,2,2,1,2,0",central_full,84,0
"0,1,1,2,0,1,5",bilateral_3pass,36,36
"0,1,1,2,0,1,5",clearinghouse,36,0
"0,1,1,2,0,1,5",public_pool,36,0
"0,1,1,2,0,1,5",subsidized_catch_up,36,0
"0,1,1,2,0,1,5",central_cap2,36,0
"0,1,1,2,0,1,5",equity_cap2,36,0
"0,1,1,2,0,1,5",central_full,36,0
"1,1,2,3,0,2,3",bilateral_3pass,95,77
"1,1,2,3,0,2,3",clearinghouse,95,0
"1,1,2,3,0,2,3",public_pool,95,0
"1,1,2,3,0,2,3",subsidized_catch_up,95,18
"1,1,2,3,0,2,3",central_cap2,95,0
"1,1,2,3,0,2,3",equity_cap2,95,0
"1,1,2,3,0,2,3",central_full,95,0
"1,2,1,3,0,2,0",bilateral_3pass,342,264
"1,2,1,3,0,2,0",clearinghouse,342,20
"1,2,1,3,0,2,0",public_pool,342,5
"1,2,1,3,0,2,0",subsidized_catch_up,342,30
"1,2,1,3,0,2,0",central_cap2,342,13
"1,2,1,3,0,2,0",equity_cap2,342,10
"1,2,1,3,0,2,0",central_full,342,0
"2,1,2,1,0,2,3",bilateral_3pass,111,99
"2,1,2,1,0,2,3",clearinghouse,111,0
"2,1,2,1,0,2,3",public_pool,111,0
"2,1,2,1,0,2,3",subsidized_catch_up,111,12
"2,1,2,1,0,2,3",central_cap2,111,0
"2,1,2,1,0,2,3",equity_cap2,111,0
"2,1,2,1,0,2,3",central_full,111,0
"2,1,0,1,0,2,3",bilateral_3pass,4,0
"2,1,0,1,0,2,3",clearinghouse,4,0
"2,1,0,1,0,2,3",public_pool,4,0
"2,1,0,1,0,2,3",subsidized_catch_up,4,4
"2,1,0,1,0,2,3",central_cap2,4,0
"2,1,0,1,0,2,3",equity_cap2,4,0
"2,1,0,1,0,2,3",central_full,4,0
"3,1,1,2,1,2,0",bilateral_3pass,133,133
"3,1,1,2,1,2,0",clearinghouse,133,0
"3,1,1,2,1,2,0",public_pool,133,0
"3,1,1,2,1,2,0",subsidized_catch_up,133,0
"3,1,1,2,1,2,0",central_cap2,133,0
"3,1,1,2,1,2,0",equity_cap2,133,0
"3,1,1,2,1,2,0",central_full,133,0
"1,1,1,1,1,0,4",bilateral_3pass,4,4
"1,1,1,1,1,0,4",clearinghouse,4,0
"1,1,1,1,1,0,4",public_pool,4,0
"1,1,1,1,1,0,4",subsidized_catch_up,4,0
"1,1,1,1,1,0,4",central_cap2,4,0
"1,1,1,1,1,0,4",equity_cap2,4,0
"1,1,1,1,1,0,4",central_full,4,0
"2,1,1,2,1,0,1",bilateral_3pass,30,28
"2,1,1,2,1,0,1",clearinghouse,30,2
"2,1,1,2,1,0,1",public_pool,30,0
"2,1,1,2,1,0,1",subsidized_catch_up,30,0
"2,1,1,2,1,0,1",central_cap2,30,0
"2,1,1,2,1,0,1",equity_cap2,30,0
"2,1,1,2,1,0,1",central_full,30,0
"1,1,1,1,0,0,3",bilateral_3pass,231,211
"1,1,1,1,0,0,3",clearinghouse,231,0
"1,1,1,1,0,0,3",public_pool,231,0
"1,1,1,1,0,0,3",subsidized_catch_up,231,20
"1,1,1,1,0,0,3",central_cap2,231,0
"1,1,1,1,0,0,3",equity_cap2,231,0
"1,1,1,1,0,0,3",central_full,231,0
"1,1,2,2,0,2,0",bilateral_3pass,141,141
"1,1,2,2,0,2,0",clearinghouse,141,0
"1,1,2,2,0,2,0",public_pool,141,0
"1,1,2,2,0,2,0",subsidized_catch_up,141,0
"1,1,2,2,0,2,0",central_cap2,141,0
"1,1,2,2,0,2,0",equity_cap2,141,0
"1,1,2,2,0,2,0",central_full,141,0
"2,2,2,1,1,2,1",bilateral_3pass,62,5
"2,2,2,1,1,2,1",clearinghouse,62,7
"2,2,2,1,1,2,1",public_pool,62,0
"2,2,2,1,1,2,1",subsidized_catch_up,62,49
"2,2,2,1,1,2,1",central_cap2,62,1
"2,2,2,1,1,2,1",equity_cap2,62,0
"2,2,2,1,1,2,1",central_full,62,0
"3,2,1,2,1,2,1",bilateral_3pass,25,22
"3,2,1,2,1,2,1",clearinghouse,25,1
"3,2,1,2,1,2,1",public_pool,25,0
"3,2,1,2,1,2,1",subsidized_catch_up,25,1
"3,2,1,2,1,2,1",central_cap2,25,1
"3,2,1,2,1,2,1",equity_cap2,25,0
"3,2,1,2,1,2,1",central_full,25,0
"2,2,1,2,0,0,0",bilateral_3pass,48,32
"2,2,1,2,0,0,0",clearinghouse,48,5
"2,2,1,2,0,0,0",public_pool,48,2
"2,2,1,2,0,0,0",subsidized_catch_up,48,7
"2,2,1,2,0,0,0",central_cap2,48,2
"2,2,1,2,0,0,0",equity_cap2,48,0
"2,2,1,2,0,0,0",central_full,48,0
"2,1,0,2,1,1,1",bilateral_3pass,36,33
"2,1,0,2,1,1,1",clearinghouse,36,3
"2,1,0,2,1,1,1",public_pool,36,0
"2,1,0,2,1,1,1",subsidized_catch_up,36,0
"2,1,0,2,1,1,1",central_cap2,36,0
"2,1,0,2,1,1,1",equity_cap2,36,0
"2,1,0,2,1,1,1",central_full,36,0
"2,1,2,2,1,0,0",bilateral_3pass,49,49
"2,1,2,2,1,0,0",clearinghouse,49,0
"2,1,2,2,1,0,0",public_pool,49,0
"2,1,2,2,1,0,0",subsidized_catch_up,49,0
"2,1,2,2,1,0,0",central_cap2,49,0
"2,1,2,2,1,0,0",equity_cap2,49,0
"2,1,2,2,1,0,0",central_full,49,0
"3,2,2,3,2,0,3",bilateral_3pass,7,0
"3,2,2,3,2,0,3",clearinghouse,7,1
"3,2,2,3,2,0,3",public_pool,7,0
"3,2,2,3,2,0,3",subsidized_catch_up,7,6
"3,2,2,3,2,0,3",central_cap2,7,0
"3,2,2,3,2,0,3",equity_cap2,7,0
"3,2,2,3,2,0,3",central_full,7,0
"3,1,1,1,2,0,1",bilateral_3pass,91,87
"3,1,1,1,2,0,1",clearinghouse,91,4
"3,1,1,1,2,0,1",public_pool,91,0
"3,1,1,1,2,0,1",subsidized_catch_up,91,0
"3,1,1,1,2,0,1",central_cap2,91,0
"3,1,1,1,2,0,1",equity_cap2,91,0
"3,1,1,1,2,0,1",central_full,91,0
"3,1,2,1,2,1,1",bilateral_3pass,219,207
"3,1,2,1,2,1,1",clearinghouse,219,12
"3,1,2,1,2,1,1",public_pool,219,0
"3,1,2,1,2,1,1",subsidized_catch_up,219,0
"3,1,2,1,2,1,1",central_cap2,219,0
"3,1,2,1,2,1,1",equity_cap2,219,0
"3,1,2,1,2,1,1",central_full,219,0
"1,3,1,1,0,0,0",bilateral_3pass,29,0
"1,3,1,1,0,0,0",clearinghouse,29,2
"1,3,1,1,0,0,0",public_pool,29,2
"1,3,1,1,0,0,0",subsidized_catch_up,29,4
"1,3,1,1,0,0,0",central_cap2,29,4
"1,3,1,1,0,0,0",equity_cap2,29,0
"1,3,1,1,0,0,0",central_full,29,17
"1,2,1,3,0,0,2",bilateral_3pass,8,1
"1,2,1,3,0,0,2",clearinghouse,8,0
"1,2,1,3,0,0,2",public_pool,8,0
"1,2,1,3,0,0,2",subsidized_catch_up,8,7
"1,2,1,3,0,0,2",central_cap2,8,0
"1,2,1,3,0,0,2",equity_cap2,8,0
"1,2,1,3,0,0,2",central_full,8,0
"1,2,2,3,0,0,1",bilateral_3pass,31,24
"1,2,2,3,0,0,1",clearinghouse,31,3
"1,2,2,3,0,0,1",public_pool,31,1
"1,2,2,3,0,0,1",subsidized_catch_up,31,2
"1,2,2,3,0,0,1",central_cap2,31,0
"1,2,2,3,0,0,1",equity_cap2,31,1
"1,2,2,3,0,0,1",central_full,31,0
"2,1,2,1,0,1,0",bilateral_3pass,99,99
"2,1,2,1,0,1,0",clearinghouse,99,0
"2,1,2,1,0,1,0",public_pool,99,0
"2,1,2,1,0,1,0",subsidized_catch_up,99,0
"2,1,2,1,0,1,0",central_cap2,99,0
"2,1,2,1,0,1,0",equity_cap2,99,0
"2,1,2,1,0,1,0",central_full,99,0
"2,1,2,1,0,1,1",bilateral_3pass,67,58
"2,1,2,1,0,1,1",clearinghouse,67,9
"2,1,2,1,0,1,1",public_pool,67,0
"2,1,2,1,0,1,1",subsidized_catch_up,67,0
"2,1,2,1,0,1,1",central_cap2,67,0
"2,1,2,1,0,1,1",equity_cap2,67,0
"2,1,2,1,0,1,1",central_full,67,0
"2,1,2,2,1,1,1",bilateral_3pass,190,178
"2,1,2,2,1,1,1",clearinghouse,190,12
"2,1,2,2,1,1,1",public_pool,190,0
"2,1,2,2,1,1,1",subsidized_catch_up,190,0
"2,1,2,2,1,1,1",central_cap2,190,0
"2,1,2,2,1,1,1",equity_cap2,190,0
"2,1,2,2,1,1,1",central_full,190,0
"3,2,0,1,1,1,0",bilateral_3pass,74,58
"3,2,0,1,1,1,0",clearinghouse,74,4
"3,2,0,1,1,1,0",public_pool,74,4
"3,2,0,1,1,1,0",subsidized_catch_up,74,6
"3,2,0,1,1,1,0",central_cap2,74,1
"3,2,0,1,1,1,0",equity_cap2,74,1
"3,2,0,1,1,1,0",central_full,74,0
"3,1,1,2,1,1,1",bilateral_3pass,67,65
"3,1,1,2,1,1,1",clearinghouse,67,2
"3,1,1,2,1,1,1",public_pool,67,0
"3,1,1,2,1,1,1",subsidized_catch_up,67,0
"3,1,1,2,1,1,1",central_cap2,67,0
"3,1,1,2,1,1,1",equity_cap2,67,0
"3,1,1,2,1,1,1",central_full,67,0
"3,1,1,1,0,1,1",bilateral_3pass,13,12
"3,1,1,1,0,1,1",clearinghouse,13,1
"3,1,1,1,0,1,1",public_pool,13,0
"3,1,1,1,0,1,1",subsidized_catch_up,13,0
"3,1,1,1,0,1,1",central_cap2,13,0
"3,1,1,1,0,1,1",equity_cap2,13,0
"3,1,1,1,0,1,1",central_full,13,0
"3,2,2,2,1,1,0",bilateral_3pass,136,8
"3,2,2,2,1,1,0",clearinghouse,136,7
"3,2,2,2,1,1,0",public_pool,136,3
"3,2,2,2,1,1,0",subsidized_catch_up,136,112
"3,2,2,2,1,1,0",central_cap2,136,3
"3,2,2,2,1,1,0",equity_cap2,136,3
"3,2,2,2,1,1,0",central_full,136,0
"1,2,1,2,1,2,0",bilateral_3pass,194,15
"1,2,1,2,1,2,0",clearinghouse,194,149
"1,2,1,2,1,2,0",public_pool,194,3
"1,2,1,2,1,2,0",subsidized_catch_up,194,21
"1,2,1,2,1,2,0",central_cap2,194,3
"1,2,1,2,1,2,0",equity_cap2,194,3
"1,2,1,2,1,2,0",central_full,194,0
"2,2,0,1,1,2,0",bilateral_3pass,91,10
"2,2,0,1,1,2,0",clearinghouse,91,72
"2,2,0,1,1,2,0",public_pool,91,2
"2,2,0,1,1,2,0",subsidized_catch_up,91,4
"2,2,0,1,1,2,0",central_cap2,91,1
"2,2,0,1,1,2,0",equity_cap2,91,2
"2,2,0,1,1,2,0",central_full,91,0
"2,3,2,2,1,1,0",bilateral_3pass,70,2
"2,3,2,2,1,1,0",clearinghouse,70,61
"2,3,2,2,1,1,0",public_pool,70,3
"2,3,2,2,1,1,0",subsidized_catch_up,70,2
"2,3,2,2,1,1,0",central_cap2,70,0
"2,3,2,2,1,1,0",equity_cap2,70,0
"2,3,2,2,1,1,0",central_full,70,2
"2,3,2,1,2,1,0",bilateral_3pass,54,46
"2,3,2,1,2,1,0",clearinghouse,54,1
"2,3,2,1,2,1,0",public_pool,54,0
"2,3,2,1,2,1,0",subsidized_catch_up,54,2
"2,3,2,1,2,1,0",central_cap2,54,1
"2,3,2,1,2,1,0",equity_cap2,54,3
"2,3,2,1,2,1,0",central_full,54,1
"2,2,2,1,2,0,5",bilateral_3pass,4,0
"2,2,2,1,2,0,5",clearinghouse,4,0
"2,2,2,1,2,0,5",public_pool,4,0
"2,2,2,1,2,0,5",subsidized_catch_up,4,1
"2,2,2,1,2,0,5",central_cap2,4,1
"2,2,2,1,2,0,5",equity_cap2,4,2
"2,2,2,1,2,0,5",central_full,4,0
"2,2,2,1,2,0,3",bilateral_3pass,15,0
"2,2,2,1,2,0,3",clearinghouse,15,3
"2,2,2,1,2,0,3",public_pool,15,0
"2,2,2,1,2,0,3",subsidized_catch_up,15,12
"2,2,2,1,2,0,3",central_cap2,15,0
"2,2,2,1,2,0,3",equity_cap2,15,0
"2,2,2,1,2,0,3",central_full,15,0
"3,1,2,3,2,1,4",bilateral_3pass,21,21
"3,1,2,3,2,1,4",clearinghouse,21,0
"3,1,2,3,2,1,4",public_pool,21,0
"3,1,2,3,2,1,4",subsidized_catch_up,21,0
"3,1,2,3,2,1,4",central_cap2,21,0
"3,1,2,3,2,1,4",equity_cap2,21,0
"3,1,2,3,2,1,4",central_full,21,0
"3,1,2,2,2,1,0",bilateral_3pass,128,128
"3,1,2,2,2,1,0",clearinghouse,128,0
"3,1,2,2,2,1,0",public_pool,128,0
"3,1,2,2,2,1,0",subsidized_catch_up,128,0
"3,1,2,2,2,1,0",central_cap2,128,0
"3,1,2,2,2,1,0",equity_cap2,128,0
"3,1,2,2,2,1,0",central_full,128,0
"0,1,0,2,0,1,3",bilateral_3pass,21,15
"0,1,0,2,0,1,3",clearinghouse,21,0
"0,1,0,2,0,1,3",public_pool,21,0
"0,1,0,2,0,1,3",subsidized_catch_up,21,6
"0,1,0,2,0,1,3",central_cap2,21,0
"0,1,0,2,0,1,3",equity_cap2,21,0
"0,1,0,2,0,1,3",central_full,21,0
"1,1,2,2,1,2,4",bilateral_3pass,6,6
"1,1,2,2,1,2,4",clearinghouse,6,0
"1,1,2,2,1,2,4",public_pool,6,0
"1,1,2,2,1,2,4",subsidized_catch_up,6,0
"1,1,2,2,1,2,4",central_cap2,6,0
"1,1,2,2,1,2,4",equity_cap2,6,0
"1,1,2,2,1,2,4",central_full,6,0
"3,1,1,1,2,0,0",bilateral_3pass,138,138
"3,1,1,1,2,0,0",clearinghouse,138,0
"3,1,1,1,2,0,0",public_pool,138,0
"3,1,1,1,2,0,0",subsidized_catch_up,138,0
"3,1,1,1,2,0,0",central_cap2,138,0
"3,1,1,1,2,0,0",equity_cap2,138,0
"3,1,1,1,2,0,0",central_full,138,0
"1,1,1,3,2,1,0",bilateral_3pass,18,18
"1,1,1,3,2,1,0",clearinghouse,18,0
"1,1,1,3,2,1,0",public_pool,18,0
"1,1,1,3,2,1,0",subsidized_catch_up,18,0
"1,1,1,3,2,1,0",central_cap2,18,0
"1,1,1,3,2,1,0",equity_cap2,18,0
"1,1,1,3,2,1,0",central_full,18,0
"3,2,1,3,2,0,3",bilateral_3pass,31,3
"3,2,1,3,2,0,3",clearinghouse,31,3
"3,2,1,3,2,0,3",public_pool,31,0
"3,2,1,3,2,0,3",subsidized_catch_up,31,24
"3,2,1,3,2,0,3",central_cap2,31,1
"3,2,1,3,2,0,3",equity_cap2,31,0
"3,2,1,3,2,0,3",central_full,31,0
"0,2,2,3,0,0,0",bilateral_3pass,139,9
"0,2,2,3,0,0,0",clearinghouse,139,5
"0,2,2,3,0,0,0",public_pool,139,3
"0,2,2,3,0,0,0",subsidized_catch_up,139,117
"0,2,2,3,0,0,0",central_cap2,139,3
"0,2,2,3,0,0,0",equity_cap2,139,2
"0,2,2,3,0,0,0",central_full,139,0
"0,2,2,2,0,0,4",bilateral_3pass,166,106
"0,2,2,2,0,0,4",clearinghouse,166,14
"0,2,2,2,0,0,4",public_pool,166,6
"0,2,2,2,0,0,4",subsidized_catch_up,166,20
"0,2,2,2,0,0,4",central_cap2,166,17
"0,2,2,2,0,0,4",equity_cap2,166,3
"0,2,2,2,0,0,4",central_full,166,0
"1,1,1,1,0,2,0",bilateral_3pass,121,121
"1,1,1,1,0,2,0",clearinghouse,121,0
"1,1,1,1,0,2,0",public_pool,121,0
"1,1,1,1,0,2,0",subsidized_catch_up,121,0
"1,1,1,1,0,2,0",central_cap2,121,0
"1,1,1,1,0,2,0",equity_cap2,121,0
"1,1,1,1,0,2,0",central_full,121,0
"1,1,2,2,0,1,4",bilateral_3pass,46,46
"1,1,2,2,0,1,4",clearinghouse,46,0
"1,1,2,2,0,1,4",public_pool,46,0
"1,1,2,2,0,1,4",subsidized_catch_up,46,0
"1,1,2,2,0,1,4",central_cap2,46,0
"1,1,2,2,0,1,4",equity_cap2,46,0
"1,1,2,2,0,1,4",central_full,46,0
"2,2,0,2,1,2,0",bilateral_3pass,92,5
"2,2,0,2,1,2,0",clearinghouse,92,77
"2,2,0,2,1,2,0",public_pool,92,0
"2,2,0,2,1,2,0",subsidized_catch_up,92,3
"2,2,0,2,1,2,0",central_cap2,92,4
"2,2,0,2,1,2,0",equity_cap2,92,3
"2,2,0,2,1,2,0",central_full,92,0
"2,1,1,2,1,2,4",bilateral_3pass,13,13
"2,1,1,2,1,2,4",clearinghouse,13,0
"2,1,1,2,1,2,4",public_pool,13,0
"2,1,1,2,1,2,4",subsidized_catch_up,13,0
"2,1,1,2,1,2,4",central_cap2,13,0
"2,1,1,2,1,2,4",equity_cap2,13,0
"2,1,1,2,1,2,4",central_full,13,0
"1,2,1,2,0,1,2",bilateral_3pass,19,1
"1,2,1,2,0,1,2",clearinghouse,19,0
"1,2,1,2,0,1,2",public_pool,19,2
"1,2,1,2,0,1,2",subsidized_catch_up,19,16
"1,2,1,2,0,1,2",central_cap2,19,0
"1,2,1,2,0,1,2",equity_cap2,19,0
"1,2,1,2,0,1,2",central_full,19,0
"1,2,0,3,0,1,2",bilateral_3pass,2,1
"1,2,0,3,0,1,2",clearinghouse,2,1
"1,2,0,3,0,1,2",public_pool,2,0
"1,2,0,3,0,1,2",subsidized_catch_up,2,0
"1,2,0,3,0,1,2",central_cap2,2,0
"1,2,0,3,0,1,2",equity_cap2,2,0
"1,2,0,3,0,1,2",central_full,2,0
"2,1,1,1,0,0,5",bilateral_3pass,6,6
"2,1,1,1,0,0,5",clearinghouse,6,0
"2,1,1,1,0,0,5",public_pool,6,0
"2,1,1,1,0,0,5",subsidized_catch_up,6,0
"2,1,1,1,0,0,5",central_cap2,6,0
"2,1,1,1,0,0,5",equity_cap2,6,0
"2,1,1,1,0,0,5",central_full,6,0
"1,1,0,1,0,1,1",bilateral_3pass,38,36
"1,1,0,1,0,1,1",clearinghouse,38,2
"1,1,0,1,0,1,1",public_pool,38,0
"1,1,0,1,0,1,1",subsidized_catch_up,38,0
"1,1,0,1,0,1,1",central_cap2,38,0
"1,1,0,1,0,1,1",equity_cap2,38,0
"1,1,0,1,0,1,1",central_full,38,0
"1,2,2,2,1,2,0",bilateral_3pass,144,8
"1,2,2,2,1,2,0",clearinghouse,144,122
"1,2,2,2,1,2,0",public_pool,144,4
"1,2,2,2,1,2,0",subsidized_catch_up,144,8
"1,2,2,2,1,2,0",central_cap2,144,2
"1,2,2,2,1,2,0",equity_cap2,144,0
"1,2,2,2,1,2,0",central_full,144,0
"2,1,1,2,1,1,3",bilateral_3pass,299,270
"2,1,1,2,1,1,3",clearinghouse,299,0
"2,1,1,2,1,1,3",public_pool,299,0
"2,1,1,2,1,1,3",subsidized_catch_up,299,29
"2,1,1,2,1,1,3",central_cap2,299,0
"2,1,1,2,1,1,3",equity_cap2,299,0
"2,1,1,2,1,1,3",central_full,299,0
"3,2,1,2,1,1,0",bilateral_3pass,212,172
"3,2,1,2,1,1,0",clearinghouse,212,15
"3,2,1,2,1,1,0",public_pool,212,4
"3,2,1,2,1,1,0",subsidized_catch_up,212,15
"3,2,1,2,1,1,0",central_cap2,212,1
"3,2,1,2,1,1,0",equity_cap2,212,5
"3,2,1,2,1,1,0",central_full,212,0
"3,1,2,3,1,2,3",bilateral_3pass,73,63
"3,1,2,3,1,2,3",clearinghouse,73,0
"3,1,2,3,1,2,3",public_pool,73,0
"3,1,2,3,1,2,3",subsidized_catch_up,73,10
"3,1,2,3,1,2,3",central_cap2,73,0
"3,1,2,3,1,2,3",equity_cap2,73,0
"3,1,2,3,1,2,3",central_full,73,0
"1,2,1,1,0,1,3",bilateral_3pass,262,9
"1,2,1,1,0,1,3",clearinghouse,262,234
"1,2,1,1,0,1,3",public_pool,262,2
"1,2,1,1,0,1,3",subsidized_catch_up,262,9
"1,2,1,1,0,1,3",central_cap2,262,4
"1,2,1,1,0,1,3",equity_cap2,262,4
"1,2,1,1,0,1,3",central_full,262,0
"1,2,1,2,0,1,5",bilateral_3pass,14,0
"1,2,1,2,0,1,5",clearinghouse,14,1
"1,2,1,2,0,1,5",public_pool,14,0
"1,2,1,2,0,1,5",subsidized_catch_up,14,10
"1,2,1,2,0,1,5",central_cap2,14,0
"1,2,1,2,0,1,5",equity_cap2,14,3
"1,2,1,2,0,1,5",central_full,14,0
"1,1,1,1,0,1,5",bilateral_3pass,45,45
"1,1,1,1,0,1,5",clearinghouse,45,0
"1,1,1,1,0,1,5",public_pool,45,0
"1,1,1,1,0,1,5",subsidized_catch_up,45,0
"1,1,1,1,0,1,5",central_cap2,45,0
"1,1,1,1,0,1,5",equity_cap2,45,0
"1,1,1,1,0,1,5",central_full,45,0
"2,2,2,3,1,0,3",bilateral_3pass,35,1
"2,2,2,3,1,0,3",clearinghouse,35,1
"2,2,2,3,1,0,3",public_pool,35,0
"2,2,2,3,1,0,3",subsidized_catch_up,35,32
"2,2,2,3,1,0,3",central_cap2,35,1
"2,2,2,3,1,0,3",equity_cap2,35,0
"2,2,2,3,1,0,3",central_full,35,0
"2,1,1,3,1,0,1",bilateral_3pass,80,76
"2,1,1,3,1,0,1",clearinghouse,80,4
"2,1,1,3,1,0,1",public_pool,80,0
"2,1,1,3,1,0,1",subsidized_catch_up,80,0
"2,1,1,3,1,0,1",central_cap2,80,0
"2,1,1,3,1,0,1",equity_cap2,80,0
"2,1,1,3,1,0,1",central_full,80,0
"3,1,2,3,2,0,0",bilateral_3pass,57,57
"3,1,2,3,2,0,0",clearinghouse,57,0
"3,1,2,3,2,0,0",public_pool,57,0
"3,1,2,3,2,0,0",subsidized_catch_up,57,0
"3,1,2,3,2,0,0",central_cap2,57,0
"3,1,2,3,2,0,0",equity_cap2,57,0
"3,1,2,3,2,0,0",central_full,57,0
"3,2,2,3,2,0,0",bilateral_3pass,159,9
"3,2,2,3,2,0,0",clearinghouse,159,21
"3,2,2,3,2,0,0",public_pool,159,6
"3,2,2,3,2,0,0",subsidized_catch_up,159,119
"3,2,2,3,2,0,0",central_cap2,159,1
"3,2,2,3,2,0,0",equity_cap2,159,3
"3,2,2,3,2,0,0",central_full,159,0
"0,2,1,3,0,0,6",bilateral_3pass,329,16
"0,2,1,3,0,0,6",clearinghouse,329,254
"0,2,1,3,0,0,6",public_pool,329,8
"0,2,1,3,0,0,6",subsidized_catch_up,329,17
"0,2,1,3,0,0,6",central_cap2,329,14
"0,2,1,3,0,0,6",equity_cap2,329,13
"0,2,1,3,0,0,6",central_full,329,7
"1,2,0,3,0,0,0",bilateral_3pass,72,4
"1,2,0,3,0,0,0",clearinghouse,72,7
"1,2,0,3,0,0,0",public_pool,72,1
"1,2,0,3,0,0,0",subsidized_catch_up,72,57
"1,2,0,3,0,0,0",central_cap2,72,2
"1,2,0,3,0,0,0",equity_cap2,72,1
"1,2,0,3,0,0,0",central_full,72,0
"1,2,2,1,0,0,0",bilateral_3pass,257,205
"1,2,2,1,0,0,0",clearinghouse,257,16
"1,2,2,1,0,0,0",public_pool,257,9
"1,2,2,1,0,0,0",subsidized_catch_up,257,14
"1,2,2,1,0,0,0",central_cap2,257,6
"1,2,2,1,0,0,0",equity_cap2,257,7
"1,2,2,1,0,0,0",central_full,257,0
"3,1,1,3,1,1,3",bilateral_3pass,140,131
"3,1,1,3,1,1,3",clearinghouse,140,0
"3,1,1,3,1,1,3",public_pool,140,0
"3,1,1,3,1,1,3",subsidized_catch_up,140,9
"3,1,1,3,1,1,3",central_cap2,140,0
"3,1,1,3,1,1,3",equity_cap2,140,0
"3,1,1,3,1,1,3",central_full,140,0
"2,1,2,1,0,0,5",bilateral_3pass,5,5
"2,1,2,1,0,0,5",clearinghouse,5,0
"2,1,2,1,0,0,5",public_pool,5,0
"2,1,2,1,0,0,5",subsidized_catch_up,5,0
"2,1,2,1,0,0,5",central_cap2,5,0
"2,1,2,1,0,0,5",equity_cap2,5,0
"2,1,2,1,0,0,5",central_full,5,0
"3,1,2,3,1,0,5",bilateral_3pass,4,4
"3,1,2,3,1,0,5",clearinghouse,4,0
"3,1,2,3,1,0,5",public_pool,4,0
"3,1,2,3,1,0,5",subsidized_catch_up,4,0
"3,1,2,3,1,0,5",central_cap2,4,0
"3,1,2,3,1,0,5",equity_cap2,4,0
"3,1,2,3,1,0,5",central_full,4,0
"3,1,1,2,2,1,1",bilateral_3pass,311,290
"3,1,1,2,2,1,1",clearinghouse,311,21
"3,1,1,2,2,1,1",public_pool,311,0
"3,1,1,2,2,1,1",subsidized_catch_up,311,0
"3,1,1,2,2,1,1",central_cap2,311,0
"3,1,1,2,2,1,1",equity_cap2,311,0
"3,1,1,2,2,1,1",central_full,311,0
"2,1,2,2,1,1,4",bilateral_3pass,27,27
"2,1,2,2,1,1,4",clearinghouse,27,0
"2,1,2,2,1,1,4",public_pool,27,0
"2,1,2,2,1,1,4",subsidized_catch_up,27,0
"2,1,2,2,1,1,4",central_cap2,27,0
"2,1,2,2,1,1,4",equity_cap2,27,0
"2,1,2,2,1,1,4",central_full,27,0
"2,1,1,3,1,0,0",bilateral_3pass,102,102
"2,1,1,3,1,0,0",clearinghouse,102,0
"2,1,1,3,1,0,0",public_pool,102,0
"2,1,1,3,1,0,0",subsidized_catch_up,102,0
"2,1,1,3,1,0,0",central_cap2,102,0
"2,1,1,3,1,0,0",equity_cap2,102,0
"2,1,1,3,1,0,0",central_full,102,0
"2,2,2,2,0,1,0",bilateral_3pass,252,23
"2,2,2,2,0,1,0",clearinghouse,252,191
"2,2,2,2,0,1,0",public_pool,252,4
"2,2,2,2,0,1,0",subsidized_catch_up,252,23
"2,2,2,2,0,1,0",central_cap2,252,6
"2,2,2,2,0,1,0",equity_cap2,252,5
"2,2,2,2,0,1,0",central_full,252,0
"2,1,1,1,0,1,3",bilateral_3pass,157,141
"2,1,1,1,0,1,3",clearinghouse,157,0
"2,1,1,1,0,1,3",public_pool,157,0
"2,1,1,1,0,1,3",subsidized_catch_up,157,16
"2,1,1,1,0,1,3",central_cap2,157,0
"2,1,1,1,0,1,3",equity_cap2,157,0
"2,1,1,1,0,1,3",central_full,157,0
"3,1,0,1,1,2,1",bilateral_3pass,23,20
"3,1,0,1,1,2,1",clearinghouse,23,3
"3,1,0,1,1,2,1",public_pool,23,0
"3,1,0,1,1,2,1",subsidized_catch_up,23,0
"3,1,0,1,1,2,1",central_cap2,23,0
"3,1,0,1,1,2,1",equity_cap2,23,0
"3,1,0,1,1,2,1",central_full,23,0
"3,1,2,3,2,2,0",bilateral_3pass,151,151
"3,1,2,3,2,2,0",clearinghouse,151,0
"3,1,2,3,2,2,0",public_pool,151,0
"3,1,2,3,2,2,0",subsidized_catch_up,151,0
"3,1,2,3,2,2,0",central_cap2,151,0
"3,1,2,3,2,2,0",equity_cap2,151,0
"3,1,2,3,2,2,0",central_full,151,0
"0,3,2,1,0,0,5",bilateral_3pass,26,3
"0,3,2,1,0,0,5",clearinghouse,26,2
"0,3,2,1,0,0,5",public_pool,26,3
"0,3,2,1,0,0,5",subsidized_catch_up,26,1
"0,3,2,1,0,0,5",central_cap2,26,16
"0,3,2,1,0,0,5",equity_cap2,26,0
"0,3,2,1,0,0,5",central_full,26,1
"0,1,0,1,0,1,4",bilateral_3pass,6,6
"0,1,0,1,0,1,4",clearinghouse,6,0
"0,1,0,1,0,1,4",public_pool,6,0
"0,1,0,1,0,1,4",subsidized_catch_up,6,0
"0,1,0,1,0,1,4",central_cap2,6,0
"0,1,0,1,0,1,4",equity_cap2,6,0
"0,1,0,1,0,1,4",central_full,6,0
"1,1,1,1,1,1,3",bilateral_3pass,80,70
"1,1,1,1,1,1,3",clearinghouse,80,0
"1,1,1,1,1,1,3",public_pool,80,0
"1,1,1,1,1,1,3",subsidized_catch_up,80,10
"1,1,1,1,1,1,3",central_cap2,80,0
"1,1,1,1,1,1,3",equity_cap2,80,0
"1,1,1,1,1,1,3",central_full,80,0
"2,1,2,1,1,0,4",bilateral_3pass,13,13
"2,1,2,1,1,0,4",clearinghouse,13,0
"2,1,2,1,1,0,4",public_pool,13,0
"2,1,2,1,1,0,4",subsidized_catch_up,13,0
"2,1,2,1,1,0,4",central_cap2,13,0
"2,1,2,1,1,0,4",equity_cap2,13,0
"2,1,2,1,1,0,4",central_full,13,0
"3,2,1,1,2,1,3",bilateral_3pass,114,7
"3,2,1,1,2,1,3",clearinghouse,114,92
"3,2,1,1,2,1,3",public_pool,114,3
"3,2,1,1,2,1,3",subsidized_catch_up,114,8
"3,2,1,1,2,1,3",central_cap2,114,4
"3,2,1,1,2,1,3",equity_cap2,114,0
"3,2,1,1,2,1,3",central_full,114,0
"0,2,0,2,0,1,1",bilateral_3pass,7,0
"0,2,0,2,0,1,1",clearinghouse,7,3
"0,2,0,2,0,1,1",public_pool,7,0
"0,2,0,2,0,1,1",subsidized_catch_up,7,4
"0,2,0,2,0,1,1",central_cap2,7,0
"0,2,0,2,0,1,1",equity_cap2,7,0
"0,2,0,2,0,1,1",central_full,7,0
"3,1,2,1,2,2,3",bilateral_3pass,142,131
"3,1,2,1,2,2,3",clearinghouse,142,0
"3,1,2,1,2,2,3",public_pool,142,0
"3,1,2,1,2,2,3",subsidized_catch_up,142,11
"3,1,2,1,2,2,3",central_cap2,142,0
"3,1,2,1,2,2,3",equity_cap2,142,0
"3,1,2,1,2,2,3",central_full,142,0
"1,2,1,1,1,1,2",bilateral_3pass,10,0
"1,2,1,1,1,1,2",clearinghouse,10,10
"1,2,1,1,1,1,2",public_pool,10,0
"1,2,1,1,1,1,2",subsidized_catch_up,10,0
"1,2,1,1,1,1,2",central_cap2,10,0
"1,2,1,1,1,1,2",equity_cap2,10,0
"1,2,1,1,1,1,2",central_full,10,0
"2,2,1,1,1,2,1",bilateral_3pass,137,8
"2,2,1,1,1,2,1",clearinghouse,137,118
"2,2,1,1,1,2,1",public_pool,137,3
"2,2,1,1,1,2,1",subsidized_catch_up,137,8
"2,2,1,1,1,2,1",central_cap2,137,0
"2,2,1,1,1,2,1",equity_cap2,137,0
"2,2,1,1,1,2,1",central_full,137,0
"2,2,0,3,2,0,0",bilateral_3pass,29,21
"2,2,0,3,2,0,0",clearinghouse,29,2
"2,2,0,3,2,0,0",public_pool,29,1
"2,2,0,3,2,0,0",subsidized_catch_up,29,4
"2,2,0,3,2,0,0",central_cap2,29,0
"2,2,0,3,2,0,0",equity_cap2,29,1
"2,2,0,3,2,0,0",central_full,29,0
"2,1,1,2,2,0,3",bilateral_3pass,28,28
"2,1,1,2,2,0,3",clearinghouse,28,0
"2,1,1,2,2,0,3",public_pool,28,0
"2,1,1,2,2,0,3",subsidized_catch_up,28,0
"2,1,1,2,2,0,3",central_cap2,28,0
"2,1,1,2,2,0,3",equity_cap2,28,0
"2,1,1,2,2,0,3",central_full,28,0
"3,1,1,1,2,1,5",bilateral_3pass,51,51
"3,1,1,1,2,1,5",clearinghouse,51,0
"3,1,1,1,2,1,5",public_pool,51,0
"3,1,1,1,2,1,5",subsidized_catch_up,51,0
"3,1,1,1,2,1,5",central_cap2,51,0
"3,1,1,1,2,1,5",equity_cap2,51,0
"3,1,1,1,2,1,5",central_full,51,0
"0,2,0,2,0,0,6",bilateral_3pass,75,4
"0,2,0,2,0,0,6",clearinghouse,75,59
"0,2,0,2,0,0,6",public_pool,75,3
"0,2,0,2,0,0,6",subsidized_catch_up,75,3
"0,2,0,2,0,0,6",central_cap2,75,2
"0,2,0,2,0,0,6",equity_cap2,75,3
"0,2,0,2,0,0,6",central_full,75,1
"1,1,1,3,1,1,3",bilateral_3pass,251,227
"1,1,1,3,1,1,3",clearinghouse,251,0
"1,1,1,3,1,1,3",public_pool,251,0
"1,1,1,3,1,1,3",subsidized_catch_up,251,24
"1,1,1,3,1,1,3",central_cap2,251,0
"1,1,1,3,1,1,3",equity_cap2,251,0
"1,1,1,3,1,1,3",central_full,251,0
"1,1,1,3,1,2,0",bilateral_3pass,71,71
"1,1,1,3,1,2,0",clearinghouse,71,0
"1,1,1,3,1,2,0",public_pool,71,0
"1,1,1,3,1,2,0",subsidized_catch_up,71,0
"1,1,1,3,1,2,0",central_cap2,71,0
"1,1,1,3,1,2,0",equity_cap2,71,0
"1,1,1,3,1,2,0",central_full,71,0
"3,2,2,1,1,1,0",bilateral_3pass,247,191
"3,2,2,1,1,1,0",clearinghouse,247,22
"3,2,2,1,1,1,0",public_pool,247,5
"3,2,2,1,1,1,0",subsidized_catch_up,247,22
"3,2,2,1,1,1,0",central_cap2,247,3
"3,2,2,1,1,1,0",equity_cap2,247,4
"3,2,2,1,1,1,0",central_full,247,0
"3,1,1,1,1,2,3",bilateral_3pass,198,184
"3,1,1,1,1,2,3",clearinghouse,198,0
"3,1,1,1,1,2,3",public_pool,198,0
"3,1,1,1,1,2,3",subsidized_catch_up,198,14
"3,1,1,1,1,2,3",central_cap2,198,0
"3,1,1,1,1,2,3",equity_cap2,198,0
"3,1,1,1,1,2,3",central_full,198,0
"3,2,0,2,2,2,0",bilateral_3pass,545,419
"3,2,0,2,2,2,0",clearinghouse,545,45
"3,2,0,2,2,2,0",public_pool,545,13
"3,2,0,2,2,2,0",subsidized_catch_up,545,39
"3,2,0,2,2,2,0",central_cap2,545,20
"3,2,0,2,2,2,0",equity_cap2,545,9
"3,2,0,2,2,2,0",central_full,545,0
"3,1,0,1,2,2,5",bilateral_3pass,14,14
"3,1,0,1,2,2,5",clearinghouse,14,0
"3,1,0,1,2,2,5",public_pool,14,0
"3,1,0,1,2,2,5",subsidized_catch_up,14,0
"3,1,0,1,2,2,5",central_cap2,14,0
"3,1,0,1,2,2,5",equity_cap2,14,0
"3,1,0,1,2,2,5",central_full,14,0
"0,2,2,3,0,0,6",bilateral_3pass,114,5
"0,2,2,3,0,0,6",clearinghouse,114,6
"0,2,2,3,0,0,6",public_pool,114,86
"0,2,2,3,0,0,6",subsidized_catch_up,114,6
"0,2,2,3,0,0,6",central_cap2,114,6
"0,2,2,3,0,0,6",equity_cap2,114,3
"0,2,2,3,0,0,6",central_full,114,2
"1,1,2,1,1,1,0",bilateral_3pass,92,92
"1,1,2,1,1,1,0",clearinghouse,92,0
"1,1,2,1,1,1,0",public_pool,92,0
"1,1,2,1,1,1,0",subsidized_catch_up,92,0
"1,1,2,1,1,1,0",central_cap2,92,0
"1,1,2,1,1,1,0",equity_cap2,92,0
"1,1,2,1,1,1,0",central_full,92,0
"2,1,0,1,1,2,1",bilateral_3pass,26,23
"2,1,0,1,1,2,1",clearinghouse,26,3
"2,1,0,1,1,2,1",public_pool,26,0
"2,1,0,1,1,2,1",subsidized_catch_up,26,0
"2,1,0,1,1,2,1",central_cap2,26,0
"2,1,0,1,1,2,1",equity_cap2,26,0
"2,1,0,1,1,2,1",central_full,26,0
"3,1,2,2,2,2,1",bilateral_3pass,116,104
"3,1,2,2,2,2,1",clearinghouse,116,12
"3,1,2,2,2,2,1",public_pool,116,0
"3,1,2,2,2,2,1",subsidized_catch_up,116,0
"3,1,2,2,2,2,1",central_cap2,116,0
"3,1,2,2,2,2,1",equity_cap2,116,0
"3,1,2,2,2,2,1",central_full,116,0
"1,1,2,2,1,1,1",bilateral_3pass,69,66
"1,1,2,2,1,1,1",clearinghouse,69,3
"1,1,2,2,1,1,1",public_pool,69,0
"1,1,2,2,1,1,1",subsidized_catch_up,69,0
"1,1,2,2,1,1,1",central_cap2,69,0
"1,1,2,2,1,1,1",equity_cap2,69,0
"1,1,2,2,1,1,1",central_full,69,0
"1,1,1,1,2,1,1",bilateral_3pass,6,6
"1,1,1,1,2,1,1",clearinghouse,6,0
"1,1,1,1,2,1,1",public_pool,6,0
"1,1,1,1,2,1,1",subsidized_catch_up,6,0
"1,1,1,1,2,1,1",central_cap2,6,0
"1,1,1,1,2,1,1",equity_cap2,6,0
"1,1,1,1,2,1,1",central_full,6,0
"0,3,2,2,0,0,2",bilateral_3pass,222,10
"0,3,2,2,0,0,2",clearinghouse,222,9
"0,3,2,2,0,0,2",public_pool,222,171
"0,3,2,2,0,0,2",subsidized_catch_up,222,6
"0,3,2,2,0,0,2",central_cap2,222,7
"0,3,2,2,0,0,2",equity_cap2,222,6
"0,3,2,2,0,0,2",central_full,222,13
"2,1,1,2,0,1,3",bilateral_3pass,76,73
"2,1,1,2,0,1,3",clearinghouse,76,0
"2,1,1,2,0,1,3",public_pool,76,0
"2,1,1,2,0,1,3",subsidized_catch_up,76,3
"2,1,1,2,0,1,3",central_cap2,76,0
"2,1,1,2,0,1,3",equity_cap2,76,0
"2,1,1,2,0,1,3",central_full,76,0
"2,1,0,3,1,1,3",bilateral_3pass,45,41
"2,1,0,3,1,1,3",clearinghouse,45,0
"2,1,0,3,1,1,3",public_pool,45,0
"2,1,0,3,1,1,3",subsidized_catch_up,45,4
"2,1,0,3,1,1,3",central_cap2,45,0
"2,1,0,3,1,1,3",equity_cap2,45,0
"2,1,0,3,1,1,3",central_full,45,0
"2,1,2,3,1,0,0",bilateral_3pass,59,59
"2,1,2,3,1,0,0",clearinghouse,59,0
"2,1,2,3,1,0,0",public_pool,59,0
"2,1,2,3,1,0,0",subsidized_catch_up,59,0
"2,1,2,3,1,0,0",central_cap2,59,0
"2,1,2,3,1,0,0",equity_cap2,59,0
"2,1,2,3,1,0,0",central_full,59,0
"3,1,1,3,1,1,1",bilateral_3pass,113,105
"3,1,1,3,1,1,1",clearinghouse,113,8
"3,1,1,3,1,1,1",public_pool,113,0
"3,1,1,3,1,1,1",subsidized_catch_up,113,0
"3,1,1,3,1,1,1",central_cap2,113,0
"3,1,1,3,1,1,1",equity_cap2,113,0
"3,1,1,3,1,1,1",central_full,113,0
"0,1,2,2,0,0,5",bilateral_3pass,96,96
"0,1,2,2,0,0,5",clearinghouse,96,0
"0,1,2,2,0,0,5",public_pool,96,0
"0,1,2,2,0,0,5",subsidized_catch_up,96,0
"0,1,2,2,0,0,5",central_cap2,96,0
"0,1,2,2,0,0,5",equity_cap2,96,0
"0,1,2,2,0,0,5",central_full,96,0
"0,1,1,1,0,0,0",bilateral_3pass,250,250
"0,1,1,1,0,0,0",clearinghouse,250,0
"0,1,1,1,0,0,0",public_pool,250,0
"0,1,1,1,0,0,0",subsidized_catch_up,250,0
"0,1,1,1,0,0,0",central_cap2,250,0
"0,1,1,1,0,0,0",equity_cap2,250,0
"0,1,1,1,0,0,0",central_full,250,0
"0,2,2,1,0,1,5",bilateral_3pass,16,10
"0,2,2,1,0,1,5",clearinghouse,16,2
"0,2,2,1,0,1,5",public_pool,16,0
"0,2,2,1,0,1,5",subsidized_catch_up,16,3
"0,2,2,1,0,1,5",central_cap2,16,0
"0,2,2,1,0,1,5",equity_cap2,16,1
"0,2,2,1,0,1,5",central_full,16,0
"1,1,1,2,0,1,4",bilateral_3pass,31,31
"1,1,1,2,0,1,4",clearinghouse,31,0
"1,1,1,2,0,1,4",public_pool,31,0
"1,1,1,2,0,1,4",subsidized_catch_up,31,0
"1,1,1,2,0,1,4",central_cap2,31,0
"1,1,1,2,0,1,4",equity_cap2,31,0
"1,1,1,2,0,1,4",central_full,31,0
"1,1,1,3,1,0,1",bilateral_3pass,61,58
"1,1,1,3,1,0,1",clearinghouse,61,3
"1,1,1,3,1,0,1",public_pool,61,0
"1,1,1,3,1,0,1",subsidized_catch_up,61,0
"1,1,1,3,1,0,1",central_cap2,61,0
"1,1,1,3,1,0,1",equity_cap2,61,0
"1,1,1,3,1,0,1",central_full,61,0
"2,2,0,1,1,0,0",bilateral_3pass,33,3
"2,2,0,1,1,0,0",clearinghouse,33,27
"2,2,0,1,1,0,0",public_pool,33,2
"2,2,0,1,1,0,0",subsidized_catch_up,33,1
"2,2,0,1,1,0,0",central_cap2,33,0
"2,2,0,1,1,0,0",equity_cap2,33,0
"2,2,0,1,1,0,0",central_full,33,0
"2,2,1,2,1,1,3",bilateral_3pass,121,104
"2,2,1,2,1,1,3",clearinghouse,121,7
"2,2,1,2,1,1,3",public_pool,121,3
"2,2,1,2,1,1,3",subsidized_catch_up,121,7
"2,2,1,2,1,1,3",central_cap2,121,0
"2,2,1,2,1,1,3",equity_cap2,121,0
"2,2,1,2,1,1,3",central_full,121,0
"3,1,2,3,1,1,3",bilateral_3pass,73,71
"3,1,2,3,1,1,3",clearinghouse,73,0
"3,1,2,3,1,1,3",public_pool,73,0
"3,1,2,3,1,1,3",subsidized_catch_up,73,2
"3,1,2,3,1,1,3",central_cap2,73,0
"3,1,2,3,1,1,3",equity_cap2,73,0
"3,1,2,3,1,1,3",central_full,73,0
"3,1,0,1,2,1,1",bilateral_3pass,78,78
"3,1,0,1,2,1,1",clearinghouse,78,0
"3,1,0,1,2,1,1",public_pool,78,0
"3,1,0,1,2,1,1",subsidized_catch_up,78,0
"3,1,0,1,2,1,1",central_cap2,78,0
"3,1,0,1,2,1,1",equity_cap2,78,0
"3,1,0,1,2,1,1",central_full,78,0
"1,1,1,2,1,1,4",bilateral_3pass,12,12
"1,1,1,2,1,1,4",clearinghouse,12,0
"1,1,1,2,1,1,4",public_pool,12,0
"1,1,1,2,1,1,4",subsidized_catch_up,12,0
"1,1,1,2,1,1,4",central_cap2,12,0
"1,1,1,2,1,1,4",equity_cap2,12,0
"1,1,1,2,1,1,4",central_full,12,0
"2,1,2,1,1,0,3",bilateral_3pass,105,95
"2,1,2,1,1,0,3",clearinghouse,105,0
"2,1,2,1,1,0,3",public_pool,105,0
"2,1,2,1,1,0,3",subsidized_catch_up,105,10
"2,1,2,1,1,0,3",central_cap2,105,0
"2,1,2,1,1,0,3",equity_cap2,105,0
"2,1,2,1,1,0,3",central_full,105,0
"3,2,1,2,2,1,1",bilateral_3pass,93,2
"3,2,1,2,2,1,1",clearinghouse,93,85
"3,2,1,2,2,1,1",public_pool,93,0
"3,2,1,2,2,1,1",subsidized_catch_up,93,2
"3,2,1,2,2,1,1",central_cap2,93,2
"3,2,1,2,2,1,1",equity_cap2,93,2
"3,2,1,2,2,1,1",central_full,93,0
"0,3,1,3,0,0,4",bilateral_3pass,67,4
"0,3,1,3,0,0,4",clearinghouse,67,2
"0,3,1,3,0,0,4",public_pool,67,42
"0,3,1,3,0,0,4",subsidized_catch_up,67,3
"0,3,1,3,0,0,4",central_cap2,67,7
"0,3,1,3,0,0,4",equity_cap2,67,5
"0,3,1,3,0,0,4",central_full,67,4
"1,1,2,1,0,0,2",bilateral_3pass,13,13
"1,1,2,1,0,0,2",clearinghouse,13,0
"1,1,2,1,0,0,2",public_pool,13,0
"1,1,2,1,0,0,2",subsidized_catch_up,13,0
"1,1,2,1,0,0,2",central_cap2,13,0
"1,1,2,1,0,0,2",equity_cap2,13,0
"1,1,2,1,0,0,2",central_full,13,0
"2,2,2,1,0,0,0",bilateral_3pass,114,12
"2,2,2,1,0,0,0",clearinghouse,114,83
"2,2,2,1,0,0,0",public_pool,114,1
"2,2,2,1,0,0,0",subsidized_catch_up,114,12
"2,2,2,1,0,0,0",central_cap2,114,2
"2,2,2,1,0,0,0",equity_cap2,114,4
"2,2,2,1,0,0,0",central_full,114,0
"2,1,1,2,0,1,5",bilateral_3pass,7,7
"2,1,1,2,0,1,5",clearinghouse,7,0
"2,1,1,2,0,1,5",public_pool,7,0
"2,1,1,2,0,1,5",subsidized_catch_up,7,0
"2,1,1,2,0,1,5",central_cap2,7,0
"2,1,1,2,0,1,5",equity_cap2,7,0
"2,1,1,2,0,1,5",central_full,7,0
"3,1,1,1,1,1,3",bilateral_3pass,124,114
"3,1,1,1,1,1,3",clearinghouse,124,0
"3,1,1,1,1,1,3",public_pool,124,0
"3,1,1,1,1,1,3",subsidized_catch_up,124,10
"3,1,1,1,1,1,3",central_cap2,124,0
"3,1,1,1,1,1,3",equity_cap2,124,0
"3,1,1,1,1,1,3",central_full,124,0
"0,1,2,2,0,1,4",bilateral_3pass,27,27
"0,1,2,2,0,1,4",clearinghouse,27,0
"0,1,2,2,0,1,4",public_pool,27,0
"0,1,2,2,0,1,4",subsidized_catch_up,27,0
"0,1,2,2,0,1,4",central_cap2,27,0
"0,1,2,2,0,1,4",equity_cap2,27,0
"0,1,2,2,0,1,4",central_full,27,0
"1,1,2,1,0,1,5",bilateral_3pass,38,38
"1,1,2,1,0,1,5",clearinghouse,38,0
"1,1,2,1,0,1,5",public_pool,38,0
"1,1,2,1,0,1,5",subsidized_catch_up,38,0
"1,1,2,1,0,1,5",central_cap2,38,0
"1,1,2,1,0,1,5",equity_cap2,38,0
"1,1,2,1,0,1,5",central_full,38,0
"2,2,1,2,1,2,2",bilateral_3pass,26,20
"2,2,1,2,1,2,2",clearinghouse,26,2
"2,2,1,2,1,2,2",public_pool,26,3
"2,2,1,2,1,2,2",subsidized_catch_up,26,1
"2,2,1,2,1,2,2",central_cap2,26,0
"2,2,1,2,1,2,2",equity_cap2,26,0
"2,2,1,2,1,2,2",central_full,26,0
"3,1,1,1,0,2,1",bilateral_3pass,14,13
"3,1,1,1,0,2,1",clearinghouse,14,1
"3,1,1,1,0,2,1",public_pool,14,0
"3,1,1,1,0,2,1",subsidized_catch_up,14,0
"3,1,1,1,0,2,1",central_cap2,14,0
"3,1,1,1,0,2,1",equity_cap2,14,0
"3,1,1,1,0,2,1",central_full,14,0
"3,2,2,3,1,2,2",bilateral_3pass,11,0
"3,2,2,3,1,2,2",clearinghouse,11,9
"3,2,2,3,1,2,2",public_pool,11,1
"3,2,2,3,1,2,2",subsidized_catch_up,11,0
"3,2,2,3,1,2,2",central_cap2,11,1
"3,2,2,3,1,2,2",equity_cap2,11,0
"3,2,2,3,1,2,2",central_full,11,0
"0,1,1,1,0,1,5",bilateral_3pass,139,139
"0,1,1,1,0,1,5",clearinghouse,139,0
"0,1,1,1,0,1,5",public_pool,139,0
"0,1,1,1,0,1,5",subsidized_catch_up,139,0
"0,1,1,1,0,1,5",central_cap2,139,0
"0,1,1,1,0,1,5",equity_cap2,139,0
"0,1,1,1,0,1,5",central_full,139,0
"1,2,0,3,1,0,0",bilateral_3pass,35,4
"1,2,0,3,1,0,0",clearinghouse,35,1
"1,2,0,3,1,0,0",public_pool,35,0
"1,2,0,3,1,0,0",subsidized_catch_up,35,29
"1,2,0,3,1,0,0",central_cap2,35,0
"1,2,0,3,1,0,0",equity_cap2,35,1
"1,2,0,3,1,0,0",central_full,35,0
"1,1,1,2,1,0,1",bilateral_3pass,38,37
"1,1,1,2,1,0,1",clearinghouse,38,1
"1,1,1,2,1,0,1",public_pool,38,0
"1,1,1,2,1,0,1",subsidized_catch_up,38,0
"1,1,1,2,1,0,1",central_cap2,38,0
"1,1,1,2,1,0,1",equity_cap2,38,0
"1,1,1,2,1,0,1",central_full,38,0
"2,1,2,2,0,1,3",bilateral_3pass,107,101
"2,1,2,2,0,1,3",clearinghouse,107,0
"2,1,2,2,0,1,3",public_pool,107,0
"2,1,2,2,0,1,3",subsidized_catch_up,107,6
"2,1,2,2,0,1,3",central_cap2,107,0
"2,1,2,2,0,1,3",equity_cap2,107,0
"2,1,2,2,0,1,3",central_full,107,0
"3,1,0,3,1,1,3",bilateral_3pass,41,39
"3,1,0,3,1,1,3",clearinghouse,41,0
"3,1,0,3,1,1,3",public_pool,41,0
"3,1,0,3,1,1,3",subsidized_catch_up,41,2
"3,1,0,3,1,1,3",central_cap2,41,0
"3,1,0,3,1,1,3",equity_cap2,41,0
"3,1,0,3,1,1,3",central_full,41,0
"3,1,0,2,1,2,0",bilateral_3pass,45,45
"3,1,0,2,1,2,0",clearinghouse,45,0
"3,1,0,2,1,2,0",public_pool,45,0
"3,1,0,2,1,2,0",subsidized_catch_up,45,0
"3,1,0,2,1,2,0",central_cap2,45,0
"3,1,0,2,1,2,0",equity_cap2,45,0
"3,1,0,2,1,2,0",central_full,45,0
"1,1,0,1,0,1,2",bilateral_3pass,4,4
"1,1,0,1,0,1,2",clearinghouse,4,0
"1,1,0,1,0,1,2",public_pool,4,0
"1,1,0,1,0,1,2",subsidized_catch_up,4,0
"1,1,0,1,0,1,2",central_cap2,4,0
"1,1,0,1,0,1,2",equity_cap2,4,0
"1,1,0,1,0,1,2",central_full,4,0
"1,1,2,3,0,1,2",bilateral_3pass,50,50
"1,1,2,3,0,1,2",clearinghouse,50,0
"1,1,2,3,0,1,2",public_pool,50,0
"1,1,2,3,0,1,2",subsidized_catch_up,50,0
"1,1,2,3,0,1,2",central_cap2,50,0
"1,1,2,3,0,1,2",equity_cap2,50,0
"1,1,2,3,0,1,2",central_full,50,0
"2,2,0,1,2,0,0",bilateral_3pass,16,2
"2,2,0,1,2,0,0",clearinghouse,16,1
"2,2,0,1,2,0,0",public_pool,16,0
"2,2,0,1,2,0,0",subsidized_catch_up,16,4
"2,2,0,1,2,0,0",central_cap2,16,9
"2,2,0,1,2,0,0",equity_cap2,16,0
"2,2,0,1,2,0,0",central_full,16,0
"2,1,1,2,2,0,1",bilateral_3pass,18,14
"2,1,1,2,2,0,1",clearinghouse,18,4
"2,1,1,2,2,0,1",public_pool,18,0
"2,1,1,2,2,0,1",subsidized_catch_up,18,0
"2,1,1,2,2,0,1",central_cap2,18,0
"2,1,1,2,2,0,1",equity_cap2,18,0
"2,1,1,2,2,0,1",central_full,18,0
"2,1,2,1,2,0,1",bilateral_3pass,32,27
"2,1,2,1,2,0,1",clearinghouse,32,5
"2,1,2,1,2,0,1",public_pool,32,0
"2,1,2,1,2,0,1",subsidized_catch_up,32,0
"2,1,2,1,2,0,1",central_cap2,32,0
"2,1,2,1,2,0,1",equity_cap2,32,0
"2,1,2,1,2,0,1",central_full,32,0
"0,1,1,3,0,0,1",bilateral_3pass,671,616
"0,1,1,3,0,0,1",clearinghouse,671,55
"0,1,1,3,0,0,1",public_pool,671,0
"0,1,1,3,0,0,1",subsidized_catch_up,671,0
"0,1,1,3,0,0,1",central_cap2,671,0
"0,1,1,3,0,0,1",equity_cap2,671,0
"0,1,1,3,0,0,1",central_full,671,0
"2,1,2,2,0,0,0",bilateral_3pass,17,17
"2,1,2,2,0,0,0",clearinghouse,17,0
"2,1,2,2,0,0,0",public_pool,17,0
"2,1,2,2,0,0,0",subsidized_catch_up,17,0
"2,1,2,2,0,0,0",central_cap2,17,0
"2,1,2,2,0,0,0",equity_cap2,17,0
"2,1,2,2,0,0,0",central_full,17,0
"3,1,1,1,1,1,1",bilateral_3pass,101,99
"3,1,1,1,1,1,1",clearinghouse,101,2
"3,1,1,1,1,1,1",public_pool,101,0
"3,1,1,1,1,1,1",subsidized_catch_up,101,0
"3,1,1,1,1,1,1",central_cap2,101,0
"3,1,1,1,1,1,1",equity_cap2,101,0
"3,1,1,1,1,1,1",central_full,101,0
"3,1,0,0,2,2,0",bilateral_3pass,9,9
"3,1,0,0,2,2,0",clearinghouse,9,0
"3,1,0,0,2,2,0",public_pool,9,0
"3,1,0,0,2,2,0",subsidized_catch_up,9,0
"3,1,0,0,2,2,0",central_cap2,9,0
"3,1,0,0,2,2,0",equity_cap2,9,0
"3,1,0,0,2,2,0",central_full,9,0
"1,1,2,3,2,2,3",bilateral_3pass,5,4
"1,1,2,3,2,2,3",clearinghouse,5,0
"1,1,2,3,2,2,3",public_pool,5,0
"1,1,2,3,2,2,3",subsidized_catch_up,5,1
"1,1,2,3,2,2,3",central_cap2,5,0
"1,1,2,3,2,2,3",equity_cap2,5,0
"1,1,2,3,2,2,3",central_full,5,0
"2,2,2,2,2,2,0",bilateral_3pass,289,18
"2,2,2,2,2,2,0",clearinghouse,289,26
"2,2,2,2,2,2,0",public_pool,289,7
"2,2,2,2,2,2,0",subsidized_catch_up,289,225
"2,2,2,2,2,2,0",central_cap2,289,7
"2,2,2,2,2,2,0",equity_cap2,289,6
"2,2,2,2,2,2,0",central_full,289,0
"2,1,1,2,2,2,3",bilateral_3pass,158,142
"2,1,1,2,2,2,3",clearinghouse,158,0
"2,1,1,2,2,2,3",public_pool,158,0
"2,1,1,2,2,2,3",subsidized_catch_up,158,16
"2,1,1,2,2,2,3",central_cap2,158,0
"2,1,1,2,2,2,3",equity_cap2,158,0
"2,1,1,2,2,2,3",central_full,158,0
"2,2,1,1,1,1,2",bilateral_3pass,31,21
"2,2,1,1,1,1,2",clearinghouse,31,4
"2,2,1,1,1,1,2",public_pool,31,3
"2,2,1,1,1,1,2",subsidized_catch_up,31,2
"2,2,1,1,1,1,2",central_cap2,31,1
"2,2,1,1,1,1,2",equity_cap2,31,0
"2,2,1,1,1,1,2",central_full,31,0
"2,1,1,1,1,0,4",bilateral_3pass,9,9
"2,1,1,1,1,0,4",clearinghouse,9,0
"2,1,1,1,1,0,4",public_pool,9,0
"2,1,1,1,1,0,4",subsidized_catch_up,9,0
"2,1,1,1,1,0,4",central_cap2,9,0
"2,1,1,1,1,0,4",equity_cap2,9,0
"2,1,1,1,1,0,4",central_full,9,0
"3,2,1,1,2,0,0",bilateral_3pass,434,345
"3,2,1,1,2,0,0",clearinghouse,434,31
"3,2,1,1,2,0,0",public_pool,434,7
"3,2,1,1,2,0,0",subsidized_catch_up,434,29
"3,2,1,1,2,0,0",central_cap2,434,10
"3,2,1,1,2,0,0",equity_cap2,434,12
"3,2,1,1,2,0,0",central_full,434,0
"3,2,0,3,2,1,3",bilateral_3pass,39,27
"3,2,0,3,2,1,3",clearinghouse,39,1
"3,2,0,3,2,1,3",public_pool,39,2
"3,2,0,3,2,1,3",subsidized_catch_up,39,9
"3,2,0,3,2,1,3",central_cap2,39,0
"3,2,0,3,2,1,3",equity_cap2,39,0
"3,2,0,3,2,1,3",central_full,39,0
"0,1,2,2,0,0,6",bilateral_3pass,65,65
"0,1,2,2,0,0,6",clearinghouse,65,0
"0,1,2,2,0,0,6",public_pool,65,0
"0,1,2,2,0,0,6",subsidized_catch_up,65,0
"0,1,2,2,0,0,6",central_cap2,65,0
"0,1,2,2,0,0,6",equity_cap2,65,0
"0,1,2,2,0,0,6",central_full,65,0
"0,1,2,3,0,1,3",bilateral_3pass,168,162
"0,1,2,3,0,1,3",clearinghouse,168,0
"0,1,2,3,0,1,3",public_pool,168,0
"0,1,2,3,0,1,3",subsidized_catch_up,168,6
"0,1,2,3,0,1,3",central_cap2,168,0
"0,1,2,3,0,1,3",equity_cap2,168,0
"0,1,2,3,0,1,3",central_full,168,0
"1,2,1,2,0,0,0",bilateral_3pass,425,335
"1,2,1,2,0,0,0",clearinghouse,425,34
"1,2,1,2,0,0,0",public_pool,425,6
"1,2,1,2,0,0,0",subsidized_catch_up,425,38
"1,2,1,2,0,0,0",central_cap2,425,5
"1,2,1,2,0,0,0",equity_cap2,425,7
"1,2,1,2,0,0,0",central_full,425,0
"2,1,1,3,0,2,1",bilateral_3pass,33,32
"2,1,1,3,0,2,1",clearinghouse,33,1
"2,1,1,3,0,2,1",public_pool,33,0
"2,1,1,3,0,2,1",subsidized_catch_up,33,0
"2,1,1,3,0,2,1",central_cap2,33,0
"2,1,1,3,0,2,1",equity_cap2,33,0
"2,1,1,3,0,2,1",central_full,33,0
"2,1,0,2,0,2,0",bilateral_3pass,6,6
"2,1,0,2,0,2,0",clearinghouse,6,0
"2,1,0,2,0,2,0",public_pool,6,0
"2,1,0,2,0,2,0",subsidized_catch_up,6,0
"2,1,0,2,0,2,0",central_cap2,6,0
"2,1,0,2,0,2,0",equity_cap2,6,0
"2,1,0,2,0,2,0",central_full,6,0
"3,2,1,3,0,2,0",bilateral_3pass,57,7
"3,2,1,3,0,2,0",clearinghouse,57,40
"3,2,1,3,0,2,0",public_pool,57,0
"3,2,1,3,0,2,0",subsidized_catch_up,57,7
"3,2,1,3,0,2,0",central_cap2,57,2
"3,2,1,3,0,2,0",equity_cap2,57,1
"3,2,1,3,0,2,0",central_full,57,0
"3,1,1,3,0,2,3",bilateral_3pass,25,23
"3,1,1,3,0,2,3",clearinghouse,25,0
"3,1,1,3,0,2,3",public_pool,25,0
"3,1,1,3,0,2,3",subsidized_catch_up,25,2
"3,1,1,3,0,2,3",central_cap2,25,0
"3,1,1,3,0,2,3",equity_cap2,25,0
"3,1,1,3,0,2,3",central_full,25,0
"3,1,0,3,0,2,0",bilateral_3pass,7,7
"3,1,0,3,0,2,0",clearinghouse,7,0
"3,1,0,3,0,2,0",public_pool,7,0
"3,1,0,3,0,2,0",subsidized_catch_up,7,0
"3,1,0,3,0,2,0",central_cap2,7,0
"3,1,0,3,0,2,0",equity_cap2,7,0
"3,1,0,3,0,2,0",central_full,7,0
"3,2,0,3,0,2,0",bilateral_3pass,31,22
"3,2,0,3,0,2,0",clearinghouse,31,2
"3,2,0,3,0,2,0",public_pool,31,1
"3,2,0,3,0,2,0",subsidized_catch_up,31,3
"3,2,0,3,0,2,0",central_cap2,31,2
"3,2,0,3,0,2,0",equity_cap2,31,1
"3,2,0,3,0,2,0",central_full,31,0
"1,1,1,3,0,0,2",bilateral_3pass,30,30
"1,1,1,3,0,0,2",clearinghouse,30,0
"1,1,1,3,0,0,2",public_pool,30,0
"1,1,1,3,0,0,2",subsidized_catch_up,30,0
"1,1,1,3,0,0,2",central_cap2,30,0
"1,1,1,3,0,0,2",equity_cap2,30,0
"1,1,1,3,0,0,2",central_full,30,0
"1,1,0,3,1,0,0",bilateral_3pass,15,15
"1,1,0,3,1,0,0",clearinghouse,15,0
"1,1,0,3,1,0,0",public_pool,15,0
"1,1,0,3,1,0,0",subsidized_catch_up,15,0
"1,1,0,3,1,0,0",central_cap2,15,0
"1,1,0,3,1,0,0",equity_cap2,15,0
"1,1,0,3,1,0,0",central_full,15,0
"2,1,1,3,1,1,5",bilateral_3pass,41,41
"2,1,1,3,1,1,5",clearinghouse,41,0
"2,1,1,3,1,1,5",public_pool,41,0
"2,1,1,3,1,1,5",subsidized_catch_up,41,0
"2,1,1,3,1,1,5",central_cap2,41,0
"2,1,1,3,1,1,5",equity_cap2,41,0
"2,1,1,3,1,1,5",central_full,41,0
"3,1,0,3,2,2,3",bilateral_3pass,189,175
"3,1,0,3,2,2,3",clearinghouse,189,0
"3,1,0,3,2,2,3",public_pool,189,0
"3,1,0,3,2,2,3",subsidized_catch_up,189,14
"3,1,0,3,2,2,3",central_cap2,189,0
"3,1,0,3,2,2,3",equity_cap2,189,0
"3,1,0,3,2,2,3",central_full,189,0
"1,2,0,3,0,1,0",bilateral_3pass,182,141
"1,2,0,3,0,1,0",clearinghouse,182,11
"1,2,0,3,0,1,0",public_pool,182,3
"1,2,0,3,0,1,0",subsidized_catch_up,182,20
"1,2,0,3,0,1,0",central_cap2,182,2
"1,2,0,3,0,1,0",equity_cap2,182,5
"1,2,0,3,0,1,0",central_full,182,0
"3,1,0,2,2,2,3",bilateral_3pass,123,112
"3,1,0,2,2,2,3",clearinghouse,123,0
"3,1,0,2,2,2,3",public_pool,123,0
"3,1,0,2,2,2,3",subsidized_catch_up,123,11
"3,1,0,2,2,2,3",central_cap2,123,0
"3,1,0,2,2,2,3",equity_cap2,123,0
"3,1,0,2,2,2,3",central_full,123,0
"3,2,1,2,2,0,0",bilateral_3pass,147,116
"3,2,1,2,2,0,0",clearinghouse,147,10
"3,2,1,2,2,0,0",public_pool,147,1
"3,2,1,2,2,0,0",subsidized_catch_up,147,14
"3,2,1,2,2,0,0",central_cap2,147,4
"3,2,1,2,2,0,0",equity_cap2,147,2
"3,2,1,2,2,0,0",central_full,147,0
"3,2,0,1,2,1,0",bilateral_3pass,340,258
"3,2,0,1,2,1,0",clearinghouse,340,41
"3,2,0,1,2,1,0",public_pool,340,8
"3,2,0,1,2,1,0",subsidized_catch_up,340,26
"3,2,0,1,2,1,0",central_cap2,340,4
"3,2,0,1,2,1,0",equity_cap2,340,3
"3,2,0,1,2,1,0",central_full,340,0
"1,1,1,3,0,2,3",bilateral_3pass,76,71
"1,1,1,3,0,2,3",clearinghouse,76,0
"1,1,1,3,0,2,3",public_pool,76,0
"1,1,1,3,0,2,3",subsidized_catch_up,76,5
"1,1,1,3,0,2,3",central_cap2,76,0
"1,1,1,3,0,2,3",equity_cap2,76,0
"1,1,1,3,0,2,3",central_full,76,0
"2,2,2,2,0,0,0",bilateral_3pass,53,0
"2,2,2,2,0,0,0",clearinghouse,53,46
"2,2,2,2,0,0,0",public_pool,53,1
"2,2,2,2,0,0,0",subsidized_catch_up,53,5
"2,2,2,2,0,0,0",central_cap2,53,1
"2,2,2,2,0,0,0",equity_cap2,53,0
"2,2,2,2,0,0,0",central_full,53,0
"2,2,0,3,1,0,0",bilateral_3pass,42,27
"2,2,0,3,1,0,0",clearinghouse,42,7
"2,2,0,3,1,0,0",public_pool,42,0
"2,2,0,3,1,0,0",subsidized_catch_up,42,7
"2,2,0,3,1,0,0",central_cap2,42,1
"2,2,0,3,1,0,0",equity_cap2,42,0
"2,2,0,3,1,0,0",central_full,42,0
"2,1,0,3,1,1,1",bilateral_3pass,42,40
"2,1,0,3,1,1,1",clearinghouse,42,2
"2,1,0,3,1,1,1",public_pool,42,0
"2,1,0,3,1,1,1",subsidized_catch_up,42,0
"2,1,0,3,1,1,1",central_cap2,42,0
"2,1,0,3,1,1,1",equity_cap2,42,0
"2,1,0,3,1,1,1",central_full,42,0
"3,1,1,1,1,0,3",bilateral_3pass,23,9
"3,1,1,1,1,0,3",clearinghouse,23,0
"3,1,1,1,1,0,3",public_pool,23,0
"3,1,1,1,1,0,3",subsidized_catch_up,23,14
"3,1,1,1,1,0,3",central_cap2,23,0
"3,1,1,1,1,0,3",equity_cap2,23,0
"3,1,1,1,1,0,3",central_full,23,0
"1,1,2,3,0,1,5",bilateral_3pass,62,62
"1,1,2,3,0,1,5",clearinghouse,62,0
"1,1,2,3,0,1,5",public_pool,62,0
"1,1,2,3,0,1,5",subsidized_catch_up,62,0
"1,1,2,3,0,1,5",central_cap2,62,0
"1,1,2,3,0,1,5",equity_cap2,62,0
"1,1,2,3,0,1,5",central_full,62,0
"2,1,1,3,0,2,5",bilateral_3pass,6,6
"2,1,1,3,0,2,5",clearinghouse,6,0
"2,1,1,3,0,2,5",public_pool,6,0
"2,1,1,3,0,2,5",subsidized_catch_up,6,0
"2,1,1,3,0,2,5",central_cap2,6,0
"2,1,1,3,0,2,5",equity_cap2,6,0
"2,1,1,3,0,2,5",central_full,6,0
"2,1,0,2,1,2,0",bilateral_3pass,27,27
"2,1,0,2,1,2,0",clearinghouse,27,0
"2,1,0,2,1,2,0",public_pool,27,0
"2,1,0,2,1,2,0",subsidized_catch_up,27,0
"2,1,0,2,1,2,0",central_cap2,27,0
"2,1,0,2,1,2,0",equity_cap2,27,0
"2,1,0,2,1,2,0",central_full,27,0
"3,1,1,2,0,2,1",bilateral_3pass,13,11
"3,1,1,2,0,2,1",clearinghouse,13,2
"3,1,1,2,0,2,1",public_pool,13,0
"3,1,1,2,0,2,1",subsidized_catch_up,13,0
"3,1,1,2,0,2,1",central_cap2,13,0
"3,1,1,2,0,2,1",equity_cap2,13,0
"3,1,1,2,0,2,1",central_full,13,0
"0,1,2,3,0,1,2",bilateral_3pass,15,15
"0,1,2,3,0,1,2",clearinghouse,15,0
"0,1,2,3,0,1,2",public_pool,15,0
"0,1,2,3,0,1,2",subsidized_catch_up,15,0
"0,1,2,3,0,1,2",central_cap2,15,0
"0,1,2,3,0,1,2",equity_cap2,15,0
"0,1,2,3,0,1,2",central_full,15,0
"3,3,2,1,2,2,0",bilateral_3pass,58,2
"3,3,2,1,2,2,0",clearinghouse,58,2
"3,3,2,1,2,2,0",public_pool,58,1
"3,3,2,1,2,2,0",subsidized_catch_up,58,3
"3,3,2,1,2,2,0",central_cap2,58,2
"3,3,2,1,2,2,0",equity_cap2,58,3
"3,3,2,1,2,2,0",central_full,58,45
"3,2,1,2,2,2,4",bilateral_3pass,19,14
"3,2,1,2,2,2,4",clearinghouse,19,1
"3,2,1,2,2,2,4",public_pool,19,1
"3,2,1,2,2,2,4",subsidized_catch_up,19,1
"3,2,1,2,2,2,4",central_cap2,19,2
"3,2,1,2,2,2,4",equity_cap2,19,0
"3,2,1,2,2,2,4",central_full,19,0
"3,1,0,1,2,2,4",bilateral_3pass,14,14
"3,1,0,1,2,2,4",clearinghouse,14,0
"3,1,0,1,2,2,4",public_pool,14,0
"3,1,0,1,2,2,4",subsidized_catch_up,14,0
"3,1,0,1,2,2,4",central_cap2,14,0
"3,1,0,1,2,2,4",equity_cap2,14,0
"3,1,0,1,2,2,4",central_full,14,0
"0,2,0,3,0,0,1",bilateral_3pass,181,15
"0,2,0,3,0,0,1",clearinghouse,181,154
"0,2,0,3,0,0,1",public_pool,181,2
"0,2,0,3,0,0,1",subsidized_catch_up,181,7
"0,2,0,3,0,0,1",central_cap2,181,2
"0,2,0,3,0,0,1",equity_cap2,181,1
"0,2,0,3,0,0,1",central_full,181,0
"0,2,2,2,0,1,1",bilateral_3pass,31,2
"0,2,2,2,0,1,1",clearinghouse,31,3
"0,2,2,2,0,1,1",public_pool,31,2
"0,2,2,2,0,1,1",subsidized_catch_up,31,23
"0,2,2,2,0,1,1",central_cap2,31,1
"0,2,2,2,0,1,1",equity_cap2,31,0
"0,2,2,2,0,1,1",central_full,31,0
"0,1,2,1,0,1,1",bilateral_3pass,112,104
"0,1,2,1,0,1,1",clearinghouse,112,8
"0,1,2,1,0,1,1",public_pool,112,0
"0,1,2,1,0,1,1",subsidized_catch_up,112,0
"0,1,2,1,0,1,1",central_cap2,112,0
"0,1,2,1,0,1,1",equity_cap2,112,0
"0,1,2,1,0,1,1",central_full,112,0
"1,1,1,1,0,0,4",bilateral_3pass,17,17
"1,1,1,1,0,0,4",clearinghouse,17,0
"1,1,1,1,0,0,4",public_pool,17,0
"1,1,1,1,0,0,4",subsidized_catch_up,17,0
"1,1,1,1,0,0,4",central_cap2,17,0
"1,1,1,1,0,0,4",equity_cap2,17,0
"1,1,1,1,0,0,4",central_full,17,0
"0,3,0,3,0,0,4",bilateral_3pass,15,0
"0,3,0,3,0,0,4",clearinghouse,15,0
"0,3,0,3,0,0,4",public_pool,15,11
"0,3,0,3,0,0,4",subsidized_catch_up,15,0
"0,3,0,3,0,0,4",central_cap2,15,0
"0,3,0,3,0,0,4",equity_cap2,15,1
"0,3,0,3,0,0,4",central_full,15,3
"0,2,0,3,0,0,5",bilateral_3pass,35,5
"0,2,0,3,0,0,5",clearinghouse,35,22
"0,2,0,3,0,0,5",public_pool,35,3
"0,2,0,3,0,0,5",subsidized_catch_up,35,0
"0,2,0,3,0,0,5",central_cap2,35,1
"0,2,0,3,0,0,5",equity_cap2,35,4
"0,2,0,3,0,0,5",central_full,35,0
"2,1,1,1,2,2,5",bilateral_3pass,15,15
"2,1,1,1,2,2,5",clearinghouse,15,0
"2,1,1,1,2,2,5",public_pool,15,0
"2,1,1,1,2,2,5",subsidized_catch_up,15,0
"2,1,1,1,2,2,5",central_cap2,15,0
"2,1,1,1,2,2,5",equity_cap2,15,0
"2,1,1,1,2,2,5",central_full,15,0
"1,1,0,2,1,0,0",bilateral_3pass,9,9
"1,1,0,2,1,0,0",clearinghouse,9,0
"1,1,0,2,1,0,0",public_pool,9,0
"1,1,0,2,1,0,0",subsidized_catch_up,9,0
"1,1,0,2,1,0,0",central_cap2,9,0
"1,1,0,2,1,0,0",equity_cap2,9,0
"1,1,0,2,1,0,0",central_full,9,0
"2,2,2,2,2,1,1",bilateral_3pass,31,25
"2,2,2,2,2,1,1",clearinghouse,31,2
"2,2,2,2,2,1,1",public_pool,31,1
"2,2,2,2,2,1,1",subsidized_catch_up,31,2
"2,2,2,2,2,1,1",central_cap2,31,0
"2,2,2,2,2,1,1",equity_cap2,31,1
"2,2,2,2,2,1,1",central_full,31,0
"3,1,0,0,2,1,1",bilateral_3pass,3,3
"3,1,0,0,2,1,1",clearinghouse,3,0
"3,1,0,0,2,1,1",public_pool,3,0
"3,1,0,0,2,1,1",subsidized_catch_up,3,0
"3,1,0,0,2,1,1",central_cap2,3,0
"3,1,0,0,2,1,1",equity_cap2,3,0
"3,1,0,0,2,1,1",central_full,3,0
"0,2,1,2,0,1,1",bilateral_3pass,46,4
"0,2,1,2,0,1,1",clearinghouse,46,36
"0,2,1,2,0,1,1",public_pool,46,0
"0,2,1,2,0,1,1",subsidized_catch_up,46,4
"0,2,1,2,0,1,1",central_cap2,46,0
"0,2,1,2,0,1,1",equity_cap2,46,2
"0,2,1,2,0,1,1",central_full,46,0
"1,1,2,2,1,0,3",bilateral_3pass,14,13
"1,1,2,2,1,0,3",clearinghouse,14,0
"1,1,2,2,1,0,3",public_pool,14,0
"1,1,2,2,1,0,3",subsidized_catch_up,14,1
"1,1,2,2,1,0,3",central_cap2,14,0
"1,1,2,2,1,0,3",equity_cap2,14,0
"1,1,2,2,1,0,3",central_full,14,0
"0,3,2,2,0,0,4",bilateral_3pass,25,1
"0,3,2,2,0,0,4",clearinghouse,25,0
"0,3,2,2,0,0,4",public_pool,25,2
"0,3,2,2,0,0,4",subsidized_catch_up,25,2
"0,3,2,2,0,0,4",central_cap2,25,4
"0,3,2,2,0,0,4",equity_cap2,25,1
"0,3,2,2,0,0,4",central_full,25,15
"0,1,0,3,0,0,0",bilateral_3pass,35,35
"0,1,0,3,0,0,0",clearinghouse,35,0
"0,1,0,3,0,0,0",public_pool,35,0
"0,1,0,3,0,0,0",subsidized_catch_up,35,0
"0,1,0,3,0,0,0",central_cap2,35,0
"0,1,0,3,0,0,0",equity_cap2,35,0
"0,1,0,3,0,0,0",central_full,35,0
"1,2,1,3,0,2,3",bilateral_3pass,31,27
"1,2,1,3,0,2,3",clearinghouse,31,2
"1,2,1,3,0,2,3",public_pool,31,0
"1,2,1,3,0,2,3",subsidized_catch_up,31,0
"1,2,1,3,0,2,3",central_cap2,31,2
"1,2,1,3,0,2,3",equity_cap2,31,0
"1,2,1,3,0,2,3",central_full,31,0
"1,1,2,3,1,1,4",bilateral_3pass,19,19
"1,1,2,3,1,1,4",clearinghouse,19,0
"1,1,2,3,1,1,4",public_pool,19,0
"1,1,2,3,1,1,4",subsidized_catch_up,19,0
"1,1,2,3,1,1,4",central_cap2,19,0
"1,1,2,3,1,1,4",equity_cap2,19,0
"1,1,2,3,1,1,4",central_full,19,0
"3,1,2,1,1,1,3",bilateral_3pass,65,61
"3,1,2,1,1,1,3",clearinghouse,65,0
"3,1,2,1,1,1,3",public_pool,65,0
"3,1,2,1,1,1,3",subsidized_catch_up,65,4
"3,1,2,1,1,1,3",central_cap2,65,0
"3,1,2,1,1,1,3",equity_cap2,65,0
"3,1,2,1,1,1,3",central_full,65,0
"1,1,1,1,0,1,2",bilateral_3pass,36,36
"1,1,1,1,0,1,2",clearinghouse,36,0
"1,1,1,1,0,1,2",public_pool,36,0
"1,1,1,1,0,1,2",subsidized_catch_up,36,0
"1,1,1,1,0,1,2",central_cap2,36,0
"1,1,1,1,0,1,2",equity_cap2,36,0
"1,1,1,1,0,1,2",central_full,36,0
"2,1,2,2,1,2,5",bilateral_3pass,9,9
"2,1,2,2,1,2,5",clearinghouse,9,0
"2,1,2,2,1,2,5",public_pool,9,0
"2,1,2,2,1,2,5",subsidized_catch_up,9,0
"2,1,2,2,1,2,5",central_cap2,9,0
"2,1,2,2,1,2,5",equity_cap2,9,0
"2,1,2,2,1,2,5",central_full,9,0
"0,2,2,3,0,0,4",bilateral_3pass,99,8
"0,2,2,3,0,0,4",clearinghouse,99,61
"0,2,2,3,0,0,4",public_pool,99,1
"0,2,2,3,0,0,4",subsidized_catch_up,99,6
"0,2,2,3,0,0,4",central_cap2,99,10
"0,2,2,3,0,0,4",equity_cap2,99,13
"0,2,2,3,0,0,4",central_full,99,0
"0,1,0,3,0,0,3",bilateral_3pass,93,86
"0,1,0,3,0,0,3",clearinghouse,93,0
"0,1,0,3,0,0,3",public_pool,93,0
"0,1,0,3,0,0,3",subsidized_catch_up,93,7
"0,1,0,3,0,0,3",central_cap2,93,0
"0,1,0,3,0,0,3",equity_cap2,93,0
"0,1,0,3,0,0,3",central_full,93,0
"2,2,2,3,1,1,3",bilateral_3pass,156,5
"2,2,2,3,1,1,3",clearinghouse,156,136
"2,2,2,3,1,1,3",public_pool,156,5
"2,2,2,3,1,1,3",subsidized_catch_up,156,7
"2,2,2,3,1,1,3",central_cap2,156,1
"2,2,2,3,1,1,3",equity_cap2,156,2
"2,2,2,3,1,1,3",central_full,156,0
"3,1,0,3,2,1,0",bilateral_3pass,244,244
"3,1,0,3,2,1,0",clearinghouse,244,0
"3,1,0,3,2,1,0",public_pool,244,0
"3,1,0,3,2,1,0",subsidized_catch_up,244,0
"3,1,0,3,2,1,0",central_cap2,244,0
"3,1,0,3,2,1,0",equity_cap2,244,0
"3,1,0,3,2,1,0",central_full,244,0
"0,1,2,2,0,0,1",bilateral_3pass,129,118
"0,1,2,2,0,0,1",clearinghouse,129,11
"0,1,2,2,0,0,1",public_pool,129,0
"0,1,2,2,0,0,1",subsidized_catch_up,129,0
"0,1,2,2,0,0,1",central_cap2,129,0
"0,1,2,2,0,0,1",equity_cap2,129,0
"0,1,2,2,0,0,1",central_full,129,0
"2,2,2,1,1,0,1",bilateral_3pass,23,1
"2,2,2,1,1,0,1",clearinghouse,23,3
"2,2,2,1,1,0,1",public_pool,23,0
"2,2,2,1,1,0,1",subsidized_catch_up,23,17
"2,2,2,1,1,0,1",central_cap2,23,0
"2,2,2,1,1,0,1",equity_cap2,23,2
"2,2,2,1,1,0,1",central_full,23,0
"0,1,1,1,0,0,1",bilateral_3pass,511,473
"0,1,1,1,0,0,1",clearinghouse,511,38
"0,1,1,1,0,0,1",public_pool,511,0
"0,1,1,1,0,0,1",subsidized_catch_up,511,0
"0,1,1,1,0,0,1",central_cap2,511,0
"0,1,1,1,0,0,1",equity_cap2,511,0
"0,1,1,1,0,0,1",central_full,511,0
"1,2,2,1,0,1,1",bilateral_3pass,66,3
"1,2,2,1,0,1,1",clearinghouse,66,7
"1,2,2,1,0,1,1",public_pool,66,2
"1,2,2,1,0,1,1",subsidized_catch_up,66,51
"1,2,2,1,0,1,1",central_cap2,66,3
"1,2,2,1,0,1,1",equity_cap2,66,0
"1,2,2,1,0,1,1",central_full,66,0
"1,2,0,1,0,1,1",bilateral_3pass,10,7
"1,2,0,1,0,1,1",clearinghouse,10,2
"1,2,0,1,0,1,1",public_pool,10,1
"1,2,0,1,0,1,1",subsidized_catch_up,10,0
"1,2,0,1,0,1,1",central_cap2,10,0
"1,2,0,1,0,1,1",equity_cap2,10,0
"1,2,0,1,0,1,1",central_full,10,0
"3,1,2,1,2,1,5",bilateral_3pass,22,22
"3,1,2,1,2,1,5",clearinghouse,22,0
"3,1,2,1,2,1,5",public_pool,22,0
"3,1,2,1,2,1,5",subsidized_catch_up,22,0
"3,1,2,1,2,1,5",central_cap2,22,0
"3,1,2,1,2,1,5",equity_cap2,22,0
"3,1,2,1,2,1,5",central_full,22,0
"1,2,2,2,0,0,3",bilateral_3pass,29,24
"1,2,2,2,0,0,3",clearinghouse,29,2
"1,2,2,2,0,0,3",public_pool,29,1
"1,2,2,2,0,0,3",subsidized_catch_up,29,1
"1,2,2,2,0,0,3",central_cap2,29,0
"1,2,2,2,0,0,3",equity_cap2,29,1
"1,2,2,2,0,0,3",central_full,29,0
"2,1,0,3,1,0,0",bilateral_3pass,14,14
"2,1,0,3,1,0,0",clearinghouse,14,0
"2,1,0,3,1,0,0",public_pool,14,0
"2,1,0,3,1,0,0",subsidized_catch_up,14,0
"2,1,0,3,1,0,0",central_cap2,14,0
"2,1,0,3,1,0,0",equity_cap2,14,0
"2,1,0,3,1,0,0",central_full,14,0
"2,1,2,3,1,0,3",bilateral_3pass,66,65
"2,1,2,3,1,0,3",clearinghouse,66,0
"2,1,2,3,1,0,3",public_pool,66,0
"2,1,2,3,1,0,3",subsidized_catch_up,66,1
"2,1,2,3,1,0,3",central_cap2,66,0
"2,1,2,3,1,0,3",equity_cap2,66,0
"2,1,2,3,1,0,3",central_full,66,0
"3,1,2,2,2,0,3",bilateral_3pass,29,26
"3,1,2,2,2,0,3",clearinghouse,29,0
"3,1,2,2,2,0,3",public_pool,29,0
"3,1,2,2,2,0,3",subsidized_catch_up,29,3
"3,1,2,2,2,0,3",central_cap2,29,0
"3,1,2,2,2,0,3",equity_cap2,29,0
"3,1,2,2,2,0,3",central_full,29,0
"3,1,1,3,2,0,0",bilateral_3pass,131,131
"3,1,1,3,2,0,0",clearinghouse,131,0
"3,1,1,3,2,0,0",public_pool,131,0
"3,1,1,3,2,0,0",subsidized_catch_up,131,0
"3,1,1,3,2,0,0",central_cap2,131,0
"3,1,1,3,2,0,0",equity_cap2,131,0
"3,1,1,3,2,0,0",central_full,131,0
"1,1,0,1,0,1,0",bilateral_3pass,56,56
"1,1,0,1,0,1,0",clearinghouse,56,0
"1,1,0,1,0,1,0",public_pool,56,0
"1,1,0,1,0,1,0",subsidized_catch_up,56,0
"1,1,0,1,0,1,0",central_cap2,56,0
"1,1,0,1,0,1,0",equity_cap2,56,0
"1,1,0,1,0,1,0",central_full,56,0
"3,2,1,3,1,2,1",bilateral_3pass,25,2
"3,2,1,3,1,2,1",clearinghouse,25,0
"3,2,1,3,1,2,1",public_pool,25,0
"3,2,1,3,1,2,1",subsidized_catch_up,25,23
"3,2,1,3,1,2,1",central_cap2,25,0
"3,2,1,3,1,2,1",equity_cap2,25,0
"3,2,1,3,1,2,1",central_full,25,0
"0,3,0,1,0,0,2",bilateral_3pass,258,11
"0,3,0,1,0,0,2",clearinghouse,258,8
"0,3,0,1,0,0,2",public_pool,258,9
"0,3,0,1,0,0,2",subsidized_catch_up,258,197
"0,3,0,1,0,0,2",central_cap2,258,10
"0,3,0,1,0,0,2",equity_cap2,258,11
"0,3,0,1,0,0,2",central_full,258,12
"1,2,1,1,0,0,2",bilateral_3pass,6,5
"1,2,1,1,0,0,2",clearinghouse,6,0
"1,2,1,1,0,0,2",public_pool,6,0
"1,2,1,1,0,0,2",subsidized_catch_up,6,1
"1,2,1,1,0,0,2",central_cap2,6,0
"1,2,1,1,0,0,2",equity_cap2,6,0
"1,2,1,1,0,0,2",central_full,6,0
"1,1,1,1,1,1,4",bilateral_3pass,12,12
"1,1,1,1,1,1,4",clearinghouse,12,0
"1,1,1,1,1,1,4",public_pool,12,0
"1,1,1,1,1,1,4",subsidized_catch_up,12,0
"1,1,1,1,1,1,4",central_cap2,12,0
"1,1,1,1,1,1,4",equity_cap2,12,0
"1,1,1,1,1,1,4",central_full,12,0
"0,3,1,3,0,0,1",bilateral_3pass,106,9
"0,3,1,3,0,0,1",clearinghouse,106,49
"0,3,1,3,0,0,1",public_pool,106,3
"0,3,1,3,0,0,1",subsidized_catch_up,106,8
"0,3,1,3,0,0,1",central_cap2,106,18
"0,3,1,3,0,0,1",equity_cap2,106,5
"0,3,1,3,0,0,1",central_full,106,14
"0,3,2,3,0,0,3",bilateral_3pass,46,4
"0,3,2,3,0,0,3",clearinghouse,46,4
"0,3,2,3,0,0,3",public_pool,46,19
"0,3,2,3,0,0,3",subsidized_catch_up,46,7
"0,3,2,3,0,0,3",central_cap2,46,3
"0,3,2,3,0,0,3",equity_cap2,46,7
"0,3,2,3,0,0,3",central_full,46,2
"1,1,2,3,1,0,0",bilateral_3pass,65,65
"1,1,2,3,1,0,0",clearinghouse,65,0
"1,1,2,3,1,0,0",public_pool,65,0
"1,1,2,3,1,0,0",subsidized_catch_up,65,0
"1,1,2,3,1,0,0",central_cap2,65,0
"1,1,2,3,1,0,0",equity_cap2,65,0
"1,1,2,3,1,0,0",central_full,65,0
"0,2,2,3,0,1,5",bilateral_3pass,12,5
"0,2,2,3,0,1,5",clearinghouse,12,1
"0,2,2,3,0,1,5",public_pool,12,1
"0,2,2,3,0,1,5",subsidized_catch_up,12,4
"0,2,2,3,0,1,5",central_cap2,12,0
"0,2,2,3,0,1,5",equity_cap2,12,1
"0,2,2,3,0,1,5",central_full,12,0
"1,3,2,3,1,2,0",bilateral_3pass,23,2
"1,3,2,3,1,2,0",clearinghouse,23,1
"1,3,2,3,1,2,0",public_pool,23,20
"1,3,2,3,1,2,0",subsidized_catch_up,23,0
"1,3,2,3,1,2,0",central_cap2,23,0
"1,3,2,3,1,2,0",equity_cap2,23,0
"1,3,2,3,1,2,0",central_full,23,0
"2,3,1,1,1,1,0",bilateral_3pass,196,2
"2,3,1,1,1,1,0",clearinghouse,196,5
"2,3,1,1,1,1,0",public_pool,196,2
"2,3,1,1,1,1,0",subsidized_catch_up,196,6
"2,3,1,1,1,1,0",central_cap2,196,6
"2,3,1,1,1,1,0",equity_cap2,196,4
"2,3,1,1,1,1,0",central_full,196,171
"2,2,1,2,1,1,6",bilateral_3pass,3,0
"2,2,1,2,1,1,6",clearinghouse,3,3
"2,2,1,2,1,1,6",public_pool,3,0
"2,2,1,2,1,1,6",subsidized_catch_up,3,0
"2,2,1,2,1,1,6",central_cap2,3,0
"2,2,1,2,1,1,6",equity_cap2,3,0
"2,2,1,2,1,1,6",central_full,3,0
"1,1,2,1,0,1,4",bilateral_3pass,35,35
"1,1,2,1,0,1,4",clearinghouse,35,0
"1,1,2,1,0,1,4",public_pool,35,0
"1,1,2,1,0,1,4",subsidized_catch_up,35,0
"1,1,2,1,0,1,4",central_cap2,35,0
"1,1,2,1,0,1,4",equity_cap2,35,0
"1,1,2,1,0,1,4",central_full,35,0
"1,1,1,1,1,2,3",bilateral_3pass,22,20
"1,1,1,1,1,2,3",clearinghouse,22,0
"1,1,1,1,1,2,3",public_pool,22,0
"1,1,1,1,1,2,3",subsidized_catch_up,22,2
"1,1,1,1,1,2,3",central_cap2,22,0
"1,1,1,1,1,2,3",equity_cap2,22,0
"1,1,1,1,1,2,3",central_full,22,0
"2,2,1,1,1,2,3",bilateral_3pass,186,163
"2,2,1,1,1,2,3",clearinghouse,186,12
"2,2,1,1,1,2,3",public_pool,186,1
"2,2,1,1,1,2,3",subsidized_catch_up,186,7
"2,2,1,1,1,2,3",central_cap2,186,1
"2,2,1,1,1,2,3",equity_cap2,186,2
"2,2,1,1,1,2,3",central_full,186,0
"2,1,0,2,1,2,3",bilateral_3pass,30,23
"2,1,0,2,1,2,3",clearinghouse,30,0
"2,1,0,2,1,2,3",public_pool,30,0
"2,1,0,2,1,2,3",subsidized_catch_up,30,7
"2,1,0,2,1,2,3",central_cap2,30,0
"2,1,0,2,1,2,3",equity_cap2,30,0
"2,1,0,2,1,2,3",central_full,30,0
"3,1,1,3,2,2,5",bilateral_3pass,50,50
"3,1,1,3,2,2,5",clearinghouse,50,0
"3,1,1,3,2,2,5",public_pool,50,0
"3,1,1,3,2,2,5",subsidized_catch_up,50,0
"3,1,1,3,2,2,5",central_cap2,50,0
"3,1,1,3,2,2,5",equity_cap2,50,0
"3,1,1,3,2,2,5",central_full,50,0
"0,3,1,2,0,1,0",bilateral_3pass,34,8
"0,3,1,2,0,1,0",clearinghouse,34,3
"0,3,1,2,0,1,0",public_pool,34,1
"0,3,1,2,0,1,0",subsidized_catch_up,34,10
"0,3,1,2,0,1,0",central_cap2,34,2
"0,3,1,2,0,1,0",equity_cap2,34,5
"0,3,1,2,0,1,0",central_full,34,5
"0,2,2,2,0,1,2",bilateral_3pass,14,8
"0,2,2,2,0,1,2",clearinghouse,14,2
"0,2,2,2,0,1,2",public_pool,14,1
"0,2,2,2,0,1,2",subsidized_catch_up,14,1
"0,2,2,2,0,1,2",central_cap2,14,1
"0,2,2,2,0,1,2",equity_cap2,14,1
"0,2,2,2,0,1,2",central_full,14,0
"2,1,1,2,2,1,3",bilateral_3pass,172,163
"2,1,1,2,2,1,3",clearinghouse,172,0
"2,1,1,2,2,1,3",public_pool,172,0
"2,1,1,2,2,1,3",subsidized_catch_up,172,9
"2,1,1,2,2,1,3",central_cap2,172,0
"2,1,1,2,2,1,3",equity_cap2,172,0
"2,1,1,2,2,1,3",central_full,172,0
"3,1,1,3,2,2,2",bilateral_3pass,54,54
"3,1,1,3,2,2,2",clearinghouse,54,0
"3,1,1,3,2,2,2",public_pool,54,0
"3,1,1,3,2,2,2",subsidized_catch_up,54,0
"3,1,1,3,2,2,2",central_cap2,54,0
"3,1,1,3,2,2,2",equity_cap2,54,0
"3,1,1,3,2,2,2",central_full,54,0
"0,3,1,3,0,0,2",bilateral_3pass,253,17
"0,3,1,3,0,0,2",clearinghouse,253,13
"0,3,1,3,0,0,2",public_pool,253,5
"0,3,1,3,0,0,2",subsidized_catch_up,253,192
"0,3,1,3,0,0,2",central_cap2,253,12
"0,3,1,3,0,0,2",equity_cap2,253,8
"0,3,1,3,0,0,2",central_full,253,6
"0,2,0,2,0,0,2",bilateral_3pass,131,12
"0,2,0,2,0,0,2",clearinghouse,131,99
"0,2,0,2,0,0,2",public_pool,131,8
"0,2,0,2,0,0,2",subsidized_catch_up,131,5
"0,2,0,2,0,0,2",central_cap2,131,4
"0,2,0,2,0,0,2",equity_cap2,131,3
"0,2,0,2,0,0,2",central_full,131,0
"1,1,2,3,1,0,3",bilateral_3pass,41,39
"1,1,2,3,1,0,3",clearinghouse,41,0
"1,1,2,3,1,0,3",public_pool,41,0
"1,1,2,3,1,0,3",subsidized_catch_up,41,2
"1,1,2,3,1,0,3",central_cap2,41,0
"1,1,2,3,1,0,3",equity_cap2,41,0
"1,1,2,3,1,0,3",central_full,41,0
"2,1,2,2,2,1,5",bilateral_3pass,12,12
"2,1,2,2,2,1,5",clearinghouse,12,0
"2,1,2,2,2,1,5",public_pool,12,0
"2,1,2,2,2,1,5",subsidized_catch_up,12,0
"2,1,2,2,2,1,5",central_cap2,12,0
"2,1,2,2,2,1,5",equity_cap2,12,0
"2,1,2,2,2,1,5",central_full,12,0
"3,1,2,1,1,0,1",bilateral_3pass,9,9
"3,1,2,1,1,0,1",clearinghouse,9,0
"3,1,2,1,1,0,1",public_pool,9,0
"3,1,2,1,1,0,1",subsidized_catch_up,9,0
"3,1,2,1,1,0,1",central_cap2,9,0
"3,1,2,1,1,0,1",equity_cap2,9,0
"3,1,2,1,1,0,1",central_full,9,0
"3,2,1,3,1,0,0",bilateral_3pass,90,69
"3,2,1,3,1,0,0",clearinghouse,90,7
"3,2,1,3,1,0,0",public_pool,90,1
"3,2,1,3,1,0,0",subsidized_catch_up,90,9
"3,2,1,3,1,0,0",central_cap2,90,2
"3,2,1,3,1,0,0",equity_cap2,90,2
"3,2,1,3,1,0,0",central_full,90,0
"0,1,2,2,0,1,3",bilateral_3pass,172,159
"0,1,2,2,0,1,3",clearinghouse,172,0
"0,1,2,2,0,1,3",public_pool,172,0
"0,1,2,2,0,1,3",subsidized_catch_up,172,13
"0,1,2,2,0,1,3",central_cap2,172,0
"0,1,2,2,0,1,3",equity_cap2,172,0
"0,1,2,2,0,1,3",central_full,172,0
"1,1,1,2,2,1,1",bilateral_3pass,4,4
"1,1,1,2,2,1,1",clearinghouse,4,0
"1,1,1,2,2,1,1",public_pool,4,0
"1,1,1,2,2,1,1",subsidized_catch_up,4,0
"1,1,1,2,2,1,1",central_cap2,4,0
"1,1,1,2,2,1,1",equity_cap2,4,0
"1,1,1,2,2,1,1",central_full,4,0
"0,2,1,2,0,1,2",bilateral_3pass,19,15
"0,2,1,2,0,1,2",clearinghouse,19,1
"0,2,1,2,0,1,2",public_pool,19,1
"0,2,1,2,0,1,2",subsidized_catch_up,19,2
"0,2,1,2,0,1,2",central_cap2,19,0
"0,2,1,2,0,1,2",equity_cap2,19,0
"0,2,1,2,0,1,2",central_full,19,0
"0,1,2,1,0,1,0",bilateral_3pass,170,170
"0,1,2,1,0,1,0",clearinghouse,170,0
"0,1,2,1,0,1,0",public_pool,170,0
"0,1,2,1,0,1,0",subsidized_catch_up,170,0
"0,1,2,1,0,1,0",central_cap2,170,0
"0,1,2,1,0,1,0",equity_cap2,170,0
"0,1,2,1,0,1,0",central_full,170,0
"2,1,2,1,1,1,3",bilateral_3pass,340,320
"2,1,2,1,1,1,3",clearinghouse,340,0
"2,1,2,1,1,1,3",public_pool,340,0
"2,1,2,1,1,1,3",subsidized_catch_up,340,20
"2,1,2,1,1,1,3",central_cap2,340,0
"2,1,2,1,1,1,3",equity_cap2,340,0
"2,1,2,1,1,1,3",central_full,340,0
"2,1,0,1,2,2,1",bilateral_3pass,11,10
"2,1,0,1,2,2,1",clearinghouse,11,1
"2,1,0,1,2,2,1",public_pool,11,0
"2,1,0,1,2,2,1",subsidized_catch_up,11,0
"2,1,0,1,2,2,1",central_cap2,11,0
"2,1,0,1,2,2,1",equity_cap2,11,0
"2,1,0,1,2,2,1",central_full,11,0
"1,1,1,2,1,1,5",bilateral_3pass,11,11
"1,1,1,2,1,1,5",clearinghouse,11,0
"1,1,1,2,1,1,5",public_pool,11,0
"1,1,1,2,1,1,5",subsidized_catch_up,11,0
"1,1,1,2,1,1,5",central_cap2,11,0
"1,1,1,2,1,1,5",equity_cap2,11,0
"1,1,1,2,1,1,5",central_full,11,0
"3,1,1,2,2,2,5",bilateral_3pass,40,40
"3,1,1,2,2,2,5",clearinghouse,40,0
"3,1,1,2,2,2,5",public_pool,40,0
"3,1,1,2,2,2,5",subsidized_catch_up,40,0
"3,1,1,2,2,2,5",central_cap2,40,0
"3,1,1,2,2,2,5",equity_cap2,40,0
"3,1,1,2,2,2,5",central_full,40,0
"1,3,2,2,1,1,0",bilateral_3pass,93,1
"1,3,2,2,1,1,0",clearinghouse,93,1
"1,3,2,2,1,1,0",public_pool,93,2
"1,3,2,2,1,1,0",subsidized_catch_up,93,4
"1,3,2,2,1,1,0",central_cap2,93,1
"1,3,2,2,1,1,0",equity_cap2,93,79
"1,3,2,2,1,1,0",central_full,93,5
"2,1,1,1,0,1,6",bilateral_3pass,17,17
"2,1,1,1,0,1,6",clearinghouse,17,0
"2,1,1,1,0,1,6",public_pool,17,0
"2,1,1,1,0,1,6",subsidized_catch_up,17,0
"2,1,1,1,0,1,6",central_cap2,17,0
"2,1,1,1,0,1,6",equity_cap2,17,0
"2,1,1,1,0,1,6",central_full,17,0
"0,3,1,3,0,1,0",bilateral_3pass,41,4
"0,3,1,3,0,1,0",clearinghouse,41,3
"0,3,1,3,0,1,0",public_pool,41,24
"0,3,1,3,0,1,0",subsidized_catch_up,41,2
"0,3,1,3,0,1,0",central_cap2,41,4
"0,3,1,3,0,1,0",equity_cap2,41,2
"0,3,1,3,0,1,0",central_full,41,2
"1,2,2,3,0,1,4",bilateral_3pass,13,1
"1,2,2,3,0,1,4",clearinghouse,13,8
"1,2,2,3,0,1,4",public_pool,13,0
"1,2,2,3,0,1,4",subsidized_catch_up,13,1
"1,2,2,3,0,1,4",central_cap2,13,3
"1,2,2,3,0,1,4",equity_cap2,13,0
"1,2,2,3,0,1,4",central_full,13,0
"1,1,2,3,1,0,4",bilateral_3pass,7,7
"1,1,2,3,1,0,4",clearinghouse,7,0
"1,1,2,3,1,0,4",public_pool,7,0
"1,1,2,3,1,0,4",subsidized_catch_up,7,0
"1,1,2,3,1,0,4",central_cap2,7,0
"1,1,2,3,1,0,4",equity_cap2,7,0
"1,1,2,3,1,0,4",central_full,7,0
"1,2,0,2,1,2,0",bilateral_3pass,13,2
"1,2,0,2,1,2,0",clearinghouse,13,1
"1,2,0,2,1,2,0",public_pool,13,0
"1,2,0,2,1,2,0",subsidized_catch_up,13,9
"1,2,0,2,1,2,0",central_cap2,13,1
"1,2,0,2,1,2,0",equity_cap2,13,0
"1,2,0,2,1,2,0",central_full,13,0
"2,2,2,2,2,1,3",bilateral_3pass,56,5
"2,2,2,2,2,1,3",clearinghouse,56,48
"2,2,2,2,2,1,3",public_pool,56,0
"2,2,2,2,2,1,3",subsidized_catch_up,56,2
"2,2,2,2,2,1,3",central_cap2,56,0
"2,2,2,2,2,1,3",equity_cap2,56,1
"2,2,2,2,2,1,3",central_full,56,0
"3,2,1,3,2,1,3",bilateral_3pass,165,137
"3,2,1,3,2,1,3",clearinghouse,165,14
"3,2,1,3,2,1,3",public_pool,165,0
"3,2,1,3,2,1,3",subsidized_catch_up,165,10
"3,2,1,3,2,1,3",central_cap2,165,3
"3,2,1,3,2,1,3",equity_cap2,165,1
"3,2,1,3,2,1,3",central_full,165,0
"3,1,1,3,2,0,4",bilateral_3pass,12,12
"3,1,1,3,2,0,4",clearinghouse,12,0
"3,1,1,3,2,0,4",public_pool,12,0
"3,1,1,3,2,0,4",subsidized_catch_up,12,0
"3,1,1,3,2,0,4",central_cap2,12,0
"3,1,1,3,2,0,4",equity_cap2,12,0
"3,1,1,3,2,0,4",central_full,12,0
"3,1,2,1,2,0,1",bilateral_3pass,81,77
"3,1,2,1,2,0,1",clearinghouse,81,4
"3,1,2,1,2,0,1",public_pool,81,0
"3,1,2,1,2,0,1",subsidized_catch_up,81,0
"3,1,2,1,2,0,1",central_cap2,81,0
"3,1,2,1,2,0,1",equity_cap2,81,0
"3,1,2,1,2,0,1",central_full,81,0
"1,2,1,2,1,0,0",bilateral_3pass,191,20
"1,2,1,2,1,0,0",clearinghouse,191,16
"1,2,1,2,1,0,0",public_pool,191,3
"1,2,1,2,1,0,0",subsidized_catch_up,191,146
"1,2,1,2,1,0,0",central_cap2,191,0
"1,2,1,2,1,0,0",equity_cap2,191,6
"1,2,1,2,1,0,0",central_full,191,0
"2,1,1,2,2,1,4",bilateral_3pass,13,13
"2,1,1,2,2,1,4",clearinghouse,13,0
"2,1,1,2,2,1,4",public_pool,13,0
"2,1,1,2,2,1,4",subsidized_catch_up,13,0
"2,1,1,2,2,1,4",central_cap2,13,0
"2,1,1,2,2,1,4",equity_cap2,13,0
"2,1,1,2,2,1,4",central_full,13,0
"3,1,2,1,2,1,4",bilateral_3pass,22,22
"3,1,2,1,2,1,4",clearinghouse,22,0
"3,1,2,1,2,1,4",public_pool,22,0
"3,1,2,1,2,1,4",subsidized_catch_up,22,0
"3,1,2,1,2,1,4",central_cap2,22,0
"3,1,2,1,2,1,4",equity_cap2,22,0
"3,1,2,1,2,1,4",central_full,22,0
"1,1,2,1,0,2,0",bilateral_3pass,131,131
"1,1,2,1,0,2,0",clearinghouse,131,0
"1,1,2,1,0,2,0",public_pool,131,0
"1,1,2,1,0,2,0",subsidized_catch_up,131,0
"1,1,2,1,0,2,0",central_cap2,131,0
"1,1,2,1,0,2,0",equity_cap2,131,0
"1,1,2,1,0,2,0",central_full,131,0
"2,1,2,3,0,1,1",bilateral_3pass,54,51
"2,1,2,3,0,1,1",clearinghouse,54,3
"2,1,2,3,0,1,1",public_pool,54,0
"2,1,2,3,0,1,1",subsidized_catch_up,54,0
"2,1,2,3,0,1,1",central_cap2,54,0
"2,1,2,3,0,1,1",equity_cap2,54,0
"2,1,2,3,0,1,1",central_full,54,0
"3,2,1,1,1,0,0",bilateral_3pass,74,3
"3,2,1,1,1,0,0",clearinghouse,74,10
"3,2,1,1,1,0,0",public_pool,74,0
"3,2,1,1,1,0,0",subsidized_catch_up,74,55
"3,2,1,1,1,0,0",central_cap2,74,1
"3,2,1,1,1,0,0",equity_cap2,74,5
"3,2,1,1,1,0,0",central_full,74,0
"3,1,2,3,1,0,1",bilateral_3pass,9,8
"3,1,2,3,1,0,1",clearinghouse,9,1
"3,1,2,3,1,0,1",public_pool,9,0
"3,1,2,3,1,0,1",subsidized_catch_up,9,0
"3,1,2,3,1,0,1",central_cap2,9,0
"3,1,2,3,1,0,1",equity_cap2,9,0
"3,1,2,3,1,0,1",central_full,9,0
"0,3,0,3,0,0,3",bilateral_3pass,17,2
"0,3,0,3,0,0,3",clearinghouse,17,1
"0,3,0,3,0,0,3",public_pool,17,5
"0,3,0,3,0,0,3",subsidized_catch_up,17,2
"0,3,0,3,0,0,3",central_cap2,17,0
"0,3,0,3,0,0,3",equity_cap2,17,0
"0,3,0,3,0,0,3",central_full,17,7
"0,2,2,1,0,1,2",bilateral_3pass,14,10
"0,2,2,1,0,1,2",clearinghouse,14,4
"0,2,2,1,0,1,2",public_pool,14,0
"0,2,2,1,0,1,2",subsidized_catch_up,14,0
"0,2,2,1,0,1,2",central_cap2,14,0
"0,2,2,1,0,1,2",equity_cap2,14,0
"0,2,2,1,0,1,2",central_full,14,0
"1,1,1,3,0,1,2",bilateral_3pass,55,55
"1,1,1,3,0,1,2",clearinghouse,55,0
"1,1,1,3,0,1,2",public_pool,55,0
"1,1,1,3,0,1,2",subsidized_catch_up,55,0
"1,1,1,3,0,1,2",central_cap2,55,0
"1,1,1,3,0,1,2",equity_cap2,55,0
"1,1,1,3,0,1,2",central_full,55,0
"2,1,0,3,1,2,1",bilateral_3pass,18,18
"2,1,0,3,1,2,1",clearinghouse,18,0
"2,1,0,3,1,2,1",public_pool,18,0
"2,1,0,3,1,2,1",subsidized_catch_up,18,0
"2,1,0,3,1,2,1",central_cap2,18,0
"2,1,0,3,1,2,1",equity_cap2,18,0
"2,1,0,3,1,2,1",central_full,18,0
"0,2,0,1,0,0,1",bilateral_3pass,151,113
"0,2,0,1,0,0,1",clearinghouse,151,10
"0,2,0,1,0,0,1",public_pool,151,6
"0,2,0,1,0,0,1",subsidized_catch_up,151,12
"0,2,0,1,0,0,1",central_cap2,151,6
"0,2,0,1,0,0,1",equity_cap2,151,4
"0,2,0,1,0,0,1",central_full,151,0
"0,2,1,1,0,1,1",bilateral_3pass,153,115
"0,2,1,1,0,1,1",clearinghouse,153,15
"0,2,1,1,0,1,1",public_pool,153,1
"0,2,1,1,0,1,1",subsidized_catch_up,153,16
"0,2,1,1,0,1,1",central_cap2,153,2
"0,2,1,1,0,1,1",equity_cap2,153,4
"0,2,1,1,0,1,1",central_full,153,0
"2,1,1,2,0,2,0",bilateral_3pass,43,43
"2,1,1,2,0,2,0",clearinghouse,43,0
"2,1,1,2,0,2,0",public_pool,43,0
"2,1,1,2,0,2,0",subsidized_catch_up,43,0
"2,1,1,2,0,2,0",central_cap2,43,0
"2,1,1,2,0,2,0",equity_cap2,43,0
"2,1,1,2,0,2,0",central_full,43,0
"1,1,2,1,1,0,0",bilateral_3pass,28,28
"1,1,2,1,1,0,0",clearinghouse,28,0
"1,1,2,1,1,0,0",public_pool,28,0
"1,1,2,1,1,0,0",subsidized_catch_up,28,0
"1,1,2,1,1,0,0",central_cap2,28,0
"1,1,2,1,1,0,0",equity_cap2,28,0
"1,1,2,1,1,0,0",central_full,28,0
"2,1,2,3,1,1,5",bilateral_3pass,31,31
"2,1,2,3,1,1,5",clearinghouse,31,0
"2,1,2,3,1,1,5",public_pool,31,0
"2,1,2,3,1,1,5",subsidized_catch_up,31,0
"2,1,2,3,1,1,5",central_cap2,31,0
"2,1,2,3,1,1,5",equity_cap2,31,0
"2,1,2,3,1,1,5",central_full,31,0
"0,2,2,2,0,1,4",bilateral_3pass,27,4
"0,2,2,2,0,1,4",clearinghouse,27,2
"0,2,2,2,0,1,4",public_pool,27,0
"0,2,2,2,0,1,4",subsidized_catch_up,27,17
"0,2,2,2,0,1,4",central_cap2,27,3
"0,2,2,2,0,1,4",equity_cap2,27,1
"0,2,2,2,0,1,4",central_full,27,0
"2,1,2,1,2,2,5",bilateral_3pass,8,8
"2,1,2,1,2,2,5",clearinghouse,8,0
"2,1,2,1,2,2,5",public_pool,8,0
"2,1,2,1,2,2,5",subsidized_catch_up,8,0
"2,1,2,1,2,2,5",central_cap2,8,0
"2,1,2,1,2,2,5",equity_cap2,8,0
"2,1,2,1,2,2,5",central_full,8,0
"2,1,1,2,1,2,3",bilateral_3pass,206,193
"2,1,1,2,1,2,3",clearinghouse,206,0
"2,1,1,2,1,2,3",public_pool,206,0
"2,1,1,2,1,2,3",subsidized_catch_up,206,13
"2,1,1,2,1,2,3",central_cap2,206,0
"2,1,1,2,1,2,3",equity_cap2,206,0
"2,1,1,2,1,2,3",central_full,206,0
"2,1,1,1,2,0,2",bilateral_3pass,4,4
"2,1,1,1,2,0,2",clearinghouse,4,0
"2,1,1,1,2,0,2",public_pool,4,0
"2,1,1,1,2,0,2",subsidized_catch_up,4,0
"2,1,1,1,2,0,2",central_cap2,4,0
"2,1,1,1,2,0,2",equity_cap2,4,0
"2,1,1,1,2,0,2",central_full,4,0
"2,1,1,1,2,0,0",bilateral_3pass,63,63
"2,1,1,1,2,0,0",clearinghouse,63,0
"2,1,1,1,2,0,0",public_pool,63,0
"2,1,1,1,2,0,0",subsidized_catch_up,63,0
"2,1,1,1,2,0,0",central_cap2,63,0
"2,1,1,1,2,0,0",equity_cap2,63,0
"2,1,1,1,2,0,0",central_full,63,0
"3,1,0,2,2,0,0",bilateral_3pass,12,12
"3,1,0,2,2,0,0",clearinghouse,12,0
"3,1,0,2,2,0,0",public_pool,12,0
"3,1,0,2,2,0,0",subsidized_catch_up,12,0
"3,1,0,2,2,0,0",central_cap2,12,0
"3,1,0,2,2,0,0",equity_cap2,12,0
"3,1,0,2,2,0,0",central_full,12,0
"1,2,1,1,0,0,4",bilateral_3pass,2,0
"1,2,1,1,0,0,4",clearinghouse,2,0
"1,2,1,1,0,0,4",public_pool,2,0
"1,2,1,1,0,0,4",subsidized_catch_up,2,0
"1,2,1,1,0,0,4",central_cap2,2,2
"1,2,1,1,0,0,4",equity_cap2,2,0
"1,2,1,1,0,0,4",central_full,2,0
"2,1,2,1,1,0,0",bilateral_3pass,120,120
"2,1,2,1,1,0,0",clearinghouse,120,0
"2,1,2,1,1,0,0",public_pool,120,0
"2,1,2,1,1,0,0",subsidized_catch_up,120,0
"2,1,2,1,1,0,0",central_cap2,120,0
"2,1,2,1,1,0,0",equity_cap2,120,0
"2,1,2,1,1,0,0",central_full,120,0
"3,1,2,2,2,0,1",bilateral_3pass,32,32
"3,1,2,2,2,0,1",clearinghouse,32,0
"3,1,2,2,2,0,1",public_pool,32,0
"3,1,2,2,2,0,1",subsidized_catch_up,32,0
"3,1,2,2,2,0,1",central_cap2,32,0
"3,1,2,2,2,0,1",equity_cap2,32,0
"3,1,2,2,2,0,1",central_full,32,0
"0,3,0,2,0,0,0",bilateral_3pass,79,9
"0,3,0,2,0,0,0",clearinghouse,79,4
"0,3,0,2,0,0,0",public_pool,79,6
"0,3,0,2,0,0,0",subsidized_catch_up,79,7
"0,3,0,2,0,0,0",central_cap2,79,42
"0,3,0,2,0,0,0",equity_cap2,79,3
"0,3,0,2,0,0,0",central_full,79,8
"0,2,2,1,0,1,4",bilateral_3pass,23,0
"0,2,2,1,0,1,4",clearinghouse,23,1
"0,2,2,1,0,1,4",public_pool,23,1
"0,2,2,1,0,1,4",subsidized_catch_up,23,20
"0,2,2,1,0,1,4",central_cap2,23,1
"0,2,2,1,0,1,4",equity_cap2,23,0
"0,2,2,1,0,1,4",central_full,23,0
"1,1,0,2,1,1,1",bilateral_3pass,17,17
"1,1,0,2,1,1,1",clearinghouse,17,0
"1,1,0,2,1,1,1",public_pool,17,0
"1,1,0,2,1,1,1",subsidized_catch_up,17,0
"1,1,0,2,1,1,1",central_cap2,17,0
"1,1,0,2,1,1,1",equity_cap2,17,0
"1,1,0,2,1,1,1",central_full,17,0
"1,1,2,1,1,2,0",bilateral_3pass,33,33
"1,1,2,1,1,2,0",clearinghouse,33,0
"1,1,2,1,1,2,0",public_pool,33,0
"1,1,2,1,1,2,0",subsidized_catch_up,33,0
"1,1,2,1,1,2,0",central_cap2,33,0
"1,1,2,1,1,2,0",equity_cap2,33,0
"1,1,2,1,1,2,0",central_full,33,0
"2,1,2,3,1,1,1",bilateral_3pass,189,180
"2,1,2,3,1,1,1",clearinghouse,189,9
"2,1,2,3,1,1,1",public_pool,189,0
"2,1,2,3,1,1,1",subsidized_catch_up,189,0
"2,1,2,3,1,1,1",central_cap2,189,0
"2,1,2,3,1,1,1",equity_cap2,189,0
"2,1,2,3,1,1,1",central_full,189,0
"2,1,0,1,2,1,0",bilateral_3pass,42,42
"2,1,0,1,2,1,0",clearinghouse,42,0
"2,1,0,1,2,1,0",public_pool,42,0
"2,1,0,1,2,1,0",subsidized_catch_up,42,0
"2,1,0,1,2,1,0",central_cap2,42,0
"2,1,0,1,2,1,0",equity_cap2,42,0
"2,1,0,1,2,1,0",central_full,42,0
"2,1,1,2,1,0,3",bilateral_3pass,41,37
"2,1,1,2,1,0,3",clearinghouse,41,0
"2,1,1,2,1,0,3",public_pool,41,0
"2,1,1,2,1,0,3",subsidized_catch_up,41,4
"2,1,1,2,1,0,3",central_cap2,41,0
"2,1,1,2,1,0,3",equity_cap2,41,0
"2,1,1,2,1,0,3",central_full,41,0
"2,1,0,2,2,0,0",bilateral_3pass,3,3
"2,1,0,2,2,0,0",clearinghouse,3,0
"2,1,0,2,2,0,0",public_pool,3,0
"2,1,0,2,2,0,0",subsidized_catch_up,3,0
"2,1,0,2,2,0,0",central_cap2,3,0
"2,1,0,2,2,0,0",equity_cap2,3,0
"2,1,0,2,2,0,0",central_full,3,0
"3,1,2,3,2,1,5",bilateral_3pass,16,16
"3,1,2,3,2,1,5",clearinghouse,16,0
"3,1,2,3,2,1,5",public_pool,16,0
"3,1,2,3,2,1,5",subsidized_catch_up,16,0
"3,1,2,3,2,1,5",central_cap2,16,0
"3,1,2,3,2,1,5",equity_cap2,16,0
"3,1,2,3,2,1,5",central_full,16,0
"2,1,1,1,1,0,1",bilateral_3pass,69,66
"2,1,1,1,1,0,1",clearinghouse,69,3
"2,1,1,1,1,0,1",public_pool,69,0
"2,1,1,1,1,0,1",subsidized_catch_up,69,0
"2,1,1,1,1,0,1",central_cap2,69,0
"2,1,1,1,1,0,1",equity_cap2,69,0
"2,1,1,1,1,0,1",central_full,69,0
"3,1,2,2,1,1,0",bilateral_3pass,50,50
"3,1,2,2,1,1,0",clearinghouse,50,0
"3,1,2,2,1,1,0",public_pool,50,0
"3,1,2,2,1,1,0",subsidized_catch_up,50,0
"3,1,2,2,1,1,0",central_cap2,50,0
"3,1,2,2,1,1,0",equity_cap2,50,0
"3,1,2,2,1,1,0",central_full,50,0
"3,2,1,1,1,1,3",bilateral_3pass,36,3
"3,2,1,1,1,1,3",clearinghouse,36,1
"3,2,1,1,1,1,3",public_pool,36,0
"3,2,1,1,1,1,3",subsidized_catch_up,36,32
"3,2,1,1,1,1,3",central_cap2,36,0
"3,2,1,1,1,1,3",equity_cap2,36,0
"3,2,1,1,1,1,3",central_full,36,0
"1,1,2,1,0,2,5",bilateral_3pass,10,10
"1,1,2,1,0,2,5",clearinghouse,10,0
"1,1,2,1,0,2,5",public_pool,10,0
"1,1,2,1,0,2,5",subsidized_catch_up,10,0
"1,1,2,1,0,2,5",central_cap2,10,0
"1,1,2,1,0,2,5",equity_cap2,10,0
"1,1,2,1,0,2,5",central_full,10,0
"2,1,0,3,2,1,0",bilateral_3pass,44,44
"2,1,0,3,2,1,0",clearinghouse,44,0
"2,1,0,3,2,1,0",public_pool,44,0
"2,1,0,3,2,1,0",subsidized_catch_up,44,0
"2,1,0,3,2,1,0",central_cap2,44,0
"2,1,0,3,2,1,0",equity_cap2,44,0
"2,1,0,3,2,1,0",central_full,44,0
"0,3,0,3,0,0,5",bilateral_3pass,3,0
"0,3,0,3,0,0,5",clearinghouse,3,0
"0,3,0,3,0,0,5",public_pool,3,0
"0,3,0,3,0,0,5",subsidized_catch_up,3,0
"0,3,0,3,0,0,5",central_cap2,3,3
"0,3,0,3,0,0,5",equity_cap2,3,0
"0,3,0,3,0,0,5",central_full,3,0
"2,1,1,3,2,1,4",bilateral_3pass,35,35
"2,1,1,3,2,1,4",clearinghouse,35,0
"2,1,1,3,2,1,4",public_pool,35,0
"2,1,1,3,2,1,4",subsidized_catch_up,35,0
"2,1,1,3,2,1,4",central_cap2,35,0
"2,1,1,3,2,1,4",equity_cap2,35,0
"2,1,1,3,2,1,4",central_full,35,0
"2,1,1,3,2,0,3",bilateral_3pass,48,45
"2,1,1,3,2,0,3",clearinghouse,48,0
"2,1,1,3,2,0,3",public_pool,48,0
"2,1,1,3,2,0,3",subsidized_catch_up,48,3
"2,1,1,3,2,0,3",central_cap2,48,0
"2,1,1,3,2,0,3",equity_cap2,48,0
"2,1,1,3,2,0,3",central_full,48,0
"2,1,2,2,2,0,0",bilateral_3pass,32,32
"2,1,2,2,2,0,0",clearinghouse,32,0
"2,1,2,2,2,0,0",public_pool,32,0
"2,1,2,2,2,0,0",subsidized_catch_up,32,0
"2,1,2,2,2,0,0",central_cap2,32,0
"2,1,2,2,2,0,0",equity_cap2,32,0
"2,1,2,2,2,0,0",central_full,32,0
"1,1,2,2,0,1,2",bilateral_3pass,42,42
"1,1,2,2,0,1,2",clearinghouse,42,0
"1,1,2,2,0,1,2",public_pool,42,0
"1,1,2,2,0,1,2",subsidized_catch_up,42,0
"1,1,2,2,0,1,2",central_cap2,42,0
"1,1,2,2,0,1,2",equity_cap2,42,0
"1,1,2,2,0,1,2",central_full,42,0
"1,1,0,1,1,1,1",bilateral_3pass,13,13
"1,1,0,1,1,1,1",clearinghouse,13,0
"1,1,0,1,1,1,1",public_pool,13,0
"1,1,0,1,1,1,1",subsidized_catch_up,13,0
"1,1,0,1,1,1,1",central_cap2,13,0
"1,1,0,1,1,1,1",equity_cap2,13,0
"1,1,0,1,1,1,1",central_full,13,0
"3,1,1,3,1,0,0",bilateral_3pass,29,29
"3,1,1,3,1,0,0",clearinghouse,29,0
"3,1,1,3,1,0,0",public_pool,29,0
"3,1,1,3,1,0,0",subsidized_catch_up,29,0
"3,1,1,3,1,0,0",central_cap2,29,0
"3,1,1,3,1,0,0",equity_cap2,29,0
"3,1,1,3,1,0,0",central_full,29,0
"0,1,0,1,0,0,6",bilateral_3pass,24,24
"0,1,0,1,0,0,6",clearinghouse,24,0
"0,1,0,1,0,0,6",public_pool,24,0
"0,1,0,1,0,0,6",subsidized_catch_up,24,0
"0,1,0,1,0,0,6",central_cap2,24,0
"0,1,0,1,0,0,6",equity_cap2,24,0
"0,1,0,1,0,0,6",central_full,24,0
"1,2,1,1,0,1,2",bilateral_3pass,43,5
"1,2,1,1,0,1,2",clearinghouse,43,5
"1,2,1,1,0,1,2",public_pool,43,5
"1,2,1,1,0,1,2",subsidized_catch_up,43,26
"1,2,1,1,0,1,2",central_cap2,43,1
"1,2,1,1,0,1,2",equity_cap2,43,1
"1,2,1,1,0,1,2",central_full,43,0
"2,1,2,1,1,1,4",bilateral_3pass,37,37
"2,1,2,1,1,1,4",clearinghouse,37,0
"2,1,2,1,1,1,4",public_pool,37,0
"2,1,2,1,1,1,4",subsidized_catch_up,37,0
"2,1,2,1,1,1,4",central_cap2,37,0
"2,1,2,1,1,1,4",equity_cap2,37,0
"2,1,2,1,1,1,4",central_full,37,0
"3,1,1,2,0,1,0",bilateral_3pass,8,8
"3,1,1,2,0,1,0",clearinghouse,8,0
"3,1,1,2,0,1,0",public_pool,8,0
"3,1,1,2,0,1,0",subsidized_catch_up,8,0
"3,1,1,2,0,1,0",central_cap2,8,0
"3,1,1,2,0,1,0",equity_cap2,8,0
"3,1,1,2,0,1,0",central_full,8,0
"3,2,2,1,0,2,0",bilateral_3pass,45,34
"3,2,2,1,0,2,0",clearinghouse,45,7
"3,2,2,1,0,2,0",public_pool,45,1
"3,2,2,1,0,2,0",subsidized_catch_up,45,2
"3,2,2,1,0,2,0",central_cap2,45,1
"3,2,2,1,0,2,0",equity_cap2,45,0
"3,2,2,1,0,2,0",central_full,45,0
"3,1,0,1,0,2,0",bilateral_3pass,5,5
"3,1,0,1,0,2,0",clearinghouse,5,0
"3,1,0,1,0,2,0",public_pool,5,0
"3,1,0,1,0,2,0",subsidized_catch_up,5,0
"3,1,0,1,0,2,0",central_cap2,5,0
"3,1,0,1,0,2,0",equity_cap2,5,0
"3,1,0,1,0,2,0",central_full,5,0
"1,1,2,2,1,1,5",bilateral_3pass,10,10
"1,1,2,2,1,1,5",clearinghouse,10,0
"1,1,2,2,1,1,5",public_pool,10,0
"1,1,2,2,1,1,5",subsidized_catch_up,10,0
"1,1,2,2,1,1,5",central_cap2,10,0
"1,1,2,2,1,1,5",equity_cap2,10,0
"1,1,2,2,1,1,5",central_full,10,0
"2,1,0,1,2,2,0",bilateral_3pass,24,24
"2,1,0,1,2,2,0",clearinghouse,24,0
"2,1,0,1,2,2,0",public_pool,24,0
"2,1,0,1,2,2,0",subsidized_catch_up,24,0
"2,1,0,1,2,2,0",central_cap2,24,0
"2,1,0,1,2,2,0",equity_cap2,24,0
"2,1,0,1,2,2,0",central_full,24,0
"3,2,0,1,2,0,0",bilateral_3pass,28,20
"3,2,0,1,2,0,0",clearinghouse,28,3
"3,2,0,1,2,0,0",public_pool,28,1
"3,2,0,1,2,0,0",subsidized_catch_up,28,2
"3,2,0,1,2,0,0",central_cap2,28,0
"3,2,0,1,2,0,0",equity_cap2,28,2
"3,2,0,1,2,0,0",central_full,28,0
"0,2,0,3,0,0,2",bilateral_3pass,106,7
"0,2,0,3,0,0,2",clearinghouse,106,80
"0,2,0,3,0,0,2",public_pool,106,10
"0,2,0,3,0,0,2",subsidized_catch_up,106,3
"0,2,0,3,0,0,2",central_cap2,106,5
"0,2,0,3,0,0,2",equity_cap2,106,1
"0,2,0,3,0,0,2",central_full,106,0
"1,1,2,2,1,1,3",bilateral_3pass,80,71
"1,1,2,2,1,1,3",clearinghouse,80,0
"1,1,2,2,1,1,3",public_pool,80,0
"1,1,2,2,1,1,3",subsidized_catch_up,80,9
"1,1,2,2,1,1,3",central_cap2,80,0
"1,1,2,2,1,1,3",equity_cap2,80,0
"1,1,2,2,1,1,3",central_full,80,0
"1,1,0,3,1,1,3",bilateral_3pass,11,9
"1,1,0,3,1,1,3",clearinghouse,11,0
"1,1,0,3,1,1,3",public_pool,11,0
"1,1,0,3,1,1,3",subsidized_catch_up,11,2
"1,1,0,3,1,1,3",central_cap2,11,0
"1,1,0,3,1,1,3",equity_cap2,11,0
"1,1,0,3,1,1,3",central_full,11,0
"1,2,1,3,2,2,0",bilateral_3pass,16,0
"1,2,1,3,2,2,0",clearinghouse,16,1
"1,2,1,3,2,2,0",public_pool,16,0
"1,2,1,3,2,2,0",subsidized_catch_up,16,13
"1,2,1,3,2,2,0",central_cap2,16,0
"1,2,1,3,2,2,0",equity_cap2,16,2
"1,2,1,3,2,2,0",central_full,16,0
"1,3,2,2,0,2,0",bilateral_3pass,49,4
"1,3,2,2,0,2,0",clearinghouse,49,42
"1,3,2,2,0,2,0",public_pool,49,0
"1,3,2,2,0,2,0",subsidized_catch_up,49,2
"1,3,2,2,0,2,0",central_cap2,49,1
"1,3,2,2,0,2,0",equity_cap2,49,0
"1,3,2,2,0,2,0",central_full,49,0
"1,2,1,1,0,2,1",bilateral_3pass,36,3
"1,2,1,1,0,2,1",clearinghouse,36,2
"1,2,1,1,0,2,1",public_pool,36,1
"1,2,1,1,0,2,1",subsidized_catch_up,36,28
"1,2,1,1,0,2,1",central_cap2,36,1
"1,2,1,1,0,2,1",equity_cap2,36,1
"1,2,1,1,0,2,1",central_full,36,0
"2,1,2,1,0,2,1",bilateral_3pass,60,53
"2,1,2,1,0,2,1",clearinghouse,60,7
"2,1,2,1,0,2,1",public_pool,60,0
"2,1,2,1,0,2,1",subsidized_catch_up,60,0
"2,1,2,1,0,2,1",central_cap2,60,0
"2,1,2,1,0,2,1",equity_cap2,60,0
"2,1,2,1,0,2,1",central_full,60,0
"2,1,1,3,0,2,0",bilateral_3pass,43,43
"2,1,1,3,0,2,0",clearinghouse,43,0
"2,1,1,3,0,2,0",public_pool,43,0
"2,1,1,3,0,2,0",subsidized_catch_up,43,0
"2,1,1,3,0,2,0",central_cap2,43,0
"2,1,1,3,0,2,0",equity_cap2,43,0
"2,1,1,3,0,2,0",central_full,43,0
"3,1,2,2,0,1,0",bilateral_3pass,7,7
"3,1,2,2,0,1,0",clearinghouse,7,0
"3,1,2,2,0,1,0",public_pool,7,0
"3,1,2,2,0,1,0",subsidized_catch_up,7,0
"3,1,2,2,0,1,0",central_cap2,7,0
"3,1,2,2,0,1,0",equity_cap2,7,0
"3,1,2,2,0,1,0",central_full,7,0
"3,1,1,2,0,2,3",bilateral_3pass,14,12
"3,1,1,2,0,2,3",clearinghouse,14,0
"3,1,1,2,0,2,3",public_pool,14,0
"3,1,1,2,0,2,3",subsidized_catch_up,14,2
"3,1,1,2,0,2,3",central_cap2,14,0
"3,1,1,2,0,2,3",equity_cap2,14,0
"3,1,1,2,0,2,3",central_full,14,0
"2,1,1,1,1,0,3",bilateral_3pass,100,94
"2,1,1,1,1,0,3",clearinghouse,100,0
"2,1,1,1,1,0,3",public_pool,100,0
"2,1,1,1,1,0,3",subsidized_catch_up,100,6
"2,1,1,1,1,0,3",central_cap2,100,0
"2,1,1,1,1,0,3",equity_cap2,100,0
"2,1,1,1,1,0,3",central_full,100,0
"3,1,2,3,2,0,1",bilateral_3pass,31,30
"3,1,2,3,2,0,1",clearinghouse,31,1
"3,1,2,3,2,0,1",public_pool,31,0
"3,1,2,3,2,0,1",subsidized_catch_up,31,0
"3,1,2,3,2,0,1",central_cap2,31,0
"3,1,2,3,2,0,1",equity_cap2,31,0
"3,1,2,3,2,0,1",central_full,31,0
"0,1,0,1,0,1,0",bilateral_3pass,44,44
"0,1,0,1,0,1,0",clearinghouse,44,0
"0,1,0,1,0,1,0",public_pool,44,0
"0,1,0,1,0,1,0",subsidized_catch_up,44,0
"0,1,0,1,0,1,0",central_cap2,44,0
"0,1,0,1,0,1,0",equity_cap2,44,0
"0,1,0,1,0,1,0",central_full,44,0
"1,1,2,2,1,2,3",bilateral_3pass,19,16
"1,1,2,2,1,2,3",clearinghouse,19,0
"1,1,2,2,1,2,3",public_pool,19,0
"1,1,2,2,1,2,3",subsidized_catch_up,19,3
"1,1,2,2,1,2,3",central_cap2,19,0
"1,1,2,2,1,2,3",equity_cap2,19,0
"1,1,2,2,1,2,3",central_full,19,0
"2,1,2,2,1,0,2",bilateral_3pass,7,7
"2,1,2,2,1,0,2",clearinghouse,7,0
"2,1,2,2,1,0,2",public_pool,7,0
"2,1,2,2,1,0,2",subsidized_catch_up,7,0
"2,1,2,2,1,0,2",central_cap2,7,0
"2,1,2,2,1,0,2",equity_cap2,7,0
"2,1,2,2,1,0,2",central_full,7,0
"1,2,2,3,0,1,1",bilateral_3pass,116,90
"1,2,2,3,0,1,1",clearinghouse,116,11
"1,2,2,3,0,1,1",public_pool,116,2
"1,2,2,3,0,1,1",subsidized_catch_up,116,10
"1,2,2,3,0,1,1",central_cap2,116,1
"1,2,2,3,0,1,1",equity_cap2,116,2
"1,2,2,3,0,1,1",central_full,116,0
"1,1,0,2,0,1,0",bilateral_3pass,57,57
"1,1,0,2,0,1,0",clearinghouse,57,0
"1,1,0,2,0,1,0",public_pool,57,0
"1,1,0,2,0,1,0",subsidized_catch_up,57,0
"1,1,0,2,0,1,0",central_cap2,57,0
"1,1,0,2,0,1,0",equity_cap2,57,0
"1,1,0,2,0,1,0",central_full,57,0
"0,2,0,2,0,0,0",bilateral_3pass,140,15
"0,2,0,2,0,0,0",clearinghouse,140,5
"0,2,0,2,0,0,0",public_pool,140,3
"0,2,0,2,0,0,0",subsidized_catch_up,140,108
"0,2,0,2,0,0,0",central_cap2,140,5
"0,2,0,2,0,0,0",equity_cap2,140,4
"0,2,0,2,0,0,0",central_full,140,0
"0,2,1,3,0,1,4",bilateral_3pass,19,13
"0,2,1,3,0,1,4",clearinghouse,19,0
"0,2,1,3,0,1,4",public_pool,19,1
"0,2,1,3,0,1,4",subsidized_catch_up,19,1
"0,2,1,3,0,1,4",central_cap2,19,2
"0,2,1,3,0,1,4",equity_cap2,19,2
"0,2,1,3,0,1,4",central_full,19,0
"1,1,2,3,1,1,5",bilateral_3pass,20,20
"1,1,2,3,1,1,5",clearinghouse,20,0
"1,1,2,3,1,1,5",public_pool,20,0
"1,1,2,3,1,1,5",subsidized_catch_up,20,0
"1,1,2,3,1,1,5",central_cap2,20,0
"1,1,2,3,1,1,5",equity_cap2,20,0
"1,1,2,3,1,1,5",central_full,20,0
"3,1,0,0,2,2,1",bilateral_3pass,5,5
"3,1,0,0,2,2,1",clearinghouse,5,0
"3,1,0,0,2,2,1",public_pool,5,0
"3,1,0,0,2,2,1",subsidized_catch_up,5,0
"3,1,0,0,2,2,1",central_cap2,5,0
"3,1,0,0,2,2,1",equity_cap2,5,0
"3,1,0,0,2,2,1",central_full,5,0
"1,2,1,1,0,1,5",bilateral_3pass,32,2
"1,2,1,1,0,1,5",clearinghouse,32,27
"1,2,1,1,0,1,5",public_pool,32,0
"1,2,1,1,0,1,5",subsidized_catch_up,32,1
"1,2,1,1,0,1,5",central_cap2,32,0
"1,2,1,1,0,1,5",equity_cap2,32,2
"1,2,1,1,0,1,5",central_full,32,0
"1,1,2,3,0,1,4",bilateral_3pass,58,58
"1,1,2,3,0,1,4",clearinghouse,58,0
"1,1,2,3,0,1,4",public_pool,58,0
"1,1,2,3,0,1,4",subsidized_catch_up,58,0
"1,1,2,3,0,1,4",central_cap2,58,0
"1,1,2,3,0,1,4",equity_cap2,58,0
"1,1,2,3,0,1,4",central_full,58,0
"3,1,2,2,0,2,3",bilateral_3pass,14,13
"3,1,2,2,0,2,3",clearinghouse,14,0
"3,1,2,2,0,2,3",public_pool,14,0
"3,1,2,2,0,2,3",subsidized_catch_up,14,1
"3,1,2,2,0,2,3",central_cap2,14,0
"3,1,2,2,0,2,3",equity_cap2,14,0
"3,1,2,2,0,2,3",central_full,14,0
"1,1,2,3,0,0,1",bilateral_3pass,147,142
"1,1,2,3,0,0,1",clearinghouse,147,5
"1,1,2,3,0,0,1",public_pool,147,0
"1,1,2,3,0,0,1",subsidized_catch_up,147,0
"1,1,2,3,0,0,1",central_cap2,147,0
"1,1,2,3,0,0,1",equity_cap2,147,0
"1,1,2,3,0,0,1",central_full,147,0
"0,1,2,1,0,1,2",bilateral_3pass,16,16
"0,1,2,1,0,1,2",clearinghouse,16,0
"0,1,2,1,0,1,2",public_pool,16,0
"0,1,2,1,0,1,2",subsidized_catch_up,16,0
"0,1,2,1,0,1,2",central_cap2,16,0
"0,1,2,1,0,1,2",equity_cap2,16,0
"0,1,2,1,0,1,2",central_full,16,0
"1,1,1,3,1,0,5",bilateral_3pass,11,11
"1,1,1,3,1,0,5",clearinghouse,11,0
"1,1,1,3,1,0,5",public_pool,11,0
"1,1,1,3,1,0,5",subsidized_catch_up,11,0
"1,1,1,3,1,0,5",central_cap2,11,0
"1,1,1,3,1,0,5",equity_cap2,11,0
"1,1,1,3,1,0,5",central_full,11,0
"2,1,1,3,2,0,5",bilateral_3pass,5,5
"2,1,1,3,2,0,5",clearinghouse,5,0
"2,1,1,3,2,0,5",public_pool,5,0
"2,1,1,3,2,0,5",subsidized_catch_up,5,0
"2,1,1,3,2,0,5",central_cap2,5,0
"2,1,1,3,2,0,5",equity_cap2,5,0
"2,1,1,3,2,0,5",central_full,5,0
"0,2,2,3,0,0,3",bilateral_3pass,229,17
"0,2,2,3,0,0,3",clearinghouse,229,185
"0,2,2,3,0,0,3",public_pool,229,10
"0,2,2,3,0,0,3",subsidized_catch_up,229,10
"0,2,2,3,0,0,3",central_cap2,229,4
"0,2,2,3,0,0,3",equity_cap2,229,3
"0,2,2,3,0,0,3",central_full,229,0
"3,1,1,1,1,1,0",bilateral_3pass,177,177
"3,1,1,1,1,1,0",clearinghouse,177,0
"3,1,1,1,1,1,0",public_pool,177,0
"3,1,1,1,1,1,0",subsidized_catch_up,177,0
"3,1,1,1,1,1,0",central_cap2,177,0
"3,1,1,1,1,1,0",equity_cap2,177,0
"3,1,1,1,1,1,0",central_full,177,0
"0,1,2,3,0,0,5",bilateral_3pass,37,37
"0,1,2,3,0,0,5",clearinghouse,37,0
"0,1,2,3,0,0,5",public_pool,37,0
"0,1,2,3,0,0,5",subsidized_catch_up,37,0
"0,1,2,3,0,0,5",central_cap2,37,0
"0,1,2,3,0,0,5",equity_cap2,37,0
"0,1,2,3,0,0,5",central_full,37,0
"2,1,0,3,1,1,0",bilateral_3pass,56,56
"2,1,0,3,1,1,0",clearinghouse,56,0
"2,1,0,3,1,1,0",public_pool,56,0
"2,1,0,3,1,1,0",subsidized_catch_up,56,0
"2,1,0,3,1,1,0",central_cap2,56,0
"2,1,0,3,1,1,0",equity_cap2,56,0
"2,1,0,3,1,1,0",central_full,56,0
"1,1,1,1,0,2,5",bilateral_3pass,9,9
"1,1,1,1,0,2,5",clearinghouse,9,0
"1,1,1,1,0,2,5",public_pool,9,0
"1,1,1,1,0,2,5",subsidized_catch_up,9,0
"1,1,1,1,0,2,5",central_cap2,9,0
"1,1,1,1,0,2,5",equity_cap2,9,0
"1,1,1,1,0,2,5",central_full,9,0
"2,1,2,1,0,1,3",bilateral_3pass,109,103
"2,1,2,1,0,1,3",clearinghouse,109,0
"2,1,2,1,0,1,3",public_pool,109,0
"2,1,2,1,0,1,3",subsidized_catch_up,109,6
"2,1,2,1,0,1,3",central_cap2,109,0
"2,1,2,1,0,1,3",equity_cap2,109,0
"2,1,2,1,0,1,3",central_full,109,0
"2,1,2,1,0,2,5",bilateral_3pass,9,9
"2,1,2,1,0,2,5",clearinghouse,9,0
"2,1,2,1,0,2,5",public_pool,9,0
"2,1,2,1,0,2,5",subsidized_catch_up,9,0
"2,1,2,1,0,2,5",central_cap2,9,0
"2,1,2,1,0,2,5",equity_cap2,9,0
"2,1,2,1,0,2,5",central_full,9,0
"3,2,2,2,1,2,3",bilateral_3pass,27,2
"3,2,2,2,1,2,3",clearinghouse,27,23
"3,2,2,2,1,2,3",public_pool,27,0
"3,2,2,2,1,2,3",subsidized_catch_up,27,2
"3,2,2,2,1,2,3",central_cap2,27,0
"3,2,2,2,1,2,3",equity_cap2,27,0
"3,2,2,2,1,2,3",central_full,27,0
"2,1,2,3,0,0,3",bilateral_3pass,26,25
"2,1,2,3,0,0,3",clearinghouse,26,0
"2,1,2,3,0,0,3",public_pool,26,0
"2,1,2,3,0,0,3",subsidized_catch_up,26,1
"2,1,2,3,0,0,3",central_cap2,26,0
"2,1,2,3,0,0,3",equity_cap2,26,0
"2,1,2,3,0,0,3",central_full,26,0
"3,1,0,1,1,2,0",bilateral_3pass,43,43
"3,1,0,1,1,2,0",clearinghouse,43,0
"3,1,0,1,1,2,0",public_pool,43,0
"3,1,0,1,1,2,0",subsidized_catch_up,43,0
"3,1,0,1,1,2,0",central_cap2,43,0
"3,1,0,1,1,2,0",equity_cap2,43,0
"3,1,0,1,1,2,0",central_full,43,0
"3,2,0,3,2,2,3",bilateral_3pass,74,54
"3,2,0,3,2,2,3",clearinghouse,74,5
"3,2,0,3,2,2,3",public_pool,74,0
"3,2,0,3,2,2,3",subsidized_catch_up,74,14
"3,2,0,3,2,2,3",central_cap2,74,1
"3,2,0,3,2,2,3",equity_cap2,74,0
"3,2,0,3,2,2,3",central_full,74,0
"2,1,1,2,2,0,2",bilateral_3pass,1,1
"2,1,1,2,2,0,2",clearinghouse,1,0
"2,1,1,2,2,0,2",public_pool,1,0
"2,1,1,2,2,0,2",subsidized_catch_up,1,0
"2,1,1,2,2,0,2",central_cap2,1,0
"2,1,1,2,2,0,2",equity_cap2,1,0
"2,1,1,2,2,0,2",central_full,1,0
"0,3,2,2,0,0,5",bilateral_3pass,18,1
"0,3,2,2,0,0,5",clearinghouse,18,4
"0,3,2,2,0,0,5",public_pool,18,2
"0,3,2,2,0,0,5",subsidized_catch_up,18,0
"0,3,2,2,0,0,5",central_cap2,18,3
"0,3,2,2,0,0,5",equity_cap2,18,2
"0,3,2,2,0,0,5",central_full,18,6
"1,2,1,2,0,1,1",bilateral_3pass,64,2
"1,2,1,2,0,1,1",clearinghouse,64,3
"1,2,1,2,0,1,1",public_pool,64,0
"1,2,1,2,0,1,1",subsidized_catch_up,64,57
"1,2,1,2,0,1,1",central_cap2,64,1
"1,2,1,2,0,1,1",equity_cap2,64,1
"1,2,1,2,0,1,1",central_full,64,0
"2,1,1,2,1,0,0",bilateral_3pass,65,65
"2,1,1,2,1,0,0",clearinghouse,65,0
"2,1,1,2,1,0,0",public_pool,65,0
"2,1,1,2,1,0,0",subsidized_catch_up,65,0
"2,1,1,2,1,0,0",central_cap2,65,0
"2,1,1,2,1,0,0",equity_cap2,65,0
"2,1,1,2,1,0,0",central_full,65,0
"3,1,1,3,1,0,3",bilateral_3pass,24,22
"3,1,1,3,1,0,3",clearinghouse,24,0
"3,1,1,3,1,0,3",public_pool,24,0
"3,1,1,3,1,0,3",subsidized_catch_up,24,2
"3,1,1,3,1,0,3",central_cap2,24,0
"3,1,1,3,1,0,3",equity_cap2,24,0
"3,1,1,3,1,0,3",central_full,24,0
"3,1,1,2,1,0,3",bilateral_3pass,18,17
"3,1,1,2,1,0,3",clearinghouse,18,0
"3,1,1,2,1,0,3",public_pool,18,0
"3,1,1,2,1,0,3",subsidized_catch_up,18,1
"3,1,1,2,1,0,3",central_cap2,18,0
"3,1,1,2,1,0,3",equity_cap2,18,0
"3,1,1,2,1,0,3",central_full,18,0
"0,1,0,3,0,0,4",bilateral_3pass,18,18
"0,1,0,3,0,0,4",clearinghouse,18,0
"0,1,0,3,0,0,4",public_pool,18,0
"0,1,0,3,0,0,4",subsidized_catch_up,18,0
"0,1,0,3,0,0,4",central_cap2,18,0
"0,1,0,3,0,0,4",equity_cap2,18,0
"0,1,0,3,0,0,4",central_full,18,0
"2,3,2,3,1,1,0",bilateral_3pass,96,1
"2,3,2,3,1,1,0",clearinghouse,96,2
"2,3,2,3,1,1,0",public_pool,96,2
"2,3,2,3,1,1,0",subsidized_catch_up,96,80
"2,3,2,3,1,1,0",central_cap2,96,6
"2,3,2,3,1,1,0",equity_cap2,96,1
"2,3,2,3,1,1,0",central_full,96,4
"2,2,2,3,1,1,5",bilateral_3pass,11,1
"2,2,2,3,1,1,5",clearinghouse,11,0
"2,2,2,3,1,1,5",public_pool,11,0
"2,2,2,3,1,1,5",subsidized_catch_up,11,8
"2,2,2,3,1,1,5",central_cap2,11,0
"2,2,2,3,1,1,5",equity_cap2,11,2
"2,2,2,3,1,1,5",central_full,11,0
"2,2,0,1,2,2,0",bilateral_3pass,56,4
"2,2,0,1,2,2,0",clearinghouse,56,3
"2,2,0,1,2,2,0",public_pool,56,1
"2,2,0,1,2,2,0",subsidized_catch_up,56,44
"2,2,0,1,2,2,0",central_cap2,56,3
"2,2,0,1,2,2,0",equity_cap2,56,1
"2,2,0,1,2,2,0",central_full,56,0
"0,1,2,1,0,0,4",bilateral_3pass,39,39
"0,1,2,1,0,0,4",clearinghouse,39,0
"0,1,2,1,0,0,4",public_pool,39,0
"0,1,2,1,0,0,4",subsidized_catch_up,39,0
"0,1,2,1,0,0,4",central_cap2,39,0
"0,1,2,1,0,0,4",equity_cap2,39,0
"0,1,2,1,0,0,4",central_full,39,0
"1,2,1,2,0,2,0",bilateral_3pass,257,200
"1,2,1,2,0,2,0",clearinghouse,257,26
"1,2,1,2,0,2,0",public_pool,257,2
"1,2,1,2,0,2,0",subsidized_catch_up,257,18
"1,2,1,2,0,2,0",central_cap2,257,7
"1,2,1,2,0,2,0",equity_cap2,257,4
"1,2,1,2,0,2,0",central_full,257,0
"2,1,2,3,1,2,4",bilateral_3pass,11,11
"2,1,2,3,1,2,4",clearinghouse,11,0
"2,1,2,3,1,2,4",public_pool,11,0
"2,1,2,3,1,2,4",subsidized_catch_up,11,0
"2,1,2,3,1,2,4",central_cap2,11,0
"2,1,2,3,1,2,4",equity_cap2,11,0
"2,1,2,3,1,2,4",central_full,11,0
"3,1,2,1,2,2,5",bilateral_3pass,9,9
"3,1,2,1,2,2,5",clearinghouse,9,0
"3,1,2,1,2,2,5",public_pool,9,0
"3,1,2,1,2,2,5",subsidized_catch_up,9,0
"3,1,2,1,2,2,5",central_cap2,9,0
"3,1,2,1,2,2,5",equity_cap2,9,0
"3,1,2,1,2,2,5",central_full,9,0
"0,1,2,3,0,0,1",bilateral_3pass,104,100
"0,1,2,3,0,0,1",clearinghouse,104,4
"0,1,2,3,0,0,1",public_pool,104,0
"0,1,2,3,0,0,1",subsidized_catch_up,104,0
"0,1,2,3,0,0,1",central_cap2,104,0
"0,1,2,3,0,0,1",equity_cap2,104,0
"0,1,2,3,0,0,1",central_full,104,0
"1,1,2,3,1,1,2",bilateral_3pass,14,14
"1,1,2,3,1,1,2",clearinghouse,14,0
"1,1,2,3,1,1,2",public_pool,14,0
"1,1,2,3,1,1,2",subsidized_catch_up,14,0
"1,1,2,3,1,1,2",central_cap2,14,0
"1,1,2,3,1,1,2",equity_cap2,14,0
"1,1,2,3,1,1,2",central_full,14,0
"2,2,0,2,0,2,0",bilateral_3pass,16,2
"2,2,0,2,0,2,0",clearinghouse,16,12
"2,2,0,2,0,2,0",public_pool,16,0
"2,2,0,2,0,2,0",subsidized_catch_up,16,1
"2,2,0,2,0,2,0",central_cap2,16,1
"2,2,0,2,0,2,0",equity_cap2,16,0
"2,2,0,2,0,2,0",central_full,16,0
"3,1,2,3,1,1,1",bilateral_3pass,32,31
"3,1,2,3,1,1,1",clearinghouse,32,1
"3,1,2,3,1,1,1",public_pool,32,0
"3,1,2,3,1,1,1",subsidized_catch_up,32,0
"3,1,2,3,1,1,1",central_cap2,32,0
"3,1,2,3,1,1,1",equity_cap2,32,0
"3,1,2,3,1,1,1",central_full,32,0
"0,1,2,1,0,1,5",bilateral_3pass,65,65
"0,1,2,1,0,1,5",clearinghouse,65,0
"0,1,2,1,0,1,5",public_pool,65,0
"0,1,2,1,0,1,5",subsidized_catch_up,65,0
"0,1,2,1,0,1,5",central_cap2,65,0
"0,1,2,1,0,1,5",equity_cap2,65,0
"0,1,2,1,0,1,5",central_full,65,0
"0,1,2,1,0,0,2",bilateral_3pass,17,17
"0,1,2,1,0,0,2",clearinghouse,17,0
"0,1,2,1,0,0,2",public_pool,17,0
"0,1,2,1,0,0,2",subsidized_catch_up,17,0
"0,1,2,1,0,0,2",central_cap2,17,0
"0,1,2,1,0,0,2",equity_cap2,17,0
"0,1,2,1,0,0,2",central_full,17,0
"2,2,2,1,1,1,1",bilateral_3pass,83,66
"2,2,2,1,1,1,1",clearinghouse,83,2
"2,2,2,1,1,1,1",public_pool,83,4
"2,2,2,1,1,1,1",subsidized_catch_up,83,8
"2,2,2,1,1,1,1",central_cap2,83,1
"2,2,2,1,1,1,1",equity_cap2,83,2
"2,2,2,1,1,1,1",central_full,83,0
"0,2,2,2,0,1,6",bilateral_3pass,6,6
"0,2,2,2,0,1,6",clearinghouse,6,0
"0,2,2,2,0,1,6",public_pool,6,0
"0,2,2,2,0,1,6",subsidized_catch_up,6,0
"0,2,2,2,0,1,6",central_cap2,6,0
"0,2,2,2,0,1,6",equity_cap2,6,0
"0,2,2,2,0,1,6",central_full,6,0
"1,1,1,3,1,1,2",bilateral_3pass,46,46
"1,1,1,3,1,1,2",clearinghouse,46,0
"1,1,1,3,1,1,2",public_pool,46,0
"1,1,1,3,1,1,2",subsidized_catch_up,46,0
"1,1,1,3,1,1,2",central_cap2,46,0
"1,1,1,3,1,1,2",equity_cap2,46,0
"1,1,1,3,1,1,2",central_full,46,0
"3,1,0,2,2,1,0",bilateral_3pass,109,109
"3,1,0,2,2,1,0",clearinghouse,109,0
"3,1,0,2,2,1,0",public_pool,109,0
"3,1,0,2,2,1,0",subsidized_catch_up,109,0
"3,1,0,2,2,1,0",central_cap2,109,0
"3,1,0,2,2,1,0",equity_cap2,109,0
"3,1,0,2,2,1,0",central_full,109,0
"0,1,0,2,0,0,1",bilateral_3pass,106,101
"0,1,0,2,0,0,1",clearinghouse,106,5
"0,1,0,2,0,0,1",public_pool,106,0
"0,1,0,2,0,0,1",subsidized_catch_up,106,0
"0,1,0,2,0,0,1",central_cap2,106,0
"0,1,0,2,0,0,1",equity_cap2,106,0
"0,1,0,2,0,0,1",central_full,106,0
"3,1,2,3,0,1,0",bilateral_3pass,8,8
"3,1,2,3,0,1,0",clearinghouse,8,0
"3,1,2,3,0,1,0",public_pool,8,0
"3,1,2,3,0,1,0",subsidized_catch_up,8,0
"3,1,2,3,0,1,0",central_cap2,8,0
"3,1,2,3,0,1,0",equity_cap2,8,0
"3,1,2,3,0,1,0",central_full,8,0
"3,2,2,3,0,1,0",bilateral_3pass,17,4
"3,2,2,3,0,1,0",clearinghouse,17,12
"3,2,2,3,0,1,0",public_pool,17,0
"3,2,2,3,0,1,0",subsidized_catch_up,17,1
"3,2,2,3,0,1,0",central_cap2,17,0
"3,2,2,3,0,1,0",equity_cap2,17,0
"3,2,2,3,0,1,0",central_full,17,0
"3,2,2,1,0,0,0",bilateral_3pass,6,0
"3,2,2,1,0,0,0",clearinghouse,6,4
"3,2,2,1,0,0,0",public_pool,6,1
"3,2,2,1,0,0,0",subsidized_catch_up,6,0
"3,2,2,1,0,0,0",central_cap2,6,1
"3,2,2,1,0,0,0",equity_cap2,6,0
"3,2,2,1,0,0,0",central_full,6,0
"3,1,2,2,1,1,4",bilateral_3pass,6,6
"3,1,2,2,1,1,4",clearinghouse,6,0
"3,1,2,2,1,1,4",public_pool,6,0
"3,1,2,2,1,1,4",subsidized_catch_up,6,0
"3,1,2,2,1,1,4",central_cap2,6,0
"3,1,2,2,1,1,4",equity_cap2,6,0
"3,1,2,2,1,1,4",central_full,6,0
"0,2,2,1,0,0,1",bilateral_3pass,117,96
"0,2,2,1,0,0,1",clearinghouse,117,7
"0,2,2,1,0,0,1",public_pool,117,2
"0,2,2,1,0,0,1",subsidized_catch_up,117,5
"0,2,2,1,0,0,1",central_cap2,117,3
"0,2,2,1,0,0,1",equity_cap2,117,4
"0,2,2,1,0,0,1",central_full,117,0
"1,1,0,2,0,1,1",bilateral_3pass,32,29
"1,1,0,2,0,1,1",clearinghouse,32,3
"1,1,0,2,0,1,1",public_pool,32,0
"1,1,0,2,0,1,1",subsidized_catch_up,32,0
"1,1,0,2,0,1,1",central_cap2,32,0
"1,1,0,2,0,1,1",equity_cap2,32,0
"1,1,0,2,0,1,1",central_full,32,0
"0,3,1,3,0,1,3",bilateral_3pass,6,0
"0,3,1,3,0,1,3",clearinghouse,6,0
"0,3,1,3,0,1,3",public_pool,6,2
"0,3,1,3,0,1,3",subsidized_catch_up,6,1
"0,3,1,3,0,1,3",central_cap2,6,1
"0,3,1,3,0,1,3",equity_cap2,6,2
"0,3,1,3,0,1,3",central_full,6,0
"3,1,1,1,2,1,2",bilateral_3pass,15,15
"3,1,1,1,2,1,2",clearinghouse,15,0
"3,1,1,1,2,1,2",public_pool,15,0
"3,1,1,1,2,1,2",subsidized_catch_up,15,0
"3,1,1,1,2,1,2",central_cap2,15,0
"3,1,1,1,2,1,2",equity_cap2,15,0
"3,1,1,1,2,1,2",central_full,15,0
"0,1,2,1,0,1,3",bilateral_3pass,147,135
"0,1,2,1,0,1,3",clearinghouse,147,0
"0,1,2,1,0,1,3",public_pool,147,0
"0,1,2,1,0,1,3",subsidized_catch_up,147,12
"0,1,2,1,0,1,3",central_cap2,147,0
"0,1,2,1,0,1,3",equity_cap2,147,0
"0,1,2,1,0,1,3",central_full,147,0
"1,1,1,1,1,2,0",bilateral_3pass,78,78
"1,1,1,1,1,2,0",clearinghouse,78,0
"1,1,1,1,1,2,0",public_pool,78,0
"1,1,1,1,1,2,0",subsidized_catch_up,78,0
"1,1,1,1,1,2,0",central_cap2,78,0
"1,1,1,1,1,2,0",equity_cap2,78,0
"1,1,1,1,1,2,0",central_full,78,0
"3,3,1,3,2,2,0",bilateral_3pass,296,10
"3,3,1,3,2,2,0",clearinghouse,296,245
"3,3,1,3,2,2,0",public_pool,296,8
"3,3,1,3,2,2,0",subsidized_catch_up,296,8
"3,3,1,3,2,2,0",central_cap2,296,7
"3,3,1,3,2,2,0",equity_cap2,296,7
"3,3,1,3,2,2,0",central_full,296,11
"3,2,1,1,2,2,1",bilateral_3pass,185,5
"3,2,1,1,2,2,1",clearinghouse,185,12
"3,2,1,1,2,2,1",public_pool,185,5
"3,2,1,1,2,2,1",subsidized_catch_up,185,158
"3,2,1,1,2,2,1",central_cap2,185,3
"3,2,1,1,2,2,1",equity_cap2,185,2
"3,2,1,1,2,2,1",central_full,185,0
"3,1,0,2,2,2,2",bilateral_3pass,7,7
"3,1,0,2,2,2,2",clearinghouse,7,0
"3,1,0,2,2,2,2",public_pool,7,0
"3,1,0,2,2,2,2",subsidized_catch_up,7,0
"3,1,0,2,2,2,2",central_cap2,7,0
"3,1,0,2,2,2,2",equity_cap2,7,0
"3,1,0,2,2,2,2",central_full,7,0
"0,3,2,3,0,1,0",bilateral_3pass,16,3
"0,3,2,3,0,1,0",clearinghouse,16,1
"0,3,2,3,0,1,0",public_pool,16,0
"0,3,2,3,0,1,0",subsidized_catch_up,16,7
"0,3,2,3,0,1,0",central_cap2,16,4
"0,3,2,3,0,1,0",equity_cap2,16,0
"0,3,2,3,0,1,0",central_full,16,1
"1,3,2,3,0,1,0",bilateral_3pass,188,5
"1,3,2,3,0,1,0",clearinghouse,188,1
"1,3,2,3,0,1,0",public_pool,188,6
"1,3,2,3,0,1,0",subsidized_catch_up,188,159
"1,3,2,3,0,1,0",central_cap2,188,9
"1,3,2,3,0,1,0",equity_cap2,188,3
"1,3,2,3,0,1,0",central_full,188,5
"1,2,1,3,1,1,5",bilateral_3pass,16,1
"1,2,1,3,1,1,5",clearinghouse,16,1
"1,2,1,3,1,1,5",public_pool,16,0
"1,2,1,3,1,1,5",subsidized_catch_up,16,2
"1,2,1,3,1,1,5",central_cap2,16,0
"1,2,1,3,1,1,5",equity_cap2,16,12
"1,2,1,3,1,1,5",central_full,16,0
"1,1,0,2,1,1,3",bilateral_3pass,7,6
"1,1,0,2,1,1,3",clearinghouse,7,0
"1,1,0,2,1,1,3",public_pool,7,0
"1,1,0,2,1,1,3",subsidized_catch_up,7,1
"1,1,0,2,1,1,3",central_cap2,7,0
"1,1,0,2,1,1,3",equity_cap2,7,0
"1,1,0,2,1,1,3",central_full,7,0
"3,1,1,3,2,1,2",bilateral_3pass,42,42
"3,1,1,3,2,1,2",clearinghouse,42,0
"3,1,1,3,2,1,2",public_pool,42,0
"3,1,1,3,2,1,2",subsidized_catch_up,42,0
"3,1,1,3,2,1,2",central_cap2,42,0
"3,1,1,3,2,1,2",equity_cap2,42,0
"3,1,1,3,2,1,2",central_full,42,0
"2,2,2,2,0,2,2",bilateral_3pass,9,8
"2,2,2,2,0,2,2",clearinghouse,9,0
"2,2,2,2,0,2,2",public_pool,9,1
"2,2,2,2,0,2,2",subsidized_catch_up,9,0
"2,2,2,2,0,2,2",central_cap2,9,0
"2,2,2,2,0,2,2",equity_cap2,9,0
"2,2,2,2,0,2,2",central_full,9,0
"2,1,1,1,0,1,5",bilateral_3pass,15,15
"2,1,1,1,0,1,5",clearinghouse,15,0
"2,1,1,1,0,1,5",public_pool,15,0
"2,1,1,1,0,1,5",subsidized_catch_up,15,0
"2,1,1,1,0,1,5",central_cap2,15,0
"2,1,1,1,0,1,5",equity_cap2,15,0
"2,1,1,1,0,1,5",central_full,15,0
"3,1,2,1,0,0,0",bilateral_3pass,3,3
"3,1,2,1,0,0,0",clearinghouse,3,0
"3,1,2,1,0,0,0",public_pool,3,0
"3,1,2,1,0,0,0",subsidized_catch_up,3,0
"3,1,2,1,0,0,0",central_cap2,3,0
"3,1,2,1,0,0,0",equity_cap2,3,0
"3,1,2,1,0,0,0",central_full,3,0
"3,2,2,1,0,1,0",bilateral_3pass,27,2
"3,2,2,1,0,1,0",clearinghouse,27,18
"3,2,2,1,0,1,0",public_pool,27,1
"3,2,2,1,0,1,0",subsidized_catch_up,27,3
"3,2,2,1,0,1,0",central_cap2,27,2
"3,2,2,1,0,1,0",equity_cap2,27,1
"3,2,2,1,0,1,0",central_full,27,0
"3,2,2,1,1,0,1",bilateral_3pass,5,1
"3,2,2,1,1,0,1",clearinghouse,5,0
"3,2,2,1,1,0,1",public_pool,5,0
"3,2,2,1,1,0,1",subsidized_catch_up,5,4
"3,2,2,1,1,0,1",central_cap2,5,0
"3,2,2,1,1,0,1",equity_cap2,5,0
"3,2,2,1,1,0,1",central_full,5,0
"1,2,2,2,0,1,1",bilateral_3pass,91,2
"1,2,2,2,0,1,1",clearinghouse,91,79
"1,2,2,2,0,1,1",public_pool,91,1
"1,2,2,2,0,1,1",subsidized_catch_up,91,6
"1,2,2,2,0,1,1",central_cap2,91,3
"1,2,2,2,0,1,1",equity_cap2,91,0
"1,2,2,2,0,1,1",central_full,91,0
"1,1,2,1,0,2,3",bilateral_3pass,122,111
"1,1,2,1,0,2,3",clearinghouse,122,0
"1,1,2,1,0,2,3",public_pool,122,0
"1,1,2,1,0,2,3",subsidized_catch_up,122,11
"1,1,2,1,0,2,3",central_cap2,122,0
"1,1,2,1,0,2,3",equity_cap2,122,0
"1,1,2,1,0,2,3",central_full,122,0
"2,1,2,2,0,2,0",bilateral_3pass,68,68
"2,1,2,2,0,2,0",clearinghouse,68,0
"2,1,2,2,0,2,0",public_pool,68,0
"2,1,2,2,0,2,0",subsidized_catch_up,68,0
"2,1,2,2,0,2,0",central_cap2,68,0
"2,1,2,2,0,2,0",equity_cap2,68,0
"2,1,2,2,0,2,0",central_full,68,0
"3,2,2,1,2,2,2",bilateral_3pass,15,5
"3,2,2,1,2,2,2",clearinghouse,15,1
"3,2,2,1,2,2,2",public_pool,15,9
"3,2,2,1,2,2,2",subsidized_catch_up,15,0
"3,2,2,1,2,2,2",central_cap2,15,0
"3,2,2,1,2,2,2",equity_cap2,15,0
"3,2,2,1,2,2,2",central_full,15,0
"1,1,2,2,1,1,2",bilateral_3pass,11,11
"1,1,2,2,1,1,2",clearinghouse,11,0
"1,1,2,2,1,1,2",public_pool,11,0
"1,1,2,2,1,1,2",subsidized_catch_up,11,0
"1,1,2,2,1,1,2",central_cap2,11,0
"1,1,2,2,1,1,2",equity_cap2,11,0
"1,1,2,2,1,1,2",central_full,11,0
"1,1,2,2,0,0,2",bilateral_3pass,15,15
"1,1,2,2,0,0,2",clearinghouse,15,0
"1,1,2,2,0,0,2",public_pool,15,0
"1,1,2,2,0,0,2",subsidized_catch_up,15,0
"1,1,2,2,0,0,2",central_cap2,15,0
"1,1,2,2,0,0,2",equity_cap2,15,0
"1,1,2,2,0,0,2",central_full,15,0
"1,1,2,2,1,0,0",bilateral_3pass,38,38
"1,1,2,2,1,0,0",clearinghouse,38,0
"1,1,2,2,1,0,0",public_pool,38,0
"1,1,2,2,1,0,0",subsidized_catch_up,38,0
"1,1,2,2,1,0,0",central_cap2,38,0
"1,1,2,2,1,0,0",equity_cap2,38,0
"1,1,2,2,1,0,0",central_full,38,0
"2,2,2,3,1,0,0",bilateral_3pass,190,15
"2,2,2,3,1,0,0",clearinghouse,190,11
"2,2,2,3,1,0,0",public_pool,190,3
"2,2,2,3,1,0,0",subsidized_catch_up,190,150
"2,2,2,3,1,0,0",central_cap2,190,6
"2,2,2,3,1,0,0",equity_cap2,190,5
"2,2,2,3,1,0,0",central_full,190,0
"2,1,0,3,1,0,5",bilateral_3pass,2,2
"2,1,0,3,1,0,5",clearinghouse,2,0
"2,1,0,3,1,0,5",public_pool,2,0
"2,1,0,3,1,0,5",subsidized_catch_up,2,0
"2,1,0,3,1,0,5",central_cap2,2,0
"2,1,0,3,1,0,5",equity_cap2,2,0
"2,1,0,3,1,0,5",central_full,2,0
"0,1,2,2,0,0,2",bilateral_3pass,31,31
"0,1,2,2,0,0,2",clearinghouse,31,0
"0,1,2,2,0,0,2",public_pool,31,0
"0,1,2,2,0,0,2",subsidized_catch_up,31,0
"0,1,2,2,0,0,2",central_cap2,31,0
"0,1,2,2,0,0,2",equity_cap2,31,0
"0,1,2,2,0,0,2",central_full,31,0
"2,2,1,1,2,1,2",bilateral_3pass,14,0
"2,2,1,1,2,1,2",clearinghouse,14,0
"2,2,1,1,2,1,2",public_pool,14,1
"2,2,1,1,2,1,2",subsidized_catch_up,14,13
"2,2,1,1,2,1,2",central_cap2,14,0
"2,2,1,1,2,1,2",equity_cap2,14,0
"2,2,1,1,2,1,2",central_full,14,0
"3,1,2,2,1,2,1",bilateral_3pass,46,37
"3,1,2,2,1,2,1",clearinghouse,46,9
"3,1,2,2,1,2,1",public_pool,46,0
"3,1,2,2,1,2,1",subsidized_catch_up,46,0
"3,1,2,2,1,2,1",central_cap2,46,0
"3,1,2,2,1,2,1",equity_cap2,46,0
"3,1,2,2,1,2,1",central_full,46,0
"3,2,0,1,1,2,2",bilateral_3pass,4,1
"3,2,0,1,1,2,2",clearinghouse,4,0
"3,2,0,1,1,2,2",public_pool,4,0
"3,2,0,1,1,2,2",subsidized_catch_up,4,3
"3,2,0,1,1,2,2",central_cap2,4,0
"3,2,0,1,1,2,2",equity_cap2,4,0
"3,2,0,1,1,2,2",central_full,4,0
"3,1,2,2,2,1,4",bilateral_3pass,16,16
"3,1,2,2,2,1,4",clearinghouse,16,0
"3,1,2,2,2,1,4",public_pool,16,0
"3,1,2,2,2,1,4",subsidized_catch_up,16,0
"3,1,2,2,2,1,4",central_cap2,16,0
"3,1,2,2,2,1,4",equity_cap2,16,0
"3,1,2,2,2,1,4",central_full,16,0
"1,2,2,2,2,1,0",bilateral_3pass,16,14
"1,2,2,2,2,1,0",clearinghouse,16,1
"1,2,2,2,2,1,0",public_pool,16,0
"1,2,2,2,2,1,0",subsidized_catch_up,16,1
"1,2,2,2,2,1,0",central_cap2,16,0
"1,2,2,2,2,1,0",equity_cap2,16,0
"1,2,2,2,2,1,0",central_full,16,0
"1,1,0,2,1,1,5",bilateral_3pass,3,3
"1,1,0,2,1,1,5",clearinghouse,3,0
"1,1,0,2,1,1,5",public_pool,3,0
"1,1,0,2,1,1,5",subsidized_catch_up,3,0
"1,1,0,2,1,1,5",central_cap2,3,0
"1,1,0,2,1,1,5",equity_cap2,3,0
"1,1,0,2,1,1,5",central_full,3,0
"2,1,2,3,2,0,3",bilateral_3pass,41,35
"2,1,2,3,2,0,3",clearinghouse,41,0
"2,1,2,3,2,0,3",public_pool,41,0
"2,1,2,3,2,0,3",subsidized_catch_up,41,6
"2,1,2,3,2,0,3",central_cap2,41,0
"2,1,2,3,2,0,3",equity_cap2,41,0
"2,1,2,3,2,0,3",central_full,41,0
"3,1,0,2,2,1,2",bilateral_3pass,4,4
"3,1,0,2,2,1,2",clearinghouse,4,0
"3,1,0,2,2,1,2",public_pool,4,0
"3,1,0,2,2,1,2",subsidized_catch_up,4,0
"3,1,0,2,2,1,2",central_cap2,4,0
"3,1,0,2,2,1,2",equity_cap2,4,0
"3,1,0,2,2,1,2",central_full,4,0
"2,1,2,1,0,2,0",bilateral_3pass,88,88
"2,1,2,1,0,2,0",clearinghouse,88,0
"2,1,2,1,0,2,0",public_pool,88,0
"2,1,2,1,0,2,0",subsidized_catch_up,88,0
"2,1,2,1,0,2,0",central_cap2,88,0
"2,1,2,1,0,2,0",equity_cap2,88,0
"2,1,2,1,0,2,0",central_full,88,0
"2,1,1,3,0,2,3",bilateral_3pass,52,46
"2,1,1,3,0,2,3",clearinghouse,52,0
"2,1,1,3,0,2,3",public_pool,52,0
"2,1,1,3,0,2,3",subsidized_catch_up,52,6
"2,1,1,3,0,2,3",central_cap2,52,0
"2,1,1,3,0,2,3",equity_cap2,52,0
"2,1,1,3,0,2,3",central_full,52,0
"0,1,0,3,0,1,1",bilateral_3pass,53,52
"0,1,0,3,0,1,1",clearinghouse,53,1
"0,1,0,3,0,1,1",public_pool,53,0
"0,1,0,3,0,1,1",subsidized_catch_up,53,0
"0,1,0,3,0,1,1",central_cap2,53,0
"0,1,0,3,0,1,1",equity_cap2,53,0
"0,1,0,3,0,1,1",central_full,53,0
"3,1,1,1,1,1,4",bilateral_3pass,17,17
"3,1,1,1,1,1,4",clearinghouse,17,0
"3,1,1,1,1,1,4",public_pool,17,0
"3,1,1,1,1,1,4",subsidized_catch_up,17,0
"3,1,1,1,1,1,4",central_cap2,17,0
"3,1,1,1,1,1,4",equity_cap2,17,0
"3,1,1,1,1,1,4",central_full,17,0
"3,1,1,3,1,0,1",bilateral_3pass,11,11
"3,1,1,3,1,0,1",clearinghouse,11,0
"3,1,1,3,1,0,1",public_pool,11,0
"3,1,1,3,1,0,1",subsidized_catch_up,11,0
"3,1,1,3,1,0,1",central_cap2,11,0
"3,1,1,3,1,0,1",equity_cap2,11,0
"3,1,1,3,1,0,1",central_full,11,0
"0,2,2,1,0,0,3",bilateral_3pass,286,14
"0,2,2,1,0,0,3",clearinghouse,286,18
"0,2,2,1,0,0,3",public_pool,286,8
"0,2,2,1,0,0,3",subsidized_catch_up,286,229
"0,2,2,1,0,0,3",central_cap2,286,7
"0,2,2,1,0,0,3",equity_cap2,286,10
"0,2,2,1,0,0,3",central_full,286,0
"1,2,2,2,0,2,1",bilateral_3pass,40,2
"1,2,2,2,0,2,1",clearinghouse,40,36
"1,2,2,2,0,2,1",public_pool,40,0
"1,2,2,2,0,2,1",subsidized_catch_up,40,1
"1,2,2,2,0,2,1",central_cap2,40,1
"1,2,2,2,0,2,1",equity_cap2,40,0
"1,2,2,2,0,2,1",central_full,40,0
"2,1,1,3,0,1,1",bilateral_3pass,65,62
"2,1,1,3,0,1,1",clearinghouse,65,3
"2,1,1,3,0,1,1",public_pool,65,0
"2,1,1,3,0,1,1",subsidized_catch_up,65,0
"2,1,1,3,0,1,1",central_cap2,65,0
"2,1,1,3,0,1,1",equity_cap2,65,0
"2,1,1,3,0,1,1",central_full,65,0
"0,3,1,1,0,1,3",bilateral_3pass,8,0
"0,3,1,1,0,1,3",clearinghouse,8,5
"0,3,1,1,0,1,3",public_pool,8,0
"0,3,1,1,0,1,3",subsidized_catch_up,8,0
"0,3,1,1,0,1,3",central_cap2,8,1
"0,3,1,1,0,1,3",equity_cap2,8,1
"0,3,1,1,0,1,3",central_full,8,1
"3,1,2,1,2,1,0",bilateral_3pass,264,264
"3,1,2,1,2,1,0",clearinghouse,264,0
"3,1,2,1,2,1,0",public_pool,264,0
"3,1,2,1,2,1,0",subsidized_catch_up,264,0
"3,1,2,1,2,1,0",central_cap2,264,0
"3,1,2,1,2,1,0",equity_cap2,264,0
"3,1,2,1,2,1,0",central_full,264,0
"3,1,2,1,1,1,1",bilateral_3pass,43,36
"3,1,2,1,1,1,1",clearinghouse,43,7
"3,1,2,1,1,1,1",public_pool,43,0
"3,1,2,1,1,1,1",subsidized_catch_up,43,0
"3,1,2,1,1,1,1",central_cap2,43,0
"3,1,2,1,1,1,1",equity_cap2,43,0
"3,1,2,1,1,1,1",central_full,43,0
"0,3,2,1,0,0,3",bilateral_3pass,76,4
"0,3,2,1,0,0,3",clearinghouse,76,5
"0,3,2,1,0,0,3",public_pool,76,6
"0,3,2,1,0,0,3",subsidized_catch_up,76,8
"0,3,2,1,0,0,3",central_cap2,76,6
"0,3,2,1,0,0,3",equity_cap2,76,14
"0,3,2,1,0,0,3",central_full,76,33
"0,1,2,1,0,0,5",bilateral_3pass,161,161
"0,1,2,1,0,0,5",clearinghouse,161,0
"0,1,2,1,0,0,5",public_pool,161,0
"0,1,2,1,0,0,5",subsidized_catch_up,161,0
"0,1,2,1,0,0,5",central_cap2,161,0
"0,1,2,1,0,0,5",equity_cap2,161,0
"0,1,2,1,0,0,5",central_full,161,0
"1,1,2,3,0,2,4",bilateral_3pass,12,12
"1,1,2,3,0,2,4",clearinghouse,12,0
"1,1,2,3,0,2,4",public_pool,12,0
"1,1,2,3,0,2,4",subsidized_catch_up,12,0
"1,1,2,3,0,2,4",central_cap2,12,0
"1,1,2,3,0,2,4",equity_cap2,12,0
"1,1,2,3,0,2,4",central_full,12,0
"1,2,2,2,1,1,3",bilateral_3pass,20,17
"1,2,2,2,1,1,3",clearinghouse,20,3
"1,2,2,2,1,1,3",public_pool,20,0
"1,2,2,2,1,1,3",subsidized_catch_up,20,0
"1,2,2,2,1,1,3",central_cap2,20,0
"1,2,2,2,1,1,3",equity_cap2,20,0
"1,2,2,2,1,1,3",central_full,20,0
"1,1,1,1,1,0,1",bilateral_3pass,34,31
"1,1,1,1,1,0,1",clearinghouse,34,3
"1,1,1,1,1,0,1",public_pool,34,0
"1,1,1,1,1,0,1",subsidized_catch_up,34,0
"1,1,1,1,1,0,1",central_cap2,34,0
"1,1,1,1,1,0,1",equity_cap2,34,0
"1,1,1,1,1,0,1",central_full,34,0
"3,1,1,2,2,0,3",bilateral_3pass,33,23
"3,1,1,2,2,0,3",clearinghouse,33,0
"3,1,1,2,2,0,3",public_pool,33,0
"3,1,1,2,2,0,3",subsidized_catch_up,33,10
"3,1,1,2,2,0,3",central_cap2,33,0
"3,1,1,2,2,0,3",equity_cap2,33,0
"3,1,1,2,2,0,3",central_full,33,0
"2,1,2,2,2,1,3",bilateral_3pass,149,132
"2,1,2,2,2,1,3",clearinghouse,149,0
"2,1,2,2,2,1,3",public_pool,149,0
"2,1,2,2,2,1,3",subsidized_catch_up,149,17
"2,1,2,2,2,1,3",central_cap2,149,0
"2,1,2,2,2,1,3",equity_cap2,149,0
"2,1,2,2,2,1,3",central_full,149,0
"2,1,0,3,2,2,3",bilateral_3pass,16,14
"2,1,0,3,2,2,3",clearinghouse,16,0
"2,1,0,3,2,2,3",public_pool,16,0
"2,1,0,3,2,2,3",subsidized_catch_up,16,2
"2,1,0,3,2,2,3",central_cap2,16,0
"2,1,0,3,2,2,3",equity_cap2,16,0
"2,1,0,3,2,2,3",central_full,16,0
"3,2,1,2,2,1,3",bilateral_3pass,80,68
"3,2,1,2,2,1,3",clearinghouse,80,4
"3,2,1,2,2,1,3",public_pool,80,0
"3,2,1,2,2,1,3",subsidized_catch_up,80,6
"3,2,1,2,2,1,3",central_cap2,80,1
"3,2,1,2,2,1,3",equity_cap2,80,1
"3,2,1,2,2,1,3",central_full,80,0
"1,2,1,3,2,1,0",bilateral_3pass,60,8
"1,2,1,3,2,1,0",clearinghouse,60,7
"1,2,1,3,2,1,0",public_pool,60,0
"1,2,1,3,2,1,0",subsidized_catch_up,60,42
"1,2,1,3,2,1,0",central_cap2,60,2
"1,2,1,3,2,1,0",equity_cap2,60,1
"1,2,1,3,2,1,0",central_full,60,0
"1,2,1,1,2,0,0",bilateral_3pass,6,3
"1,2,1,1,2,0,0",clearinghouse,6,0
"1,2,1,1,2,0,0",public_pool,6,0
"1,2,1,1,2,0,0",subsidized_catch_up,6,0
"1,2,1,1,2,0,0",central_cap2,6,3
"1,2,1,1,2,0,0",equity_cap2,6,0
"1,2,1,1,2,0,0",central_full,6,0
"2,1,1,3,2,1,2",bilateral_3pass,22,22
"2,1,1,3,2,1,2",clearinghouse,22,0
"2,1,1,3,2,1,2",public_pool,22,0
"2,1,1,3,2,1,2",subsidized_catch_up,22,0
"2,1,1,3,2,1,2",central_cap2,22,0
"2,1,1,3,2,1,2",equity_cap2,22,0
"2,1,1,3,2,1,2",central_full,22,0
"3,2,0,1,2,1,3",bilateral_3pass,17,0
"3,2,0,1,2,1,3",clearinghouse,17,6
"3,2,0,1,2,1,3",public_pool,17,5
"3,2,0,1,2,1,3",subsidized_catch_up,17,6
"3,2,0,1,2,1,3",central_cap2,17,0
"3,2,0,1,2,1,3",equity_cap2,17,0
"3,2,0,1,2,1,3",central_full,17,0
"0,1,2,3,0,0,0",bilateral_3pass,67,67
"0,1,2,3,0,0,0",clearinghouse,67,0
"0,1,2,3,0,0,0",public_pool,67,0
"0,1,2,3,0,0,0",subsidized_catch_up,67,0
"0,1,2,3,0,0,0",central_cap2,67,0
"0,1,2,3,0,0,0",equity_cap2,67,0
"0,1,2,3,0,0,0",central_full,67,0
"3,2,2,1,2,2,1",bilateral_3pass,48,38
"3,2,2,1,2,2,1",clearinghouse,48,6
"3,2,2,1,2,2,1",public_pool,48,1
"3,2,2,1,2,2,1",subsidized_catch_up,48,2
"3,2,2,1,2,2,1",central_cap2,48,0
"3,2,2,1,2,2,1",equity_cap2,48,1
"3,2,2,1,2,2,1",central_full,48,0
"0,2,1,3,0,1,3",bilateral_3pass,119,87
"0,2,1,3,0,1,3",clearinghouse,119,9
"0,2,1,3,0,1,3",public_pool,119,3
"0,2,1,3,0,1,3",subsidized_catch_up,119,13
"0,2,1,3,0,1,3",central_cap2,119,3
"0,2,1,3,0,1,3",equity_cap2,119,4
"0,2,1,3,0,1,3",central_full,119,0
"0,1,2,1,0,1,4",bilateral_3pass,43,43
"0,1,2,1,0,1,4",clearinghouse,43,0
"0,1,2,1,0,1,4",public_pool,43,0
"0,1,2,1,0,1,4",subsidized_catch_up,43,0
"0,1,2,1,0,1,4",central_cap2,43,0
"0,1,2,1,0,1,4",equity_cap2,43,0
"0,1,2,1,0,1,4",central_full,43,0
"1,1,1,1,2,2,1",bilateral_3pass,3,3
"1,1,1,1,2,2,1",clearinghouse,3,0
"1,1,1,1,2,2,1",public_pool,3,0
"1,1,1,1,2,2,1",subsidized_catch_up,3,0
"1,1,1,1,2,2,1",central_cap2,3,0
"1,1,1,1,2,2,1",equity_cap2,3,0
"1,1,1,1,2,2,1",central_full,3,0
"2,1,1,2,1,1,2",bilateral_3pass,9,9
"2,1,1,2,1,1,2",clearinghouse,9,0
"2,1,1,2,1,1,2",public_pool,9,0
"2,1,1,2,1,1,2",subsidized_catch_up,9,0
"2,1,1,2,1,1,2",central_cap2,9,0
"2,1,1,2,1,1,2",equity_cap2,9,0
"2,1,1,2,1,1,2",central_full,9,0
"1,2,1,2,0,0,3",bilateral_3pass,42,1
"1,2,1,2,0,0,3",clearinghouse,42,3
"1,2,1,2,0,0,3",public_pool,42,0
"1,2,1,2,0,0,3",subsidized_catch_up,42,37
"1,2,1,2,0,0,3",central_cap2,42,0
"1,2,1,2,0,0,3",equity_cap2,42,1
"1,2,1,2,0,0,3",central_full,42,0
"2,1,2,2,2,2,0",bilateral_3pass,86,86
"2,1,2,2,2,2,0",clearinghouse,86,0
"2,1,2,2,2,2,0",public_pool,86,0
"2,1,2,2,2,2,0",subsidized_catch_up,86,0
"2,1,2,2,2,2,0",central_cap2,86,0
"2,1,2,2,2,2,0",equity_cap2,86,0
"2,1,2,2,2,2,0",central_full,86,0
"1,1,2,1,1,0,4",bilateral_3pass,3,3
"1,1,2,1,1,0,4",clearinghouse,3,0
"1,1,2,1,1,0,4",public_pool,3,0
"1,1,2,1,1,0,4",subsidized_catch_up,3,0
"1,1,2,1,1,0,4",central_cap2,3,0
"1,1,2,1,1,0,4",equity_cap2,3,0
"1,1,2,1,1,0,4",central_full,3,0
"3,1,1,2,2,1,5",bilateral_3pass,26,26
"3,1,1,2,2,1,5",clearinghouse,26,0
"3,1,1,2,2,1,5",public_pool,26,0
"3,1,1,2,2,1,5",subsidized_catch_up,26,0
"3,1,1,2,2,1,5",central_cap2,26,0
"3,1,1,2,2,1,5",equity_cap2,26,0
"3,1,1,2,2,1,5",central_full,26,0
"1,2,1,3,1,1,3",bilateral_3pass,96,10
"1,2,1,3,1,1,3",clearinghouse,96,79
"1,2,1,3,1,1,3",public_pool,96,1
"1,2,1,3,1,1,3",subsidized_catch_up,96,6
"1,2,1,3,1,1,3",central_cap2,96,0
"1,2,1,3,1,1,3",equity_cap2,96,0
"1,2,1,3,1,1,3",central_full,96,0
"2,1,2,2,2,2,1",bilateral_3pass,44,40
"2,1,2,2,2,2,1",clearinghouse,44,4
"2,1,2,2,2,2,1",public_pool,44,0
"2,1,2,2,2,2,1",subsidized_catch_up,44,0
"2,1,2,2,2,2,1",central_cap2,44,0
"2,1,2,2,2,2,1",equity_cap2,44,0
"2,1,2,2,2,2,1",central_full,44,0
"1,2,2,3,1,1,1",bilateral_3pass,52,48
"1,2,2,3,1,1,1",clearinghouse,52,2
"1,2,2,3,1,1,1",public_pool,52,0
"1,2,2,3,1,1,1",subsidized_catch_up,52,2
"1,2,2,3,1,1,1",central_cap2,52,0
"1,2,2,3,1,1,1",equity_cap2,52,0
"1,2,2,3,1,1,1",central_full,52,0
"1,1,2,3,0,0,2",bilateral_3pass,25,25
"1,1,2,3,0,0,2",clearinghouse,25,0
"1,1,2,3,0,0,2",public_pool,25,0
"1,1,2,3,0,0,2",subsidized_catch_up,25,0
"1,1,2,3,0,0,2",central_cap2,25,0
"1,1,2,3,0,0,2",equity_cap2,25,0
"1,1,2,3,0,0,2",central_full,25,0
"2,1,1,1,1,1,2",bilateral_3pass,19,19
"2,1,1,1,1,1,2",clearinghouse,19,0
"2,1,1,1,1,1,2",public_pool,19,0
"2,1,1,1,1,1,2",subsidized_catch_up,19,0
"2,1,1,1,1,1,2",central_cap2,19,0
"2,1,1,1,1,1,2",equity_cap2,19,0
"2,1,1,1,1,1,2",central_full,19,0
"2,1,2,1,2,1,5",bilateral_3pass,20,20
"2,1,2,1,2,1,5",clearinghouse,20,0
"2,1,2,1,2,1,5",public_pool,20,0
"2,1,2,1,2,1,5",subsidized_catch_up,20,0
"2,1,2,1,2,1,5",central_cap2,20,0
"2,1,2,1,2,1,5",equity_cap2,20,0
"2,1,2,1,2,1,5",central_full,20,0
"0,1,0,2,0,0,0",bilateral_3pass,25,25
"0,1,0,2,0,0,0",clearinghouse,25,0
"0,1,0,2,0,0,0",public_pool,25,0
"0,1,0,2,0,0,0",subsidized_catch_up,25,0
"0,1,0,2,0,0,0",central_cap2,25,0
"0,1,0,2,0,0,0",equity_cap2,25,0
"0,1,0,2,0,0,0",central_full,25,0
"2,2,0,3,1,2,0",bilateral_3pass,84,4
"2,2,0,3,1,2,0",clearinghouse,84,63
"2,2,0,3,1,2,0",public_pool,84,2
"2,2,0,3,1,2,0",subsidized_catch_up,84,12
"2,2,0,3,1,2,0",central_cap2,84,2
"2,2,0,3,1,2,0",equity_cap2,84,1
"2,2,0,3,1,2,0",central_full,84,0
"3,1,2,2,2,1,3",bilateral_3pass,155,143
"3,1,2,2,2,1,3",clearinghouse,155,0
"3,1,2,2,2,1,3",public_pool,155,0
"3,1,2,2,2,1,3",subsidized_catch_up,155,12
"3,1,2,2,2,1,3",central_cap2,155,0
"3,1,2,2,2,1,3",equity_cap2,155,0
"3,1,2,2,2,1,3",central_full,155,0
"0,3,0,2,0,0,4",bilateral_3pass,19,1
"0,3,0,2,0,0,4",clearinghouse,19,1
"0,3,0,2,0,0,4",public_pool,19,2
"0,3,0,2,0,0,4",subsidized_catch_up,19,7
"0,3,0,2,0,0,4",central_cap2,19,7
"0,3,0,2,0,0,4",equity_cap2,19,1
"0,3,0,2,0,0,4",central_full,19,0
"0,1,2,2,0,0,0",bilateral_3pass,53,53
"0,1,2,2,0,0,0",clearinghouse,53,0
"0,1,2,2,0,0,0",public_pool,53,0
"0,1,2,2,0,0,0",subsidized_catch_up,53,0
"0,1,2,2,0,0,0",central_cap2,53,0
"0,1,2,2,0,0,0",equity_cap2,53,0
"0,1,2,2,0,0,0",central_full,53,0
"1,2,0,2,0,0,0",bilateral_3pass,55,4
"1,2,0,2,0,0,0",clearinghouse,55,45
"1,2,0,2,0,0,0",public_pool,55,1
"1,2,0,2,0,0,0",subsidized_catch_up,55,4
"1,2,0,2,0,0,0",central_cap2,55,1
"1,2,0,2,0,0,0",equity_cap2,55,0
"1,2,0,2,0,0,0",central_full,55,0
"3,1,0,0,2,2,3",bilateral_3pass,4,4
"3,1,0,0,2,2,3",clearinghouse,4,0
"3,1,0,0,2,2,3",public_pool,4,0
"3,1,0,0,2,2,3",subsidized_catch_up,4,0
"3,1,0,0,2,2,3",central_cap2,4,0
"3,1,0,0,2,2,3",equity_cap2,4,0
"3,1,0,0,2,2,3",central_full,4,0
"3,1,1,2,2,2,2",bilateral_3pass,16,16
"3,1,1,2,2,2,2",clearinghouse,16,0
"3,1,1,2,2,2,2",public_pool,16,0
"3,1,1,2,2,2,2",subsidized_catch_up,16,0
"3,1,1,2,2,2,2",central_cap2,16,0
"3,1,1,2,2,2,2",equity_cap2,16,0
"3,1,1,2,2,2,2",central_full,16,0
"1,1,2,1,0,0,1",bilateral_3pass,39,36
"1,1,2,1,0,0,1",clearinghouse,39,3
"1,1,2,1,0,0,1",public_pool,39,0
"1,1,2,1,0,0,1",subsidized_catch_up,39,0
"1,1,2,1,0,0,1",central_cap2,39,0
"1,1,2,1,0,0,1",equity_cap2,39,0
"1,1,2,1,0,0,1",central_full,39,0
"2,1,1,3,1,1,4",bilateral_3pass,33,33
"2,1,1,3,1,1,4",clearinghouse,33,0
"2,1,1,3,1,1,4",public_pool,33,0
"2,1,1,3,1,1,4",subsidized_catch_up,33,0
"2,1,1,3,1,1,4",central_cap2,33,0
"2,1,1,3,1,1,4",equity_cap2,33,0
"2,1,1,3,1,1,4",central_full,33,0
"3,1,1,2,2,1,3",bilateral_3pass,264,244
"3,1,1,2,2,1,3",clearinghouse,264,0
"3,1,1,2,2,1,3",public_pool,264,0
"3,1,1,2,2,1,3",subsidized_catch_up,264,20
"3,1,1,2,2,1,3",central_cap2,264,0
"3,1,1,2,2,1,3",equity_cap2,264,0
"3,1,1,2,2,1,3",central_full,264,0
"0,3,2,1,0,0,4",bilateral_3pass,27,2
"0,3,2,1,0,0,4",clearinghouse,27,0
"0,3,2,1,0,0,4",public_pool,27,20
"0,3,2,1,0,0,4",subsidized_catch_up,27,1
"0,3,2,1,0,0,4",central_cap2,27,0
"0,3,2,1,0,0,4",equity_cap2,27,2
"0,3,2,1,0,0,4",central_full,27,2
"3,2,1,3,2,2,3",bilateral_3pass,220,184
"3,2,1,3,2,2,3",clearinghouse,220,14
"3,2,1,3,2,2,3",public_pool,220,2
"3,2,1,3,2,2,3",subsidized_catch_up,220,15
"3,2,1,3,2,2,3",central_cap2,220,3
"3,2,1,3,2,2,3",equity_cap2,220,2
"3,2,1,3,2,2,3",central_full,220,0
"0,2,0,3,0,0,6",bilateral_3pass,58,4
"0,2,0,3,0,0,6",clearinghouse,58,31
"0,2,0,3,0,0,6",public_pool,58,9
"0,2,0,3,0,0,6",subsidized_catch_up,58,5
"0,2,0,3,0,0,6",central_cap2,58,5
"0,2,0,3,0,0,6",equity_cap2,58,1
"0,2,0,3,0,0,6",central_full,58,3
"2,1,2,1,2,0,4",bilateral_3pass,5,5
"2,1,2,1,2,0,4",clearinghouse,5,0
"2,1,2,1,2,0,4",public_pool,5,0
"2,1,2,1,2,0,4",subsidized_catch_up,5,0
"2,1,2,1,2,0,4",central_cap2,5,0
"2,1,2,1,2,0,4",equity_cap2,5,0
"2,1,2,1,2,0,4",central_full,5,0
"0,1,0,3,0,0,5",bilateral_3pass,26,26
"0,1,0,3,0,0,5",clearinghouse,26,0
"0,1,0,3,0,0,5",public_pool,26,0
"0,1,0,3,0,0,5",subsidized_catch_up,26,0
"0,1,0,3,0,0,5",central_cap2,26,0
"0,1,0,3,0,0,5",equity_cap2,26,0
"0,1,0,3,0,0,5",central_full,26,0
"1,1,0,3,0,0,0",bilateral_3pass,21,21
"1,1,0,3,0,0,0",clearinghouse,21,0
"1,1,0,3,0,0,0",public_pool,21,0
"1,1,0,3,0,0,0",subsidized_catch_up,21,0
"1,1,0,3,0,0,0",central_cap2,21,0
"1,1,0,3,0,0,0",equity_cap2,21,0
"1,1,0,3,0,0,0",central_full,21,0
"1,2,2,3,0,2,0",bilateral_3pass,463,351
"1,2,2,3,0,2,0",clearinghouse,463,37
"1,2,2,3,0,2,0",public_pool,463,14
"1,2,2,3,0,2,0",subsidized_catch_up,463,43
"1,2,2,3,0,2,0",central_cap2,463,7
"1,2,2,3,0,2,0",equity_cap2,463,11
"1,2,2,3,0,2,0",central_full,463,0
"1,1,2,2,0,2,1",bilateral_3pass,79,73
"1,1,2,2,0,2,1",clearinghouse,79,6
"1,1,2,2,0,2,1",public_pool,79,0
"1,1,2,2,0,2,1",subsidized_catch_up,79,0
"1,1,2,2,0,2,1",central_cap2,79,0
"1,1,2,2,0,2,1",equity_cap2,79,0
"1,1,2,2,0,2,1",central_full,79,0
"0,2,2,2,0,0,1",bilateral_3pass,125,92
"0,2,2,2,0,0,1",clearinghouse,125,9
"0,2,2,2,0,0,1",public_pool,125,4
"0,2,2,2,0,0,1",subsidized_catch_up,125,9
"0,2,2,2,0,0,1",central_cap2,125,5
"0,2,2,2,0,0,1",equity_cap2,125,6
"0,2,2,2,0,0,1",central_full,125,0
"1,1,1,1,0,0,5",bilateral_3pass,13,13
"1,1,1,1,0,0,5",clearinghouse,13,0
"1,1,1,1,0,0,5",public_pool,13,0
"1,1,1,1,0,0,5",subsidized_catch_up,13,0
"1,1,1,1,0,0,5",central_cap2,13,0
"1,1,1,1,0,0,5",equity_cap2,13,0
"1,1,1,1,0,0,5",central_full,13,0
"0,3,2,1,0,1,3",bilateral_3pass,1,0
"0,3,2,1,0,1,3",clearinghouse,1,0
"0,3,2,1,0,1,3",public_pool,1,0
"0,3,2,1,0,1,3",subsidized_catch_up,1,1
"0,3,2,1,0,1,3",central_cap2,1,0
"0,3,2,1,0,1,3",equity_cap2,1,0
"0,3,2,1,0,1,3",central_full,1,0
"1,2,1,3,0,1,1",bilateral_3pass,121,9
"1,2,1,3,0,1,1",clearinghouse,121,12
"1,2,1,3,0,1,1",public_pool,121,3
"1,2,1,3,0,1,1",subsidized_catch_up,121,91
"1,2,1,3,0,1,1",central_cap2,121,1
"1,2,1,3,0,1,1",equity_cap2,121,5
"1,2,1,3,0,1,1",central_full,121,0
"3,2,0,2,2,1,3",bilateral_3pass,23,0
"3,2,0,2,2,1,3",clearinghouse,23,21
"3,2,0,2,2,1,3",public_pool,23,0
"3,2,0,2,2,1,3",subsidized_catch_up,23,2
"3,2,0,2,2,1,3",central_cap2,23,0
"3,2,0,2,2,1,3",equity_cap2,23,0
"3,2,0,2,2,1,3",central_full,23,0
"0,2,0,2,0,0,4",bilateral_3pass,46,32
"0,2,0,2,0,0,4",clearinghouse,46,1
"0,2,0,2,0,0,4",public_pool,46,2
"0,2,0,2,0,0,4",subsidized_catch_up,46,5
"0,2,0,2,0,0,4",central_cap2,46,4
"0,2,0,2,0,0,4",equity_cap2,46,2
"0,2,0,2,0,0,4",central_full,46,0
"1,1,0,2,0,2,1",bilateral_3pass,2,2
"1,1,0,2,0,2,1",clearinghouse,2,0
"1,1,0,2,0,2,1",public_pool,2,0
"1,1,0,2,0,2,1",subsidized_catch_up,2,0
"1,1,0,2,0,2,1",central_cap2,2,0
"1,1,0,2,0,2,1",equity_cap2,2,0
"1,1,0,2,0,2,1",central_full,2,0
"3,1,2,3,2,2,5",bilateral_3pass,10,10
"3,1,2,3,2,2,5",clearinghouse,10,0
"3,1,2,3,2,2,5",public_pool,10,0
"3,1,2,3,2,2,5",subsidized_catch_up,10,0
"3,1,2,3,2,2,5",central_cap2,10,0
"3,1,2,3,2,2,5",equity_cap2,10,0
"3,1,2,3,2,2,5",central_full,10,0
"0,1,2,2,0,0,4",bilateral_3pass,40,40
"0,1,2,2,0,0,4",clearinghouse,40,0
"0,1,2,2,0,0,4",public_pool,40,0
"0,1,2,2,0,0,4",subsidized_catch_up,40,0
"0,1,2,2,0,0,4",central_cap2,40,0
"0,1,2,2,0,0,4",equity_cap2,40,0
"0,1,2,2,0,0,4",central_full,40,0
"1,1,2,2,0,2,5",bilateral_3pass,9,9
"1,1,2,2,0,2,5",clearinghouse,9,0
"1,1,2,2,0,2,5",public_pool,9,0
"1,1,2,2,0,2,5",subsidized_catch_up,9,0
"1,1,2,2,0,2,5",central_cap2,9,0
"1,1,2,2,0,2,5",equity_cap2,9,0
"1,1,2,2,0,2,5",central_full,9,0
"3,2,1,1,2,2,3",bilateral_3pass,244,19
"3,2,1,1,2,2,3",clearinghouse,244,203
"3,2,1,1,2,2,3",public_pool,244,3
"3,2,1,1,2,2,3",subsidized_catch_up,244,16
"3,2,1,1,2,2,3",central_cap2,244,1
"3,2,1,1,2,2,3",equity_cap2,244,2
"3,2,1,1,2,2,3",central_full,244,0
"3,2,2,2,0,2,0",bilateral_3pass,37,23
"3,2,2,2,0,2,0",clearinghouse,37,9
"3,2,2,2,0,2,0",public_pool,37,1
"3,2,2,2,0,2,0",subsidized_catch_up,37,3
"3,2,2,2,0,2,0",central_cap2,37,0
"3,2,2,2,0,2,0",equity_cap2,37,1
"3,2,2,2,0,2,0",central_full,37,0
"1,1,1,3,1,1,5",bilateral_3pass,36,36
"1,1,1,3,1,1,5",clearinghouse,36,0
"1,1,1,3,1,1,5",public_pool,36,0
"1,1,1,3,1,1,5",subsidized_catch_up,36,0
"1,1,1,3,1,1,5",central_cap2,36,0
"1,1,1,3,1,1,5",equity_cap2,36,0
"1,1,1,3,1,1,5",central_full,36,0
"1,1,0,3,0,1,0",bilateral_3pass,38,38
"1,1,0,3,0,1,0",clearinghouse,38,0
"1,1,0,3,0,1,0",public_pool,38,0
"1,1,0,3,0,1,0",subsidized_catch_up,38,0
"1,1,0,3,0,1,0",central_cap2,38,0
"1,1,0,3,0,1,0",equity_cap2,38,0
"1,1,0,3,0,1,0",central_full,38,0
"2,1,2,1,1,1,5",bilateral_3pass,34,34
"2,1,2,1,1,1,5",clearinghouse,34,0
"2,1,2,1,1,1,5",public_pool,34,0
"2,1,2,1,1,1,5",subsidized_catch_up,34,0
"2,1,2,1,1,1,5",central_cap2,34,0
"2,1,2,1,1,1,5",equity_cap2,34,0
"2,1,2,1,1,1,5",central_full,34,0
"2,1,2,1,2,0,6",bilateral_3pass,2,2
"2,1,2,1,2,0,6",clearinghouse,2,0
"2,1,2,1,2,0,6",public_pool,2,0
"2,1,2,1,2,0,6",subsidized_catch_up,2,0
"2,1,2,1,2,0,6",central_cap2,2,0
"2,1,2,1,2,0,6",equity_cap2,2,0
"2,1,2,1,2,0,6",central_full,2,0
"0,2,0,3,0,1,1",bilateral_3pass,5,1
"0,2,0,3,0,1,1",clearinghouse,5,0
"0,2,0,3,0,1,1",public_pool,5,0
"0,2,0,3,0,1,1",subsidized_catch_up,5,3
"0,2,0,3,0,1,1",central_cap2,5,1
"0,2,0,3,0,1,1",equity_cap2,5,0
"0,2,0,3,0,1,1",central_full,5,0
"3,1,1,1,2,0,5",bilateral_3pass,9,9
"3,1,1,1,2,0,5",clearinghouse,9,0
"3,1,1,1,2,0,5",public_pool,9,0
"3,1,1,1,2,0,5",subsidized_catch_up,9,0
"3,1,1,1,2,0,5",central_cap2,9,0
"3,1,1,1,2,0,5",equity_cap2,9,0
"3,1,1,1,2,0,5",central_full,9,0
"1,2,1,2,0,2,3",bilateral_3pass,23,1
"1,2,1,2,0,2,3",clearinghouse,23,21
"1,2,1,2,0,2,3",public_pool,23,0
"1,2,1,2,0,2,3",subsidized_catch_up,23,1
"1,2,1,2,0,2,3",central_cap2,23,0
"1,2,1,2,0,2,3",equity_cap2,23,0
"1,2,1,2,0,2,3",central_full,23,0
"2,1,0,2,1,2,1",bilateral_3pass,14,14
"2,1,0,2,1,2,1",clearinghouse,14,0
"2,1,0,2,1,2,1",public_pool,14,0
"2,1,0,2,1,2,1",subsidized_catch_up,14,0
"2,1,0,2,1,2,1",central_cap2,14,0
"2,1,0,2,1,2,1",equity_cap2,14,0
"2,1,0,2,1,2,1",central_full,14,0
"0,1,2,1,0,0,3",bilateral_3pass,81,75
"0,1,2,1,0,0,3",clearinghouse,81,0
"0,1,2,1,0,0,3",public_pool,81,0
"0,1,2,1,0,0,3",subsidized_catch_up,81,6
"0,1,2,1,0,0,3",central_cap2,81,0
"0,1,2,1,0,0,3",equity_cap2,81,0
"0,1,2,1,0,0,3",central_full,81,0
"0,2,1,3,0,1,1",bilateral_3pass,70,47
"0,2,1,3,0,1,1",clearinghouse,70,3
"0,2,1,3,0,1,1",public_pool,70,2
"0,2,1,3,0,1,1",subsidized_catch_up,70,12
"0,2,1,3,0,1,1",central_cap2,70,3
"0,2,1,3,0,1,1",equity_cap2,70,3
"0,2,1,3,0,1,1",central_full,70,0
"2,2,1,2,1,2,3",bilateral_3pass,100,83
"2,2,1,2,1,2,3",clearinghouse,100,4
"2,2,1,2,1,2,3",public_pool,100,0
"2,2,1,2,1,2,3",subsidized_catch_up,100,9
"2,2,1,2,1,2,3",central_cap2,100,3
"2,2,1,2,1,2,3",equity_cap2,100,1
"2,2,1,2,1,2,3",central_full,100,0
"1,1,1,3,0,1,4",bilateral_3pass,50,50
"1,1,1,3,0,1,4",clearinghouse,50,0
"1,1,1,3,0,1,4",public_pool,50,0
"1,1,1,3,0,1,4",subsidized_catch_up,50,0
"1,1,1,3,0,1,4",central_cap2,50,0
"1,1,1,3,0,1,4",equity_cap2,50,0
"1,1,1,3,0,1,4",central_full,50,0
"3,1,1,3,1,1,2",bilateral_3pass,9,9
"3,1,1,3,1,1,2",clearinghouse,9,0
"3,1,1,3,1,1,2",public_pool,9,0
"3,1,1,3,1,1,2",subsidized_catch_up,9,0
"3,1,1,3,1,1,2",central_cap2,9,0
"3,1,1,3,1,1,2",equity_cap2,9,0
"3,1,1,3,1,1,2",central_full,9,0
"0,2,1,1,0,1,6",bilateral_3pass,28,3
"0,2,1,1,0,1,6",clearinghouse,28,3
"0,2,1,1,0,1,6",public_pool,28,0
"0,2,1,1,0,1,6",subsidized_catch_up,28,16
"0,2,1,1,0,1,6",central_cap2,28,5
"0,2,1,1,0,1,6",equity_cap2,28,1
"0,2,1,1,0,1,6",central_full,28,0
"1,1,2,3,0,2,1",bilateral_3pass,59,55
"1,1,2,3,0,2,1",clearinghouse,59,4
"1,1,2,3,0,2,1",public_pool,59,0
"1,1,2,3,0,2,1",subsidized_catch_up,59,0
"1,1,2,3,0,2,1",central_cap2,59,0
"1,1,2,3,0,2,1",equity_cap2,59,0
"1,1,2,3,0,2,1",central_full,59,0
"2,2,2,3,1,2,1",bilateral_3pass,47,43
"2,2,2,3,1,2,1",clearinghouse,47,1
"2,2,2,3,1,2,1",public_pool,47,0
"2,2,2,3,1,2,1",subsidized_catch_up,47,3
"2,2,2,3,1,2,1",central_cap2,47,0
"2,2,2,3,1,2,1",equity_cap2,47,0
"2,2,2,3,1,2,1",central_full,47,0
"3,1,2,2,1,2,2",bilateral_3pass,3,3
"3,1,2,2,1,2,2",clearinghouse,3,0
"3,1,2,2,1,2,2",public_pool,3,0
"3,1,2,2,1,2,2",subsidized_catch_up,3,0
"3,1,2,2,1,2,2",central_cap2,3,0
"3,1,2,2,1,2,2",equity_cap2,3,0
"3,1,2,2,1,2,2",central_full,3,0
"1,2,2,3,2,1,0",bilateral_3pass,20,13
"1,2,2,3,2,1,0",clearinghouse,20,1
"1,2,2,3,2,1,0",public_pool,20,2
"1,2,2,3,2,1,0",subsidized_catch_up,20,4
"1,2,2,3,2,1,0",central_cap2,20,0
"1,2,2,3,2,1,0",equity_cap2,20,0
"1,2,2,3,2,1,0",central_full,20,0
"1,1,1,2,2,1,3",bilateral_3pass,1,1
"1,1,1,2,2,1,3",clearinghouse,1,0
"1,1,1,2,2,1,3",public_pool,1,0
"1,1,1,2,2,1,3",subsidized_catch_up,1,0
"1,1,1,2,2,1,3",central_cap2,1,0
"1,1,1,2,2,1,3",equity_cap2,1,0
"1,1,1,2,2,1,3",central_full,1,0
"2,1,1,1,2,0,4",bilateral_3pass,4,4
"2,1,1,1,2,0,4",clearinghouse,4,0
"2,1,1,1,2,0,4",public_pool,4,0
"2,1,1,1,2,0,4",subsidized_catch_up,4,0
"2,1,1,1,2,0,4",central_cap2,4,0
"2,1,1,1,2,0,4",equity_cap2,4,0
"2,1,1,1,2,0,4",central_full,4,0
"2,1,0,1,1,2,3",bilateral_3pass,25,25
"2,1,0,1,1,2,3",clearinghouse,25,0
"2,1,0,1,1,2,3",public_pool,25,0
"2,1,0,1,1,2,3",subsidized_catch_up,25,0
"2,1,0,1,1,2,3",central_cap2,25,0
"2,1,0,1,1,2,3",equity_cap2,25,0
"2,1,0,1,1,2,3",central_full,25,0
"3,1,0,1,0,1,0",bilateral_3pass,2,2
"3,1,0,1,0,1,0",clearinghouse,2,0
"3,1,0,1,0,1,0",public_pool,2,0
"3,1,0,1,0,1,0",subsidized_catch_up,2,0
"3,1,0,1,0,1,0",central_cap2,2,0
"3,1,0,1,0,1,0",equity_cap2,2,0
"3,1,0,1,0,1,0",central_full,2,0
"3,1,1,3,1,1,5",bilateral_3pass,13,13
"3,1,1,3,1,1,5",clearinghouse,13,0
"3,1,1,3,1,1,5",public_pool,13,0
"3,1,1,3,1,1,5",subsidized_catch_up,13,0
"3,1,1,3,1,1,5",central_cap2,13,0
"3,1,1,3,1,1,5",equity_cap2,13,0
"3,1,1,3,1,1,5",central_full,13,0
"2,1,1,3,2,0,1",bilateral_3pass,40,38
"2,1,1,3,2,0,1",clearinghouse,40,2
"2,1,1,3,2,0,1",public_pool,40,0
"2,1,1,3,2,0,1",subsidized_catch_up,40,0
"2,1,1,3,2,0,1",central_cap2,40,0
"2,1,1,3,2,0,1",equity_cap2,40,0
"2,1,1,3,2,0,1",central_full,40,0
"2,1,2,3,0,2,0",bilateral_3pass,36,36
"2,1,2,3,0,2,0",clearinghouse,36,0
"2,1,2,3,0,2,0",public_pool,36,0
"2,1,2,3,0,2,0",subsidized_catch_up,36,0
"2,1,2,3,0,2,0",central_cap2,36,0
"2,1,2,3,0,2,0",equity_cap2,36,0
"2,1,2,3,0,2,0",central_full,36,0
"3,1,2,2,2,0,5",bilateral_3pass,3,3
"3,1,2,2,2,0,5",clearinghouse,3,0
"3,1,2,2,2,0,5",public_pool,3,0
"3,1,2,2,2,0,5",subsidized_catch_up,3,0
"3,1,2,2,2,0,5",central_cap2,3,0
"3,1,2,2,2,0,5",equity_cap2,3,0
"3,1,2,2,2,0,5",central_full,3,0
"1,3,2,1,0,2,0",bilateral_3pass,44,0
"1,3,2,1,0,2,0",clearinghouse,44,0
"1,3,2,1,0,2,0",public_pool,44,2
"1,3,2,1,0,2,0",subsidized_catch_up,44,2
"1,3,2,1,0,2,0",central_cap2,44,39
"1,3,2,1,0,2,0",equity_cap2,44,0
"1,3,2,1,0,2,0",central_full,44,1
"1,2,2,2,0,1,4",bilateral_3pass,13,8
"1,2,2,2,0,1,4",clearinghouse,13,2
"1,2,2,2,0,1,4",public_pool,13,0
"1,2,2,2,0,1,4",subsidized_catch_up,13,2
"1,2,2,2,0,1,4",central_cap2,13,1
"1,2,2,2,0,1,4",equity_cap2,13,0
"1,2,2,2,0,1,4",central_full,13,0
"2,1,2,1,2,2,1",bilateral_3pass,37,35
"2,1,2,1,2,2,1",clearinghouse,37,2
"2,1,2,1,2,2,1",public_pool,37,0
"2,1,2,1,2,2,1",subsidized_catch_up,37,0
"2,1,2,1,2,2,1",central_cap2,37,0
"2,1,2,1,2,2,1",equity_cap2,37,0
"2,1,2,1,2,2,1",central_full,37,0
"1,1,0,3,0,0,1",bilateral_3pass,20,20
"1,1,0,3,0,0,1",clearinghouse,20,0
"1,1,0,3,0,0,1",public_pool,20,0
"1,1,0,3,0,0,1",subsidized_catch_up,20,0
"1,1,0,3,0,0,1",central_cap2,20,0
"1,1,0,3,0,0,1",equity_cap2,20,0
"1,1,0,3,0,0,1",central_full,20,0
"2,1,2,1,0,0,4",bilateral_3pass,5,5
"2,1,2,1,0,0,4",clearinghouse,5,0
"2,1,2,1,0,0,4",public_pool,5,0
"2,1,2,1,0,0,4",subsidized_catch_up,5,0
"2,1,2,1,0,0,4",central_cap2,5,0
"2,1,2,1,0,0,4",equity_cap2,5,0
"2,1,2,1,0,0,4",central_full,5,0
"3,2,1,2,1,1,3",bilateral_3pass,28,25
"3,2,1,2,1,1,3",clearinghouse,28,1
"3,2,1,2,1,1,3",public_pool,28,0
"3,2,1,2,1,1,3",subsidized_catch_up,28,1
"3,2,1,2,1,1,3",central_cap2,28,0
"3,2,1,2,1,1,3",equity_cap2,28,1
"3,2,1,2,1,1,3",central_full,28,0
"3,2,2,2,2,2,3",bilateral_3pass,66,3
"3,2,2,2,2,2,3",clearinghouse,66,53
"3,2,2,2,2,2,3",public_pool,66,0
"3,2,2,2,2,2,3",subsidized_catch_up,66,8
"3,2,2,2,2,2,3",central_cap2,66,1
"3,2,2,2,2,2,3",equity_cap2,66,1
"3,2,2,2,2,2,3",central_full,66,0
"3,1,0,0,1,2,0",bilateral_3pass,4,4
"3,1,0,0,1,2,0",clearinghouse,4,0
"3,1,0,0,1,2,0",public_pool,4,0
"3,1,0,0,1,2,0",subsidized_catch_up,4,0
"3,1,0,0,1,2,0",central_cap2,4,0
"3,1,0,0,1,2,0",equity_cap2,4,0
"3,1,0,0,1,2,0",central_full,4,0
"2,1,1,1,2,1,2",bilateral_3pass,9,9
"2,1,1,1,2,1,2",clearinghouse,9,0
"2,1,1,1,2,1,2",public_pool,9,0
"2,1,1,1,2,1,2",subsidized_catch_up,9,0
"2,1,1,1,2,1,2",central_cap2,9,0
"2,1,1,1,2,1,2",equity_cap2,9,0
"2,1,1,1,2,1,2",central_full,9,0
"0,2,1,1,0,1,2",bilateral_3pass,47,33
"0,2,1,1,0,1,2",clearinghouse,47,5
"0,2,1,1,0,1,2",public_pool,47,3
"0,2,1,1,0,1,2",subsidized_catch_up,47,4
"0,2,1,1,0,1,2",central_cap2,47,1
"0,2,1,1,0,1,2",equity_cap2,47,1
"0,2,1,1,0,1,2",central_full,47,0
"1,2,1,2,1,1,1",bilateral_3pass,56,52
"1,2,1,2,1,1,1",clearinghouse,56,2
"1,2,1,2,1,1,1",public_pool,56,0
"1,2,1,2,1,1,1",subsidized_catch_up,56,1
"1,2,1,2,1,1,1",central_cap2,56,1
"1,2,1,2,1,1,1",equity_cap2,56,0
"1,2,1,2,1,1,1",central_full,56,0
"1,2,1,1,0,0,3",bilateral_3pass,69,2
"1,2,1,1,0,0,3",clearinghouse,69,58
"1,2,1,1,0,0,3",public_pool,69,1
"1,2,1,1,0,0,3",subsidized_catch_up,69,5
"1,2,1,1,0,0,3",central_cap2,69,0
"1,2,1,1,0,0,3",equity_cap2,69,3
"1,2,1,1,0,0,3",central_full,69,0
"3,1,1,1,0,0,0",bilateral_3pass,1,1
"3,1,1,1,0,0,0",clearinghouse,1,0
"3,1,1,1,0,0,0",public_pool,1,0
"3,1,1,1,0,0,0",subsidized_catch_up,1,0
"3,1,1,1,0,0,0",central_cap2,1,0
"3,1,1,1,0,0,0",equity_cap2,1,0
"3,1,1,1,0,0,0",central_full,1,0
"3,2,2,3,1,0,0",bilateral_3pass,45,5
"3,2,2,3,1,0,0",clearinghouse,45,34
"3,2,2,3,1,0,0",public_pool,45,2
"3,2,2,3,1,0,0",subsidized_catch_up,45,1
"3,2,2,3,1,0,0",central_cap2,45,2
"3,2,2,3,1,0,0",equity_cap2,45,1
"3,2,2,3,1,0,0",central_full,45,0
"3,3,1,1,1,1,0",bilateral_3pass,31,0
"3,3,1,1,1,1,0",clearinghouse,31,29
"3,3,1,1,1,1,0",public_pool,31,1
"3,3,1,1,1,1,0",subsidized_catch_up,31,0
"3,3,1,1,1,1,0",central_cap2,31,1
"3,3,1,1,1,1,0",equity_cap2,31,0
"3,3,1,1,1,1,0",central_full,31,0
"2,2,1,1,1,2,2",bilateral_3pass,75,60
"2,2,1,1,1,2,2",clearinghouse,75,3
"2,2,1,1,1,2,2",public_pool,75,6
"2,2,1,1,1,2,2",subsidized_catch_up,75,4
"2,2,1,1,1,2,2",central_cap2,75,1
"2,2,1,1,1,2,2",equity_cap2,75,1
"2,2,1,1,1,2,2",central_full,75,0
"2,2,0,2,1,2,2",bilateral_3pass,6,0
"2,2,0,2,1,2,2",clearinghouse,6,0
"2,2,0,2,1,2,2",public_pool,6,6
"2,2,0,2,1,2,2",subsidized_catch_up,6,0
"2,2,0,2,1,2,2",central_cap2,6,0
"2,2,0,2,1,2,2",equity_cap2,6,0
"2,2,0,2,1,2,2",central_full,6,0
"2,2,2,2,1,2,2",bilateral_3pass,29,1
"2,2,2,2,1,2,2",clearinghouse,29,1
"2,2,2,2,1,2,2",public_pool,29,4
"2,2,2,2,1,2,2",subsidized_catch_up,29,19
"2,2,2,2,1,2,2",central_cap2,29,0
"2,2,2,2,1,2,2",equity_cap2,29,4
"2,2,2,2,1,2,2",central_full,29,0
"3,1,0,1,1,2,5",bilateral_3pass,7,7
"3,1,0,1,1,2,5",clearinghouse,7,0
"3,1,0,1,1,2,5",public_pool,7,0
"3,1,0,1,1,2,5",subsidized_catch_up,7,0
"3,1,0,1,1,2,5",central_cap2,7,0
"3,1,0,1,1,2,5",equity_cap2,7,0
"3,1,0,1,1,2,5",central_full,7,0
"3,1,0,3,2,0,0",bilateral_3pass,29,29
"3,1,0,3,2,0,0",clearinghouse,29,0
"3,1,0,3,2,0,0",public_pool,29,0
"3,1,0,3,2,0,0",subsidized_catch_up,29,0
"3,1,0,3,2,0,0",central_cap2,29,0
"3,1,0,3,2,0,0",equity_cap2,29,0
"3,1,0,3,2,0,0",central_full,29,0
"3,2,2,3,2,2,3",bilateral_3pass,79,68
"3,2,2,3,2,2,3",clearinghouse,79,8
"3,2,2,3,2,2,3",public_pool,79,1
"3,2,2,3,2,2,3",subsidized_catch_up,79,2
"3,2,2,3,2,2,3",central_cap2,79,0
"3,2,2,3,2,2,3",equity_cap2,79,0
"3,2,2,3,2,2,3",central_full,79,0
"3,1,2,1,1,2,3",bilateral_3pass,83,74
"3,1,2,1,1,2,3",clearinghouse,83,0
"3,1,2,1,1,2,3",public_pool,83,0
"3,1,2,1,1,2,3",subsidized_catch_up,83,9
"3,1,2,1,1,2,3",central_cap2,83,0
"3,1,2,1,1,2,3",equity_cap2,83,0
"3,1,2,1,1,2,3",central_full,83,0
"2,2,1,3,0,2,0",bilateral_3pass,148,106
"2,2,1,3,0,2,0",clearinghouse,148,15
"2,2,1,3,0,2,0",public_pool,148,3
"2,2,1,3,0,2,0",subsidized_catch_up,148,12
"2,2,1,3,0,2,0",central_cap2,148,8
"2,2,1,3,0,2,0",equity_cap2,148,4
"2,2,1,3,0,2,0",central_full,148,0
"2,1,2,1,0,0,0",bilateral_3pass,40,40
"2,1,2,1,0,0,0",clearinghouse,40,0
"2,1,2,1,0,0,0",public_pool,40,0
"2,1,2,1,0,0,0",subsidized_catch_up,40,0
"2,1,2,1,0,0,0",central_cap2,40,0
"2,1,2,1,0,0,0",equity_cap2,40,0
"2,1,2,1,0,0,0",central_full,40,0
"3,1,0,3,0,2,3",bilateral_3pass,4,4
"3,1,0,3,0,2,3",clearinghouse,4,0
"3,1,0,3,0,2,3",public_pool,4,0
"3,1,0,3,0,2,3",subsidized_catch_up,4,0
"3,1,0,3,0,2,3",central_cap2,4,0
"3,1,0,3,0,2,3",equity_cap2,4,0
"3,1,0,3,0,2,3",central_full,4,0
"3,1,2,1,1,0,3",bilateral_3pass,18,17
"3,1,2,1,1,0,3",clearinghouse,18,0
"3,1,2,1,1,0,3",public_pool,18,0
"3,1,2,1,1,0,3",subsidized_catch_up,18,1
"3,1,2,1,1,0,3",central_cap2,18,0
"3,1,2,1,1,0,3",equity_cap2,18,0
"3,1,2,1,1,0,3",central_full,18,0
"1,2,2,1,1,0,1",bilateral_3pass,9,4
"1,2,2,1,1,0,1",clearinghouse,9,0
"1,2,2,1,1,0,1",public_pool,9,5
"1,2,2,1,1,0,1",subsidized_catch_up,9,0
"1,2,2,1,1,0,1",central_cap2,9,0
"1,2,2,1,1,0,1",equity_cap2,9,0
"1,2,2,1,1,0,1",central_full,9,0
"2,1,1,3,1,2,2",bilateral_3pass,21,21
"2,1,1,3,1,2,2",clearinghouse,21,0
"2,1,1,3,1,2,2",public_pool,21,0
"2,1,1,3,1,2,2",subsidized_catch_up,21,0
"2,1,1,3,1,2,2",central_cap2,21,0
"2,1,1,3,1,2,2",equity_cap2,21,0
"2,1,1,3,1,2,2",central_full,21,0
"0,1,0,1,0,1,5",bilateral_3pass,5,5
"0,1,0,1,0,1,5",clearinghouse,5,0
"0,1,0,1,0,1,5",public_pool,5,0
"0,1,0,1,0,1,5",subsidized_catch_up,5,0
"0,1,0,1,0,1,5",central_cap2,5,0
"0,1,0,1,0,1,5",equity_cap2,5,0
"0,1,0,1,0,1,5",central_full,5,0
"2,1,2,1,1,2,5",bilateral_3pass,26,26
"2,1,2,1,1,2,5",clearinghouse,26,0
"2,1,2,1,1,2,5",public_pool,26,0
"2,1,2,1,1,2,5",subsidized_catch_up,26,0
"2,1,2,1,1,2,5",central_cap2,26,0
"2,1,2,1,1,2,5",equity_cap2,26,0
"2,1,2,1,1,2,5",central_full,26,0
"3,1,0,0,1,1,4",bilateral_3pass,1,1
"3,1,0,0,1,1,4",clearinghouse,1,0
"3,1,0,0,1,1,4",public_pool,1,0
"3,1,0,0,1,1,4",subsidized_catch_up,1,0
"3,1,0,0,1,1,4",central_cap2,1,0
"3,1,0,0,1,1,4",equity_cap2,1,0
"3,1,0,0,1,1,4",central_full,1,0
"1,1,1,3,0,2,4",bilateral_3pass,11,11
"1,1,1,3,0,2,4",clearinghouse,11,0
"1,1,1,3,0,2,4",public_pool,11,0
"1,1,1,3,0,2,4",subsidized_catch_up,11,0
"1,1,1,3,0,2,4",central_cap2,11,0
"1,1,1,3,0,2,4",equity_cap2,11,0
"1,1,1,3,0,2,4",central_full,11,0
"2,1,1,1,0,2,4",bilateral_3pass,8,8
"2,1,1,1,0,2,4",clearinghouse,8,0
"2,1,1,1,0,2,4",public_pool,8,0
"2,1,1,1,0,2,4",subsidized_catch_up,8,0
"2,1,1,1,0,2,4",central_cap2,8,0
"2,1,1,1,0,2,4",equity_cap2,8,0
"2,1,1,1,0,2,4",central_full,8,0
"0,2,2,3,0,0,1",bilateral_3pass,111,92
"0,2,2,3,0,0,1",clearinghouse,111,5
"0,2,2,3,0,0,1",public_pool,111,1
"0,2,2,3,0,0,1",subsidized_catch_up,111,11
"0,2,2,3,0,0,1",central_cap2,111,2
"0,2,2,3,0,0,1",equity_cap2,111,0
"0,2,2,3,0,0,1",central_full,111,0
"1,2,2,3,1,2,5",bilateral_3pass,10,1
"1,2,2,3,1,2,5",clearinghouse,10,0
"1,2,2,3,1,2,5",public_pool,10,0
"1,2,2,3,1,2,5",subsidized_catch_up,10,8
"1,2,2,3,1,2,5",central_cap2,10,0
"1,2,2,3,1,2,5",equity_cap2,10,1
"1,2,2,3,1,2,5",central_full,10,0
"1,1,0,3,1,2,0",bilateral_3pass,3,3
"1,1,0,3,1,2,0",clearinghouse,3,0
"1,1,0,3,1,2,0",public_pool,3,0
"1,1,0,3,1,2,0",subsidized_catch_up,3,0
"1,1,0,3,1,2,0",central_cap2,3,0
"1,1,0,3,1,2,0",equity_cap2,3,0
"1,1,0,3,1,2,0",central_full,3,0
"3,1,0,1,2,2,3",bilateral_3pass,104,95
"3,1,0,1,2,2,3",clearinghouse,104,0
"3,1,0,1,2,2,3",public_pool,104,0
"3,1,0,1,2,2,3",subsidized_catch_up,104,9
"3,1,0,1,2,2,3",central_cap2,104,0
"3,1,0,1,2,2,3",equity_cap2,104,0
"3,1,0,1,2,2,3",central_full,104,0
"1,2,2,1,0,2,3",bilateral_3pass,54,44
"1,2,2,1,0,2,3",clearinghouse,54,3
"1,2,2,1,0,2,3",public_pool,54,1
"1,2,2,1,0,2,3",subsidized_catch_up,54,5
"1,2,2,1,0,2,3",central_cap2,54,1
"1,2,2,1,0,2,3",equity_cap2,54,0
"1,2,2,1,0,2,3",central_full,54,0
"1,1,2,3,1,1,1",bilateral_3pass,131,124
"1,1,2,3,1,1,1",clearinghouse,131,7
"1,1,2,3,1,1,1",public_pool,131,0
"1,1,2,3,1,1,1",subsidized_catch_up,131,0
"1,1,2,3,1,1,1",central_cap2,131,0
"1,1,2,3,1,1,1",equity_cap2,131,0
"1,1,2,3,1,1,1",central_full,131,0
"1,2,2,2,1,0,0",bilateral_3pass,127,6
"1,2,2,2,1,0,0",clearinghouse,127,108
"1,2,2,2,1,0,0",public_pool,127,3
"1,2,2,2,1,0,0",subsidized_catch_up,127,7
"1,2,2,2,1,0,0",central_cap2,127,1
"1,2,2,2,1,0,0",equity_cap2,127,2
"1,2,2,2,1,0,0",central_full,127,0
"2,1,0,2,1,0,1",bilateral_3pass,4,3
"2,1,0,2,1,0,1",clearinghouse,4,1
"2,1,0,2,1,0,1",public_pool,4,0
"2,1,0,2,1,0,1",subsidized_catch_up,4,0
"2,1,0,2,1,0,1",central_cap2,4,0
"2,1,0,2,1,0,1",equity_cap2,4,0
"2,1,0,2,1,0,1",central_full,4,0
"2,2,1,1,1,0,1",bilateral_3pass,13,10
"2,2,1,1,1,0,1",clearinghouse,13,0
"2,2,1,1,1,0,1",public_pool,13,1
"2,2,1,1,1,0,1",subsidized_catch_up,13,2
"2,2,1,1,1,0,1",central_cap2,13,0
"2,2,1,1,1,0,1",equity_cap2,13,0
"2,2,1,1,1,0,1",central_full,13,0
"0,2,1,2,0,1,6",bilateral_3pass,8,0
"0,2,1,2,0,1,6",clearinghouse,8,1
"0,2,1,2,0,1,6",public_pool,8,1
"0,2,1,2,0,1,6",subsidized_catch_up,8,4
"0,2,1,2,0,1,6",central_cap2,8,0
"0,2,1,2,0,1,6",equity_cap2,8,2
"0,2,1,2,0,1,6",central_full,8,0
"1,1,0,1,0,1,3",bilateral_3pass,45,40
"1,1,0,1,0,1,3",clearinghouse,45,0
"1,1,0,1,0,1,3",public_pool,45,0
"1,1,0,1,0,1,3",subsidized_catch_up,45,5
"1,1,0,1,0,1,3",central_cap2,45,0
"1,1,0,1,0,1,3",equity_cap2,45,0
"1,1,0,1,0,1,3",central_full,45,0
"0,1,0,3,0,1,4",bilateral_3pass,3,3
"0,1,0,3,0,1,4",clearinghouse,3,0
"0,1,0,3,0,1,4",public_pool,3,0
"0,1,0,3,0,1,4",subsidized_catch_up,3,0
"0,1,0,3,0,1,4",central_cap2,3,0
"0,1,0,3,0,1,4",equity_cap2,3,0
"0,1,0,3,0,1,4",central_full,3,0
"2,1,2,3,0,2,1",bilateral_3pass,23,20
"2,1,2,3,0,2,1",clearinghouse,23,3
"2,1,2,3,0,2,1",public_pool,23,0
"2,1,2,3,0,2,1",subsidized_catch_up,23,0
"2,1,2,3,0,2,1",central_cap2,23,0
"2,1,2,3,0,2,1",equity_cap2,23,0
"2,1,2,3,0,2,1",central_full,23,0
"3,2,2,3,0,2,0",bilateral_3pass,20,0
"3,2,2,3,0,2,0",clearinghouse,20,17
"3,2,2,3,0,2,0",public_pool,20,1
"3,2,2,3,0,2,0",subsidized_catch_up,20,2
"3,2,2,3,0,2,0",central_cap2,20,0
"3,2,2,3,0,2,0",equity_cap2,20,0
"3,2,2,3,0,2,0",central_full,20,0
"3,1,1,3,0,2,2",bilateral_3pass,1,1
"3,1,1,3,0,2,2",clearinghouse,1,0
"3,1,1,3,0,2,2",public_pool,1,0
"3,1,1,3,0,2,2",subsidized_catch_up,1,0
"3,1,1,3,0,2,2",central_cap2,1,0
"3,1,1,3,0,2,2",equity_cap2,1,0
"3,1,1,3,0,2,2",central_full,1,0
"2,1,0,3,0,2,1",bilateral_3pass,3,3
"2,1,0,3,0,2,1",clearinghouse,3,0
"2,1,0,3,0,2,1",public_pool,3,0
"2,1,0,3,0,2,1",subsidized_catch_up,3,0
"2,1,0,3,0,2,1",central_cap2,3,0
"2,1,0,3,0,2,1",equity_cap2,3,0
"2,1,0,3,0,2,1",central_full,3,0
"2,1,0,2,2,1,0",bilateral_3pass,38,38
"2,1,0,2,2,1,0",clearinghouse,38,0
"2,1,0,2,2,1,0",public_pool,38,0
"2,1,0,2,2,1,0",subsidized_catch_up,38,0
"2,1,0,2,2,1,0",central_cap2,38,0
"2,1,0,2,2,1,0",equity_cap2,38,0
"2,1,0,2,2,1,0",central_full,38,0
"3,1,1,2,2,0,1",bilateral_3pass,37,34
"3,1,1,2,2,0,1",clearinghouse,37,3
"3,1,1,2,2,0,1",public_pool,37,0
"3,1,1,2,2,0,1",subsidized_catch_up,37,0
"3,1,1,2,2,0,1",central_cap2,37,0
"3,1,1,2,2,0,1",equity_cap2,37,0
"3,1,1,2,2,0,1",central_full,37,0
"1,2,2,2,0,2,4",bilateral_3pass,4,4
"1,2,2,2,0,2,4",clearinghouse,4,0
"1,2,2,2,0,2,4",public_pool,4,0
"1,2,2,2,0,2,4",subsidized_catch_up,4,0
"1,2,2,2,0,2,4",central_cap2,4,0
"1,2,2,2,0,2,4",equity_cap2,4,0
"1,2,2,2,0,2,4",central_full,4,0
"2,1,2,2,0,1,4",bilateral_3pass,11,11
"2,1,2,2,0,1,4",clearinghouse,11,0
"2,1,2,2,0,1,4",public_pool,11,0
"2,1,2,2,0,1,4",subsidized_catch_up,11,0
"2,1,2,2,0,1,4",central_cap2,11,0
"2,1,2,2,0,1,4",equity_cap2,11,0
"2,1,2,2,0,1,4",central_full,11,0
"3,1,0,2,1,2,1",bilateral_3pass,25,24
"3,1,0,2,1,2,1",clearinghouse,25,1
"3,1,0,2,1,2,1",public_pool,25,0
"3,1,0,2,1,2,1",subsidized_catch_up,25,0
"3,1,0,2,1,2,1",central_cap2,25,0
"3,1,0,2,1,2,1",equity_cap2,25,0
"3,1,0,2,1,2,1",central_full,25,0
"1,2,2,1,0,1,5",bilateral_3pass,19,13
"1,2,2,1,0,1,5",clearinghouse,19,1
"1,2,2,1,0,1,5",public_pool,19,1
"1,2,2,1,0,1,5",subsidized_catch_up,19,2
"1,2,2,1,0,1,5",central_cap2,19,0
"1,2,2,1,0,1,5",equity_cap2,19,2
"1,2,2,1,0,1,5",central_full,19,0
"3,1,0,1,2,2,0",bilateral_3pass,176,176
"3,1,0,1,2,2,0",clearinghouse,176,0
"3,1,0,1,2,2,0",public_pool,176,0
"3,1,0,1,2,2,0",subsidized_catch_up,176,0
"3,1,0,1,2,2,0",central_cap2,176,0
"3,1,0,1,2,2,0",equity_cap2,176,0
"3,1,0,1,2,2,0",central_full,176,0
"1,2,1,2,2,0,0",bilateral_3pass,8,6
"1,2,1,2,2,0,0",clearinghouse,8,0
"1,2,1,2,2,0,0",public_pool,8,0
"1,2,1,2,2,0,0",subsidized_catch_up,8,2
"1,2,1,2,2,0,0",central_cap2,8,0
"1,2,1,2,2,0,0",equity_cap2,8,0
"1,2,1,2,2,0,0",central_full,8,0
"1,1,2,2,0,0,1",bilateral_3pass,83,81
"1,1,2,2,0,0,1",clearinghouse,83,2
"1,1,2,2,0,0,1",public_pool,83,0
"1,1,2,2,0,0,1",subsidized_catch_up,83,0
"1,1,2,2,0,0,1",central_cap2,83,0
"1,1,2,2,0,0,1",equity_cap2,83,0
"1,1,2,2,0,0,1",central_full,83,0
"2,1,2,3,1,0,1",bilateral_3pass,36,33
"2,1,2,3,1,0,1",clearinghouse,36,3
"2,1,2,3,1,0,1",public_pool,36,0
"2,1,2,3,1,0,1",subsidized_catch_up,36,0
"2,1,2,3,1,0,1",central_cap2,36,0
"2,1,2,3,1,0,1",equity_cap2,36,0
"2,1,2,3,1,0,1",central_full,36,0
"2,1,2,1,1,0,1",bilateral_3pass,65,61
"2,1,2,1,1,0,1",clearinghouse,65,4
"2,1,2,1,1,0,1",public_pool,65,0
"2,1,2,1,1,0,1",subsidized_catch_up,65,0
"2,1,2,1,1,0,1",central_cap2,65,0
"2,1,2,1,1,0,1",equity_cap2,65,0
"2,1,2,1,1,0,1",central_full,65,0
"3,1,2,3,1,1,4",bilateral_3pass,5,5
"3,1,2,3,1,1,4",clearinghouse,5,0
"3,1,2,3,1,1,4",public_pool,5,0
"3,1,2,3,1,1,4",subsidized_catch_up,5,0
"3,1,2,3,1,1,4",central_cap2,5,0
"3,1,2,3,1,1,4",equity_cap2,5,0
"3,1,2,3,1,1,4",central_full,5,0
"3,1,1,1,1,1,5",bilateral_3pass,13,13
"3,1,1,1,1,1,5",clearinghouse,13,0
"3,1,1,1,1,1,5",public_pool,13,0
"3,1,1,1,1,1,5",subsidized_catch_up,13,0
"3,1,1,1,1,1,5",central_cap2,13,0
"3,1,1,1,1,1,5",equity_cap2,13,0
"3,1,1,1,1,1,5",central_full,13,0
"0,1,0,3,0,0,6",bilateral_3pass,10,10
"0,1,0,3,0,0,6",clearinghouse,10,0
"0,1,0,3,0,0,6",public_pool,10,0
"0,1,0,3,0,0,6",subsidized_catch_up,10,0
"0,1,0,3,0,0,6",central_cap2,10,0
"0,1,0,3,0,0,6",equity_cap2,10,0
"0,1,0,3,0,0,6",central_full,10,0
"3,2,1,2,0,2,0",bilateral_3pass,43,31
"3,2,1,2,0,2,0",clearinghouse,43,4
"3,2,1,2,0,2,0",public_pool,43,0
"3,2,1,2,0,2,0",subsidized_catch_up,43,7
"3,2,1,2,0,2,0",central_cap2,43,1
"3,2,1,2,0,2,0",equity_cap2,43,0
"3,2,1,2,0,2,0",central_full,43,0
"3,1,1,1,0,2,3",bilateral_3pass,37,34
"3,1,1,1,0,2,3",clearinghouse,37,0
"3,1,1,1,0,2,3",public_pool,37,0
"3,1,1,1,0,2,3",subsidized_catch_up,37,3
"3,1,1,1,0,2,3",central_cap2,37,0
"3,1,1,1,0,2,3",equity_cap2,37,0
"3,1,1,1,0,2,3",central_full,37,0
"0,1,2,2,0,1,6",bilateral_3pass,13,13
"0,1,2,2,0,1,6",clearinghouse,13,0
"0,1,2,2,0,1,6",public_pool,13,0
"0,1,2,2,0,1,6",subsidized_catch_up,13,0
"0,1,2,2,0,1,6",central_cap2,13,0
"0,1,2,2,0,1,6",equity_cap2,13,0
"0,1,2,2,0,1,6",central_full,13,0
"2,2,2,3,0,1,3",bilateral_3pass,48,3
"2,2,2,3,0,1,3",clearinghouse,48,33
"2,2,2,3,0,1,3",public_pool,48,0
"2,2,2,3,0,1,3",subsidized_catch_up,48,10
"2,2,2,3,0,1,3",central_cap2,48,1
"2,2,2,3,0,1,3",equity_cap2,48,1
"2,2,2,3,0,1,3",central_full,48,0
"3,2,2,3,1,1,3",bilateral_3pass,29,2
"3,2,2,3,1,1,3",clearinghouse,29,24
"3,2,2,3,1,1,3",public_pool,29,1
"3,2,2,3,1,1,3",subsidized_catch_up,29,2
"3,2,2,3,1,1,3",central_cap2,29,0
"3,2,2,3,1,1,3",equity_cap2,29,0
"3,2,2,3,1,1,3",central_full,29,0
"1,1,2,1,1,0,3",bilateral_3pass,7,7
"1,1,2,1,1,0,3",clearinghouse,7,0
"1,1,2,1,1,0,3",public_pool,7,0
"1,1,2,1,1,0,3",subsidized_catch_up,7,0
"1,1,2,1,1,0,3",central_cap2,7,0
"1,1,2,1,1,0,3",equity_cap2,7,0
"1,1,2,1,1,0,3",central_full,7,0
"2,1,2,2,2,1,4",bilateral_3pass,19,19
"2,1,2,2,2,1,4",clearinghouse,19,0
"2,1,2,2,2,1,4",public_pool,19,0
"2,1,2,2,2,1,4",subsidized_catch_up,19,0
"2,1,2,2,2,1,4",central_cap2,19,0
"2,1,2,2,2,1,4",equity_cap2,19,0
"2,1,2,2,2,1,4",central_full,19,0
"3,2,2,2,2,2,2",bilateral_3pass,24,0
"3,2,2,2,2,2,2",clearinghouse,24,1
"3,2,2,2,2,2,2",public_pool,24,4
"3,2,2,2,2,2,2",subsidized_catch_up,24,19
"3,2,2,2,2,2,2",central_cap2,24,0
"3,2,2,2,2,2,2",equity_cap2,24,0
"3,2,2,2,2,2,2",central_full,24,0
"3,2,0,2,2,2,2",bilateral_3pass,11,6
"3,2,0,2,2,2,2",clearinghouse,11,0
"3,2,0,2,2,2,2",public_pool,11,2
"3,2,0,2,2,2,2",subsidized_catch_up,11,1
"3,2,0,2,2,2,2",central_cap2,11,0
"3,2,0,2,2,2,2",equity_cap2,11,2
"3,2,0,2,2,2,2",central_full,11,0
"2,2,2,1,1,2,3",bilateral_3pass,83,6
"2,2,2,1,1,2,3",clearinghouse,83,70
"2,2,2,1,1,2,3",public_pool,83,0
"2,2,2,1,1,2,3",subsidized_catch_up,83,3
"2,2,2,1,1,2,3",central_cap2,83,3
"2,2,2,1,1,2,3",equity_cap2,83,1
"2,2,2,1,1,2,3",central_full,83,0
"0,3,1,1,0,1,2",bilateral_3pass,3,0
"0,3,1,1,0,1,2",clearinghouse,3,0
"0,3,1,1,0,1,2",public_pool,3,0
"0,3,1,1,0,1,2",subsidized_catch_up,3,1
"0,3,1,1,0,1,2",central_cap2,3,0
"0,3,1,1,0,1,2",equity_cap2,3,1
"0,3,1,1,0,1,2",central_full,3,1
"3,2,1,1,2,1,2",bilateral_3pass,47,2
"3,2,1,1,2,1,2",clearinghouse,47,37
"3,2,1,1,2,1,2",public_pool,47,5
"3,2,1,1,2,1,2",subsidized_catch_up,47,2
"3,2,1,1,2,1,2",central_cap2,47,1
"3,2,1,1,2,1,2",equity_cap2,47,0
"3,2,1,1,2,1,2",central_full,47,0
"3,1,2,2,2,1,5",bilateral_3pass,12,12
"3,1,2,2,2,1,5",clearinghouse,12,0
"3,1,2,2,2,1,5",public_pool,12,0
"3,1,2,2,2,1,5",subsidized_catch_up,12,0
"3,1,2,2,2,1,5",central_cap2,12,0
"3,1,2,2,2,1,5",equity_cap2,12,0
"3,1,2,2,2,1,5",central_full,12,0
"1,1,1,1,1,0,0",bilateral_3pass,82,82
"1,1,1,1,1,0,0",clearinghouse,82,0
"1,1,1,1,1,0,0",public_pool,82,0
"1,1,1,1,1,0,0",subsidized_catch_up,82,0
"1,1,1,1,1,0,0",central_cap2,82,0
"1,1,1,1,1,0,0",equity_cap2,82,0
"1,1,1,1,1,0,0",central_full,82,0
"2,2,2,2,2,0,0",bilateral_3pass,48,38
"2,2,2,2,2,0,0",clearinghouse,48,4
"2,2,2,2,2,0,0",public_pool,48,1
"2,2,2,2,2,0,0",subsidized_catch_up,48,4
"2,2,2,2,2,0,0",central_cap2,48,0
"2,2,2,2,2,0,0",equity_cap2,48,1
"2,2,2,2,2,0,0",central_full,48,0
"2,2,1,3,2,2,3",bilateral_3pass,83,71
"2,2,1,3,2,2,3",clearinghouse,83,6
"2,2,1,3,2,2,3",public_pool,83,0
"2,2,1,3,2,2,3",subsidized_catch_up,83,3
"2,2,1,3,2,2,3",central_cap2,83,1
"2,2,1,3,2,2,3",equity_cap2,83,2
"2,2,1,3,2,2,3",central_full,83,0
"0,2,1,3,0,1,6",bilateral_3pass,13,11
"0,2,1,3,0,1,6",clearinghouse,13,1
"0,2,1,3,0,1,6",public_pool,13,0
"0,2,1,3,0,1,6",subsidized_catch_up,13,1
"0,2,1,3,0,1,6",central_cap2,13,0
"0,2,1,3,0,1,6",equity_cap2,13,0
"0,2,1,3,0,1,6",central_full,13,0
"0,1,0,1,0,0,2",bilateral_3pass,12,12
"0,1,0,1,0,0,2",clearinghouse,12,0
"0,1,0,1,0,0,2",public_pool,12,0
"0,1,0,1,0,0,2",subsidized_catch_up,12,0
"0,1,0,1,0,0,2",central_cap2,12,0
"0,1,0,1,0,0,2",equity_cap2,12,0
"0,1,0,1,0,0,2",central_full,12,0
"2,1,1,1,0,2,2",bilateral_3pass,4,4
"2,1,1,1,0,2,2",clearinghouse,4,0
"2,1,1,1,0,2,2",public_pool,4,0
"2,1,1,1,0,2,2",subsidized_catch_up,4,0
"2,1,1,1,0,2,2",central_cap2,4,0
"2,1,1,1,0,2,2",equity_cap2,4,0
"2,1,1,1,0,2,2",central_full,4,0
"3,1,1,2,2,1,2",bilateral_3pass,13,13
"3,1,1,2,2,1,2",clearinghouse,13,0
"3,1,1,2,2,1,2",public_pool,13,0
"3,1,1,2,2,1,2",subsidized_catch_up,13,0
"3,1,1,2,2,1,2",central_cap2,13,0
"3,1,1,2,2,1,2",equity_cap2,13,0
"3,1,1,2,2,1,2",central_full,13,0
"1,2,2,1,1,2,0",bilateral_3pass,110,5
"1,2,2,1,1,2,0",clearinghouse,110,90
"1,2,2,1,1,2,0",public_pool,110,5
"1,2,2,1,1,2,0",subsidized_catch_up,110,7
"1,2,2,1,1,2,0",central_cap2,110,3
"1,2,2,1,1,2,0",equity_cap2,110,0
"1,2,2,1,1,2,0",central_full,110,0
"1,1,0,3,0,1,3",bilateral_3pass,40,39
"1,1,0,3,0,1,3",clearinghouse,40,0
"1,1,0,3,0,1,3",public_pool,40,0
"1,1,0,3,0,1,3",subsidized_catch_up,40,1
"1,1,0,3,0,1,3",central_cap2,40,0
"1,1,0,3,0,1,3",equity_cap2,40,0
"1,1,0,3,0,1,3",central_full,40,0
"3,1,0,2,2,1,1",bilateral_3pass,93,89
"3,1,0,2,2,1,1",clearinghouse,93,4
"3,1,0,2,2,1,1",public_pool,93,0
"3,1,0,2,2,1,1",subsidized_catch_up,93,0
"3,1,0,2,2,1,1",central_cap2,93,0
"3,1,0,2,2,1,1",equity_cap2,93,0
"3,1,0,2,2,1,1",central_full,93,0
"3,1,2,1,1,1,2",bilateral_3pass,1,1
"3,1,2,1,1,1,2",clearinghouse,1,0
"3,1,2,1,1,1,2",public_pool,1,0
"3,1,2,1,1,1,2",subsidized_catch_up,1,0
"3,1,2,1,1,1,2",central_cap2,1,0
"3,1,2,1,1,1,2",equity_cap2,1,0
"3,1,2,1,1,1,2",central_full,1,0
"1,2,1,1,1,1,1",bilateral_3pass,45,1
"1,2,1,1,1,1,1",clearinghouse,45,36
"1,2,1,1,1,1,1",public_pool,45,1
"1,2,1,1,1,1,1",subsidized_catch_up,45,3
"1,2,1,1,1,1,1",central_cap2,45,1
"1,2,1,1,1,1,1",equity_cap2,45,3
"1,2,1,1,1,1,1",central_full,45,0
"2,1,2,1,1,2,4",bilateral_3pass,21,21
"2,1,2,1,1,2,4",clearinghouse,21,0
"2,1,2,1,1,2,4",public_pool,21,0
"2,1,2,1,1,2,4",subsidized_catch_up,21,0
"2,1,2,1,1,2,4",central_cap2,21,0
"2,1,2,1,1,2,4",equity_cap2,21,0
"2,1,2,1,1,2,4",central_full,21,0
"3,1,1,3,0,2,4",bilateral_3pass,3,3
"3,1,1,3,0,2,4",clearinghouse,3,0
"3,1,1,3,0,2,4",public_pool,3,0
"3,1,1,3,0,2,4",subsidized_catch_up,3,0
"3,1,1,3,0,2,4",central_cap2,3,0
"3,1,1,3,0,2,4",equity_cap2,3,0
"3,1,1,3,0,2,4",central_full,3,0
"0,3,0,2,0,0,2",bilateral_3pass,53,4
"0,3,0,2,0,0,2",clearinghouse,53,2
"0,3,0,2,0,0,2",public_pool,53,1
"0,3,0,2,0,0,2",subsidized_catch_up,53,0
"0,3,0,2,0,0,2",central_cap2,53,0
"0,3,0,2,0,0,2",equity_cap2,53,4
"0,3,0,2,0,0,2",central_full,53,42
"0,1,2,3,0,0,4",bilateral_3pass,26,26
"0,1,2,3,0,0,4",clearinghouse,26,0
"0,1,2,3,0,0,4",public_pool,26,0
"0,1,2,3,0,0,4",subsidized_catch_up,26,0
"0,1,2,3,0,0,4",central_cap2,26,0
"0,1,2,3,0,0,4",equity_cap2,26,0
"0,1,2,3,0,0,4",central_full,26,0
"2,2,0,2,2,0,0",bilateral_3pass,22,1
"2,2,0,2,2,0,0",clearinghouse,22,2
"2,2,0,2,2,0,0",public_pool,22,0
"2,2,0,2,2,0,0",subsidized_catch_up,22,18
"2,2,0,2,2,0,0",central_cap2,22,1
"2,2,0,2,2,0,0",equity_cap2,22,0
"2,2,0,2,2,0,0",central_full,22,0
"2,1,2,2,1,0,4",bilateral_3pass,7,7
"2,1,2,2,1,0,4",clearinghouse,7,0
"2,1,2,2,1,0,4",public_pool,7,0
"2,1,2,2,1,0,4",subsidized_catch_up,7,0
"2,1,2,2,1,0,4",central_cap2,7,0
"2,1,2,2,1,0,4",equity_cap2,7,0
"2,1,2,2,1,0,4",central_full,7,0
"3,2,2,2,0,1,0",bilateral_3pass,5,1
"3,2,2,2,0,1,0",clearinghouse,5,0
"3,2,2,2,0,1,0",public_pool,5,0
"3,2,2,2,0,1,0",subsidized_catch_up,5,4
"3,2,2,2,0,1,0",central_cap2,5,0
"3,2,2,2,0,1,0",equity_cap2,5,0
"3,2,2,2,0,1,0",central_full,5,0
"3,1,0,2,1,2,3",bilateral_3pass,25,24
"3,1,0,2,1,2,3",clearinghouse,25,0
"3,1,0,2,1,2,3",public_pool,25,0
"3,1,0,2,1,2,3",subsidized_catch_up,25,1
"3,1,0,2,1,2,3",central_cap2,25,0
"3,1,0,2,1,2,3",equity_cap2,25,0
"3,1,0,2,1,2,3",central_full,25,0
"0,1,2,1,0,0,1",bilateral_3pass,79,70
"0,1,2,1,0,0,1",clearinghouse,79,9
"0,1,2,1,0,0,1",public_pool,79,0
"0,1,2,1,0,0,1",subsidized_catch_up,79,0
"0,1,2,1,0,0,1",central_cap2,79,0
"0,1,2,1,0,0,1",equity_cap2,79,0
"0,1,2,1,0,0,1",central_full,79,0
"2,1,2,2,0,0,5",bilateral_3pass,3,3
"2,1,2,2,0,0,5",clearinghouse,3,0
"2,1,2,2,0,0,5",public_pool,3,0
"2,1,2,2,0,0,5",subsidized_catch_up,3,0
"2,1,2,2,0,0,5",central_cap2,3,0
"2,1,2,2,0,0,5",equity_cap2,3,0
"2,1,2,2,0,0,5",central_full,3,0
"2,1,2,3,1,1,4",bilateral_3pass,20,20
"2,1,2,3,1,1,4",clearinghouse,20,0
"2,1,2,3,1,1,4",public_pool,20,0
"2,1,2,3,1,1,4",subsidized_catch_up,20,0
"2,1,2,3,1,1,4",central_cap2,20,0
"2,1,2,3,1,1,4",equity_cap2,20,0
"2,1,2,3,1,1,4",central_full,20,0
"3,1,0,1,2,1,3",bilateral_3pass,36,33
"3,1,0,1,2,1,3",clearinghouse,36,0
"3,1,0,1,2,1,3",public_pool,36,0
"3,1,0,1,2,1,3",subsidized_catch_up,36,3
"3,1,0,1,2,1,3",central_cap2,36,0
"3,1,0,1,2,1,3",equity_cap2,36,0
"3,1,0,1,2,1,3",central_full,36,0
"2,2,1,2,2,2,3",bilateral_3pass,50,41
"2,2,1,2,2,2,3",clearinghouse,50,1
"2,2,1,2,2,2,3",public_pool,50,1
"2,2,1,2,2,2,3",subsidized_catch_up,50,5
"2,2,1,2,2,2,3",central_cap2,50,2
"2,2,1,2,2,2,3",equity_cap2,50,0
"2,2,1,2,2,2,3",central_full,50,0
"3,2,2,1,2,2,3",bilateral_3pass,60,49
"3,2,2,1,2,2,3",clearinghouse,60,3
"3,2,2,1,2,2,3",public_pool,60,2
"3,2,2,1,2,2,3",subsidized_catch_up,60,5
"3,2,2,1,2,2,3",central_cap2,60,0
"3,2,2,1,2,2,3",equity_cap2,60,1
"3,2,2,1,2,2,3",central_full,60,0
"1,2,2,3,0,0,4",bilateral_3pass,4,0
"1,2,2,3,0,0,4",clearinghouse,4,0
"1,2,2,3,0,0,4",public_pool,4,0
"1,2,2,3,0,0,4",subsidized_catch_up,4,4
"1,2,2,3,0,0,4",central_cap2,4,0
"1,2,2,3,0,0,4",equity_cap2,4,0
"1,2,2,3,0,0,4",central_full,4,0
"2,2,2,3,2,2,2",bilateral_3pass,12,0
"2,2,2,3,2,2,2",clearinghouse,12,0
"2,2,2,3,2,2,2",public_pool,12,1
"2,2,2,3,2,2,2",subsidized_catch_up,12,10
"2,2,2,3,2,2,2",central_cap2,12,1
"2,2,2,3,2,2,2",equity_cap2,12,0
"2,2,2,3,2,2,2",central_full,12,0
"1,1,0,2,1,1,0",bilateral_3pass,35,35
"1,1,0,2,1,1,0",clearinghouse,35,0
"1,1,0,2,1,1,0",public_pool,35,0
"1,1,0,2,1,1,0",subsidized_catch_up,35,0
"1,1,0,2,1,1,0",central_cap2,35,0
"1,1,0,2,1,1,0",equity_cap2,35,0
"1,1,0,2,1,1,0",central_full,35,0
"3,2,1,3,2,1,2",bilateral_3pass,70,59
"3,2,1,3,2,1,2",clearinghouse,70,0
"3,2,1,3,2,1,2",public_pool,70,6
"3,2,1,3,2,1,2",subsidized_catch_up,70,4
"3,2,1,3,2,1,2",central_cap2,70,1
"3,2,1,3,2,1,2",equity_cap2,70,0
"3,2,1,3,2,1,2",central_full,70,0
"3,2,2,3,2,1,2",bilateral_3pass,21,17
"3,2,2,3,2,1,2",clearinghouse,21,0
"3,2,2,3,2,1,2",public_pool,21,3
"3,2,2,3,2,1,2",subsidized_catch_up,21,1
"3,2,2,3,2,1,2",central_cap2,21,0
"3,2,2,3,2,1,2",equity_cap2,21,0
"3,2,2,3,2,1,2",central_full,21,0
"2,2,1,2,0,1,0",bilateral_3pass,238,197
"2,2,1,2,0,1,0",clearinghouse,238,14
"2,2,1,2,0,1,0",public_pool,238,8
"2,2,1,2,0,1,0",subsidized_catch_up,238,13
"2,2,1,2,0,1,0",central_cap2,238,3
"2,2,1,2,0,1,0",equity_cap2,238,3
"2,2,1,2,0,1,0",central_full,238,0
"2,2,1,3,1,1,3",bilateral_3pass,188,14
"2,2,1,3,1,1,3",clearinghouse,188,163
"2,2,1,3,1,1,3",public_pool,188,2
"2,2,1,3,1,1,3",subsidized_catch_up,188,8
"2,2,1,3,1,1,3",central_cap2,188,1
"2,2,1,3,1,1,3",equity_cap2,188,0
"2,2,1,3,1,1,3",central_full,188,0
"3,1,1,2,1,2,2",bilateral_3pass,6,6
"3,1,1,2,1,2,2",clearinghouse,6,0
"3,1,1,2,1,2,2",public_pool,6,0
"3,1,1,2,1,2,2",subsidized_catch_up,6,0
"3,1,1,2,1,2,2",central_cap2,6,0
"3,1,1,2,1,2,2",equity_cap2,6,0
"3,1,1,2,1,2,2",central_full,6,0
"3,1,0,2,2,2,4",bilateral_3pass,18,18
"3,1,0,2,2,2,4",clearinghouse,18,0
"3,1,0,2,2,2,4",public_pool,18,0
"3,1,0,2,2,2,4",subsidized_catch_up,18,0
"3,1,0,2,2,2,4",central_cap2,18,0
"3,1,0,2,2,2,4",equity_cap2,18,0
"3,1,0,2,2,2,4",central_full,18,0
"0,1,1,3,0,1,4",bilateral_3pass,31,31
"0,1,1,3,0,1,4",clearinghouse,31,0
"0,1,1,3,0,1,4",public_pool,31,0
"0,1,1,3,0,1,4",subsidized_catch_up,31,0
"0,1,1,3,0,1,4",central_cap2,31,0
"0,1,1,3,0,1,4",equity_cap2,31,0
"0,1,1,3,0,1,4",central_full,31,0
"2,2,1,3,0,1,3",bilateral_3pass,49,44
"2,2,1,3,0,1,3",clearinghouse,49,1
"2,2,1,3,0,1,3",public_pool,49,1
"2,2,1,3,0,1,3",subsidized_catch_up,49,2
"2,2,1,3,0,1,3",central_cap2,49,0
"2,2,1,3,0,1,3",equity_cap2,49,1
"2,2,1,3,0,1,3",central_full,49,0
"2,2,2,1,0,2,3",bilateral_3pass,58,50
"2,2,2,1,0,2,3",clearinghouse,58,4
"2,2,2,1,0,2,3",public_pool,58,0
"2,2,2,1,0,2,3",subsidized_catch_up,58,2
"2,2,2,1,0,2,3",central_cap2,58,1
"2,2,2,1,0,2,3",equity_cap2,58,1
"2,2,2,1,0,2,3",central_full,58,0
"1,1,1,3,1,2,2",bilateral_3pass,5,5
"1,1,1,3,1,2,2",clearinghouse,5,0
"1,1,1,3,1,2,2",public_pool,5,0
"1,1,1,3,1,2,2",subsidized_catch_up,5,0
"1,1,1,3,1,2,2",central_cap2,5,0
"1,1,1,3,1,2,2",equity_cap2,5,0
"1,1,1,3,1,2,2",central_full,5,0
"3,1,1,2,1,2,5",bilateral_3pass,10,10
"3,1,1,2,1,2,5",clearinghouse,10,0
"3,1,1,2,1,2,5",public_pool,10,0
"3,1,1,2,1,2,5",subsidized_catch_up,10,0
"3,1,1,2,1,2,5",central_cap2,10,0
"3,1,1,2,1,2,5",equity_cap2,10,0
"3,1,1,2,1,2,5",central_full,10,0
"1,1,0,1,0,2,0",bilateral_3pass,2,2
"1,1,0,1,0,2,0",clearinghouse,2,0
"1,1,0,1,0,2,0",public_pool,2,0
"1,1,0,1,0,2,0",subsidized_catch_up,2,0
"1,1,0,1,0,2,0",central_cap2,2,0
"1,1,0,1,0,2,0",equity_cap2,2,0
"1,1,0,1,0,2,0",central_full,2,0
"2,3,2,1,0,2,0",bilateral_3pass,38,2
"2,3,2,1,0,2,0",clearinghouse,38,35
"2,3,2,1,0,2,0",public_pool,38,0
"2,3,2,1,0,2,0",subsidized_catch_up,38,0
"2,3,2,1,0,2,0",central_cap2,38,0
"2,3,2,1,0,2,0",equity_cap2,38,1
"2,3,2,1,0,2,0",central_full,38,0
"3,2,1,1,1,2,1",bilateral_3pass,37,2
"3,2,1,1,1,2,1",clearinghouse,37,4
"3,2,1,1,1,2,1",public_pool,37,0
"3,2,1,1,1,2,1",subsidized_catch_up,37,28
"3,2,1,1,1,2,1",central_cap2,37,1
"3,2,1,1,1,2,1",equity_cap2,37,2
"3,2,1,1,1,2,1",central_full,37,0
"3,1,2,1,1,2,4",bilateral_3pass,6,6
"3,1,2,1,1,2,4",clearinghouse,6,0
"3,1,2,1,1,2,4",public_pool,6,0
"3,1,2,1,1,2,4",subsidized_catch_up,6,0
"3,1,2,1,1,2,4",central_cap2,6,0
"3,1,2,1,1,2,4",equity_cap2,6,0
"3,1,2,1,1,2,4",central_full,6,0
"1,3,1,3,2,2,0",bilateral_3pass,4,0
"1,3,1,3,2,2,0",clearinghouse,4,0
"1,3,1,3,2,2,0",public_pool,4,0
"1,3,1,3,2,2,0",subsidized_catch_up,4,0
"1,3,1,3,2,2,0",central_cap2,4,1
"1,3,1,3,2,2,0",equity_cap2,4,0
"1,3,1,3,2,2,0",central_full,4,3
"2,2,1,3,2,2,4",bilateral_3pass,3,0
"2,2,1,3,2,2,4",clearinghouse,3,3
"2,2,1,3,2,2,4",public_pool,3,0
"2,2,1,3,2,2,4",subsidized_catch_up,3,0
"2,2,1,3,2,2,4",central_cap2,3,0
"2,2,1,3,2,2,4",equity_cap2,3,0
"2,2,1,3,2,2,4",central_full,3,0
"1,1,1,1,1,0,3",bilateral_3pass,26,24
"1,1,1,1,1,0,3",clearinghouse,26,0
"1,1,1,1,1,0,3",public_pool,26,0
"1,1,1,1,1,0,3",subsidized_catch_up,26,2
"1,1,1,1,1,0,3",central_cap2,26,0
"1,1,1,1,1,0,3",equity_cap2,26,0
"1,1,1,1,1,0,3",central_full,26,0
"2,1,1,2,2,1,5",bilateral_3pass,13,13
"2,1,1,2,2,1,5",clearinghouse,13,0
"2,1,1,2,2,1,5",public_pool,13,0
"2,1,1,2,2,1,5",subsidized_catch_up,13,0
"2,1,1,2,2,1,5",central_cap2,13,0
"2,1,1,2,2,1,5",equity_cap2,13,0
"2,1,1,2,2,1,5",central_full,13,0
"3,1,2,2,0,2,1",bilateral_3pass,5,3
"3,1,2,2,0,2,1",clearinghouse,5,2
"3,1,2,2,0,2,1",public_pool,5,0
"3,1,2,2,0,2,1",subsidized_catch_up,5,0
"3,1,2,2,0,2,1",central_cap2,5,0
"3,1,2,2,0,2,1",equity_cap2,5,0
"3,1,2,2,0,2,1",central_full,5,0
"3,2,2,1,1,2,2",bilateral_3pass,16,14
"3,2,2,1,1,2,2",clearinghouse,16,0
"3,2,2,1,1,2,2",public_pool,16,1
"3,2,2,1,1,2,2",subsidized_catch_up,16,1
"3,2,2,1,1,2,2",central_cap2,16,0
"3,2,2,1,1,2,2",equity_cap2,16,0
"3,2,2,1,1,2,2",central_full,16,0
"1,1,0,3,0,0,3",bilateral_3pass,27,25
"1,1,0,3,0,0,3",clearinghouse,27,0
"1,1,0,3,0,0,3",public_pool,27,0
"1,1,0,3,0,0,3",subsidized_catch_up,27,2
"1,1,0,3,0,0,3",central_cap2,27,0
"1,1,0,3,0,0,3",equity_cap2,27,0
"1,1,0,3,0,0,3",central_full,27,0
"2,1,0,3,2,0,1",bilateral_3pass,5,5
"2,1,0,3,2,0,1",clearinghouse,5,0
"2,1,0,3,2,0,1",public_pool,5,0
"2,1,0,3,2,0,1",subsidized_catch_up,5,0
"2,1,0,3,2,0,1",central_cap2,5,0
"2,1,0,3,2,0,1",equity_cap2,5,0
"2,1,0,3,2,0,1",central_full,5,0
"1,1,2,1,0,1,2",bilateral_3pass,14,14
"1,1,2,1,0,1,2",clearinghouse,14,0
"1,1,2,1,0,1,2",public_pool,14,0
"1,1,2,1,0,1,2",subsidized_catch_up,14,0
"1,1,2,1,0,1,2",central_cap2,14,0
"1,1,2,1,0,1,2",equity_cap2,14,0
"1,1,2,1,0,1,2",central_full,14,0
"1,2,1,1,2,1,0",bilateral_3pass,24,17
"1,2,1,1,2,1,0",clearinghouse,24,4
"1,2,1,1,2,1,0",public_pool,24,0
"1,2,1,1,2,1,0",subsidized_catch_up,24,1
"1,2,1,1,2,1,0",central_cap2,24,2
"1,2,1,1,2,1,0",equity_cap2,24,0
"1,2,1,1,2,1,0",central_full,24,0
"3,2,0,2,2,0,0",bilateral_3pass,29,1
"3,2,0,2,2,0,0",clearinghouse,29,22
"3,2,0,2,2,0,0",public_pool,29,0
"3,2,0,2,2,0,0",subsidized_catch_up,29,5
"3,2,0,2,2,0,0",central_cap2,29,0
"3,2,0,2,2,0,0",equity_cap2,29,1
"3,2,0,2,2,0,0",central_full,29,0
"0,1,0,2,0,1,1",bilateral_3pass,54,50
"0,1,0,2,0,1,1",clearinghouse,54,4
"0,1,0,2,0,1,1",public_pool,54,0
"0,1,0,2,0,1,1",subsidized_catch_up,54,0
"0,1,0,2,0,1,1",central_cap2,54,0
"0,1,0,2,0,1,1",equity_cap2,54,0
"0,1,0,2,0,1,1",central_full,54,0
"2,1,1,1,0,1,2",bilateral_3pass,4,4
"2,1,1,1,0,1,2",clearinghouse,4,0
"2,1,1,1,0,1,2",public_pool,4,0
"2,1,1,1,0,1,2",subsidized_catch_up,4,0
"2,1,1,1,0,1,2",central_cap2,4,0
"2,1,1,1,0,1,2",equity_cap2,4,0
"2,1,1,1,0,1,2",central_full,4,0
"2,1,2,3,1,2,2",bilateral_3pass,16,16
"2,1,2,3,1,2,2",clearinghouse,16,0
"2,1,2,3,1,2,2",public_pool,16,0
"2,1,2,3,1,2,2",subsidized_catch_up,16,0
"2,1,2,3,1,2,2",central_cap2,16,0
"2,1,2,3,1,2,2",equity_cap2,16,0
"2,1,2,3,1,2,2",central_full,16,0
"1,1,1,2,1,2,1",bilateral_3pass,44,41
"1,1,1,2,1,2,1",clearinghouse,44,3
"1,1,1,2,1,2,1",public_pool,44,0
"1,1,1,2,1,2,1",subsidized_catch_up,44,0
"1,1,1,2,1,2,1",central_cap2,44,0
"1,1,1,2,1,2,1",equity_cap2,44,0
"1,1,1,2,1,2,1",central_full,44,0
"2,2,0,3,1,2,3",bilateral_3pass,11,0
"2,2,0,3,1,2,3",clearinghouse,11,10
"2,2,0,3,1,2,3",public_pool,11,1
"2,2,0,3,1,2,3",subsidized_catch_up,11,0
"2,2,0,3,1,2,3",central_cap2,11,0
"2,2,0,3,1,2,3",equity_cap2,11,0
"2,2,0,3,1,2,3",central_full,11,0
"3,2,0,2,2,2,3",bilateral_3pass,30,28
"3,2,0,2,2,2,3",clearinghouse,30,1
"3,2,0,2,2,2,3",public_pool,30,1
"3,2,0,2,2,2,3",subsidized_catch_up,30,0
"3,2,0,2,2,2,3",central_cap2,30,0
"3,2,0,2,2,2,3",equity_cap2,30,0
"3,2,0,2,2,2,3",central_full,30,0
"3,2,1,2,2,2,2",bilateral_3pass,37,25
"3,2,1,2,2,2,2",clearinghouse,37,2
"3,2,1,2,2,2,2",public_pool,37,4
"3,2,1,2,2,2,2",subsidized_catch_up,37,4
"3,2,1,2,2,2,2",central_cap2,37,1
"3,2,1,2,2,2,2",equity_cap2,37,1
"3,2,1,2,2,2,2",central_full,37,0
"2,1,1,1,0,0,0",bilateral_3pass,39,39
"2,1,1,1,0,0,0",clearinghouse,39,0
"2,1,1,1,0,0,0",public_pool,39,0
"2,1,1,1,0,0,0",subsidized_catch_up,39,0
"2,1,1,1,0,0,0",central_cap2,39,0
"2,1,1,1,0,0,0",equity_cap2,39,0
"2,1,1,1,0,0,0",central_full,39,0
"0,2,2,3,0,1,2",bilateral_3pass,14,1
"0,2,2,3,0,1,2",clearinghouse,14,0
"0,2,2,3,0,1,2",public_pool,14,1
"0,2,2,3,0,1,2",subsidized_catch_up,14,12
"0,2,2,3,0,1,2",central_cap2,14,0
"0,2,2,3,0,1,2",equity_cap2,14,0
"0,2,2,3,0,1,2",central_full,14,0
"1,1,1,2,2,0,0",bilateral_3pass,3,3
"1,1,1,2,2,0,0",clearinghouse,3,0
"1,1,1,2,2,0,0",public_pool,3,0
"1,1,1,2,2,0,0",subsidized_catch_up,3,0
"1,1,1,2,2,0,0",central_cap2,3,0
"1,1,1,2,2,0,0",equity_cap2,3,0
"1,1,1,2,2,0,0",central_full,3,0
"0,3,2,3,0,0,5",bilateral_3pass,14,1
"0,3,2,3,0,0,5",clearinghouse,14,1
"0,3,2,3,0,0,5",public_pool,14,0
"0,3,2,3,0,0,5",subsidized_catch_up,14,0
"0,3,2,3,0,0,5",central_cap2,14,2
"0,3,2,3,0,0,5",equity_cap2,14,10
"0,3,2,3,0,0,5",central_full,14,0
"1,3,1,3,0,1,0",bilateral_3pass,204,2
"1,3,1,3,0,1,0",clearinghouse,204,179
"1,3,1,3,0,1,0",public_pool,204,5
"1,3,1,3,0,1,0",subsidized_catch_up,204,4
"1,3,1,3,0,1,0",central_cap2,204,6
"1,3,1,3,0,1,0",equity_cap2,204,4
"1,3,1,3,0,1,0",central_full,204,4
"0,2,2,3,0,1,3",bilateral_3pass,29,24
"0,2,2,3,0,1,3",clearinghouse,29,4
"0,2,2,3,0,1,3",public_pool,29,0
"0,2,2,3,0,1,3",subsidized_catch_up,29,0
"0,2,2,3,0,1,3",central_cap2,29,0
"0,2,2,3,0,1,3",equity_cap2,29,1
"0,2,2,3,0,1,3",central_full,29,0
"1,1,1,3,0,0,4",bilateral_3pass,16,16
"1,1,1,3,0,0,4",clearinghouse,16,0
"1,1,1,3,0,0,4",public_pool,16,0
"1,1,1,3,0,0,4",subsidized_catch_up,16,0
"1,1,1,3,0,0,4",central_cap2,16,0
"1,1,1,3,0,0,4",equity_cap2,16,0
"1,1,1,3,0,0,4",central_full,16,0
"2,1,1,1,1,2,2",bilateral_3pass,10,10
"2,1,1,1,1,2,2",clearinghouse,10,0
"2,1,1,1,1,2,2",public_pool,10,0
"2,1,1,1,1,2,2",subsidized_catch_up,10,0
"2,1,1,1,1,2,2",central_cap2,10,0
"2,1,1,1,1,2,2",equity_cap2,10,0
"2,1,1,1,1,2,2",central_full,10,0
"3,1,1,1,1,0,0",bilateral_3pass,24,24
"3,1,1,1,1,0,0",clearinghouse,24,0
"3,1,1,1,1,0,0",public_pool,24,0
"3,1,1,1,1,0,0",subsidized_catch_up,24,0
"3,1,1,1,1,0,0",central_cap2,24,0
"3,1,1,1,1,0,0",equity_cap2,24,0
"3,1,1,1,1,0,0",central_full,24,0
"3,1,0,1,1,1,3",bilateral_3pass,11,9
"3,1,0,1,1,1,3",clearinghouse,11,0
"3,1,0,1,1,1,3",public_pool,11,0
"3,1,0,1,1,1,3",subsidized_catch_up,11,2
"3,1,0,1,1,1,3",central_cap2,11,0
"3,1,0,1,1,1,3",equity_cap2,11,0
"3,1,0,1,1,1,3",central_full,11,0
"1,2,2,1,1,0,0",bilateral_3pass,70,58
"1,2,2,1,1,0,0",clearinghouse,70,4
"1,2,2,1,1,0,0",public_pool,70,1
"1,2,2,1,1,0,0",subsidized_catch_up,70,3
"1,2,2,1,1,0,0",central_cap2,70,0
"1,2,2,1,1,0,0",equity_cap2,70,4
"1,2,2,1,1,0,0",central_full,70,0
"2,2,1,1,1,1,3",bilateral_3pass,227,8
"2,2,1,1,1,1,3",clearinghouse,227,11
"2,2,1,1,1,1,3",public_pool,227,2
"2,2,1,1,1,1,3",subsidized_catch_up,227,202
"2,2,1,1,1,1,3",central_cap2,227,1
"2,2,1,1,1,1,3",equity_cap2,227,3
"2,2,1,1,1,1,3",central_full,227,0
"2,1,0,2,1,1,3",bilateral_3pass,49,48
"2,1,0,2,1,1,3",clearinghouse,49,0
"2,1,0,2,1,1,3",public_pool,49,0
"2,1,0,2,1,1,3",subsidized_catch_up,49,1
"2,1,0,2,1,1,3",central_cap2,49,0
"2,1,0,2,1,1,3",equity_cap2,49,0
"2,1,0,2,1,1,3",central_full,49,0
"0,2,0,1,0,1,4",bilateral_3pass,7,5
"0,2,0,1,0,1,4",clearinghouse,7,0
"0,2,0,1,0,1,4",public_pool,7,1
"0,2,0,1,0,1,4",subsidized_catch_up,7,0
"0,2,0,1,0,1,4",central_cap2,7,0
"0,2,0,1,0,1,4",equity_cap2,7,1
"0,2,0,1,0,1,4",central_full,7,0
"2,1,2,2,0,1,2",bilateral_3pass,4,4
"2,1,2,2,0,1,2",clearinghouse,4,0
"2,1,2,2,0,1,2",public_pool,4,0
"2,1,2,2,0,1,2",subsidized_catch_up,4,0
"2,1,2,2,0,1,2",central_cap2,4,0
"2,1,2,2,0,1,2",equity_cap2,4,0
"2,1,2,2,0,1,2",central_full,4,0
"3,1,0,2,1,1,4",bilateral_3pass,3,3
"3,1,0,2,1,1,4",clearinghouse,3,0
"3,1,0,2,1,1,4",public_pool,3,0
"3,1,0,2,1,1,4",subsidized_catch_up,3,0
"3,1,0,2,1,1,4",central_cap2,3,0
"3,1,0,2,1,1,4",equity_cap2,3,0
"3,1,0,2,1,1,4",central_full,3,0
"1,2,0,2,0,0,2",bilateral_3pass,3,0
"1,2,0,2,0,0,2",clearinghouse,3,0
"1,2,0,2,0,0,2",public_pool,3,0
"1,2,0,2,0,0,2",subsidized_catch_up,3,3
"1,2,0,2,0,0,2",central_cap2,3,0
"1,2,0,2,0,0,2",equity_cap2,3,0
"1,2,0,2,0,0,2",central_full,3,0
"2,1,1,2,0,2,3",bilateral_3pass,52,46
"2,1,1,2,0,2,3",clearinghouse,52,0
"2,1,1,2,0,2,3",public_pool,52,0
"2,1,1,2,0,2,3",subsidized_catch_up,52,6
"2,1,1,2,0,2,3",central_cap2,52,0
"2,1,1,2,0,2,3",equity_cap2,52,0
"2,1,1,2,0,2,3",central_full,52,0
"1,1,2,2,2,2,1",bilateral_3pass,1,1
"1,1,2,2,2,2,1",clearinghouse,1,0
"1,1,2,2,2,2,1",public_pool,1,0
"1,1,2,2,2,2,1",subsidized_catch_up,1,0
"1,1,2,2,2,2,1",central_cap2,1,0
"1,1,2,2,2,2,1",equity_cap2,1,0
"1,1,2,2,2,2,1",central_full,1,0
"1,2,1,1,0,2,2",bilateral_3pass,6,3
"1,2,1,1,0,2,2",clearinghouse,6,1
"1,2,1,1,0,2,2",public_pool,6,1
"1,2,1,1,0,2,2",subsidized_catch_up,6,1
"1,2,1,1,0,2,2",central_cap2,6,0
"1,2,1,1,0,2,2",equity_cap2,6,0
"1,2,1,1,0,2,2",central_full,6,0
"2,2,2,3,0,2,0",bilateral_3pass,121,7
"2,2,2,3,0,2,0",clearinghouse,121,93
"2,2,2,3,0,2,0",public_pool,121,3
"2,2,2,3,0,2,0",subsidized_catch_up,121,13
"2,2,2,3,0,2,0",central_cap2,121,2
"2,2,2,3,0,2,0",equity_cap2,121,3
"2,2,2,3,0,2,0",central_full,121,0
"2,1,2,2,1,2,4",bilateral_3pass,19,19
"2,1,2,2,1,2,4",clearinghouse,19,0
"2,1,2,2,1,2,4",public_pool,19,0
"2,1,2,2,1,2,4",subsidized_catch_up,19,0
"2,1,2,2,1,2,4",central_cap2,19,0
"2,1,2,2,1,2,4",equity_cap2,19,0
"2,1,2,2,1,2,4",central_full,19,0
"3,1,0,1,2,1,4",bilateral_3pass,4,4
"3,1,0,1,2,1,4",clearinghouse,4,0
"3,1,0,1,2,1,4",public_pool,4,0
"3,1,0,1,2,1,4",subsidized_catch_up,4,0
"3,1,0,1,2,1,4",central_cap2,4,0
"3,1,0,1,2,1,4",equity_cap2,4,0
"3,1,0,1,2,1,4",central_full,4,0
"1,1,1,2,0,0,5",bilateral_3pass,9,9
"1,1,1,2,0,0,5",clearinghouse,9,0
"1,1,1,2,0,0,5",public_pool,9,0
"1,1,1,2,0,0,5",subsidized_catch_up,9,0
"1,1,1,2,0,0,5",central_cap2,9,0
"1,1,1,2,0,0,5",equity_cap2,9,0
"1,1,1,2,0,0,5",central_full,9,0
"2,1,0,1,0,1,1",bilateral_3pass,12,12
"2,1,0,1,0,1,1",clearinghouse,12,0
"2,1,0,1,0,1,1",public_pool,12,0
"2,1,0,1,0,1,1",subsidized_catch_up,12,0
"2,1,0,1,0,1,1",central_cap2,12,0
"2,1,0,1,0,1,1",equity_cap2,12,0
"2,1,0,1,0,1,1",central_full,12,0
"2,2,0,3,0,2,0",bilateral_3pass,9,1
"2,2,0,3,0,2,0",clearinghouse,9,7
"2,2,0,3,0,2,0",public_pool,9,1
"2,2,0,3,0,2,0",subsidized_catch_up,9,0
"2,2,0,3,0,2,0",central_cap2,9,0
"2,2,0,3,0,2,0",equity_cap2,9,0
"2,2,0,3,0,2,0",central_full,9,0
"3,1,1,1,0,2,4",bilateral_3pass,2,2
"3,1,1,1,0,2,4",clearinghouse,2,0
"3,1,1,1,0,2,4",public_pool,2,0
"3,1,1,1,0,2,4",subsidized_catch_up,2,0
"3,1,1,1,0,2,4",central_cap2,2,0
"3,1,1,1,0,2,4",equity_cap2,2,0
"3,1,1,1,0,2,4",central_full,2,0
"1,2,1,3,0,1,6",bilateral_3pass,3,1
"1,2,1,3,0,1,6",clearinghouse,3,2
"1,2,1,3,0,1,6",public_pool,3,0
"1,2,1,3,0,1,6",subsidized_catch_up,3,0
"1,2,1,3,0,1,6",central_cap2,3,0
"1,2,1,3,0,1,6",equity_cap2,3,0
"1,2,1,3,0,1,6",central_full,3,0
"0,2,0,1,0,1,2",bilateral_3pass,3,2
"0,2,0,1,0,1,2",clearinghouse,3,0
"0,2,0,1,0,1,2",public_pool,3,0
"0,2,0,1,0,1,2",subsidized_catch_up,3,0
"0,2,0,1,0,1,2",central_cap2,3,1
"0,2,0,1,0,1,2",equity_cap2,3,0
"0,2,0,1,0,1,2",central_full,3,0
"3,2,2,1,2,1,1",bilateral_3pass,66,12
"3,2,2,1,2,1,1",clearinghouse,66,2
"3,2,2,1,2,1,1",public_pool,66,1
"3,2,2,1,2,1,1",subsidized_catch_up,66,51
"3,2,2,1,2,1,1",central_cap2,66,0
"3,2,2,1,2,1,1",equity_cap2,66,0
"3,2,2,1,2,1,1",central_full,66,0
"1,1,1,1,1,1,2",bilateral_3pass,14,14
"1,1,1,1,1,1,2",clearinghouse,14,0
"1,1,1,1,1,1,2",public_pool,14,0
"1,1,1,1,1,1,2",subsidized_catch_up,14,0
"1,1,1,1,1,1,2",central_cap2,14,0
"1,1,1,1,1,1,2",equity_cap2,14,0
"1,1,1,1,1,1,2",central_full,14,0
"3,1,2,1,2,2,4",bilateral_3pass,12,12
"3,1,2,1,2,2,4",clearinghouse,12,0
"3,1,2,1,2,2,4",public_pool,12,0
"3,1,2,1,2,2,4",subsidized_catch_up,12,0
"3,1,2,1,2,2,4",central_cap2,12,0
"3,1,2,1,2,2,4",equity_cap2,12,0
"3,1,2,1,2,2,4",central_full,12,0
"3,1,1,1,0,2,0",bilateral_3pass,43,43
"3,1,1,1,0,2,0",clearinghouse,43,0
"3,1,1,1,0,2,0",public_pool,43,0
"3,1,1,1,0,2,0",subsidized_catch_up,43,0
"3,1,1,1,0,2,0",central_cap2,43,0
"3,1,1,1,0,2,0",equity_cap2,43,0
"3,1,1,1,0,2,0",central_full,43,0
"1,1,2,3,1,0,1",bilateral_3pass,37,33
"1,1,2,3,1,0,1",clearinghouse,37,4
"1,1,2,3,1,0,1",public_pool,37,0
"1,1,2,3,1,0,1",subsidized_catch_up,37,0
"1,1,2,3,1,0,1",central_cap2,37,0
"1,1,2,3,1,0,1",equity_cap2,37,0
"1,1,2,3,1,0,1",central_full,37,0
"2,2,1,1,1,0,3",bilateral_3pass,34,1
"2,2,1,1,1,0,3",clearinghouse,34,28
"2,2,1,1,1,0,3",public_pool,34,0
"2,2,1,1,1,0,3",subsidized_catch_up,34,4
"2,2,1,1,1,0,3",central_cap2,34,1
"2,2,1,1,1,0,3",equity_cap2,34,0
"2,2,1,1,1,0,3",central_full,34,0
"1,1,0,3,2,1,3",bilateral_3pass,1,1
"1,1,0,3,2,1,3",clearinghouse,1,0
"1,1,0,3,2,1,3",public_pool,1,0
"1,1,0,3,2,1,3",subsidized_catch_up,1,0
"1,1,0,3,2,1,3",central_cap2,1,0
"1,1,0,3,2,1,3",equity_cap2,1,0
"1,1,0,3,2,1,3",central_full,1,0
"2,2,2,2,1,1,2",bilateral_3pass,35,3
"2,2,2,2,1,1,2",clearinghouse,35,27
"2,2,2,2,1,1,2",public_pool,35,3
"2,2,2,2,1,1,2",subsidized_catch_up,35,1
"2,2,2,2,1,1,2",central_cap2,35,1
"2,2,2,2,1,1,2",equity_cap2,35,0
"2,2,2,2,1,1,2",central_full,35,0
"3,2,1,1,1,1,2",bilateral_3pass,12,9
"3,2,1,1,1,1,2",clearinghouse,12,0
"3,2,1,1,1,1,2",public_pool,12,3
"3,2,1,1,1,1,2",subsidized_catch_up,12,0
"3,2,1,1,1,1,2",central_cap2,12,0
"3,2,1,1,1,1,2",equity_cap2,12,0
"3,2,1,1,1,1,2",central_full,12,0
"0,2,1,3,0,1,5",bilateral_3pass,25,2
"0,2,1,3,0,1,5",clearinghouse,25,19
"0,2,1,3,0,1,5",public_pool,25,1
"0,2,1,3,0,1,5",subsidized_catch_up,25,3
"0,2,1,3,0,1,5",central_cap2,25,0
"0,2,1,3,0,1,5",equity_cap2,25,0
"0,2,1,3,0,1,5",central_full,25,0
"1,2,1,3,1,1,2",bilateral_3pass,11,10
"1,2,1,3,1,1,2",clearinghouse,11,0
"1,2,1,3,1,1,2",public_pool,11,1
"1,2,1,3,1,1,2",subsidized_catch_up,11,0
"1,2,1,3,1,1,2",central_cap2,11,0
"1,2,1,3,1,1,2",equity_cap2,11,0
"1,2,1,3,1,1,2",central_full,11,0
"2,1,2,1,2,2,3",bilateral_3pass,71,67
"2,1,2,1,2,2,3",clearinghouse,71,0
"2,1,2,1,2,2,3",public_pool,71,0
"2,1,2,1,2,2,3",subsidized_catch_up,71,4
"2,1,2,1,2,2,3",central_cap2,71,0
"2,1,2,1,2,2,3",equity_cap2,71,0
"2,1,2,1,2,2,3",central_full,71,0
"0,2,0,3,0,1,0",bilateral_3pass,92,5
"0,2,0,3,0,1,0",clearinghouse,92,77
"0,2,0,3,0,1,0",public_pool,92,1
"0,2,0,3,0,1,0",subsidized_catch_up,92,3
"0,2,0,3,0,1,0",central_cap2,92,4
"0,2,0,3,0,1,0",equity_cap2,92,2
"0,2,0,3,0,1,0",central_full,92,0
"2,2,1,1,2,2,3",bilateral_3pass,73,3
"2,2,1,1,2,2,3",clearinghouse,73,5
"2,2,1,1,2,2,3",public_pool,73,1
"2,2,1,1,2,2,3",subsidized_catch_up,73,63
"2,2,1,1,2,2,3",central_cap2,73,0
"2,2,1,1,2,2,3",equity_cap2,73,1
"2,2,1,1,2,2,3",central_full,73,0
"1,1,1,2,0,1,5",bilateral_3pass,24,24
"1,1,1,2,0,1,5",clearinghouse,24,0
"1,1,1,2,0,1,5",public_pool,24,0
"1,1,1,2,0,1,5",subsidized_catch_up,24,0
"1,1,1,2,0,1,5",central_cap2,24,0
"1,1,1,2,0,1,5",equity_cap2,24,0
"1,1,1,2,0,1,5",central_full,24,0
"2,2,0,2,2,2,0",bilateral_3pass,69,4
"2,2,0,2,2,2,0",clearinghouse,69,56
"2,2,0,2,2,2,0",public_pool,69,3
"2,2,0,2,2,2,0",subsidized_catch_up,69,3
"2,2,0,2,2,2,0",central_cap2,69,1
"2,2,0,2,2,2,0",equity_cap2,69,2
"2,2,0,2,2,2,0",central_full,69,0
"1,3,1,2,1,1,0",bilateral_3pass,113,2
"1,3,1,2,1,1,0",clearinghouse,113,3
"1,3,1,2,1,1,0",public_pool,113,4
"1,3,1,2,1,1,0",subsidized_catch_up,113,0
"1,3,1,2,1,1,0",central_cap2,113,4
"1,3,1,2,1,1,0",equity_cap2,113,1
"1,3,1,2,1,1,0",central_full,113,99
"2,2,2,3,2,1,3",bilateral_3pass,85,2
"2,2,2,3,2,1,3",clearinghouse,85,71
"2,2,2,3,2,1,3",public_pool,85,1
"2,2,2,3,2,1,3",subsidized_catch_up,85,6
"2,2,2,3,2,1,3",central_cap2,85,1
"2,2,2,3,2,1,3",equity_cap2,85,4
"2,2,2,3,2,1,3",central_full,85,0
"3,1,2,3,1,2,1",bilateral_3pass,37,36
"3,1,2,3,1,2,1",clearinghouse,37,1
"3,1,2,3,1,2,1",public_pool,37,0
"3,1,2,3,1,2,1",subsidized_catch_up,37,0
"3,1,2,3,1,2,1",central_cap2,37,0
"3,1,2,3,1,2,1",equity_cap2,37,0
"3,1,2,3,1,2,1",central_full,37,0
"1,1,2,3,2,1,3",bilateral_3pass,7,7
"1,1,2,3,2,1,3",clearinghouse,7,0
"1,1,2,3,2,1,3",public_pool,7,0
"1,1,2,3,2,1,3",subsidized_catch_up,7,0
"1,1,2,3,2,1,3",central_cap2,7,0
"1,1,2,3,2,1,3",equity_cap2,7,0
"1,1,2,3,2,1,3",central_full,7,0
"2,1,1,2,2,0,0",bilateral_3pass,33,33
"2,1,1,2,2,0,0",clearinghouse,33,0
"2,1,1,2,2,0,0",public_pool,33,0
"2,1,1,2,2,0,0",subsidized_catch_up,33,0
"2,1,1,2,2,0,0",central_cap2,33,0
"2,1,1,2,2,0,0",equity_cap2,33,0
"2,1,1,2,2,0,0",central_full,33,0
"0,3,0,2,0,0,5",bilateral_3pass,8,1
"0,3,0,2,0,0,5",clearinghouse,8,3
"0,3,0,2,0,0,5",public_pool,8,0
"0,3,0,2,0,0,5",subsidized_catch_up,8,2
"0,3,0,2,0,0,5",central_cap2,8,0
"0,3,0,2,0,0,5",equity_cap2,8,0
"0,3,0,2,0,0,5",central_full,8,2
"0,1,0,3,0,0,1",bilateral_3pass,204,191
"0,1,0,3,0,0,1",clearinghouse,204,13
"0,1,0,3,0,0,1",public_pool,204,0
"0,1,0,3,0,0,1",subsidized_catch_up,204,0
"0,1,0,3,0,0,1",central_cap2,204,0
"0,1,0,3,0,0,1",equity_cap2,204,0
"0,1,0,3,0,0,1",central_full,204,0
"2,1,2,1,2,1,1",bilateral_3pass,77,74
"2,1,2,1,2,1,1",clearinghouse,77,3
"2,1,2,1,2,1,1",public_pool,77,0
"2,1,2,1,2,1,1",subsidized_catch_up,77,0
"2,1,2,1,2,1,1",central_cap2,77,0
"2,1,2,1,2,1,1",equity_cap2,77,0
"2,1,2,1,2,1,1",central_full,77,0
"3,1,2,3,1,2,4",bilateral_3pass,4,4
"3,1,2,3,1,2,4",clearinghouse,4,0
"3,1,2,3,1,2,4",public_pool,4,0
"3,1,2,3,1,2,4",subsidized_catch_up,4,0
"3,1,2,3,1,2,4",central_cap2,4,0
"3,1,2,3,1,2,4",equity_cap2,4,0
"3,1,2,3,1,2,4",central_full,4,0
"3,3,0,3,1,2,0",bilateral_3pass,20,1
"3,3,0,3,1,2,0",clearinghouse,20,0
"3,3,0,3,1,2,0",public_pool,20,17
"3,3,0,3,1,2,0",subsidized_catch_up,20,0
"3,3,0,3,1,2,0",central_cap2,20,0
"3,3,0,3,1,2,0",equity_cap2,20,1
"3,3,0,3,1,2,0",central_full,20,1
"3,1,1,1,1,2,4",bilateral_3pass,21,21
"3,1,1,1,1,2,4",clearinghouse,21,0
"3,1,1,1,1,2,4",public_pool,21,0
"3,1,1,1,1,2,4",subsidized_catch_up,21,0
"3,1,1,1,1,2,4",central_cap2,21,0
"3,1,1,1,1,2,4",equity_cap2,21,0
"3,1,1,1,1,2,4",central_full,21,0
"3,2,2,3,2,2,1",bilateral_3pass,36,1
"3,2,2,3,2,2,1",clearinghouse,36,2
"3,2,2,3,2,2,1",public_pool,36,0
"3,2,2,3,2,2,1",subsidized_catch_up,36,33
"3,2,2,3,2,2,1",central_cap2,36,0
"3,2,2,3,2,2,1",equity_cap2,36,0
"3,2,2,3,2,2,1",central_full,36,0
"3,2,0,3,2,2,1",bilateral_3pass,77,67
"3,2,0,3,2,2,1",clearinghouse,77,1
"3,2,0,3,2,2,1",public_pool,77,1
"3,2,0,3,2,2,1",subsidized_catch_up,77,2
"3,2,0,3,2,2,1",central_cap2,77,4
"3,2,0,3,2,2,1",equity_cap2,77,2
"3,2,0,3,2,2,1",central_full,77,0
"2,2,1,3,1,2,3",bilateral_3pass,133,112
"2,2,1,3,1,2,3",clearinghouse,133,7
"2,2,1,3,1,2,3",public_pool,133,1
"2,2,1,3,1,2,3",subsidized_catch_up,133,9
"2,2,1,3,1,2,3",central_cap2,133,4
"2,2,1,3,1,2,3",equity_cap2,133,0
"2,2,1,3,1,2,3",central_full,133,0
"1,1,2,1,0,2,4",bilateral_3pass,10,10
"1,1,2,1,0,2,4",clearinghouse,10,0
"1,1,2,1,0,2,4",public_pool,10,0
"1,1,2,1,0,2,4",subsidized_catch_up,10,0
"1,1,2,1,0,2,4",central_cap2,10,0
"1,1,2,1,0,2,4",equity_cap2,10,0
"1,1,2,1,0,2,4",central_full,10,0
"3,1,0,0,1,1,0",bilateral_3pass,2,2
"3,1,0,0,1,1,0",clearinghouse,2,0
"3,1,0,0,1,1,0",public_pool,2,0
"3,1,0,0,1,1,0",subsidized_catch_up,2,0
"3,1,0,0,1,1,0",central_cap2,2,0
"3,1,0,0,1,1,0",equity_cap2,2,0
"3,1,0,0,1,1,0",central_full,2,0
"2,2,1,2,1,1,1",bilateral_3pass,83,67
"2,2,1,2,1,1,1",clearinghouse,83,7
"2,2,1,2,1,1,1",public_pool,83,0
"2,2,1,2,1,1,1",subsidized_catch_up,83,5
"2,2,1,2,1,1,1",central_cap2,83,3
"2,2,1,2,1,1,1",equity_cap2,83,1
"2,2,1,2,1,1,1",central_full,83,0
"3,1,0,1,2,0,0",bilateral_3pass,15,15
"3,1,0,1,2,0,0",clearinghouse,15,0
"3,1,0,1,2,0,0",public_pool,15,0
"3,1,0,1,2,0,0",subsidized_catch_up,15,0
"3,1,0,1,2,0,0",central_cap2,15,0
"3,1,0,1,2,0,0",equity_cap2,15,0
"3,1,0,1,2,0,0",central_full,15,0
"3,1,2,3,1,1,0",bilateral_3pass,50,50
"3,1,2,3,1,1,0",clearinghouse,50,0
"3,1,2,3,1,1,0",public_pool,50,0
"3,1,2,3,1,1,0",subsidized_catch_up,50,0
"3,1,2,3,1,1,0",central_cap2,50,0
"3,1,2,3,1,1,0",equity_cap2,50,0
"3,1,2,3,1,1,0",central_full,50,0
"2,1,1,3,1,2,4",bilateral_3pass,16,16
"2,1,1,3,1,2,4",clearinghouse,16,0
"2,1,1,3,1,2,4",public_pool,16,0
"2,1,1,3,1,2,4",subsidized_catch_up,16,0
"2,1,1,3,1,2,4",central_cap2,16,0
"2,1,1,3,1,2,4",equity_cap2,16,0
"2,1,1,3,1,2,4",central_full,16,0
"1,2,2,3,0,0,3",bilateral_3pass,73,2
"1,2,2,3,0,0,3",clearinghouse,73,63
"1,2,2,3,0,0,3",public_pool,73,1
"1,2,2,3,0,0,3",subsidized_catch_up,73,5
"1,2,2,3,0,0,3",central_cap2,73,0
"1,2,2,3,0,0,3",equity_cap2,73,2
"1,2,2,3,0,0,3",central_full,73,0
"1,1,1,1,1,0,2",bilateral_3pass,6,6
"1,1,1,1,1,0,2",clearinghouse,6,0
"1,1,1,1,1,0,2",public_pool,6,0
"1,1,1,1,1,0,2",subsidized_catch_up,6,0
"1,1,1,1,1,0,2",central_cap2,6,0
"1,1,1,1,1,0,2",equity_cap2,6,0
"1,1,1,1,1,0,2",central_full,6,0
"3,1,1,3,0,1,0",bilateral_3pass,18,18
"3,1,1,3,0,1,0",clearinghouse,18,0
"3,1,1,3,0,1,0",public_pool,18,0
"3,1,1,3,0,1,0",subsidized_catch_up,18,0
"3,1,1,3,0,1,0",central_cap2,18,0
"3,1,1,3,0,1,0",equity_cap2,18,0
"3,1,1,3,0,1,0",central_full,18,0
"3,1,0,2,2,1,5",bilateral_3pass,13,13
"3,1,0,2,2,1,5",clearinghouse,13,0
"3,1,0,2,2,1,5",public_pool,13,0
"3,1,0,2,2,1,5",subsidized_catch_up,13,0
"3,1,0,2,2,1,5",central_cap2,13,0
"3,1,0,2,2,1,5",equity_cap2,13,0
"3,1,0,2,2,1,5",central_full,13,0
"1,1,2,2,0,0,5",bilateral_3pass,18,18
"1,1,2,2,0,0,5",clearinghouse,18,0
"1,1,2,2,0,0,5",public_pool,18,0
"1,1,2,2,0,0,5",subsidized_catch_up,18,0
"1,1,2,2,0,0,5",central_cap2,18,0
"1,1,2,2,0,0,5",equity_cap2,18,0
"1,1,2,2,0,0,5",central_full,18,0
"2,1,2,1,0,0,2",bilateral_3pass,5,5
"2,1,2,1,0,0,2",clearinghouse,5,0
"2,1,2,1,0,0,2",public_pool,5,0
"2,1,2,1,0,0,2",subsidized_catch_up,5,0
"2,1,2,1,0,0,2",central_cap2,5,0
"2,1,2,1,0,0,2",equity_cap2,5,0
"2,1,2,1,0,0,2",central_full,5,0
"2,2,0,1,0,0,0",bilateral_3pass,15,0
"2,2,0,1,0,0,0",clearinghouse,15,4
"2,2,0,1,0,0,0",public_pool,15,1
"2,2,0,1,0,0,0",subsidized_catch_up,15,9
"2,2,0,1,0,0,0",central_cap2,15,0
"2,2,0,1,0,0,0",equity_cap2,15,1
"2,2,0,1,0,0,0",central_full,15,0
"3,2,1,1,0,1,0",bilateral_3pass,45,34
"3,2,1,1,0,1,0",clearinghouse,45,7
"3,2,1,1,0,1,0",public_pool,45,0
"3,2,1,1,0,1,0",subsidized_catch_up,45,2
"3,2,1,1,0,1,0",central_cap2,45,1
"3,2,1,1,0,1,0",equity_cap2,45,1
"3,2,1,1,0,1,0",central_full,45,0
"3,2,0,1,1,1,1",bilateral_3pass,2,0
"3,2,0,1,1,1,1",clearinghouse,2,1
"3,2,0,1,1,1,1",public_pool,2,0
"3,2,0,1,1,1,1",subsidized_catch_up,2,1
"3,2,0,1,1,1,1",central_cap2,2,0
"3,2,0,1,1,1,1",equity_cap2,2,0
"3,2,0,1,1,1,1",central_full,2,0
"3,1,2,2,1,0,3",bilateral_3pass,8,5
"3,1,2,2,1,0,3",clearinghouse,8,0
"3,1,2,2,1,0,3",public_pool,8,0
"3,1,2,2,1,0,3",subsidized_catch_up,8,3
"3,1,2,2,1,0,3",central_cap2,8,0
"3,1,2,2,1,0,3",equity_cap2,8,0
"3,1,2,2,1,0,3",central_full,8,0
"0,1,0,1,0,0,4",bilateral_3pass,17,17
"0,1,0,1,0,0,4",clearinghouse,17,0
"0,1,0,1,0,0,4",public_pool,17,0
"0,1,0,1,0,0,4",subsidized_catch_up,17,0
"0,1,0,1,0,0,4",central_cap2,17,0
"0,1,0,1,0,0,4",equity_cap2,17,0
"0,1,0,1,0,0,4",central_full,17,0
"1,1,2,3,1,2,3",bilateral_3pass,32,29
"1,1,2,3,1,2,3",clearinghouse,32,0
"1,1,2,3,1,2,3",public_pool,32,0
"1,1,2,3,1,2,3",subsidized_catch_up,32,3
"1,1,2,3,1,2,3",central_cap2,32,0
"1,1,2,3,1,2,3",equity_cap2,32,0
"1,1,2,3,1,2,3",central_full,32,0
"1,3,1,1,0,1,2",bilateral_3pass,3,0
"1,3,1,1,0,1,2",clearinghouse,3,2
"1,3,1,1,0,1,2",public_pool,3,0
"1,3,1,1,0,1,2",subsidized_catch_up,3,0
"1,3,1,1,0,1,2",central_cap2,3,0
"1,3,1,1,0,1,2",equity_cap2,3,1
"1,3,1,1,0,1,2",central_full,3,0
"1,3,1,1,0,1,1",bilateral_3pass,3,0
"1,3,1,1,0,1,1",clearinghouse,3,0
"1,3,1,1,0,1,1",public_pool,3,0
"1,3,1,1,0,1,1",subsidized_catch_up,3,0
"1,3,1,1,0,1,1",central_cap2,3,0
"1,3,1,1,0,1,1",equity_cap2,3,0
"1,3,1,1,0,1,1",central_full,3,3
"1,1,1,2,0,0,6",bilateral_3pass,15,15
"1,1,1,2,0,0,6",clearinghouse,15,0
"1,1,1,2,0,0,6",public_pool,15,0
"1,1,1,2,0,0,6",subsidized_catch_up,15,0
"1,1,1,2,0,0,6",central_cap2,15,0
"1,1,1,2,0,0,6",equity_cap2,15,0
"1,1,1,2,0,0,6",central_full,15,0
"3,2,1,2,1,0,0",bilateral_3pass,32,28
"3,2,1,2,1,0,0",clearinghouse,32,0
"3,2,1,2,1,0,0",public_pool,32,0
"3,2,1,2,1,0,0",subsidized_catch_up,32,2
"3,2,1,2,1,0,0",central_cap2,32,1
"3,2,1,2,1,0,0",equity_cap2,32,1
"3,2,1,2,1,0,0",central_full,32,0
"1,2,2,2,0,1,2",bilateral_3pass,20,4
"1,2,2,2,0,1,2",clearinghouse,20,0
"1,2,2,2,0,1,2",public_pool,20,1
"1,2,2,2,0,1,2",subsidized_catch_up,20,14
"1,2,2,2,0,1,2",central_cap2,20,0
"1,2,2,2,0,1,2",equity_cap2,20,1
"1,2,2,2,0,1,2",central_full,20,0
"2,1,1,3,0,0,3",bilateral_3pass,24,23
"2,1,1,3,0,0,3",clearinghouse,24,0
"2,1,1,3,0,0,3",public_pool,24,0
"2,1,1,3,0,0,3",subsidized_catch_up,24,1
"2,1,1,3,0,0,3",central_cap2,24,0
"2,1,1,3,0,0,3",equity_cap2,24,0
"2,1,1,3,0,0,3",central_full,24,0
"2,2,1,3,2,1,2",bilateral_3pass,38,1
"2,2,1,3,2,1,2",clearinghouse,38,1
"2,2,1,3,2,1,2",public_pool,38,3
"2,2,1,3,2,1,2",subsidized_catch_up,38,33
"2,2,1,3,2,1,2",central_cap2,38,0
"2,2,1,3,2,1,2",equity_cap2,38,0
"2,2,1,3,2,1,2",central_full,38,0
"3,2,2,3,2,2,2",bilateral_3pass,22,18
"3,2,2,3,2,2,2",clearinghouse,22,1
"3,2,2,3,2,2,2",public_pool,22,1
"3,2,2,3,2,2,2",subsidized_catch_up,22,1
"3,2,2,3,2,2,2",central_cap2,22,0
"3,2,2,3,2,2,2",equity_cap2,22,1
"3,2,2,3,2,2,2",central_full,22,0
"0,1,2,1,0,0,0",bilateral_3pass,54,54
"0,1,2,1,0,0,0",clearinghouse,54,0
"0,1,2,1,0,0,0",public_pool,54,0
"0,1,2,1,0,0,0",subsidized_catch_up,54,0
"0,1,2,1,0,0,0",central_cap2,54,0
"0,1,2,1,0,0,0",equity_cap2,54,0
"0,1,2,1,0,0,0",central_full,54,0
"3,2,2,2,2,1,2",bilateral_3pass,13,1
"3,2,2,2,2,1,2",clearinghouse,13,1
"3,2,2,2,2,1,2",public_pool,13,2
"3,2,2,2,2,1,2",subsidized_catch_up,13,8
"3,2,2,2,2,1,2",central_cap2,13,0
"3,2,2,2,2,1,2",equity_cap2,13,1
"3,2,2,2,2,1,2",central_full,13,0
"3,1,2,1,2,0,3",bilateral_3pass,43,38
"3,1,2,1,2,0,3",clearinghouse,43,0
"3,1,2,1,2,0,3",public_pool,43,0
"3,1,2,1,2,0,3",subsidized_catch_up,43,5
"3,1,2,1,2,0,3",central_cap2,43,0
"3,1,2,1,2,0,3",equity_cap2,43,0
"3,1,2,1,2,0,3",central_full,43,0
"0,1,0,1,0,1,2",bilateral_3pass,1,1
"0,1,0,1,0,1,2",clearinghouse,1,0
"0,1,0,1,0,1,2",public_pool,1,0
"0,1,0,1,0,1,2",subsidized_catch_up,1,0
"0,1,0,1,0,1,2",central_cap2,1,0
"0,1,0,1,0,1,2",equity_cap2,1,0
"0,1,0,1,0,1,2",central_full,1,0
"3,1,0,2,1,1,1",bilateral_3pass,14,13
"3,1,0,2,1,1,1",clearinghouse,14,1
"3,1,0,2,1,1,1",public_pool,14,0
"3,1,0,2,1,1,1",subsidized_catch_up,14,0
"3,1,0,2,1,1,1",central_cap2,14,0
"3,1,0,2,1,1,1",equity_cap2,14,0
"3,1,0,2,1,1,1",central_full,14,0
"1,1,1,2,1,1,2",bilateral_3pass,17,17
"1,1,1,2,1,1,2",clearinghouse,17,0
"1,1,1,2,1,1,2",public_pool,17,0
"1,1,1,2,1,1,2",subsidized_catch_up,17,0
"1,1,1,2,1,1,2",central_cap2,17,0
"1,1,1,2,1,1,2",equity_cap2,17,0
"1,1,1,2,1,1,2",central_full,17,0
"1,2,2,2,2,0,0",bilateral_3pass,2,0
"1,2,2,2,2,0,0",clearinghouse,2,2
"1,2,2,2,2,0,0",public_pool,2,0
"1,2,2,2,2,0,0",subsidized_catch_up,2,0
"1,2,2,2,2,0,0",central_cap2,2,0
"1,2,2,2,2,0,0",equity_cap2,2,0
"1,2,2,2,2,0,0",central_full,2,0
"0,1,0,2,0,0,4",bilateral_3pass,15,15
"0,1,0,2,0,0,4",clearinghouse,15,0
"0,1,0,2,0,0,4",public_pool,15,0
"0,1,0,2,0,0,4",subsidized_catch_up,15,0
"0,1,0,2,0,0,4",central_cap2,15,0
"0,1,0,2,0,0,4",equity_cap2,15,0
"0,1,0,2,0,0,4",central_full,15,0
"1,2,0,1,0,1,3",bilateral_3pass,14,0
"1,2,0,1,0,1,3",clearinghouse,14,3
"1,2,0,1,0,1,3",public_pool,14,0
"1,2,0,1,0,1,3",subsidized_catch_up,14,10
"1,2,0,1,0,1,3",central_cap2,14,1
"1,2,0,1,0,1,3",equity_cap2,14,0
"1,2,0,1,0,1,3",central_full,14,0
"2,1,2,3,1,0,5",bilateral_3pass,9,9
"2,1,2,3,1,0,5",clearinghouse,9,0
"2,1,2,3,1,0,5",public_pool,9,0
"2,1,2,3,1,0,5",subsidized_catch_up,9,0
"2,1,2,3,1,0,5",central_cap2,9,0
"2,1,2,3,1,0,5",equity_cap2,9,0
"2,1,2,3,1,0,5",central_full,9,0
"1,1,1,1,2,1,0",bilateral_3pass,4,4
"1,1,1,1,2,1,0",clearinghouse,4,0
"1,1,1,1,2,1,0",public_pool,4,0
"1,1,1,1,2,1,0",subsidized_catch_up,4,0
"1,1,1,1,2,1,0",central_cap2,4,0
"1,1,1,1,2,1,0",equity_cap2,4,0
"1,1,1,1,2,1,0",central_full,4,0
"1,2,2,3,0,2,3",bilateral_3pass,52,45
"1,2,2,3,0,2,3",clearinghouse,52,6
"1,2,2,3,0,2,3",public_pool,52,0
"1,2,2,3,0,2,3",subsidized_catch_up,52,1
"1,2,2,3,0,2,3",central_cap2,52,0
"1,2,2,3,0,2,3",equity_cap2,52,0
"1,2,2,3,0,2,3",central_full,52,0
"2,1,2,3,2,0,4",bilateral_3pass,6,6
"2,1,2,3,2,0,4",clearinghouse,6,0
"2,1,2,3,2,0,4",public_pool,6,0
"2,1,2,3,2,0,4",subsidized_catch_up,6,0
"2,1,2,3,2,0,4",central_cap2,6,0
"2,1,2,3,2,0,4",equity_cap2,6,0
"2,1,2,3,2,0,4",central_full,6,0
"0,1,0,3,0,0,2",bilateral_3pass,15,15
"0,1,0,3,0,0,2",clearinghouse,15,0
"0,1,0,3,0,0,2",public_pool,15,0
"0,1,0,3,0,0,2",subsidized_catch_up,15,0
"0,1,0,3,0,0,2",central_cap2,15,0
"0,1,0,3,0,0,2",equity_cap2,15,0
"0,1,0,3,0,0,2",central_full,15,0
"1,1,0,2,0,1,3",bilateral_3pass,23,18
"1,1,0,2,0,1,3",clearinghouse,23,0
"1,1,0,2,0,1,3",public_pool,23,0
"1,1,0,2,0,1,3",subsidized_catch_up,23,5
"1,1,0,2,0,1,3",central_cap2,23,0
"1,1,0,2,0,1,3",equity_cap2,23,0
"1,1,0,2,0,1,3",central_full,23,0
"1,1,2,2,1,1,4",bilateral_3pass,14,14
"1,1,2,2,1,1,4",clearinghouse,14,0
"1,1,2,2,1,1,4",public_pool,14,0
"1,1,2,2,1,1,4",subsidized_catch_up,14,0
"1,1,2,2,1,1,4",central_cap2,14,0
"1,1,2,2,1,1,4",equity_cap2,14,0
"1,1,2,2,1,1,4",central_full,14,0
"3,1,2,2,2,2,5",bilateral_3pass,12,12
"3,1,2,2,2,2,5",clearinghouse,12,0
"3,1,2,2,2,2,5",public_pool,12,0
"3,1,2,2,2,2,5",subsidized_catch_up,12,0
"3,1,2,2,2,2,5",central_cap2,12,0
"3,1,2,2,2,2,5",equity_cap2,12,0
"3,1,2,2,2,2,5",central_full,12,0
"2,1,1,2,1,0,2",bilateral_3pass,4,4
"2,1,1,2,1,0,2",clearinghouse,4,0
"2,1,1,2,1,0,2",public_pool,4,0
"2,1,1,2,1,0,2",subsidized_catch_up,4,0
"2,1,1,2,1,0,2",central_cap2,4,0
"2,1,1,2,1,0,2",equity_cap2,4,0
"2,1,1,2,1,0,2",central_full,4,0
"2,1,2,2,1,0,1",bilateral_3pass,29,29
"2,1,2,2,1,0,1",clearinghouse,29,0
"2,1,2,2,1,0,1",public_pool,29,0
"2,1,2,2,1,0,1",subsidized_catch_up,29,0
"2,1,2,2,1,0,1",central_cap2,29,0
"2,1,2,2,1,0,1",equity_cap2,29,0
"2,1,2,2,1,0,1",central_full,29,0
"2,1,0,2,0,1,3",bilateral_3pass,12,12
"2,1,0,2,0,1,3",clearinghouse,12,0
"2,1,0,2,0,1,3",public_pool,12,0
"2,1,0,2,0,1,3",subsidized_catch_up,12,0
"2,1,0,2,0,1,3",central_cap2,12,0
"2,1,0,2,0,1,3",equity_cap2,12,0
"2,1,0,2,0,1,3",central_full,12,0
"0,1,0,2,0,0,5",bilateral_3pass,35,35
"0,1,0,2,0,0,5",clearinghouse,35,0
"0,1,0,2,0,0,5",public_pool,35,0
"0,1,0,2,0,0,5",subsidized_catch_up,35,0
"0,1,0,2,0,0,5",central_cap2,35,0
"0,1,0,2,0,0,5",equity_cap2,35,0
"0,1,0,2,0,0,5",central_full,35,0
"3,1,0,3,2,1,2",bilateral_3pass,13,13
"3,1,0,3,2,1,2",clearinghouse,13,0
"3,1,0,3,2,1,2",public_pool,13,0
"3,1,0,3,2,1,2",subsidized_catch_up,13,0
"3,1,0,3,2,1,2",central_cap2,13,0
"3,1,0,3,2,1,2",equity_cap2,13,0
"3,1,0,3,2,1,2",central_full,13,0
"2,2,1,1,0,2,1",bilateral_3pass,39,35
"2,2,1,1,0,2,1",clearinghouse,39,2
"2,2,1,1,0,2,1",public_pool,39,0
"2,2,1,1,0,2,1",subsidized_catch_up,39,1
"2,2,1,1,0,2,1",central_cap2,39,1
"2,2,1,1,0,2,1",equity_cap2,39,0
"2,2,1,1,0,2,1",central_full,39,0
"2,2,1,1,0,2,3",bilateral_3pass,41,4
"2,2,1,1,0,2,3",clearinghouse,41,2
"2,2,1,1,0,2,3",public_pool,41,0
"2,2,1,1,0,2,3",subsidized_catch_up,41,35
"2,2,1,1,0,2,3",central_cap2,41,0
"2,2,1,1,0,2,3",equity_cap2,41,0
"2,2,1,1,0,2,3",central_full,41,0
"3,1,1,3,0,1,3",bilateral_3pass,23,20
"3,1,1,3,0,1,3",clearinghouse,23,0
"3,1,1,3,0,1,3",public_pool,23,0
"3,1,1,3,0,1,3",subsidized_catch_up,23,3
"3,1,1,3,0,1,3",central_cap2,23,0
"3,1,1,3,0,1,3",equity_cap2,23,0
"3,1,1,3,0,1,3",central_full,23,0
"3,2,0,2,1,1,3",bilateral_3pass,5,1
"3,2,0,2,1,1,3",clearinghouse,5,0
"3,2,0,2,1,1,3",public_pool,5,0
"3,2,0,2,1,1,3",subsidized_catch_up,5,4
"3,2,0,2,1,1,3",central_cap2,5,0
"3,2,0,2,1,1,3",equity_cap2,5,0
"3,2,0,2,1,1,3",central_full,5,0
"3,2,2,2,1,0,0",bilateral_3pass,22,0
"3,2,2,2,1,0,0",clearinghouse,22,18
"3,2,2,2,1,0,0",public_pool,22,1
"3,2,2,2,1,0,0",subsidized_catch_up,22,3
"3,2,2,2,1,0,0",central_cap2,22,0
"3,2,2,2,1,0,0",equity_cap2,22,0
"3,2,2,2,1,0,0",central_full,22,0
"3,2,2,2,2,0,3",bilateral_3pass,12,0
"3,2,2,2,2,0,3",clearinghouse,12,10
"3,2,2,2,2,0,3",public_pool,12,0
"3,2,2,2,2,0,3",subsidized_catch_up,12,2
"3,2,2,2,2,0,3",central_cap2,12,0
"3,2,2,2,2,0,3",equity_cap2,12,0
"3,2,2,2,2,0,3",central_full,12,0
"3,1,0,1,2,0,1",bilateral_3pass,9,8
"3,1,0,1,2,0,1",clearinghouse,9,1
"3,1,0,1,2,0,1",public_pool,9,0
"3,1,0,1,2,0,1",subsidized_catch_up,9,0
"3,1,0,1,2,0,1",central_cap2,9,0
"3,1,0,1,2,0,1",equity_cap2,9,0
"3,1,0,1,2,0,1",central_full,9,0
"3,1,1,3,1,2,4",bilateral_3pass,12,12
"3,1,1,3,1,2,4",clearinghouse,12,0
"3,1,1,3,1,2,4",public_pool,12,0
"3,1,1,3,1,2,4",subsidized_catch_up,12,0
"3,1,1,3,1,2,4",central_cap2,12,0
"3,1,1,3,1,2,4",equity_cap2,12,0
"3,1,1,3,1,2,4",central_full,12,0
"1,2,1,3,0,1,2",bilateral_3pass,17,1
"1,2,1,3,0,1,2",clearinghouse,17,15
"1,2,1,3,0,1,2",public_pool,17,0
"1,2,1,3,0,1,2",subsidized_catch_up,17,1
"1,2,1,3,0,1,2",central_cap2,17,0
"1,2,1,3,0,1,2",equity_cap2,17,0
"1,2,1,3,0,1,2",central_full,17,0
"3,2,2,3,2,1,3",bilateral_3pass,57,2
"3,2,2,3,2,1,3",clearinghouse,57,50
"3,2,2,3,2,1,3",public_pool,57,0
"3,2,2,3,2,1,3",subsidized_catch_up,57,5
"3,2,2,3,2,1,3",central_cap2,57,0
"3,2,2,3,2,1,3",equity_cap2,57,0
"3,2,2,3,2,1,3",central_full,57,0
"2,1,1,1,0,0,3",bilateral_3pass,45,40
"2,1,1,1,0,0,3",clearinghouse,45,0
"2,1,1,1,0,0,3",public_pool,45,0
"2,1,1,1,0,0,3",subsidized_catch_up,45,5
"2,1,1,1,0,0,3",central_cap2,45,0
"2,1,1,1,0,0,3",equity_cap2,45,0
"2,1,1,1,0,0,3",central_full,45,0
"1,1,1,2,1,2,3",bilateral_3pass,16,14
"1,1,1,2,1,2,3",clearinghouse,16,0
"1,1,1,2,1,2,3",public_pool,16,0
"1,1,1,2,1,2,3",subsidized_catch_up,16,2
"1,1,1,2,1,2,3",central_cap2,16,0
"1,1,1,2,1,2,3",equity_cap2,16,0
"1,1,1,2,1,2,3",central_full,16,0
"3,1,2,3,2,1,2",bilateral_3pass,11,11
"3,1,2,3,2,1,2",clearinghouse,11,0
"3,1,2,3,2,1,2",public_pool,11,0
"3,1,2,3,2,1,2",subsidized_catch_up,11,0
"3,1,2,3,2,1,2",central_cap2,11,0
"3,1,2,3,2,1,2",equity_cap2,11,0
"3,1,2,3,2,1,2",central_full,11,0
"1,2,1,3,0,0,3",bilateral_3pass,73,5
"1,2,1,3,0,0,3",clearinghouse,73,58
"1,2,1,3,0,0,3",public_pool,73,0
"1,2,1,3,0,0,3",subsidized_catch_up,73,4
"1,2,1,3,0,0,3",central_cap2,73,2
"1,2,1,3,0,0,3",equity_cap2,73,4
"1,2,1,3,0,0,3",central_full,73,0
"2,1,0,2,2,1,2",bilateral_3pass,2,2
"2,1,0,2,2,1,2",clearinghouse,2,0
"2,1,0,2,2,1,2",public_pool,2,0
"2,1,0,2,2,1,2",subsidized_catch_up,2,0
"2,1,0,2,2,1,2",central_cap2,2,0
"2,1,0,2,2,1,2",equity_cap2,2,0
"2,1,0,2,2,1,2",central_full,2,0
"1,1,2,1,0,0,4",bilateral_3pass,6,6
"1,1,2,1,0,0,4",clearinghouse,6,0
"1,1,2,1,0,0,4",public_pool,6,0
"1,1,2,1,0,0,4",subsidized_catch_up,6,0
"1,1,2,1,0,0,4",central_cap2,6,0
"1,1,2,1,0,0,4",equity_cap2,6,0
"1,1,2,1,0,0,4",central_full,6,0
"1,1,0,1,0,1,6",bilateral_3pass,4,4
"1,1,0,1,0,1,6",clearinghouse,4,0
"1,1,0,1,0,1,6",public_pool,4,0
"1,1,0,1,0,1,6",subsidized_catch_up,4,0
"1,1,0,1,0,1,6",central_cap2,4,0
"1,1,0,1,0,1,6",equity_cap2,4,0
"1,1,0,1,0,1,6",central_full,4,0
"3,1,2,1,1,1,4",bilateral_3pass,6,6
"3,1,2,1,1,1,4",clearinghouse,6,0
"3,1,2,1,1,1,4",public_pool,6,0
"3,1,2,1,1,1,4",subsidized_catch_up,6,0
"3,1,2,1,1,1,4",central_cap2,6,0
"3,1,2,1,1,1,4",equity_cap2,6,0
"3,1,2,1,1,1,4",central_full,6,0
"0,1,0,1,0,1,3",bilateral_3pass,30,28
"0,1,0,1,0,1,3",clearinghouse,30,0
"0,1,0,1,0,1,3",public_pool,30,0
"0,1,0,1,0,1,3",subsidized_catch_up,30,2
"0,1,0,1,0,1,3",central_cap2,30,0
"0,1,0,1,0,1,3",equity_cap2,30,0
"0,1,0,1,0,1,3",central_full,30,0
"2,1,1,3,0,0,4",bilateral_3pass,6,6
"2,1,1,3,0,0,4",clearinghouse,6,0
"2,1,1,3,0,0,4",public_pool,6,0
"2,1,1,3,0,0,4",subsidized_catch_up,6,0
"2,1,1,3,0,0,4",central_cap2,6,0
"2,1,1,3,0,0,4",equity_cap2,6,0
"2,1,1,3,0,0,4",central_full,6,0
"2,1,0,1,1,2,4",bilateral_3pass,4,4
"2,1,0,1,1,2,4",clearinghouse,4,0
"2,1,0,1,1,2,4",public_pool,4,0
"2,1,0,1,1,2,4",subsidized_catch_up,4,0
"2,1,0,1,1,2,4",central_cap2,4,0
"2,1,0,1,1,2,4",equity_cap2,4,0
"2,1,0,1,1,2,4",central_full,4,0
"3,1,0,2,1,1,0",bilateral_3pass,24,24
"3,1,0,2,1,1,0",clearinghouse,24,0
"3,1,0,2,1,1,0",public_pool,24,0
"3,1,0,2,1,1,0",subsidized_catch_up,24,0
"3,1,0,2,1,1,0",central_cap2,24,0
"3,1,0,2,1,1,0",equity_cap2,24,0
"3,1,0,2,1,1,0",central_full,24,0
"1,1,1,1,0,0,2",bilateral_3pass,7,7
"1,1,1,1,0,0,2",clearinghouse,7,0
"1,1,1,1,0,0,2",public_pool,7,0
"1,1,1,1,0,0,2",subsidized_catch_up,7,0
"1,1,1,1,0,0,2",central_cap2,7,0
"1,1,1,1,0,0,2",equity_cap2,7,0
"1,1,1,1,0,0,2",central_full,7,0
"2,1,0,2,2,1,5",bilateral_3pass,2,2
"2,1,0,2,2,1,5",clearinghouse,2,0
"2,1,0,2,2,1,5",public_pool,2,0
"2,1,0,2,2,1,5",subsidized_catch_up,2,0
"2,1,0,2,2,1,5",central_cap2,2,0
"2,1,0,2,2,1,5",equity_cap2,2,0
"2,1,0,2,2,1,5",central_full,2,0
"0,3,0,3,0,0,2",bilateral_3pass,33,2
"0,3,0,3,0,0,2",clearinghouse,33,1
"0,3,0,3,0,0,2",public_pool,33,2
"0,3,0,3,0,0,2",subsidized_catch_up,33,27
"0,3,0,3,0,0,2",central_cap2,33,0
"0,3,0,3,0,0,2",equity_cap2,33,0
"0,3,0,3,0,0,2",central_full,33,1
"1,1,1,2,1,0,3",bilateral_3pass,26,23
"1,1,1,2,1,0,3",clearinghouse,26,0
"1,1,1,2,1,0,3",public_pool,26,0
"1,1,1,2,1,0,3",subsidized_catch_up,26,3
"1,1,1,2,1,0,3",central_cap2,26,0
"1,1,1,2,1,0,3",equity_cap2,26,0
"1,1,1,2,1,0,3",central_full,26,0
"2,2,2,1,0,1,3",bilateral_3pass,46,37
"2,2,2,1,0,1,3",clearinghouse,46,5
"2,2,2,1,0,1,3",public_pool,46,0
"2,2,2,1,0,1,3",subsidized_catch_up,46,3
"2,2,2,1,0,1,3",central_cap2,46,1
"2,2,2,1,0,1,3",equity_cap2,46,0
"2,2,2,1,0,1,3",central_full,46,0
"2,2,0,1,0,2,0",bilateral_3pass,24,1
"2,2,0,1,0,2,0",clearinghouse,24,19
"2,2,0,1,0,2,0",public_pool,24,0
"2,2,0,1,0,2,0",subsidized_catch_up,24,2
"2,2,0,1,0,2,0",central_cap2,24,1
"2,2,0,1,0,2,0",equity_cap2,24,1
"2,2,0,1,0,2,0",central_full,24,0
"2,1,1,3,2,1,5",bilateral_3pass,18,18
"2,1,1,3,2,1,5",clearinghouse,18,0
"2,1,1,3,2,1,5",public_pool,18,0
"2,1,1,3,2,1,5",subsidized_catch_up,18,0
"2,1,1,3,2,1,5",central_cap2,18,0
"2,1,1,3,2,1,5",equity_cap2,18,0
"2,1,1,3,2,1,5",central_full,18,0
"1,2,1,1,0,0,1",bilateral_3pass,34,0
"1,2,1,1,0,0,1",clearinghouse,34,3
"1,2,1,1,0,0,1",public_pool,34,0
"1,2,1,1,0,0,1",subsidized_catch_up,34,30
"1,2,1,1,0,0,1",central_cap2,34,0
"1,2,1,1,0,0,1",equity_cap2,34,1
"1,2,1,1,0,0,1",central_full,34,0
"3,1,0,2,2,1,4",bilateral_3pass,6,6
"3,1,0,2,2,1,4",clearinghouse,6,0
"3,1,0,2,2,1,4",public_pool,6,0
"3,1,0,2,2,1,4",subsidized_catch_up,6,0
"3,1,0,2,2,1,4",central_cap2,6,0
"3,1,0,2,2,1,4",equity_cap2,6,0
"3,1,0,2,2,1,4",central_full,6,0
"1,1,2,3,1,0,5",bilateral_3pass,6,6
"1,1,2,3,1,0,5",clearinghouse,6,0
"1,1,2,3,1,0,5",public_pool,6,0
"1,1,2,3,1,0,5",subsidized_catch_up,6,0
"1,1,2,3,1,0,5",central_cap2,6,0
"1,1,2,3,1,0,5",equity_cap2,6,0
"1,1,2,3,1,0,5",central_full,6,0
"1,2,1,1,0,1,4",bilateral_3pass,5,0
"1,2,1,1,0,1,4",clearinghouse,5,0
"1,2,1,1,0,1,4",public_pool,5,0
"1,2,1,1,0,1,4",subsidized_catch_up,5,0
"1,2,1,1,0,1,4",central_cap2,5,5
"1,2,1,1,0,1,4",equity_cap2,5,0
"1,2,1,1,0,1,4",central_full,5,0
"2,1,2,3,1,2,5",bilateral_3pass,13,13
"2,1,2,3,1,2,5",clearinghouse,13,0
"2,1,2,3,1,2,5",public_pool,13,0
"2,1,2,3,1,2,5",subsidized_catch_up,13,0
"2,1,2,3,1,2,5",central_cap2,13,0
"2,1,2,3,1,2,5",equity_cap2,13,0
"2,1,2,3,1,2,5",central_full,13,0
"1,1,2,2,0,0,4",bilateral_3pass,14,14
"1,1,2,2,0,0,4",clearinghouse,14,0
"1,1,2,2,0,0,4",public_pool,14,0
"1,1,2,2,0,0,4",subsidized_catch_up,14,0
"1,1,2,2,0,0,4",central_cap2,14,0
"1,1,2,2,0,0,4",equity_cap2,14,0
"1,1,2,2,0,0,4",central_full,14,0
"2,1,1,3,1,2,5",bilateral_3pass,20,20
"2,1,1,3,1,2,5",clearinghouse,20,0
"2,1,1,3,1,2,5",public_pool,20,0
"2,1,1,3,1,2,5",subsidized_catch_up,20,0
"2,1,1,3,1,2,5",central_cap2,20,0
"2,1,1,3,1,2,5",equity_cap2,20,0
"2,1,1,3,1,2,5",central_full,20,0
"0,1,1,2,0,2,4",bilateral_3pass,1,1
"0,1,1,2,0,2,4",clearinghouse,1,0
"0,1,1,2,0,2,4",public_pool,1,0
"0,1,1,2,0,2,4",subsidized_catch_up,1,0
"0,1,1,2,0,2,4",central_cap2,1,0
"0,1,1,2,0,2,4",equity_cap2,1,0
"0,1,1,2,0,2,4",central_full,1,0
"0,2,2,2,0,2,0",bilateral_3pass,4,0
"0,2,2,2,0,2,0",clearinghouse,4,0
"0,2,2,2,0,2,0",public_pool,4,0
"0,2,2,2,0,2,0",subsidized_catch_up,4,4
"0,2,2,2,0,2,0",central_cap2,4,0
"0,2,2,2,0,2,0",equity_cap2,4,0
"0,2,2,2,0,2,0",central_full,4,0
"2,3,1,2,2,2,0",bilateral_3pass,50,1
"2,3,1,2,2,2,0",clearinghouse,50,0
"2,3,1,2,2,2,0",public_pool,50,3
"2,3,1,2,2,2,0",subsidized_catch_up,50,1
"2,3,1,2,2,2,0",central_cap2,50,1
"2,3,1,2,2,2,0",equity_cap2,50,44
"2,3,1,2,2,2,0",central_full,50,0
"2,2,0,3,2,2,5",bilateral_3pass,2,0
"2,2,0,3,2,2,5",clearinghouse,2,0
"2,2,0,3,2,2,5",public_pool,2,0
"2,2,0,3,2,2,5",subsidized_catch_up,2,0
"2,2,0,3,2,2,5",central_cap2,2,0
"2,2,0,3,2,2,5",equity_cap2,2,2
"2,2,0,3,2,2,5",central_full,2,0
"0,1,2,2,0,1,2",bilateral_3pass,15,15
"0,1,2,2,0,1,2",clearinghouse,15,0
"0,1,2,2,0,1,2",public_pool,15,0
"0,1,2,2,0,1,2",subsidized_catch_up,15,0
"0,1,2,2,0,1,2",central_cap2,15,0
"0,1,2,2,0,1,2",equity_cap2,15,0
"0,1,2,2,0,1,2",central_full,15,0
"3,3,1,2,2,2,0",bilateral_3pass,132,7
"3,3,1,2,2,2,0",clearinghouse,132,6
"3,3,1,2,2,2,0",public_pool,132,1
"3,3,1,2,2,2,0",subsidized_catch_up,132,95
"3,3,1,2,2,2,0",central_cap2,132,15
"3,3,1,2,2,2,0",equity_cap2,132,2
"3,3,1,2,2,2,0",central_full,132,6
"3,2,1,2,2,2,1",bilateral_3pass,116,98
"3,2,1,2,2,2,1",clearinghouse,116,4
"3,2,1,2,2,2,1",public_pool,116,3
"3,2,1,2,2,2,1",subsidized_catch_up,116,7
"3,2,1,2,2,2,1",central_cap2,116,1
"3,2,1,2,2,2,1",equity_cap2,116,3
"3,2,1,2,2,2,1",central_full,116,0
"3,2,2,2,2,0,1",bilateral_3pass,9,7
"3,2,2,2,2,0,1",clearinghouse,9,2
"3,2,2,2,2,0,1",public_pool,9,0
"3,2,2,2,2,0,1",subsidized_catch_up,9,0
"3,2,2,2,2,0,1",central_cap2,9,0
"3,2,2,2,2,0,1",equity_cap2,9,0
"3,2,2,2,2,0,1",central_full,9,0
"2,1,0,1,2,0,0",bilateral_3pass,9,9
"2,1,0,1,2,0,0",clearinghouse,9,0
"2,1,0,1,2,0,0",public_pool,9,0
"2,1,0,1,2,0,0",subsidized_catch_up,9,0
"2,1,0,1,2,0,0",central_cap2,9,0
"2,1,0,1,2,0,0",equity_cap2,9,0
"2,1,0,1,2,0,0",central_full,9,0
"2,1,0,1,1,1,0",bilateral_3pass,65,65
"2,1,0,1,1,1,0",clearinghouse,65,0
"2,1,0,1,1,1,0",public_pool,65,0
"2,1,0,1,1,1,0",subsidized_catch_up,65,0
"2,1,0,1,1,1,0",central_cap2,65,0
"2,1,0,1,1,1,0",equity_cap2,65,0
"2,1,0,1,1,1,0",central_full,65,0
"1,3,2,1,0,1,1",bilateral_3pass,1,1
"1,3,2,1,0,1,1",clearinghouse,1,0
"1,3,2,1,0,1,1",public_pool,1,0
"1,3,2,1,0,1,1",subsidized_catch_up,1,0
"1,3,2,1,0,1,1",central_cap2,1,0
"1,3,2,1,0,1,1",equity_cap2,1,0
"1,3,2,1,0,1,1",central_full,1,0
"1,3,1,1,0,1,0",bilateral_3pass,191,6
"1,3,1,1,0,1,0",clearinghouse,191,5
"1,3,1,1,0,1,0",public_pool,191,5
"1,3,1,1,0,1,0",subsidized_catch_up,191,159
"1,3,1,1,0,1,0",central_cap2,191,3
"1,3,1,1,0,1,0",equity_cap2,191,8
"1,3,1,1,0,1,0",central_full,191,5
"1,3,1,1,1,1,1",bilateral_3pass,1,0
"1,3,1,1,1,1,1",clearinghouse,1,0
"1,3,1,1,1,1,1",public_pool,1,0
"1,3,1,1,1,1,1",subsidized_catch_up,1,0
"1,3,1,1,1,1,1",central_cap2,1,1
"1,3,1,1,1,1,1",equity_cap2,1,0
"1,3,1,1,1,1,1",central_full,1,0
"1,2,2,3,1,0,4",bilateral_3pass,3,0
"1,2,2,3,1,0,4",clearinghouse,3,0
"1,2,2,3,1,0,4",public_pool,3,0
"1,2,2,3,1,0,4",subsidized_catch_up,3,3
"1,2,2,3,1,0,4",central_cap2,3,0
"1,2,2,3,1,0,4",equity_cap2,3,0
"1,2,2,3,1,0,4",central_full,3,0
"3,1,1,2,1,0,1",bilateral_3pass,8,8
"3,1,1,2,1,0,1",clearinghouse,8,0
"3,1,1,2,1,0,1",public_pool,8,0
"3,1,1,2,1,0,1",subsidized_catch_up,8,0
"3,1,1,2,1,0,1",central_cap2,8,0
"3,1,1,2,1,0,1",equity_cap2,8,0
"3,1,1,2,1,0,1",central_full,8,0
"2,1,1,1,1,2,5",bilateral_3pass,26,26
"2,1,1,1,1,2,5",clearinghouse,26,0
"2,1,1,1,1,2,5",public_pool,26,0
"2,1,1,1,1,2,5",subsidized_catch_up,26,0
"2,1,1,1,1,2,5",central_cap2,26,0
"2,1,1,1,1,2,5",equity_cap2,26,0
"2,1,1,1,1,2,5",central_full,26,0
"3,2,1,3,2,2,1",bilateral_3pass,195,13
"3,2,1,3,2,2,1",clearinghouse,195,13
"3,2,1,3,2,2,1",public_pool,195,3
"3,2,1,3,2,2,1",subsidized_catch_up,195,163
"3,2,1,3,2,2,1",central_cap2,195,1
"3,2,1,3,2,2,1",equity_cap2,195,2
"3,2,1,3,2,2,1",central_full,195,0
"0,3,0,1,0,0,5",bilateral_3pass,14,0
"0,3,0,1,0,0,5",clearinghouse,14,1
"0,3,0,1,0,0,5",public_pool,14,1
"0,3,0,1,0,0,5",subsidized_catch_up,14,9
"0,3,0,1,0,0,5",central_cap2,14,0
"0,3,0,1,0,0,5",equity_cap2,14,3
"0,3,0,1,0,0,5",central_full,14,0
"3,2,0,1,1,0,0",bilateral_3pass,9,0
"3,2,0,1,1,0,0",clearinghouse,9,1
"3,2,0,1,1,0,0",public_pool,9,2
"3,2,0,1,1,0,0",subsidized_catch_up,9,5
"3,2,0,1,1,0,0",central_cap2,9,1
"3,2,0,1,1,0,0",equity_cap2,9,0
"3,2,0,1,1,0,0",central_full,9,0
"2,1,1,3,0,1,4",bilateral_3pass,5,5
"2,1,1,3,0,1,4",clearinghouse,5,0
"2,1,1,3,0,1,4",public_pool,5,0
"2,1,1,3,0,1,4",subsidized_catch_up,5,0
"2,1,1,3,0,1,4",central_cap2,5,0
"2,1,1,3,0,1,4",equity_cap2,5,0
"2,1,1,3,0,1,4",central_full,5,0
"1,1,0,3,1,1,2",bilateral_3pass,2,2
"1,1,0,3,1,1,2",clearinghouse,2,0
"1,1,0,3,1,1,2",public_pool,2,0
"1,1,0,3,1,1,2",subsidized_catch_up,2,0
"1,1,0,3,1,1,2",central_cap2,2,0
"1,1,0,3,1,1,2",equity_cap2,2,0
"1,1,0,3,1,1,2",central_full,2,0
"1,1,0,1,0,0,0",bilateral_3pass,10,10
"1,1,0,1,0,0,0",clearinghouse,10,0
"1,1,0,1,0,0,0",public_pool,10,0
"1,1,0,1,0,0,0",subsidized_catch_up,10,0
"1,1,0,1,0,0,0",central_cap2,10,0
"1,1,0,1,0,0,0",equity_cap2,10,0
"1,1,0,1,0,0,0",central_full,10,0
"3,2,0,3,2,1,2",bilateral_3pass,13,2
"3,2,0,3,2,1,2",clearinghouse,13,11
"3,2,0,3,2,1,2",public_pool,13,0
"3,2,0,3,2,1,2",subsidized_catch_up,13,0
"3,2,0,3,2,1,2",central_cap2,13,0
"3,2,0,3,2,1,2",equity_cap2,13,0
"3,2,0,3,2,1,2",central_full,13,0
"1,2,2,3,1,1,3",bilateral_3pass,73,58
"1,2,2,3,1,1,3",clearinghouse,73,6
"1,2,2,3,1,1,3",public_pool,73,2
"1,2,2,3,1,1,3",subsidized_catch_up,73,7
"1,2,2,3,1,1,3",central_cap2,73,0
"1,2,2,3,1,1,3",equity_cap2,73,0
"1,2,2,3,1,1,3",central_full,73,0
"2,1,1,1,1,0,5",bilateral_3pass,14,14
"2,1,1,1,1,0,5",clearinghouse,14,0
"2,1,1,1,1,0,5",public_pool,14,0
"2,1,1,1,1,0,5",subsidized_catch_up,14,0
"2,1,1,1,1,0,5",central_cap2,14,0
"2,1,1,1,1,0,5",equity_cap2,14,0
"2,1,1,1,1,0,5",central_full,14,0
"2,2,1,3,0,2,3",bilateral_3pass,22,0
"2,2,1,3,0,2,3",clearinghouse,22,19
"2,2,1,3,0,2,3",public_pool,22,0
"2,2,1,3,0,2,3",subsidized_catch_up,22,2
"2,2,1,3,0,2,3",central_cap2,22,1
"2,2,1,3,0,2,3",equity_cap2,22,0
"2,2,1,3,0,2,3",central_full,22,0
"1,2,0,1,1,2,0",bilateral_3pass,10,1
"1,2,0,1,1,2,0",clearinghouse,10,9
"1,2,0,1,1,2,0",public_pool,10,0
"1,2,0,1,1,2,0",subsidized_catch_up,10,0
"1,2,0,1,1,2,0",central_cap2,10,0
"1,2,0,1,1,2,0",equity_cap2,10,0
"1,2,0,1,1,2,0",central_full,10,0
"1,2,2,3,1,2,1",bilateral_3pass,24,1
"1,2,2,3,1,2,1",clearinghouse,24,1
"1,2,2,3,1,2,1",public_pool,24,0
"1,2,2,3,1,2,1",subsidized_catch_up,24,22
"1,2,2,3,1,2,1",central_cap2,24,0
"1,2,2,3,1,2,1",equity_cap2,24,0
"1,2,2,3,1,2,1",central_full,24,0
"1,2,0,2,1,0,0",bilateral_3pass,24,0
"1,2,0,2,1,0,0",clearinghouse,24,20
"1,2,0,2,1,0,0",public_pool,24,1
"1,2,0,2,1,0,0",subsidized_catch_up,24,2
"1,2,0,2,1,0,0",central_cap2,24,0
"1,2,0,2,1,0,0",equity_cap2,24,1
"1,2,0,2,1,0,0",central_full,24,0
"3,2,0,0,1,2,0",bilateral_3pass,15,12
"3,2,0,0,1,2,0",clearinghouse,15,0
"3,2,0,0,1,2,0",public_pool,15,1
"3,2,0,0,1,2,0",subsidized_catch_up,15,2
"3,2,0,0,1,2,0",central_cap2,15,0
"3,2,0,0,1,2,0",equity_cap2,15,0
"3,2,0,0,1,2,0",central_full,15,0
"2,1,1,1,1,1,4",bilateral_3pass,45,45
"2,1,1,1,1,1,4",clearinghouse,45,0
"2,1,1,1,1,1,4",public_pool,45,0
"2,1,1,1,1,1,4",subsidized_catch_up,45,0
"2,1,1,1,1,1,4",central_cap2,45,0
"2,1,1,1,1,1,4",equity_cap2,45,0
"2,1,1,1,1,1,4",central_full,45,0
"2,1,1,3,2,2,5",bilateral_3pass,19,19
"2,1,1,3,2,2,5",clearinghouse,19,0
"2,1,1,3,2,2,5",public_pool,19,0
"2,1,1,3,2,2,5",subsidized_catch_up,19,0
"2,1,1,3,2,2,5",central_cap2,19,0
"2,1,1,3,2,2,5",equity_cap2,19,0
"2,1,1,3,2,2,5",central_full,19,0
"0,2,1,2,0,1,5",bilateral_3pass,14,1
"0,2,1,2,0,1,5",clearinghouse,14,1
"0,2,1,2,0,1,5",public_pool,14,0
"0,2,1,2,0,1,5",subsidized_catch_up,14,10
"0,2,1,2,0,1,5",central_cap2,14,1
"0,2,1,2,0,1,5",equity_cap2,14,1
"0,2,1,2,0,1,5",central_full,14,0
"1,1,0,1,0,0,1",bilateral_3pass,16,16
"1,1,0,1,0,0,1",clearinghouse,16,0
"1,1,0,1,0,0,1",public_pool,16,0
"1,1,0,1,0,0,1",subsidized_catch_up,16,0
"1,1,0,1,0,0,1",central_cap2,16,0
"1,1,0,1,0,0,1",equity_cap2,16,0
"1,1,0,1,0,0,1",central_full,16,0
"3,1,2,3,1,1,5",bilateral_3pass,8,8
"3,1,2,3,1,1,5",clearinghouse,8,0
"3,1,2,3,1,1,5",public_pool,8,0
"3,1,2,3,1,1,5",subsidized_catch_up,8,0
"3,1,2,3,1,1,5",central_cap2,8,0
"3,1,2,3,1,1,5",equity_cap2,8,0
"3,1,2,3,1,1,5",central_full,8,0
"2,2,0,3,0,1,0",bilateral_3pass,37,4
"2,2,0,3,0,1,0",clearinghouse,37,27
"2,2,0,3,0,1,0",public_pool,37,0
"2,2,0,3,0,1,0",subsidized_catch_up,37,3
"2,2,0,3,0,1,0",central_cap2,37,0
"2,2,0,3,0,1,0",equity_cap2,37,3
"2,2,0,3,0,1,0",central_full,37,0
"2,1,2,1,0,1,5",bilateral_3pass,11,11
"2,1,2,1,0,1,5",clearinghouse,11,0
"2,1,2,1,0,1,5",public_pool,11,0
"2,1,2,1,0,1,5",subsidized_catch_up,11,0
"2,1,2,1,0,1,5",central_cap2,11,0
"2,1,2,1,0,1,5",equity_cap2,11,0
"2,1,2,1,0,1,5",central_full,11,0
"0,1,2,3,0,1,5",bilateral_3pass,16,16
"0,1,2,3,0,1,5",clearinghouse,16,0
"0,1,2,3,0,1,5",public_pool,16,0
"0,1,2,3,0,1,5",subsidized_catch_up,16,0
"0,1,2,3,0,1,5",central_cap2,16,0
"0,1,2,3,0,1,5",equity_cap2,16,0
"0,1,2,3,0,1,5",central_full,16,0
"3,1,2,2,2,1,2",bilateral_3pass,5,5
"3,1,2,2,2,1,2",clearinghouse,5,0
"3,1,2,2,2,1,2",public_pool,5,0
"3,1,2,2,2,1,2",subsidized_catch_up,5,0
"3,1,2,2,2,1,2",central_cap2,5,0
"3,1,2,2,2,1,2",equity_cap2,5,0
"3,1,2,2,2,1,2",central_full,5,0
"2,2,1,3,1,0,1",bilateral_3pass,18,17
"2,2,1,3,1,0,1",clearinghouse,18,1
"2,2,1,3,1,0,1",public_pool,18,0
"2,2,1,3,1,0,1",subsidized_catch_up,18,0
"2,2,1,3,1,0,1",central_cap2,18,0
"2,2,1,3,1,0,1",equity_cap2,18,0
"2,2,1,3,1,0,1",central_full,18,0
"3,1,0,3,2,0,3",bilateral_3pass,7,6
"3,1,0,3,2,0,3",clearinghouse,7,0
"3,1,0,3,2,0,3",public_pool,7,0
"3,1,0,3,2,0,3",subsidized_catch_up,7,1
"3,1,0,3,2,0,3",central_cap2,7,0
"3,1,0,3,2,0,3",equity_cap2,7,0
"3,1,0,3,2,0,3",central_full,7,0
"3,1,1,3,2,2,6",bilateral_3pass,19,19
"3,1,1,3,2,2,6",clearinghouse,19,0
"3,1,1,3,2,2,6",public_pool,19,0
"3,1,1,3,2,2,6",subsidized_catch_up,19,0
"3,1,1,3,2,2,6",central_cap2,19,0
"3,1,1,3,2,2,6",equity_cap2,19,0
"3,1,1,3,2,2,6",central_full,19,0
"1,1,1,3,1,2,4",bilateral_3pass,10,10
"1,1,1,3,1,2,4",clearinghouse,10,0
"1,1,1,3,1,2,4",public_pool,10,0
"1,1,1,3,1,2,4",subsidized_catch_up,10,0
"1,1,1,3,1,2,4",central_cap2,10,0
"1,1,1,3,1,2,4",equity_cap2,10,0
"1,1,1,3,1,2,4",central_full,10,0
"3,2,1,1,1,2,3",bilateral_3pass,67,55
"3,2,1,1,1,2,3",clearinghouse,67,5
"3,2,1,1,1,2,3",public_pool,67,2
"3,2,1,1,1,2,3",subsidized_catch_up,67,4
"3,2,1,1,1,2,3",central_cap2,67,1
"3,2,1,1,1,2,3",equity_cap2,67,0
"3,2,1,1,1,2,3",central_full,67,0
"2,1,1,1,2,0,6",bilateral_3pass,8,8
"2,1,1,1,2,0,6",clearinghouse,8,0
"2,1,1,1,2,0,6",public_pool,8,0
"2,1,1,1,2,0,6",subsidized_catch_up,8,0
"2,1,1,1,2,0,6",central_cap2,8,0
"2,1,1,1,2,0,6",equity_cap2,8,0
"2,1,1,1,2,0,6",central_full,8,0
"1,2,0,1,1,1,0",bilateral_3pass,88,7
"1,2,0,1,1,1,0",clearinghouse,88,4
"1,2,0,1,1,1,0",public_pool,88,1
"1,2,0,1,1,1,0",subsidized_catch_up,88,73
"1,2,0,1,1,1,0",central_cap2,88,1
"1,2,0,1,1,1,0",equity_cap2,88,2
"1,2,0,1,1,1,0",central_full,88,0
"2,1,0,3,2,0,0",bilateral_3pass,10,10
"2,1,0,3,2,0,0",clearinghouse,10,0
"2,1,0,3,2,0,0",public_pool,10,0
"2,1,0,3,2,0,0",subsidized_catch_up,10,0
"2,1,0,3,2,0,0",central_cap2,10,0
"2,1,0,3,2,0,0",equity_cap2,10,0
"2,1,0,3,2,0,0",central_full,10,0
"3,1,0,3,2,0,1",bilateral_3pass,13,13
"3,1,0,3,2,0,1",clearinghouse,13,0
"3,1,0,3,2,0,1",public_pool,13,0
"3,1,0,3,2,0,1",subsidized_catch_up,13,0
"3,1,0,3,2,0,1",central_cap2,13,0
"3,1,0,3,2,0,1",equity_cap2,13,0
"3,1,0,3,2,0,1",central_full,13,0
"1,1,1,1,1,2,5",bilateral_3pass,4,4
"1,1,1,1,1,2,5",clearinghouse,4,0
"1,1,1,1,1,2,5",public_pool,4,0
"1,1,1,1,1,2,5",subsidized_catch_up,4,0
"1,1,1,1,1,2,5",central_cap2,4,0
"1,1,1,1,1,2,5",equity_cap2,4,0
"1,1,1,1,1,2,5",central_full,4,0
"0,1,2,3,0,0,6",bilateral_3pass,28,28
"0,1,2,3,0,0,6",clearinghouse,28,0
"0,1,2,3,0,0,6",public_pool,28,0
"0,1,2,3,0,0,6",subsidized_catch_up,28,0
"0,1,2,3,0,0,6",central_cap2,28,0
"0,1,2,3,0,0,6",equity_cap2,28,0
"0,1,2,3,0,0,6",central_full,28,0
"3,1,2,2,1,0,0",bilateral_3pass,6,6
"3,1,2,2,1,0,0",clearinghouse,6,0
"3,1,2,2,1,0,0",public_pool,6,0
"3,1,2,2,1,0,0",subsidized_catch_up,6,0
"3,1,2,2,1,0,0",central_cap2,6,0
"3,1,2,2,1,0,0",equity_cap2,6,0
"3,1,2,2,1,0,0",central_full,6,0
"1,3,2,2,0,0,0",bilateral_3pass,32,1
"1,3,2,2,0,0,0",clearinghouse,32,0
"1,3,2,2,0,0,0",public_pool,32,1
"1,3,2,2,0,0,0",subsidized_catch_up,32,0
"1,3,2,2,0,0,0",central_cap2,32,1
"1,3,2,2,0,0,0",equity_cap2,32,3
"1,3,2,2,0,0,0",central_full,32,26
"1,2,1,3,1,0,5",bilateral_3pass,3,2
"1,2,1,3,1,0,5",clearinghouse,3,1
"1,2,1,3,1,0,5",public_pool,3,0
"1,2,1,3,1,0,5",subsidized_catch_up,3,0
"1,2,1,3,1,0,5",central_cap2,3,0
"1,2,1,3,1,0,5",equity_cap2,3,0
"1,2,1,3,1,0,5",central_full,3,0
"2,1,2,3,2,2,5",bilateral_3pass,9,9
"2,1,2,3,2,2,5",clearinghouse,9,0
"2,1,2,3,2,2,5",public_pool,9,0
"2,1,2,3,2,2,5",subsidized_catch_up,9,0
"2,1,2,3,2,2,5",central_cap2,9,0
"2,1,2,3,2,2,5",equity_cap2,9,0
"2,1,2,3,2,2,5",central_full,9,0
"2,1,1,1,2,2,4",bilateral_3pass,16,16
"2,1,1,1,2,2,4",clearinghouse,16,0
"2,1,1,1,2,2,4",public_pool,16,0
"2,1,1,1,2,2,4",subsidized_catch_up,16,0
"2,1,1,1,2,2,4",central_cap2,16,0
"2,1,1,1,2,2,4",equity_cap2,16,0
"2,1,1,1,2,2,4",central_full,16,0
"1,1,1,3,2,1,1",bilateral_3pass,10,10
"1,1,1,3,2,1,1",clearinghouse,10,0
"1,1,1,3,2,1,1",public_pool,10,0
"1,1,1,3,2,1,1",subsidized_catch_up,10,0
"1,1,1,3,2,1,1",central_cap2,10,0
"1,1,1,3,2,1,1",equity_cap2,10,0
"1,1,1,3,2,1,1",central_full,10,0
"1,1,1,3,2,1,3",bilateral_3pass,7,7
"1,1,1,3,2,1,3",clearinghouse,7,0
"1,1,1,3,2,1,3",public_pool,7,0
"1,1,1,3,2,1,3",subsidized_catch_up,7,0
"1,1,1,3,2,1,3",central_cap2,7,0
"1,1,1,3,2,1,3",equity_cap2,7,0
"1,1,1,3,2,1,3",central_full,7,0
"2,2,1,2,2,2,1",bilateral_3pass,18,2
"2,2,1,2,2,2,1",clearinghouse,18,16
"2,2,1,2,2,2,1",public_pool,18,0
"2,2,1,2,2,2,1",subsidized_catch_up,18,0
"2,2,1,2,2,2,1",central_cap2,18,0
"2,2,1,2,2,2,1",equity_cap2,18,0
"2,2,1,2,2,2,1",central_full,18,0
"2,1,0,1,1,0,5",bilateral_3pass,2,2
"2,1,0,1,1,0,5",clearinghouse,2,0
"2,1,0,1,1,0,5",public_pool,2,0
"2,1,0,1,1,0,5",subsidized_catch_up,2,0
"2,1,0,1,1,0,5",central_cap2,2,0
"2,1,0,1,1,0,5",equity_cap2,2,0
"2,1,0,1,1,0,5",central_full,2,0
"1,2,0,3,1,2,0",bilateral_3pass,16,0
"1,2,0,3,1,2,0",clearinghouse,16,14
"1,2,0,3,1,2,0",public_pool,16,0
"1,2,0,3,1,2,0",subsidized_catch_up,16,1
"1,2,0,3,1,2,0",central_cap2,16,1
"1,2,0,3,1,2,0",equity_cap2,16,0
"1,2,0,3,1,2,0",central_full,16,0
"3,1,0,2,2,1,3",bilateral_3pass,47,44
"3,1,0,2,2,1,3",clearinghouse,47,0
"3,1,0,2,2,1,3",public_pool,47,0
"3,1,0,2,2,1,3",subsidized_catch_up,47,3
"3,1,0,2,2,1,3",central_cap2,47,0
"3,1,0,2,2,1,3",equity_cap2,47,0
"3,1,0,2,2,1,3",central_full,47,0
"2,1,2,2,1,1,2",bilateral_3pass,11,11
"2,1,2,2,1,1,2",clearinghouse,11,0
"2,1,2,2,1,1,2",public_pool,11,0
"2,1,2,2,1,1,2",subsidized_catch_up,11,0
"2,1,2,2,1,1,2",central_cap2,11,0
"2,1,2,2,1,1,2",equity_cap2,11,0
"2,1,2,2,1,1,2",central_full,11,0
"1,1,1,2,0,2,2",bilateral_3pass,3,3
"1,1,1,2,0,2,2",clearinghouse,3,0
"1,1,1,2,0,2,2",public_pool,3,0
"1,1,1,2,0,2,2",subsidized_catch_up,3,0
"1,1,1,2,0,2,2",central_cap2,3,0
"1,1,1,2,0,2,2",equity_cap2,3,0
"1,1,1,2,0,2,2",central_full,3,0
"2,3,0,1,1,1,0",bilateral_3pass,11,0
"2,3,0,1,1,1,0",clearinghouse,11,11
"2,3,0,1,1,1,0",public_pool,11,0
"2,3,0,1,1,1,0",subsidized_catch_up,11,0
"2,3,0,1,1,1,0",central_cap2,11,0
"2,3,0,1,1,1,0",equity_cap2,11,0
"2,3,0,1,1,1,0",central_full,11,0
"3,2,1,1,1,0,1",bilateral_3pass,5,4
"3,2,1,1,1,0,1",clearinghouse,5,0
"3,2,1,1,1,0,1",public_pool,5,1
"3,2,1,1,1,0,1",subsidized_catch_up,5,0
"3,2,1,1,1,0,1",central_cap2,5,0
"3,2,1,1,1,0,1",equity_cap2,5,0
"3,2,1,1,1,0,1",central_full,5,0
"3,2,2,1,2,0,2",bilateral_3pass,5,0
"3,2,2,1,2,0,2",clearinghouse,5,0
"3,2,2,1,2,0,2",public_pool,5,5
"3,2,2,1,2,0,2",subsidized_catch_up,5,0
"3,2,2,1,2,0,2",central_cap2,5,0
"3,2,2,1,2,0,2",equity_cap2,5,0
"3,2,2,1,2,0,2",central_full,5,0
"3,2,2,1,2,1,2",bilateral_3pass,18,13
"3,2,2,1,2,1,2",clearinghouse,18,4
"3,2,2,1,2,1,2",public_pool,18,0
"3,2,2,1,2,1,2",subsidized_catch_up,18,1
"3,2,2,1,2,1,2",central_cap2,18,0
"3,2,2,1,2,1,2",equity_cap2,18,0
"3,2,2,1,2,1,2",central_full,18,0
"3,2,0,3,2,1,1",bilateral_3pass,55,1
"3,2,0,3,2,1,1",clearinghouse,55,52
"3,2,0,3,2,1,1",public_pool,55,0
"3,2,0,3,2,1,1",subsidized_catch_up,55,1
"3,2,0,3,2,1,1",central_cap2,55,1
"3,2,0,3,2,1,1",equity_cap2,55,0
"3,2,0,3,2,1,1",central_full,55,0
"3,1,0,3,2,2,2",bilateral_3pass,22,22
"3,1,0,3,2,2,2",clearinghouse,22,0
"3,1,0,3,2,2,2",public_pool,22,0
"3,1,0,3,2,2,2",subsidized_catch_up,22,0
"3,1,0,3,2,2,2",central_cap2,22,0
"3,1,0,3,2,2,2",equity_cap2,22,0
"3,1,0,3,2,2,2",central_full,22,0
"0,1,0,1,0,0,3",bilateral_3pass,55,52
"0,1,0,1,0,0,3",clearinghouse,55,0
"0,1,0,1,0,0,3",public_pool,55,0
"0,1,0,1,0,0,3",subsidized_catch_up,55,3
"0,1,0,1,0,0,3",central_cap2,55,0
"0,1,0,1,0,0,3",equity_cap2,55,0
"0,1,0,1,0,0,3",central_full,55,0
"2,2,1,3,2,2,1",bilateral_3pass,33,26
"2,2,1,3,2,2,1",clearinghouse,33,3
"2,2,1,3,2,2,1",public_pool,33,0
"2,2,1,3,2,2,1",subsidized_catch_up,33,2
"2,2,1,3,2,2,1",central_cap2,33,0
"2,2,1,3,2,2,1",equity_cap2,33,2
"2,2,1,3,2,2,1",central_full,33,0
"3,1,0,3,2,2,5",bilateral_3pass,16,16
"3,1,0,3,2,2,5",clearinghouse,16,0
"3,1,0,3,2,2,5",public_pool,16,0
"3,1,0,3,2,2,5",subsidized_catch_up,16,0
"3,1,0,3,2,2,5",central_cap2,16,0
"3,1,0,3,2,2,5",equity_cap2,16,0
"3,1,0,3,2,2,5",central_full,16,0
"3,1,0,1,1,2,3",bilateral_3pass,23,22
"3,1,0,1,1,2,3",clearinghouse,23,0
"3,1,0,1,1,2,3",public_pool,23,0
"3,1,0,1,1,2,3",subsidized_catch_up,23,1
"3,1,0,1,1,2,3",central_cap2,23,0
"3,1,0,1,1,2,3",equity_cap2,23,0
"3,1,0,1,1,2,3",central_full,23,0
"3,2,1,2,0,1,0",bilateral_3pass,23,1
"3,2,1,2,0,1,0",clearinghouse,23,21
"3,2,1,2,0,1,0",public_pool,23,0
"3,2,1,2,0,1,0",subsidized_catch_up,23,0
"3,2,1,2,0,1,0",central_cap2,23,0
"3,2,1,2,0,1,0",equity_cap2,23,1
"3,2,1,2,0,1,0",central_full,23,0
"1,2,1,2,2,1,0",bilateral_3pass,22,21
"1,2,1,2,2,1,0",clearinghouse,22,1
"1,2,1,2,2,1,0",public_pool,22,0
"1,2,1,2,2,1,0",subsidized_catch_up,22,0
"1,2,1,2,2,1,0",central_cap2,22,0
"1,2,1,2,2,1,0",equity_cap2,22,0
"1,2,1,2,2,1,0",central_full,22,0
"1,1,0,3,1,0,3",bilateral_3pass,2,2
"1,1,0,3,1,0,3",clearinghouse,2,0
"1,1,0,3,1,0,3",public_pool,2,0
"1,1,0,3,1,0,3",subsidized_catch_up,2,0
"1,1,0,3,1,0,3",central_cap2,2,0
"1,1,0,3,1,0,3",equity_cap2,2,0
"1,1,0,3,1,0,3",central_full,2,0
"2,1,2,3,1,0,2",bilateral_3pass,5,5
"2,1,2,3,1,0,2",clearinghouse,5,0
"2,1,2,3,1,0,2",public_pool,5,0
"2,1,2,3,1,0,2",subsidized_catch_up,5,0
"2,1,2,3,1,0,2",central_cap2,5,0
"2,1,2,3,1,0,2",equity_cap2,5,0
"2,1,2,3,1,0,2",central_full,5,0
"1,1,0,3,0,0,2",bilateral_3pass,1,1
"1,1,0,3,0,0,2",clearinghouse,1,0
"1,1,0,3,0,0,2",public_pool,1,0
"1,1,0,3,0,0,2",subsidized_catch_up,1,0
"1,1,0,3,0,0,2",central_cap2,1,0
"1,1,0,3,0,0,2",equity_cap2,1,0
"1,1,0,3,0,0,2",central_full,1,0
"1,2,1,1,0,0,5",bilateral_3pass,10,1
"1,2,1,1,0,0,5",clearinghouse,10,7
"1,2,1,1,0,0,5",public_pool,10,0
"1,2,1,1,0,0,5",subsidized_catch_up,10,0
"1,2,1,1,0,0,5",central_cap2,10,1
"1,2,1,1,0,0,5",equity_cap2,10,1
"1,2,1,1,0,0,5",central_full,10,0
"2,2,1,3,0,0,1",bilateral_3pass,6,0
"2,2,1,3,0,0,1",clearinghouse,6,0
"2,2,1,3,0,0,1",public_pool,6,0
"2,2,1,3,0,0,1",subsidized_catch_up,6,5
"2,2,1,3,0,0,1",central_cap2,6,0
"2,2,1,3,0,0,1",equity_cap2,6,1
"2,2,1,3,0,0,1",central_full,6,0
"2,1,0,3,0,1,0",bilateral_3pass,18,18
"2,1,0,3,0,1,0",clearinghouse,18,0
"2,1,0,3,0,1,0",public_pool,18,0
"2,1,0,3,0,1,0",subsidized_catch_up,18,0
"2,1,0,3,0,1,0",central_cap2,18,0
"2,1,0,3,0,1,0",equity_cap2,18,0
"2,1,0,3,0,1,0",central_full,18,0
"3,1,1,3,0,0,2",bilateral_3pass,1,1
"3,1,1,3,0,0,2",clearinghouse,1,0
"3,1,1,3,0,0,2",public_pool,1,0
"3,1,1,3,0,0,2",subsidized_catch_up,1,0
"3,1,1,3,0,0,2",central_cap2,1,0
"3,1,1,3,0,0,2",equity_cap2,1,0
"3,1,1,3,0,0,2",central_full,1,0
"3,1,0,0,0,1,0",bilateral_3pass,1,1
"3,1,0,0,0,1,0",clearinghouse,1,0
"3,1,0,0,0,1,0",public_pool,1,0
"3,1,0,0,0,1,0",subsidized_catch_up,1,0
"3,1,0,0,0,1,0",central_cap2,1,0
"3,1,0,0,0,1,0",equity_cap2,1,0
"3,1,0,0,0,1,0",central_full,1,0
"0,1,0,1,0,0,5",bilateral_3pass,100,100
"0,1,0,1,0,0,5",clearinghouse,100,0
"0,1,0,1,0,0,5",public_pool,100,0
"0,1,0,1,0,0,5",subsidized_catch_up,100,0
"0,1,0,1,0,0,5",central_cap2,100,0
"0,1,0,1,0,0,5",equity_cap2,100,0
"0,1,0,1,0,0,5",central_full,100,0
"1,2,2,3,1,0,2",bilateral_3pass,6,1
"1,2,2,3,1,0,2",clearinghouse,6,3
"1,2,2,3,1,0,2",public_pool,6,0
"1,2,2,3,1,0,2",subsidized_catch_up,6,0
"1,2,2,3,1,0,2",central_cap2,6,2
"1,2,2,3,1,0,2",equity_cap2,6,0
"1,2,2,3,1,0,2",central_full,6,0
"2,2,0,0,1,1,0",bilateral_3pass,4,4
"2,2,0,0,1,1,0",clearinghouse,4,0
"2,2,0,0,1,1,0",public_pool,4,0
"2,2,0,0,1,1,0",subsidized_catch_up,4,0
"2,2,0,0,1,1,0",central_cap2,4,0
"2,2,0,0,1,1,0",equity_cap2,4,0
"2,2,0,0,1,1,0",central_full,4,0
"3,2,0,3,1,0,0",bilateral_3pass,20,2
"3,2,0,3,1,0,0",clearinghouse,20,11
"3,2,0,3,1,0,0",public_pool,20,1
"3,2,0,3,1,0,0",subsidized_catch_up,20,6
"3,2,0,3,1,0,0",central_cap2,20,0
"3,2,0,3,1,0,0",equity_cap2,20,0
"3,2,0,3,1,0,0",central_full,20,0
"1,1,1,1,1,2,4",bilateral_3pass,9,9
"1,1,1,1,1,2,4",clearinghouse,9,0
"1,1,1,1,1,2,4",public_pool,9,0
"1,1,1,1,1,2,4",subsidized_catch_up,9,0
"1,1,1,1,1,2,4",central_cap2,9,0
"1,1,1,1,1,2,4",equity_cap2,9,0
"1,1,1,1,1,2,4",central_full,9,0
"2,2,2,3,0,1,1",bilateral_3pass,12,0
"2,2,2,3,0,1,1",clearinghouse,12,1
"2,2,2,3,0,1,1",public_pool,12,1
"2,2,2,3,0,1,1",subsidized_catch_up,12,10
"2,2,2,3,0,1,1",central_cap2,12,0
"2,2,2,3,0,1,1",equity_cap2,12,0
"2,2,2,3,0,1,1",central_full,12,0
"1,1,1,2,1,0,2",bilateral_3pass,9,9
"1,1,1,2,1,0,2",clearinghouse,9,0
"1,1,1,2,1,0,2",public_pool,9,0
"1,1,1,2,1,0,2",subsidized_catch_up,9,0
"1,1,1,2,1,0,2",central_cap2,9,0
"1,1,1,2,1,0,2",equity_cap2,9,0
"1,1,1,2,1,0,2",central_full,9,0
"2,3,2,2,2,0,0",bilateral_3pass,6,0
"2,3,2,2,2,0,0",clearinghouse,6,0
"2,3,2,2,2,0,0",public_pool,6,0
"2,3,2,2,2,0,0",subsidized_catch_up,6,6
"2,3,2,2,2,0,0",central_cap2,6,0
"2,3,2,2,2,0,0",equity_cap2,6,0
"2,3,2,2,2,0,0",central_full,6,0
"2,2,2,2,1,0,3",bilateral_3pass,24,1
"2,2,2,2,1,0,3",clearinghouse,24,18
"2,2,2,2,1,0,3",public_pool,24,2
"2,2,2,2,1,0,3",subsidized_catch_up,24,3
"2,2,2,2,1,0,3",central_cap2,24,0
"2,2,2,2,1,0,3",equity_cap2,24,0
"2,2,2,2,1,0,3",central_full,24,0
"2,1,2,2,2,1,2",bilateral_3pass,4,4
"2,1,2,2,2,1,2",clearinghouse,4,0
"2,1,2,2,2,1,2",public_pool,4,0
"2,1,2,2,2,1,2",subsidized_catch_up,4,0
"2,1,2,2,2,1,2",central_cap2,4,0
"2,1,2,2,2,1,2",equity_cap2,4,0
"2,1,2,2,2,1,2",central_full,4,0
"2,1,2,2,0,2,3",bilateral_3pass,93,86
"2,1,2,2,0,2,3",clearinghouse,93,0
"2,1,2,2,0,2,3",public_pool,93,0
"2,1,2,2,0,2,3",subsidized_catch_up,93,7
"2,1,2,2,0,2,3",central_cap2,93,0
"2,1,2,2,0,2,3",equity_cap2,93,0
"2,1,2,2,0,2,3",central_full,93,0
"3,3,1,3,1,2,0",bilateral_3pass,78,3
"3,3,1,3,1,2,0",clearinghouse,78,1
"3,3,1,3,1,2,0",public_pool,78,68
"3,3,1,3,1,2,0",subsidized_catch_up,78,2
"3,3,1,3,1,2,0",central_cap2,78,2
"3,3,1,3,1,2,0",equity_cap2,78,0
"3,3,1,3,1,2,0",central_full,78,2
"3,1,1,1,1,2,6",bilateral_3pass,32,32
"3,1,1,1,1,2,6",clearinghouse,32,0
"3,1,1,1,1,2,6",public_pool,32,0
"3,1,1,1,1,2,6",subsidized_catch_up,32,0
"3,1,1,1,1,2,6",central_cap2,32,0
"3,1,1,1,1,2,6",equity_cap2,32,0
"3,1,1,1,1,2,6",central_full,32,0
"3,2,2,1,2,1,3",bilateral_3pass,71,2
"3,2,2,1,2,1,3",clearinghouse,71,58
"3,2,2,1,2,1,3",public_pool,71,2
"3,2,2,1,2,1,3",subsidized_catch_up,71,7
"3,2,2,1,2,1,3",central_cap2,71,1
"3,2,2,1,2,1,3",equity_cap2,71,1
"3,2,2,1,2,1,3",central_full,71,0
"2,1,0,2,2,2,0",bilateral_3pass,17,17
"2,1,0,2,2,2,0",clearinghouse,17,0
"2,1,0,2,2,2,0",public_pool,17,0
"2,1,0,2,2,2,0",subsidized_catch_up,17,0
"2,1,0,2,2,2,0",central_cap2,17,0
"2,1,0,2,2,2,0",equity_cap2,17,0
"2,1,0,2,2,2,0",central_full,17,0
"1,2,1,1,0,2,3",bilateral_3pass,42,0
"1,2,1,1,0,2,3",clearinghouse,42,6
"1,2,1,1,0,2,3",public_pool,42,1
"1,2,1,1,0,2,3",subsidized_catch_up,42,35
"1,2,1,1,0,2,3",central_cap2,42,0
"1,2,1,1,0,2,3",equity_cap2,42,0
"1,2,1,1,0,2,3",central_full,42,0
"1,2,2,1,0,2,1",bilateral_3pass,26,20
"1,2,2,1,0,2,1",clearinghouse,26,3
"1,2,2,1,0,2,1",public_pool,26,2
"1,2,2,1,0,2,1",subsidized_catch_up,26,1
"1,2,2,1,0,2,1",central_cap2,26,0
"1,2,2,1,0,2,1",equity_cap2,26,0
"1,2,2,1,0,2,1",central_full,26,0
"2,2,2,2,1,2,3",bilateral_3pass,115,101
"2,2,2,2,1,2,3",clearinghouse,115,6
"2,2,2,2,1,2,3",public_pool,115,0
"2,2,2,2,1,2,3",subsidized_catch_up,115,5
"2,2,2,2,1,2,3",central_cap2,115,2
"2,2,2,2,1,2,3",equity_cap2,115,1
"2,2,2,2,1,2,3",central_full,115,0
"2,1,0,1,1,2,0",bilateral_3pass,30,30
"2,1,0,1,1,2,0",clearinghouse,30,0
"2,1,0,1,1,2,0",public_pool,30,0
"2,1,0,1,1,2,0",subsidized_catch_up,30,0
"2,1,0,1,1,2,0",central_cap2,30,0
"2,1,0,1,1,2,0",equity_cap2,30,0
"2,1,0,1,1,2,0",central_full,30,0
"2,1,1,1,1,2,4",bilateral_3pass,24,24
"2,1,1,1,1,2,4",clearinghouse,24,0
"2,1,1,1,1,2,4",public_pool,24,0
"2,1,1,1,1,2,4",subsidized_catch_up,24,0
"2,1,1,1,1,2,4",central_cap2,24,0
"2,1,1,1,1,2,4",equity_cap2,24,0
"2,1,1,1,1,2,4",central_full,24,0
"2,1,2,3,1,1,2",bilateral_3pass,25,25
"2,1,2,3,1,1,2",clearinghouse,25,0
"2,1,2,3,1,1,2",public_pool,25,0
"2,1,2,3,1,1,2",subsidized_catch_up,25,0
"2,1,2,3,1,1,2",central_cap2,25,0
"2,1,2,3,1,1,2",equity_cap2,25,0
"2,1,2,3,1,1,2",central_full,25,0
"2,1,1,3,0,2,4",bilateral_3pass,4,4
"2,1,1,3,0,2,4",clearinghouse,4,0
"2,1,1,3,0,2,4",public_pool,4,0
"2,1,1,3,0,2,4",subsidized_catch_up,4,0
"2,1,1,3,0,2,4",central_cap2,4,0
"2,1,1,3,0,2,4",equity_cap2,4,0
"2,1,1,3,0,2,4",central_full,4,0
"1,1,1,1,0,2,3",bilateral_3pass,90,83
"1,1,1,1,0,2,3",clearinghouse,90,0
"1,1,1,1,0,2,3",public_pool,90,0
"1,1,1,1,0,2,3",subsidized_catch_up,90,7
"1,1,1,1,0,2,3",central_cap2,90,0
"1,1,1,1,0,2,3",equity_cap2,90,0
"1,1,1,1,0,2,3",central_full,90,0
"2,2,2,2,1,0,1",bilateral_3pass,6,2
"2,2,2,2,1,0,1",clearinghouse,6,0
"2,2,2,2,1,0,1",public_pool,6,1
"2,2,2,2,1,0,1",subsidized_catch_up,6,3
"2,2,2,2,1,0,1",central_cap2,6,0
"2,2,2,2,1,0,1",equity_cap2,6,0
"2,2,2,2,1,0,1",central_full,6,0
"3,3,1,3,2,1,0",bilateral_3pass,265,231
"3,3,1,3,2,1,0",clearinghouse,265,5
"3,3,1,3,2,1,0",public_pool,265,4
"3,3,1,3,2,1,0",subsidized_catch_up,265,10
"3,3,1,3,2,1,0",central_cap2,265,6
"3,3,1,3,2,1,0",equity_cap2,265,4
"3,3,1,3,2,1,0",central_full,265,5
"3,2,0,3,1,1,3",bilateral_3pass,14,0
"3,2,0,3,1,1,3",clearinghouse,14,0
"3,2,0,3,1,1,3",public_pool,14,0
"3,2,0,3,1,1,3",subsidized_catch_up,14,14
"3,2,0,3,1,1,3",central_cap2,14,0
"3,2,0,3,1,1,3",equity_cap2,14,0
"3,2,0,3,1,1,3",central_full,14,0
"2,1,0,1,1,1,5",bilateral_3pass,5,5
"2,1,0,1,1,1,5",clearinghouse,5,0
"2,1,0,1,1,1,5",public_pool,5,0
"2,1,0,1,1,1,5",subsidized_catch_up,5,0
"2,1,0,1,1,1,5",central_cap2,5,0
"2,1,0,1,1,1,5",equity_cap2,5,0
"2,1,0,1,1,1,5",central_full,5,0
"1,2,0,2,0,1,3",bilateral_3pass,14,0
"1,2,0,2,0,1,3",clearinghouse,14,0
"1,2,0,2,0,1,3",public_pool,14,0
"1,2,0,2,0,1,3",subsidized_catch_up,14,14
"1,2,0,2,0,1,3",central_cap2,14,0
"1,2,0,2,0,1,3",equity_cap2,14,0
"1,2,0,2,0,1,3",central_full,14,0
"2,1,2,1,1,0,5",bilateral_3pass,13,13
"2,1,2,1,1,0,5",clearinghouse,13,0
"2,1,2,1,1,0,5",public_pool,13,0
"2,1,2,1,1,0,5",subsidized_catch_up,13,0
"2,1,2,1,1,0,5",central_cap2,13,0
"2,1,2,1,1,0,5",equity_cap2,13,0
"2,1,2,1,1,0,5",central_full,13,0
"3,1,2,2,1,1,2",bilateral_3pass,4,4
"3,1,2,2,1,1,2",clearinghouse,4,0
"3,1,2,2,1,1,2",public_pool,4,0
"3,1,2,2,1,1,2",subsidized_catch_up,4,0
"3,1,2,2,1,1,2",central_cap2,4,0
"3,1,2,2,1,1,2",equity_cap2,4,0
"3,1,2,2,1,1,2",central_full,4,0
"2,3,2,1,0,1,0",bilateral_3pass,50,2
"2,3,2,1,0,1,0",clearinghouse,50,1
"2,3,2,1,0,1,0",public_pool,50,0
"2,3,2,1,0,1,0",subsidized_catch_up,50,1
"2,3,2,1,0,1,0",central_cap2,50,0
"2,3,2,1,0,1,0",equity_cap2,50,1
"2,3,2,1,0,1,0",central_full,50,45
"2,1,0,1,0,1,6",bilateral_3pass,3,3
"2,1,0,1,0,1,6",clearinghouse,3,0
"2,1,0,1,0,1,6",public_pool,3,0
"2,1,0,1,0,1,6",subsidized_catch_up,3,0
"2,1,0,1,0,1,6",central_cap2,3,0
"2,1,0,1,0,1,6",equity_cap2,3,0
"2,1,0,1,0,1,6",central_full,3,0
"0,1,0,1,0,1,1",bilateral_3pass,43,39
"0,1,0,1,0,1,1",clearinghouse,43,4
"0,1,0,1,0,1,1",public_pool,43,0
"0,1,0,1,0,1,1",subsidized_catch_up,43,0
"0,1,0,1,0,1,1",central_cap2,43,0
"0,1,0,1,0,1,1",equity_cap2,43,0
"0,1,0,1,0,1,1",central_full,43,0
"1,1,2,1,1,1,2",bilateral_3pass,1,1
"1,1,2,1,1,1,2",clearinghouse,1,0
"1,1,2,1,1,1,2",public_pool,1,0
"1,1,2,1,1,1,2",subsidized_catch_up,1,0
"1,1,2,1,1,1,2",central_cap2,1,0
"1,1,2,1,1,1,2",equity_cap2,1,0
"1,1,2,1,1,1,2",central_full,1,0
"3,2,1,2,2,0,2",bilateral_3pass,3,0
"3,2,1,2,2,0,2",clearinghouse,3,3
"3,2,1,2,2,0,2",public_pool,3,0
"3,2,1,2,2,0,2",subsidized_catch_up,3,0
"3,2,1,2,2,0,2",central_cap2,3,0
"3,2,1,2,2,0,2",equity_cap2,3,0
"3,2,1,2,2,0,2",central_full,3,0
"3,2,1,3,2,1,4",bilateral_3pass,46,0
"3,2,1,3,2,1,4",clearinghouse,46,41
"3,2,1,3,2,1,4",public_pool,46,1
"3,2,1,3,2,1,4",subsidized_catch_up,46,1
"3,2,1,3,2,1,4",central_cap2,46,3
"3,2,1,3,2,1,4",equity_cap2,46,0
"3,2,1,3,2,1,4",central_full,46,0
"2,1,2,3,0,0,5",bilateral_3pass,6,6
"2,1,2,3,0,0,5",clearinghouse,6,0
"2,1,2,3,0,0,5",public_pool,6,0
"2,1,2,3,0,0,5",subsidized_catch_up,6,0
"2,1,2,3,0,0,5",central_cap2,6,0
"2,1,2,3,0,0,5",equity_cap2,6,0
"2,1,2,3,0,0,5",central_full,6,0
"2,1,1,2,0,1,2",bilateral_3pass,7,7
"2,1,1,2,0,1,2",clearinghouse,7,0
"2,1,1,2,0,1,2",public_pool,7,0
"2,1,1,2,0,1,2",subsidized_catch_up,7,0
"2,1,1,2,0,1,2",central_cap2,7,0
"2,1,1,2,0,1,2",equity_cap2,7,0
"2,1,1,2,0,1,2",central_full,7,0
"0,2,2,1,0,1,6",bilateral_3pass,16,7
"0,2,2,1,0,1,6",clearinghouse,16,5
"0,2,2,1,0,1,6",public_pool,16,0
"0,2,2,1,0,1,6",subsidized_catch_up,16,4
"0,2,2,1,0,1,6",central_cap2,16,0
"0,2,2,1,0,1,6",equity_cap2,16,0
"0,2,2,1,0,1,6",central_full,16,0
"2,2,2,3,1,2,2",bilateral_3pass,19,1
"2,2,2,3,1,2,2",clearinghouse,19,16
"2,2,2,3,1,2,2",public_pool,19,0
"2,2,2,3,1,2,2",subsidized_catch_up,19,1
"2,2,2,3,1,2,2",central_cap2,19,1
"2,2,2,3,1,2,2",equity_cap2,19,0
"2,2,2,3,1,2,2",central_full,19,0
"0,2,0,2,0,1,3",bilateral_3pass,12,8
"0,2,0,2,0,1,3",clearinghouse,12,0
"0,2,0,2,0,1,3",public_pool,12,1
"0,2,0,2,0,1,3",subsidized_catch_up,12,1
"0,2,0,2,0,1,3",central_cap2,12,2
"0,2,0,2,0,1,3",equity_cap2,12,0
"0,2,0,2,0,1,3",central_full,12,0
"1,1,0,2,1,1,2",bilateral_3pass,1,1
"1,1,0,2,1,1,2",clearinghouse,1,0
"1,1,0,2,1,1,2",public_pool,1,0
"1,1,0,2,1,1,2",subsidized_catch_up,1,0
"1,1,0,2,1,1,2",central_cap2,1,0
"1,1,0,2,1,1,2",equity_cap2,1,0
"1,1,0,2,1,1,2",central_full,1,0
"3,1,1,2,2,0,4",bilateral_3pass,6,6
"3,1,1,2,2,0,4",clearinghouse,6,0
"3,1,1,2,2,0,4",public_pool,6,0
"3,1,1,2,2,0,4",subsidized_catch_up,6,0
"3,1,1,2,2,0,4",central_cap2,6,0
"3,1,1,2,2,0,4",equity_cap2,6,0
"3,1,1,2,2,0,4",central_full,6,0
"3,2,2,2,2,0,2",bilateral_3pass,2,0
"3,2,2,2,2,0,2",clearinghouse,2,0
"3,2,2,2,2,0,2",public_pool,2,2
"3,2,2,2,2,0,2",subsidized_catch_up,2,0
"3,2,2,2,2,0,2",central_cap2,2,0
"3,2,2,2,2,0,2",equity_cap2,2,0
"3,2,2,2,2,0,2",central_full,2,0
"3,2,1,3,2,0,2",bilateral_3pass,4,0
"3,2,1,3,2,0,2",clearinghouse,4,4
"3,2,1,3,2,0,2",public_pool,4,0
"3,2,1,3,2,0,2",subsidized_catch_up,4,0
"3,2,1,3,2,0,2",central_cap2,4,0
"3,2,1,3,2,0,2",equity_cap2,4,0
"3,2,1,3,2,0,2",central_full,4,0
"1,2,2,3,1,2,3",bilateral_3pass,21,1
"1,2,2,3,1,2,3",clearinghouse,21,17
"1,2,2,3,1,2,3",public_pool,21,1
"1,2,2,3,1,2,3",subsidized_catch_up,21,0
"1,2,2,3,1,2,3",central_cap2,21,2
"1,2,2,3,1,2,3",equity_cap2,21,0
"1,2,2,3,1,2,3",central_full,21,0
"1,1,1,2,1,2,4",bilateral_3pass,5,5
"1,1,1,2,1,2,4",clearinghouse,5,0
"1,1,1,2,1,2,4",public_pool,5,0
"1,1,1,2,1,2,4",subsidized_catch_up,5,0
"1,1,1,2,1,2,4",central_cap2,5,0
"1,1,1,2,1,2,4",equity_cap2,5,0
"1,1,1,2,1,2,4",central_full,5,0
"2,1,1,2,1,2,2",bilateral_3pass,7,7
"2,1,1,2,1,2,2",clearinghouse,7,0
"2,1,1,2,1,2,2",public_pool,7,0
"2,1,1,2,1,2,2",subsidized_catch_up,7,0
"2,1,1,2,1,2,2",central_cap2,7,0
"2,1,1,2,1,2,2",equity_cap2,7,0
"2,1,1,2,1,2,2",central_full,7,0
"1,2,0,1,0,2,0",bilateral_3pass,11,0
"1,2,0,1,0,2,0",clearinghouse,11,8
"1,2,0,1,0,2,0",public_pool,11,1
"1,2,0,1,0,2,0",subsidized_catch_up,11,2
"1,2,0,1,0,2,0",central_cap2,11,0
"1,2,0,1,0,2,0",equity_cap2,11,0
"1,2,0,1,0,2,0",central_full,11,0
"3,1,0,1,1,0,0",bilateral_3pass,4,4
"3,1,0,1,1,0,0",clearinghouse,4,0
"3,1,0,1,1,0,0",public_pool,4,0
"3,1,0,1,1,0,0",subsidized_catch_up,4,0
"3,1,0,1,1,0,0",central_cap2,4,0
"3,1,0,1,1,0,0",equity_cap2,4,0
"3,1,0,1,1,0,0",central_full,4,0
"3,1,2,1,2,1,2",bilateral_3pass,7,7
"3,1,2,1,2,1,2",clearinghouse,7,0
"3,1,2,1,2,1,2",public_pool,7,0
"3,1,2,1,2,1,2",subsidized_catch_up,7,0
"3,1,2,1,2,1,2",central_cap2,7,0
"3,1,2,1,2,1,2",equity_cap2,7,0
"3,1,2,1,2,1,2",central_full,7,0
"0,2,2,1,0,1,1",bilateral_3pass,37,4
"0,2,2,1,0,1,1",clearinghouse,37,3
"0,2,2,1,0,1,1",public_pool,37,1
"0,2,2,1,0,1,1",subsidized_catch_up,37,27
"0,2,2,1,0,1,1",central_cap2,37,1
"0,2,2,1,0,1,1",equity_cap2,37,1
"0,2,2,1,0,1,1",central_full,37,0
"2,2,2,2,1,1,3",bilateral_3pass,129,116
"2,2,2,2,1,1,3",clearinghouse,129,4
"2,2,2,2,1,1,3",public_pool,129,0
"2,2,2,2,1,1,3",subsidized_catch_up,129,7
"2,2,2,2,1,1,3",central_cap2,129,0
"2,2,2,2,1,1,3",equity_cap2,129,2
"2,2,2,2,1,1,3",central_full,129,0
"2,2,2,2,1,1,4",bilateral_3pass,6,6
"2,2,2,2,1,1,4",clearinghouse,6,0
"2,2,2,2,1,1,4",public_pool,6,0
"2,2,2,2,1,1,4",subsidized_catch_up,6,0
"2,2,2,2,1,1,4",central_cap2,6,0
"2,2,2,2,1,1,4",equity_cap2,6,0
"2,2,2,2,1,1,4",central_full,6,0
"2,1,2,3,2,1,5",bilateral_3pass,9,9
"2,1,2,3,2,1,5",clearinghouse,9,0
"2,1,2,3,2,1,5",public_pool,9,0
"2,1,2,3,2,1,5",subsidized_catch_up,9,0
"2,1,2,3,2,1,5",central_cap2,9,0
"2,1,2,3,2,1,5",equity_cap2,9,0
"2,1,2,3,2,1,5",central_full,9,0
"2,2,2,3,1,2,3",bilateral_3pass,101,88
"2,2,2,3,1,2,3",clearinghouse,101,4
"2,2,2,3,1,2,3",public_pool,101,2
"2,2,2,3,1,2,3",subsidized_catch_up,101,4
"2,2,2,3,1,2,3",central_cap2,101,0
"2,2,2,3,1,2,3",equity_cap2,101,3
"2,2,2,3,1,2,3",central_full,101,0
"2,3,1,1,1,2,0",bilateral_3pass,126,2
"2,3,1,1,1,2,0",clearinghouse,126,2
"2,3,1,1,1,2,0",public_pool,126,109
"2,3,1,1,1,2,0",subsidized_catch_up,126,2
"2,3,1,1,1,2,0",central_cap2,126,6
"2,3,1,1,1,2,0",equity_cap2,126,3
"2,3,1,1,1,2,0",central_full,126,2
"2,2,1,1,1,2,5",bilateral_3pass,7,0
"2,2,1,1,1,2,5",clearinghouse,7,0
"2,2,1,1,1,2,5",public_pool,7,0
"2,2,1,1,1,2,5",subsidized_catch_up,7,0
"2,2,1,1,1,2,5",central_cap2,7,1
"2,2,1,1,1,2,5",equity_cap2,7,6
"2,2,1,1,1,2,5",central_full,7,0
"2,1,0,3,2,0,5",bilateral_3pass,1,1
"2,1,0,3,2,0,5",clearinghouse,1,0
"2,1,0,3,2,0,5",public_pool,1,0
"2,1,0,3,2,0,5",subsidized_catch_up,1,0
"2,1,0,3,2,0,5",central_cap2,1,0
"2,1,0,3,2,0,5",equity_cap2,1,0
"2,1,0,3,2,0,5",central_full,1,0
"2,1,0,2,2,1,3",bilateral_3pass,22,20
"2,1,0,2,2,1,3",clearinghouse,22,0
"2,1,0,2,2,1,3",public_pool,22,0
"2,1,0,2,2,1,3",subsidized_catch_up,22,2
"2,1,0,2,2,1,3",central_cap2,22,0
"2,1,0,2,2,1,3",equity_cap2,22,0
"2,1,0,2,2,1,3",central_full,22,0
"2,2,2,1,2,2,3",bilateral_3pass,39,4
"2,2,2,1,2,2,3",clearinghouse,39,1
"2,2,2,1,2,2,3",public_pool,39,1
"2,2,2,1,2,2,3",subsidized_catch_up,39,33
"2,2,2,1,2,2,3",central_cap2,39,0
"2,2,2,1,2,2,3",equity_cap2,39,0
"2,2,2,1,2,2,3",central_full,39,0
"2,1,1,3,0,1,5",bilateral_3pass,17,17
"2,1,1,3,0,1,5",clearinghouse,17,0
"2,1,1,3,0,1,5",public_pool,17,0
"2,1,1,3,0,1,5",subsidized_catch_up,17,0
"2,1,1,3,0,1,5",central_cap2,17,0
"2,1,1,3,0,1,5",equity_cap2,17,0
"2,1,1,3,0,1,5",central_full,17,0
"0,3,2,2,0,1,3",bilateral_3pass,4,4
"0,3,2,2,0,1,3",clearinghouse,4,0
"0,3,2,2,0,1,3",public_pool,4,0
"0,3,2,2,0,1,3",subsidized_catch_up,4,0
"0,3,2,2,0,1,3",central_cap2,4,0
"0,3,2,2,0,1,3",equity_cap2,4,0
"0,3,2,2,0,1,3",central_full,4,0
"2,1,1,2,1,1,5",bilateral_3pass,19,19
"2,1,1,2,1,1,5",clearinghouse,19,0
"2,1,1,2,1,1,5",public_pool,19,0
"2,1,1,2,1,1,5",subsidized_catch_up,19,0
"2,1,1,2,1,1,5",central_cap2,19,0
"2,1,1,2,1,1,5",equity_cap2,19,0
"2,1,1,2,1,1,5",central_full,19,0
"3,1,0,1,2,0,3",bilateral_3pass,6,3
"3,1,0,1,2,0,3",clearinghouse,6,0
"3,1,0,1,2,0,3",public_pool,6,0
"3,1,0,1,2,0,3",subsidized_catch_up,6,3
"3,1,0,1,2,0,3",central_cap2,6,0
"3,1,0,1,2,0,3",equity_cap2,6,0
"3,1,0,1,2,0,3",central_full,6,0
"3,2,2,2,1,2,1",bilateral_3pass,9,1
"3,2,2,2,1,2,1",clearinghouse,9,8
"3,2,2,2,1,2,1",public_pool,9,0
"3,2,2,2,1,2,1",subsidized_catch_up,9,0
"3,2,2,2,1,2,1",central_cap2,9,0
"3,2,2,2,1,2,1",equity_cap2,9,0
"3,2,2,2,1,2,1",central_full,9,0
"3,1,2,1,1,0,2",bilateral_3pass,2,2
"3,1,2,1,1,0,2",clearinghouse,2,0
"3,1,2,1,1,0,2",public_pool,2,0
"3,1,2,1,1,0,2",subsidized_catch_up,2,0
"3,1,2,1,1,0,2",central_cap2,2,0
"3,1,2,1,1,0,2",equity_cap2,2,0
"3,1,2,1,1,0,2",central_full,2,0
"1,1,1,2,0,2,5",bilateral_3pass,2,2
"1,1,1,2,0,2,5",clearinghouse,2,0
"1,1,1,2,0,2,5",public_pool,2,0
"1,1,1,2,0,2,5",subsidized_catch_up,2,0
"1,1,1,2,0,2,5",central_cap2,2,0
"1,1,1,2,0,2,5",equity_cap2,2,0
"1,1,1,2,0,2,5",central_full,2,0
"2,1,1,2,2,2,4",bilateral_3pass,5,5
"2,1,1,2,2,2,4",clearinghouse,5,0
"2,1,1,2,2,2,4",public_pool,5,0
"2,1,1,2,2,2,4",subsidized_catch_up,5,0
"2,1,1,2,2,2,4",central_cap2,5,0
"2,1,1,2,2,2,4",equity_cap2,5,0
"2,1,1,2,2,2,4",central_full,5,0
"2,1,2,1,2,0,5",bilateral_3pass,4,4
"2,1,2,1,2,0,5",clearinghouse,4,0
"2,1,2,1,2,0,5",public_pool,4,0
"2,1,2,1,2,0,5",subsidized_catch_up,4,0
"2,1,2,1,2,0,5",central_cap2,4,0
"2,1,2,1,2,0,5",equity_cap2,4,0
"2,1,2,1,2,0,5",central_full,4,0
"2,1,0,3,0,2,4",bilateral_3pass,3,3
"2,1,0,3,0,2,4",clearinghouse,3,0
"2,1,0,3,0,2,4",public_pool,3,0
"2,1,0,3,0,2,4",subsidized_catch_up,3,0
"2,1,0,3,0,2,4",central_cap2,3,0
"2,1,0,3,0,2,4",equity_cap2,3,0
"2,1,0,3,0,2,4",central_full,3,0
"1,1,2,2,0,2,2",bilateral_3pass,9,9
"1,1,2,2,0,2,2",clearinghouse,9,0
"1,1,2,2,0,2,2",public_pool,9,0
"1,1,2,2,0,2,2",subsidized_catch_up,9,0
"1,1,2,2,0,2,2",central_cap2,9,0
"1,1,2,2,0,2,2",equity_cap2,9,0
"1,1,2,2,0,2,2",central_full,9,0
"3,2,0,1,2,2,2",bilateral_3pass,8,1
"3,2,0,1,2,2,2",clearinghouse,8,0
"3,2,0,1,2,2,2",public_pool,8,7
"3,2,0,1,2,2,2",subsidized_catch_up,8,0
"3,2,0,1,2,2,2",central_cap2,8,0
"3,2,0,1,2,2,2",equity_cap2,8,0
"3,2,0,1,2,2,2",central_full,8,0
"2,1,0,3,0,0,0",bilateral_3pass,10,10
"2,1,0,3,0,0,0",clearinghouse,10,0
"2,1,0,3,0,0,0",public_pool,10,0
"2,1,0,3,0,0,0",subsidized_catch_up,10,0
"2,1,0,3,0,0,0",central_cap2,10,0
"2,1,0,3,0,0,0",equity_cap2,10,0
"2,1,0,3,0,0,0",central_full,10,0
"1,1,2,1,0,0,6",bilateral_3pass,15,15
"1,1,2,1,0,0,6",clearinghouse,15,0
"1,1,2,1,0,0,6",public_pool,15,0
"1,1,2,1,0,0,6",subsidized_catch_up,15,0
"1,1,2,1,0,0,6",central_cap2,15,0
"1,1,2,1,0,0,6",equity_cap2,15,0
"1,1,2,1,0,0,6",central_full,15,0
"3,3,0,3,2,2,0",bilateral_3pass,136,6
"3,3,0,3,2,2,0",clearinghouse,136,0
"3,3,0,3,2,2,0",public_pool,136,5
"3,3,0,3,2,2,0",subsidized_catch_up,136,2
"3,3,0,3,2,2,0",central_cap2,136,117
"3,3,0,3,2,2,0",equity_cap2,136,4
"3,3,0,3,2,2,0",central_full,136,2
"2,2,0,0,2,2,0",bilateral_3pass,1,0
"2,2,0,0,2,2,0",clearinghouse,1,0
"2,2,0,0,2,2,0",public_pool,1,0
"2,2,0,0,2,2,0",subsidized_catch_up,1,0
"2,2,0,0,2,2,0",central_cap2,1,0
"2,2,0,0,2,2,0",equity_cap2,1,1
"2,2,0,0,2,2,0",central_full,1,0
"3,1,2,3,2,2,2",bilateral_3pass,14,14
"3,1,2,3,2,2,2",clearinghouse,14,0
"3,1,2,3,2,2,2",public_pool,14,0
"3,1,2,3,2,2,2",subsidized_catch_up,14,0
"3,1,2,3,2,2,2",central_cap2,14,0
"3,1,2,3,2,2,2",equity_cap2,14,0
"3,1,2,3,2,2,2",central_full,14,0
"1,2,2,2,1,2,3",bilateral_3pass,11,3
"1,2,2,2,1,2,3",clearinghouse,11,7
"1,2,2,2,1,2,3",public_pool,11,0
"1,2,2,2,1,2,3",subsidized_catch_up,11,0
"1,2,2,2,1,2,3",central_cap2,11,1
"1,2,2,2,1,2,3",equity_cap2,11,0
"1,2,2,2,1,2,3",central_full,11,0
"2,2,1,1,0,1,3",bilateral_3pass,61,0
"2,2,1,1,0,1,3",clearinghouse,61,58
"2,2,1,1,0,1,3",public_pool,61,0
"2,2,1,1,0,1,3",subsidized_catch_up,61,2
"2,2,1,1,0,1,3",central_cap2,61,0
"2,2,1,1,0,1,3",equity_cap2,61,1
"2,2,1,1,0,1,3",central_full,61,0
"0,3,2,3,0,1,3",bilateral_3pass,2,0
"0,3,2,3,0,1,3",clearinghouse,2,1
"0,3,2,3,0,1,3",public_pool,2,0
"0,3,2,3,0,1,3",subsidized_catch_up,2,0
"0,3,2,3,0,1,3",central_cap2,2,0
"0,3,2,3,0,1,3",equity_cap2,2,0
"0,3,2,3,0,1,3",central_full,2,1
"0,3,0,1,0,1,0",bilateral_3pass,11,1
"0,3,0,1,0,1,0",clearinghouse,11,1
"0,3,0,1,0,1,0",public_pool,11,1
"0,3,0,1,0,1,0",subsidized_catch_up,11,8
"0,3,0,1,0,1,0",central_cap2,11,0
"0,3,0,1,0,1,0",equity_cap2,11,0
"0,3,0,1,0,1,0",central_full,11,0
"1,3,2,1,0,1,0",bilateral_3pass,83,0
"1,3,2,1,0,1,0",clearinghouse,83,66
"1,3,2,1,0,1,0",public_pool,83,4
"1,3,2,1,0,1,0",subsidized_catch_up,83,5
"1,3,2,1,0,1,0",central_cap2,83,3
"1,3,2,1,0,1,0",equity_cap2,83,1
"1,3,2,1,0,1,0",central_full,83,4
"1,2,0,3,0,1,3",bilateral_3pass,9,9
"1,2,0,3,0,1,3",clearinghouse,9,0
"1,2,0,3,0,1,3",public_pool,9,0
"1,2,0,3,0,1,3",subsidized_catch_up,9,0
"1,2,0,3,0,1,3",central_cap2,9,0
"1,2,0,3,0,1,3",equity_cap2,9,0
"1,2,0,3,0,1,3",central_full,9,0
"2,1,1,1,2,0,3",bilateral_3pass,35,28
"2,1,1,1,2,0,3",clearinghouse,35,0
"2,1,1,1,2,0,3",public_pool,35,0
"2,1,1,1,2,0,3",subsidized_catch_up,35,7
"2,1,1,1,2,0,3",central_cap2,35,0
"2,1,1,1,2,0,3",equity_cap2,35,0
"2,1,1,1,2,0,3",central_full,35,0
"1,1,1,2,0,0,2",bilateral_3pass,10,10
"1,1,1,2,0,0,2",clearinghouse,10,0
"1,1,1,2,0,0,2",public_pool,10,0
"1,1,1,2,0,0,2",subsidized_catch_up,10,0
"1,1,1,2,0,0,2",central_cap2,10,0
"1,1,1,2,0,0,2",equity_cap2,10,0
"1,1,1,2,0,0,2",central_full,10,0
"3,3,2,3,2,2,0",bilateral_3pass,50,0
"3,3,2,3,2,2,0",clearinghouse,50,1
"3,3,2,3,2,2,0",public_pool,50,4
"3,3,2,3,2,2,0",subsidized_catch_up,50,0
"3,3,2,3,2,2,0",central_cap2,50,43
"3,3,2,3,2,2,0",equity_cap2,50,1
"3,3,2,3,2,2,0",central_full,50,1
"3,2,0,1,0,2,2",bilateral_3pass,1,0
"3,2,0,1,0,2,2",clearinghouse,1,0
"3,2,0,1,0,2,2",public_pool,1,0
"3,2,0,1,0,2,2",subsidized_catch_up,1,0
"3,2,0,1,0,2,2",central_cap2,1,1
"3,2,0,1,0,2,2",equity_cap2,1,0
"3,2,0,1,0,2,2",central_full,1,0
"0,1,2,1,0,0,6",bilateral_3pass,65,65
"0,1,2,1,0,0,6",clearinghouse,65,0
"0,1,2,1,0,0,6",public_pool,65,0
"0,1,2,1,0,0,6",subsidized_catch_up,65,0
"0,1,2,1,0,0,6",central_cap2,65,0
"0,1,2,1,0,0,6",equity_cap2,65,0
"0,1,2,1,0,0,6",central_full,65,0
"2,1,1,2,2,2,2",bilateral_3pass,4,4
"2,1,1,2,2,2,2",clearinghouse,4,0
"2,1,1,2,2,2,2",public_pool,4,0
"2,1,1,2,2,2,2",subsidized_catch_up,4,0
"2,1,1,2,2,2,2",central_cap2,4,0
"2,1,1,2,2,2,2",equity_cap2,4,0
"2,1,1,2,2,2,2",central_full,4,0
"0,2,0,1,0,1,3",bilateral_3pass,24,0
"0,2,0,1,0,1,3",clearinghouse,24,18
"0,2,0,1,0,1,3",public_pool,24,1
"0,2,0,1,0,1,3",subsidized_catch_up,24,3
"0,2,0,1,0,1,3",central_cap2,24,1
"0,2,0,1,0,1,3",equity_cap2,24,1
"0,2,0,1,0,1,3",central_full,24,0
"2,1,2,1,2,1,4",bilateral_3pass,9,9
"2,1,2,1,2,1,4",clearinghouse,9,0
"2,1,2,1,2,1,4",public_pool,9,0
"2,1,2,1,2,1,4",subsidized_catch_up,9,0
"2,1,2,1,2,1,4",central_cap2,9,0
"2,1,2,1,2,1,4",equity_cap2,9,0
"2,1,2,1,2,1,4",central_full,9,0
"2,1,1,3,0,0,0",bilateral_3pass,40,40
"2,1,1,3,0,0,0",clearinghouse,40,0
"2,1,1,3,0,0,0",public_pool,40,0
"2,1,1,3,0,0,0",subsidized_catch_up,40,0
"2,1,1,3,0,0,0",central_cap2,40,0
"2,1,1,3,0,0,0",equity_cap2,40,0
"2,1,1,3,0,0,0",central_full,40,0
"3,1,1,3,1,1,4",bilateral_3pass,14,14
"3,1,1,3,1,1,4",clearinghouse,14,0
"3,1,1,3,1,1,4",public_pool,14,0
"3,1,1,3,1,1,4",subsidized_catch_up,14,0
"3,1,1,3,1,1,4",central_cap2,14,0
"3,1,1,3,1,1,4",equity_cap2,14,0
"3,1,1,3,1,1,4",central_full,14,0
"3,2,1,3,0,1,0",bilateral_3pass,49,41
"3,2,1,3,0,1,0",clearinghouse,49,3
"3,2,1,3,0,1,0",public_pool,49,1
"3,2,1,3,0,1,0",subsidized_catch_up,49,4
"3,2,1,3,0,1,0",central_cap2,49,0
"3,2,1,3,0,1,0",equity_cap2,49,0
"3,2,1,3,0,1,0",central_full,49,0
"3,1,0,3,1,2,5",bilateral_3pass,8,8
"3,1,0,3,1,2,5",clearinghouse,8,0
"3,1,0,3,1,2,5",public_pool,8,0
"3,1,0,3,1,2,5",subsidized_catch_up,8,0
"3,1,0,3,1,2,5",central_cap2,8,0
"3,1,0,3,1,2,5",equity_cap2,8,0
"3,1,0,3,1,2,5",central_full,8,0
"2,2,0,1,1,1,5",bilateral_3pass,1,1
"2,2,0,1,1,1,5",clearinghouse,1,0
"2,2,0,1,1,1,5",public_pool,1,0
"2,2,0,1,1,1,5",subsidized_catch_up,1,0
"2,2,0,1,1,1,5",central_cap2,1,0
"2,2,0,1,1,1,5",equity_cap2,1,0
"2,2,0,1,1,1,5",central_full,1,0
"2,2,2,1,2,1,3",bilateral_3pass,59,3
"2,2,2,1,2,1,3",clearinghouse,59,2
"2,2,2,1,2,1,3",public_pool,59,1
"2,2,2,1,2,1,3",subsidized_catch_up,59,53
"2,2,2,1,2,1,3",central_cap2,59,0
"2,2,2,1,2,1,3",equity_cap2,59,0
"2,2,2,1,2,1,3",central_full,59,0
"3,1,0,3,2,1,4",bilateral_3pass,17,17
"3,1,0,3,2,1,4",clearinghouse,17,0
"3,1,0,3,2,1,4",public_pool,17,0
"3,1,0,3,2,1,4",subsidized_catch_up,17,0
"3,1,0,3,2,1,4",central_cap2,17,0
"3,1,0,3,2,1,4",equity_cap2,17,0
"3,1,0,3,2,1,4",central_full,17,0
"2,1,2,2,1,1,5",bilateral_3pass,22,22
"2,1,2,2,1,1,5",clearinghouse,22,0
"2,1,2,2,1,1,5",public_pool,22,0
"2,1,2,2,1,1,5",subsidized_catch_up,22,0
"2,1,2,2,1,1,5",central_cap2,22,0
"2,1,2,2,1,1,5",equity_cap2,22,0
"2,1,2,2,1,1,5",central_full,22,0
"3,1,1,3,0,2,0",bilateral_3pass,19,19
"3,1,1,3,0,2,0",clearinghouse,19,0
"3,1,1,3,0,2,0",public_pool,19,0
"3,1,1,3,0,2,0",subsidized_catch_up,19,0
"3,1,1,3,0,2,0",central_cap2,19,0
"3,1,1,3,0,2,0",equity_cap2,19,0
"3,1,1,3,0,2,0",central_full,19,0
"2,1,0,3,1,2,0",bilateral_3pass,25,25
"2,1,0,3,1,2,0",clearinghouse,25,0
"2,1,0,3,1,2,0",public_pool,25,0
"2,1,0,3,1,2,0",subsidized_catch_up,25,0
"2,1,0,3,1,2,0",central_cap2,25,0
"2,1,0,3,1,2,0",equity_cap2,25,0
"2,1,0,3,1,2,0",central_full,25,0
"2,1,0,2,1,0,4",bilateral_3pass,1,1
"2,1,0,2,1,0,4",clearinghouse,1,0
"2,1,0,2,1,0,4",public_pool,1,0
"2,1,0,2,1,0,4",subsidized_catch_up,1,0
"2,1,0,2,1,0,4",central_cap2,1,0
"2,1,0,2,1,0,4",equity_cap2,1,0
"2,1,0,2,1,0,4",central_full,1,0
"1,1,0,3,0,1,1",bilateral_3pass,31,30
"1,1,0,3,0,1,1",clearinghouse,31,1
"1,1,0,3,0,1,1",public_pool,31,0
"1,1,0,3,0,1,1",subsidized_catch_up,31,0
"1,1,0,3,0,1,1",central_cap2,31,0
"1,1,0,3,0,1,1",equity_cap2,31,0
"1,1,0,3,0,1,1",central_full,31,0
"0,2,2,2,0,1,5",bilateral_3pass,11,8
"0,2,2,2,0,1,5",clearinghouse,11,0
"0,2,2,2,0,1,5",public_pool,11,1
"0,2,2,2,0,1,5",subsidized_catch_up,11,1
"0,2,2,2,0,1,5",central_cap2,11,1
"0,2,2,2,0,1,5",equity_cap2,11,0
"0,2,2,2,0,1,5",central_full,11,0
"2,1,0,3,0,1,1",bilateral_3pass,10,9
"2,1,0,3,0,1,1",clearinghouse,10,1
"2,1,0,3,0,1,1",public_pool,10,0
"2,1,0,3,0,1,1",subsidized_catch_up,10,0
"2,1,0,3,0,1,1",central_cap2,10,0
"2,1,0,3,0,1,1",equity_cap2,10,0
"2,1,0,3,0,1,1",central_full,10,0
"3,1,2,3,2,2,4",bilateral_3pass,6,6
"3,1,2,3,2,2,4",clearinghouse,6,0
"3,1,2,3,2,2,4",public_pool,6,0
"3,1,2,3,2,2,4",subsidized_catch_up,6,0
"3,1,2,3,2,2,4",central_cap2,6,0
"3,1,2,3,2,2,4",equity_cap2,6,0
"3,1,2,3,2,2,4",central_full,6,0
"0,3,1,1,0,1,1",bilateral_3pass,3,0
"0,3,1,1,0,1,1",clearinghouse,3,1
"0,3,1,1,0,1,1",public_pool,3,0
"0,3,1,1,0,1,1",subsidized_catch_up,3,0
"0,3,1,1,0,1,1",central_cap2,3,0
"0,3,1,1,0,1,1",equity_cap2,3,0
"0,3,1,1,0,1,1",central_full,3,2
"1,1,1,2,0,1,6",bilateral_3pass,13,13
"1,1,1,2,0,1,6",clearinghouse,13,0
"1,1,1,2,0,1,6",public_pool,13,0
"1,1,1,2,0,1,6",subsidized_catch_up,13,0
"1,1,1,2,0,1,6",central_cap2,13,0
"1,1,1,2,0,1,6",equity_cap2,13,0
"1,1,1,2,0,1,6",central_full,13,0
"1,1,2,1,0,2,2",bilateral_3pass,5,5
"1,1,2,1,0,2,2",clearinghouse,5,0
"1,1,2,1,0,2,2",public_pool,5,0
"1,1,2,1,0,2,2",subsidized_catch_up,5,0
"1,1,2,1,0,2,2",central_cap2,5,0
"1,1,2,1,0,2,2",equity_cap2,5,0
"1,1,2,1,0,2,2",central_full,5,0
"3,1,2,3,0,0,1",bilateral_3pass,3,3
"3,1,2,3,0,0,1",clearinghouse,3,0
"3,1,2,3,0,0,1",public_pool,3,0
"3,1,2,3,0,0,1",subsidized_catch_up,3,0
"3,1,2,3,0,0,1",central_cap2,3,0
"3,1,2,3,0,0,1",equity_cap2,3,0
"3,1,2,3,0,0,1",central_full,3,0
"1,1,1,3,1,0,4",bilateral_3pass,7,7
"1,1,1,3,1,0,4",clearinghouse,7,0
"1,1,1,3,1,0,4",public_pool,7,0
"1,1,1,3,1,0,4",subsidized_catch_up,7,0
"1,1,1,3,1,0,4",central_cap2,7,0
"1,1,1,3,1,0,4",equity_cap2,7,0
"1,1,1,3,1,0,4",central_full,7,0
"2,1,0,1,2,1,1",bilateral_3pass,11,11
"2,1,0,1,2,1,1",clearinghouse,11,0
"2,1,0,1,2,1,1",public_pool,11,0
"2,1,0,1,2,1,1",subsidized_catch_up,11,0
"2,1,0,1,2,1,1",central_cap2,11,0
"2,1,0,1,2,1,1",equity_cap2,11,0
"2,1,0,1,2,1,1",central_full,11,0
"1,2,0,2,0,1,1",bilateral_3pass,10,0
"1,2,0,2,0,1,1",clearinghouse,10,0
"1,2,0,2,0,1,1",public_pool,10,0
"1,2,0,2,0,1,1",subsidized_catch_up,10,9
"1,2,0,2,0,1,1",central_cap2,10,1
"1,2,0,2,0,1,1",equity_cap2,10,0
"1,2,0,2,0,1,1",central_full,10,0
"2,1,2,2,0,2,5",bilateral_3pass,6,6
"2,1,2,2,0,2,5",clearinghouse,6,0
"2,1,2,2,0,2,5",public_pool,6,0
"2,1,2,2,0,2,5",subsidized_catch_up,6,0
"2,1,2,2,0,2,5",central_cap2,6,0
"2,1,2,2,0,2,5",equity_cap2,6,0
"2,1,2,2,0,2,5",central_full,6,0
"2,1,2,1,2,0,3",bilateral_3pass,42,42
"2,1,2,1,2,0,3",clearinghouse,42,0
"2,1,2,1,2,0,3",public_pool,42,0
"2,1,2,1,2,0,3",subsidized_catch_up,42,0
"2,1,2,1,2,0,3",central_cap2,42,0
"2,1,2,1,2,0,3",equity_cap2,42,0
"2,1,2,1,2,0,3",central_full,42,0
"2,1,2,3,0,2,2",bilateral_3pass,6,6
"2,1,2,3,0,2,2",clearinghouse,6,0
"2,1,2,3,0,2,2",public_pool,6,0
"2,1,2,3,0,2,2",subsidized_catch_up,6,0
"2,1,2,3,0,2,2",central_cap2,6,0
"2,1,2,3,0,2,2",equity_cap2,6,0
"2,1,2,3,0,2,2",central_full,6,0
"3,1,1,1,1,0,1",bilateral_3pass,10,10
"3,1,1,1,1,0,1",clearinghouse,10,0
"3,1,1,1,1,0,1",public_pool,10,0
"3,1,1,1,1,0,1",subsidized_catch_up,10,0
"3,1,1,1,1,0,1",central_cap2,10,0
"3,1,1,1,1,0,1",equity_cap2,10,0
"3,1,1,1,1,0,1",central_full,10,0
"3,1,1,2,0,0,0",bilateral_3pass,4,4
"3,1,1,2,0,0,0",clearinghouse,4,0
"3,1,1,2,0,0,0",public_pool,4,0
"3,1,1,2,0,0,0",subsidized_catch_up,4,0
"3,1,1,2,0,0,0",central_cap2,4,0
"3,1,1,2,0,0,0",equity_cap2,4,0
"3,1,1,2,0,0,0",central_full,4,0
"2,1,2,1,0,1,2",bilateral_3pass,5,5
"2,1,2,1,0,1,2",clearinghouse,5,0
"2,1,2,1,0,1,2",public_pool,5,0
"2,1,2,1,0,1,2",subsidized_catch_up,5,0
"2,1,2,1,0,1,2",central_cap2,5,0
"2,1,2,1,0,1,2",equity_cap2,5,0
"2,1,2,1,0,1,2",central_full,5,0
"2,1,0,1,2,0,1",bilateral_3pass,2,2
"2,1,0,1,2,0,1",clearinghouse,2,0
"2,1,0,1,2,0,1",public_pool,2,0
"2,1,0,1,2,0,1",subsidized_catch_up,2,0
"2,1,0,1,2,0,1",central_cap2,2,0
"2,1,0,1,2,0,1",equity_cap2,2,0
"2,1,0,1,2,0,1",central_full,2,0
"1,2,0,2,2,1,0",bilateral_3pass,3,0
"1,2,0,2,2,1,0",clearinghouse,3,0
"1,2,0,2,2,1,0",public_pool,3,0
"1,2,0,2,2,1,0",subsidized_catch_up,3,2
"1,2,0,2,2,1,0",central_cap2,3,1
"1,2,0,2,2,1,0",equity_cap2,3,0
"1,2,0,2,2,1,0",central_full,3,0
"2,1,2,3,2,2,4",bilateral_3pass,8,8
"2,1,2,3,2,2,4",clearinghouse,8,0
"2,1,2,3,2,2,4",public_pool,8,0
"2,1,2,3,2,2,4",subsidized_catch_up,8,0
"2,1,2,3,2,2,4",central_cap2,8,0
"2,1,2,3,2,2,4",equity_cap2,8,0
"2,1,2,3,2,2,4",central_full,8,0
"1,1,0,3,1,1,1",bilateral_3pass,24,24
"1,1,0,3,1,1,1",clearinghouse,24,0
"1,1,0,3,1,1,1",public_pool,24,0
"1,1,0,3,1,1,1",subsidized_catch_up,24,0
"1,1,0,3,1,1,1",central_cap2,24,0
"1,1,0,3,1,1,1",equity_cap2,24,0
"1,1,0,3,1,1,1",central_full,24,0
"2,1,0,3,2,1,2",bilateral_3pass,5,5
"2,1,0,3,2,1,2",clearinghouse,5,0
"2,1,0,3,2,1,2",public_pool,5,0
"2,1,0,3,2,1,2",subsidized_catch_up,5,0
"2,1,0,3,2,1,2",central_cap2,5,0
"2,1,0,3,2,1,2",equity_cap2,5,0
"2,1,0,3,2,1,2",central_full,5,0
"0,2,0,0,0,0,6",bilateral_3pass,5,0
"0,2,0,0,0,0,6",clearinghouse,5,0
"0,2,0,0,0,0,6",public_pool,5,0
"0,2,0,0,0,0,6",subsidized_catch_up,5,0
"0,2,0,0,0,0,6",central_cap2,5,3
"0,2,0,0,0,0,6",equity_cap2,5,1
"0,2,0,0,0,0,6",central_full,5,1
"3,1,0,3,1,1,5",bilateral_3pass,5,5
"3,1,0,3,1,1,5",clearinghouse,5,0
"3,1,0,3,1,1,5",public_pool,5,0
"3,1,0,3,1,1,5",subsidized_catch_up,5,0
"3,1,0,3,1,1,5",central_cap2,5,0
"3,1,0,3,1,1,5",equity_cap2,5,0
"3,1,0,3,1,1,5",central_full,5,0
"2,1,0,1,1,1,1",bilateral_3pass,36,34
"2,1,0,1,1,1,1",clearinghouse,36,2
"2,1,0,1,1,1,1",public_pool,36,0
"2,1,0,1,1,1,1",subsidized_catch_up,36,0
"2,1,0,1,1,1,1",central_cap2,36,0
"2,1,0,1,1,1,1",equity_cap2,36,0
"2,1,0,1,1,1,1",central_full,36,0
"2,2,1,2,0,0,2",bilateral_3pass,1,0
"2,2,1,2,0,0,2",clearinghouse,1,0
"2,2,1,2,0,0,2",public_pool,1,0
"2,2,1,2,0,0,2",subsidized_catch_up,1,1
"2,2,1,2,0,0,2",central_cap2,1,0
"2,2,1,2,0,0,2",equity_cap2,1,0
"2,2,1,2,0,0,2",central_full,1,0
"2,1,0,1,0,1,4",bilateral_3pass,1,1
"2,1,0,1,0,1,4",clearinghouse,1,0
"2,1,0,1,0,1,4",public_pool,1,0
"2,1,0,1,0,1,4",subsidized_catch_up,1,0
"2,1,0,1,0,1,4",central_cap2,1,0
"2,1,0,1,0,1,4",equity_cap2,1,0
"2,1,0,1,0,1,4",central_full,1,0
"3,2,1,2,0,2,2",bilateral_3pass,1,0
"3,2,1,2,0,2,2",clearinghouse,1,0
"3,2,1,2,0,2,2",public_pool,1,0
"3,2,1,2,0,2,2",subsidized_catch_up,1,1
"3,2,1,2,0,2,2",central_cap2,1,0
"3,2,1,2,0,2,2",equity_cap2,1,0
"3,2,1,2,0,2,2",central_full,1,0
"0,1,2,1,0,1,6",bilateral_3pass,21,21
"0,1,2,1,0,1,6",clearinghouse,21,0
"0,1,2,1,0,1,6",public_pool,21,0
"0,1,2,1,0,1,6",subsidized_catch_up,21,0
"0,1,2,1,0,1,6",central_cap2,21,0
"0,1,2,1,0,1,6",equity_cap2,21,0
"0,1,2,1,0,1,6",central_full,21,0
"1,2,1,3,0,0,1",bilateral_3pass,23,19
"1,2,1,3,0,0,1",clearinghouse,23,4
"1,2,1,3,0,0,1",public_pool,23,0
"1,2,1,3,0,0,1",subsidized_catch_up,23,0
"1,2,1,3,0,0,1",central_cap2,23,0
"1,2,1,3,0,0,1",equity_cap2,23,0
"1,2,1,3,0,0,1",central_full,23,0
"2,2,1,2,2,1,2",bilateral_3pass,20,0
"2,2,1,2,2,1,2",clearinghouse,20,1
"2,2,1,2,2,1,2",public_pool,20,4
"2,2,1,2,2,1,2",subsidized_catch_up,20,15
"2,2,1,2,2,1,2",central_cap2,20,0
"2,2,1,2,2,1,2",equity_cap2,20,0
"2,2,1,2,2,1,2",central_full,20,0
"0,1,2,1,0,2,5",bilateral_3pass,1,1
"0,1,2,1,0,2,5",clearinghouse,1,0
"0,1,2,1,0,2,5",public_pool,1,0
"0,1,2,1,0,2,5",subsidized_catch_up,1,0
"0,1,2,1,0,2,5",central_cap2,1,0
"0,1,2,1,0,2,5",equity_cap2,1,0
"0,1,2,1,0,2,5",central_full,1,0
"2,1,2,2,0,0,4",bilateral_3pass,4,4
"2,1,2,2,0,0,4",clearinghouse,4,0
"2,1,2,2,0,0,4",public_pool,4,0
"2,1,2,2,0,0,4",subsidized_catch_up,4,0
"2,1,2,2,0,0,4",central_cap2,4,0
"2,1,2,2,0,0,4",equity_cap2,4,0
"2,1,2,2,0,0,4",central_full,4,0
"1,1,0,2,1,2,0",bilateral_3pass,4,4
"1,1,0,2,1,2,0",clearinghouse,4,0
"1,1,0,2,1,2,0",public_pool,4,0
"1,1,0,2,1,2,0",subsidized_catch_up,4,0
"1,1,0,2,1,2,0",central_cap2,4,0
"1,1,0,2,1,2,0",equity_cap2,4,0
"1,1,0,2,1,2,0",central_full,4,0
"2,3,2,1,2,2,0",bilateral_3pass,26,23
"2,3,2,1,2,2,0",clearinghouse,26,1
"2,3,2,1,2,2,0",public_pool,26,0
"2,3,2,1,2,2,0",subsidized_catch_up,26,0
"2,3,2,1,2,2,0",central_cap2,26,1
"2,3,2,1,2,2,0",equity_cap2,26,1
"2,3,2,1,2,2,0",central_full,26,0
"2,2,1,2,1,2,5",bilateral_3pass,9,0
"2,2,1,2,1,2,5",clearinghouse,9,0
"2,2,1,2,1,2,5",public_pool,9,0
"2,2,1,2,1,2,5",subsidized_catch_up,9,1
"2,2,1,2,1,2,5",central_cap2,9,0
"2,2,1,2,1,2,5",equity_cap2,9,8
"2,2,1,2,1,2,5",central_full,9,0
"2,1,0,2,0,2,3",bilateral_3pass,3,3
"2,1,0,2,0,2,3",clearinghouse,3,0
"2,1,0,2,0,2,3",public_pool,3,0
"2,1,0,2,0,2,3",subsidized_catch_up,3,0
"2,1,0,2,0,2,3",central_cap2,3,0
"2,1,0,2,0,2,3",equity_cap2,3,0
"2,1,0,2,0,2,3",central_full,3,0
"3,3,2,3,2,1,0",bilateral_3pass,77,0
"3,3,2,3,2,1,0",clearinghouse,77,2
"3,3,2,3,2,1,0",public_pool,77,67
"3,3,2,3,2,1,0",subsidized_catch_up,77,1
"3,3,2,3,2,1,0",central_cap2,77,1
"3,3,2,3,2,1,0",equity_cap2,77,2
"3,3,2,3,2,1,0",central_full,77,4
"3,2,1,3,2,1,5",bilateral_3pass,12,1
"3,2,1,3,2,1,5",clearinghouse,12,11
"3,2,1,3,2,1,5",public_pool,12,0
"3,2,1,3,2,1,5",subsidized_catch_up,12,0
"3,2,1,3,2,1,5",central_cap2,12,0
"3,2,1,3,2,1,5",equity_cap2,12,0
"3,2,1,3,2,1,5",central_full,12,0
"3,2,2,1,1,0,0",bilateral_3pass,65,51
"3,2,2,1,1,0,0",clearinghouse,65,6
"3,2,2,1,1,0,0",public_pool,65,2
"3,2,2,1,1,0,0",subsidized_catch_up,65,5
"3,2,2,1,1,0,0",central_cap2,65,0
"3,2,2,1,1,0,0",equity_cap2,65,1
"3,2,2,1,1,0,0",central_full,65,0
"1,2,1,3,1,0,3",bilateral_3pass,31,2
"1,2,1,3,1,0,3",clearinghouse,31,24
"1,2,1,3,1,0,3",public_pool,31,1
"1,2,1,3,1,0,3",subsidized_catch_up,31,3
"1,2,1,3,1,0,3",central_cap2,31,1
"1,2,1,3,1,0,3",equity_cap2,31,0
"1,2,1,3,1,0,3",central_full,31,0
"2,2,1,3,2,0,3",bilateral_3pass,13,0
"2,2,1,3,2,0,3",clearinghouse,13,2
"2,2,1,3,2,0,3",public_pool,13,0
"2,2,1,3,2,0,3",subsidized_catch_up,13,11
"2,2,1,3,2,0,3",central_cap2,13,0
"2,2,1,3,2,0,3",equity_cap2,13,0
"2,2,1,3,2,0,3",central_full,13,0
"3,3,0,1,2,1,0",bilateral_3pass,35,0
"3,3,0,1,2,1,0",clearinghouse,35,1
"3,3,0,1,2,1,0",public_pool,35,1
"3,3,0,1,2,1,0",subsidized_catch_up,35,32
"3,3,0,1,2,1,0",central_cap2,35,0
"3,3,0,1,2,1,0",equity_cap2,35,0
"3,3,0,1,2,1,0",central_full,35,1
"0,1,1,3,0,1,6",bilateral_3pass,11,11
"0,1,1,3,0,1,6",clearinghouse,11,0
"0,1,1,3,0,1,6",public_pool,11,0
"0,1,1,3,0,1,6",subsidized_catch_up,11,0
"0,1,1,3,0,1,6",central_cap2,11,0
"0,1,1,3,0,1,6",equity_cap2,11,0
"0,1,1,3,0,1,6",central_full,11,0
"3,2,1,2,1,1,2",bilateral_3pass,10,9
"3,2,1,2,1,1,2",clearinghouse,10,0
"3,2,1,2,1,1,2",public_pool,10,1
"3,2,1,2,1,1,2",subsidized_catch_up,10,0
"3,2,1,2,1,1,2",central_cap2,10,0
"3,2,1,2,1,1,2",equity_cap2,10,0
"3,2,1,2,1,1,2",central_full,10,0
"3,2,2,2,1,1,1",bilateral_3pass,4,0
"3,2,2,2,1,1,1",clearinghouse,4,0
"3,2,2,2,1,1,1",public_pool,4,0
"3,2,2,2,1,1,1",subsidized_catch_up,4,4
"3,2,2,2,1,1,1",central_cap2,4,0
"3,2,2,2,1,1,1",equity_cap2,4,0
"3,2,2,2,1,1,1",central_full,4,0
"3,1,0,2,0,1,3",bilateral_3pass,1,1
"3,1,0,2,0,1,3",clearinghouse,1,0
"3,1,0,2,0,1,3",public_pool,1,0
"3,1,0,2,0,1,3",subsidized_catch_up,1,0
"3,1,0,2,0,1,3",central_cap2,1,0
"3,1,0,2,0,1,3",equity_cap2,1,0
"3,1,0,2,0,1,3",central_full,1,0
"3,1,0,1,1,1,0",bilateral_3pass,30,30
"3,1,0,1,1,1,0",clearinghouse,30,0
"3,1,0,1,1,1,0",public_pool,30,0
"3,1,0,1,1,1,0",subsidized_catch_up,30,0
"3,1,0,1,1,1,0",central_cap2,30,0
"3,1,0,1,1,1,0",equity_cap2,30,0
"3,1,0,1,1,1,0",central_full,30,0
"1,1,1,3,2,2,3",bilateral_3pass,2,2
"1,1,1,3,2,2,3",clearinghouse,2,0
"1,1,1,3,2,2,3",public_pool,2,0
"1,1,1,3,2,2,3",subsidized_catch_up,2,0
"1,1,1,3,2,2,3",central_cap2,2,0
"1,1,1,3,2,2,3",equity_cap2,2,0
"1,1,1,3,2,2,3",central_full,2,0
"2,2,2,1,2,1,2",bilateral_3pass,7,0
"2,2,2,1,2,1,2",clearinghouse,7,7
"2,2,2,1,2,1,2",public_pool,7,0
"2,2,2,1,2,1,2",subsidized_catch_up,7,0
"2,2,2,1,2,1,2",central_cap2,7,0
"2,2,2,1,2,1,2",equity_cap2,7,0
"2,2,2,1,2,1,2",central_full,7,0
"0,2,0,3,0,0,4",bilateral_3pass,46,35
"0,2,0,3,0,0,4",clearinghouse,46,2
"0,2,0,3,0,0,4",public_pool,46,2
"0,2,0,3,0,0,4",subsidized_catch_up,46,2
"0,2,0,3,0,0,4",central_cap2,46,2
"0,2,0,3,0,0,4",equity_cap2,46,3
"0,2,0,3,0,0,4",central_full,46,0
"3,1,1,3,1,2,5",bilateral_3pass,17,17
"3,1,1,3,1,2,5",clearinghouse,17,0
"3,1,1,3,1,2,5",public_pool,17,0
"3,1,1,3,1,2,5",subsidized_catch_up,17,0
"3,1,1,3,1,2,5",central_cap2,17,0
"3,1,1,3,1,2,5",equity_cap2,17,0
"3,1,1,3,1,2,5",central_full,17,0
"2,1,1,2,2,1,2",bilateral_3pass,9,9
"2,1,1,2,2,1,2",clearinghouse,9,0
"2,1,1,2,2,1,2",public_pool,9,0
"2,1,1,2,2,1,2",subsidized_catch_up,9,0
"2,1,1,2,2,1,2",central_cap2,9,0
"2,1,1,2,2,1,2",equity_cap2,9,0
"2,1,1,2,2,1,2",central_full,9,0
"1,2,1,1,0,2,4",bilateral_3pass,4,0
"1,2,1,1,0,2,4",clearinghouse,4,4
"1,2,1,1,0,2,4",public_pool,4,0
"1,2,1,1,0,2,4",subsidized_catch_up,4,0
"1,2,1,1,0,2,4",central_cap2,4,0
"1,2,1,1,0,2,4",equity_cap2,4,0
"1,2,1,1,0,2,4",central_full,4,0
"1,1,0,1,1,0,0",bilateral_3pass,7,7
"1,1,0,1,1,0,0",clearinghouse,7,0
"1,1,0,1,1,0,0",public_pool,7,0
"1,1,0,1,1,0,0",subsidized_catch_up,7,0
"1,1,0,1,1,0,0",central_cap2,7,0
"1,1,0,1,1,0,0",equity_cap2,7,0
"1,1,0,1,1,0,0",central_full,7,0
"3,2,1,3,1,2,3",bilateral_3pass,65,47
"3,2,1,3,1,2,3",clearinghouse,65,3
"3,2,1,3,1,2,3",public_pool,65,0
"3,2,1,3,1,2,3",subsidized_catch_up,65,13
"3,2,1,3,1,2,3",central_cap2,65,0
"3,2,1,3,1,2,3",equity_cap2,65,2
"3,2,1,3,1,2,3",central_full,65,0
"3,1,0,3,0,1,0",bilateral_3pass,4,4
"3,1,0,3,0,1,0",clearinghouse,4,0
"3,1,0,3,0,1,0",public_pool,4,0
"3,1,0,3,0,1,0",subsidized_catch_up,4,0
"3,1,0,3,0,1,0",central_cap2,4,0
"3,1,0,3,0,1,0",equity_cap2,4,0
"3,1,0,3,0,1,0",central_full,4,0
"1,2,1,2,1,0,1",bilateral_3pass,11,1
"1,2,1,2,1,0,1",clearinghouse,11,10
"1,2,1,2,1,0,1",public_pool,11,0
"1,2,1,2,1,0,1",subsidized_catch_up,11,0
"1,2,1,2,1,0,1",central_cap2,11,0
"1,2,1,2,1,0,1",equity_cap2,11,0
"1,2,1,2,1,0,1",central_full,11,0
"2,2,2,2,2,1,2",bilateral_3pass,20,15
"2,2,2,2,2,1,2",clearinghouse,20,0
"2,2,2,2,2,1,2",public_pool,20,2
"2,2,2,2,2,1,2",subsidized_catch_up,20,3
"2,2,2,2,2,1,2",central_cap2,20,0
"2,2,2,2,2,1,2",equity_cap2,20,0
"2,2,2,2,2,1,2",central_full,20,0
"2,3,2,1,1,2,0",bilateral_3pass,63,4
"2,3,2,1,1,2,0",clearinghouse,63,1
"2,3,2,1,1,2,0",public_pool,63,1
"2,3,2,1,1,2,0",subsidized_catch_up,63,2
"2,3,2,1,1,2,0",central_cap2,63,0
"2,3,2,1,1,2,0",equity_cap2,63,3
"2,3,2,1,1,2,0",central_full,63,52
"2,3,1,1,0,2,0",bilateral_3pass,44,0
"2,3,1,1,0,2,0",clearinghouse,44,2
"2,3,1,1,0,2,0",public_pool,44,38
"2,3,1,1,0,2,0",subsidized_catch_up,44,1
"2,3,1,1,0,2,0",central_cap2,44,1
"2,3,1,1,0,2,0",equity_cap2,44,1
"2,3,1,1,0,2,0",central_full,44,1
"2,3,1,3,1,2,2",bilateral_3pass,1,0
"2,3,1,3,1,2,2",clearinghouse,1,0
"2,3,1,3,1,2,2",public_pool,1,0
"2,3,1,3,1,2,2",subsidized_catch_up,1,0
"2,3,1,3,1,2,2",central_cap2,1,0
"2,3,1,3,1,2,2",equity_cap2,1,1
"2,3,1,3,1,2,2",central_full,1,0
"3,2,1,3,1,2,5",bilateral_3pass,7,0
"3,2,1,3,1,2,5",clearinghouse,7,0
"3,2,1,3,1,2,5",public_pool,7,0
"3,2,1,3,1,2,5",subsidized_catch_up,7,0
"3,2,1,3,1,2,5",central_cap2,7,0
"3,2,1,3,1,2,5",equity_cap2,7,7
"3,2,1,3,1,2,5",central_full,7,0
"2,1,2,1,1,1,2",bilateral_3pass,7,7
"2,1,2,1,1,1,2",clearinghouse,7,0
"2,1,2,1,1,1,2",public_pool,7,0
"2,1,2,1,1,1,2",subsidized_catch_up,7,0
"2,1,2,1,1,1,2",central_cap2,7,0
"2,1,2,1,1,1,2",equity_cap2,7,0
"2,1,2,1,1,1,2",central_full,7,0
"1,1,1,1,0,2,6",bilateral_3pass,1,1
"1,1,1,1,0,2,6",clearinghouse,1,0
"1,1,1,1,0,2,6",public_pool,1,0
"1,1,1,1,0,2,6",subsidized_catch_up,1,0
"1,1,1,1,0,2,6",central_cap2,1,0
"1,1,1,1,0,2,6",equity_cap2,1,0
"1,1,1,1,0,2,6",central_full,1,0
"2,2,1,1,2,2,1",bilateral_3pass,29,2
"2,2,1,1,2,2,1",clearinghouse,29,2
"2,2,1,1,2,2,1",public_pool,29,0
"2,2,1,1,2,2,1",subsidized_catch_up,29,25
"2,2,1,1,2,2,1",central_cap2,29,0
"2,2,1,1,2,2,1",equity_cap2,29,0
"2,2,1,1,2,2,1",central_full,29,0
"1,2,1,3,1,2,1",bilateral_3pass,50,2
"1,2,1,3,1,2,1",clearinghouse,50,46
"1,2,1,3,1,2,1",public_pool,50,0
"1,2,1,3,1,2,1",subsidized_catch_up,50,1
"1,2,1,3,1,2,1",central_cap2,50,1
"1,2,1,3,1,2,1",equity_cap2,50,0
"1,2,1,3,1,2,1",central_full,50,0
"2,1,0,1,1,1,4",bilateral_3pass,3,3
"2,1,0,1,1,1,4",clearinghouse,3,0
"2,1,0,1,1,1,4",public_pool,3,0
"2,1,0,1,1,1,4",subsidized_catch_up,3,0
"2,1,0,1,1,1,4",central_cap2,3,0
"2,1,0,1,1,1,4",equity_cap2,3,0
"2,1,0,1,1,1,4",central_full,3,0
"2,2,1,1,1,0,2",bilateral_3pass,7,1
"2,2,1,1,1,0,2",clearinghouse,7,6
"2,2,1,1,1,0,2",public_pool,7,0
"2,2,1,1,1,0,2",subsidized_catch_up,7,0
"2,2,1,1,1,0,2",central_cap2,7,0
"2,2,1,1,1,0,2",equity_cap2,7,0
"2,2,1,1,1,0,2",central_full,7,0
"1,1,0,1,0,0,3",bilateral_3pass,23,22
"1,1,0,1,0,0,3",clearinghouse,23,0
"1,1,0,1,0,0,3",public_pool,23,0
"1,1,0,1,0,0,3",subsidized_catch_up,23,1
"1,1,0,1,0,0,3",central_cap2,23,0
"1,1,0,1,0,0,3",equity_cap2,23,0
"1,1,0,1,0,0,3",central_full,23,0
"3,2,2,1,2,2,5",bilateral_3pass,4,0
"3,2,2,1,2,2,5",clearinghouse,4,0
"3,2,2,1,2,2,5",public_pool,4,0
"3,2,2,1,2,2,5",subsidized_catch_up,4,4
"3,2,2,1,2,2,5",central_cap2,4,0
"3,2,2,1,2,2,5",equity_cap2,4,0
"3,2,2,1,2,2,5",central_full,4,0
"3,1,2,2,2,2,2",bilateral_3pass,7,7
"3,1,2,2,2,2,2",clearinghouse,7,0
"3,1,2,2,2,2,2",public_pool,7,0
"3,1,2,2,2,2,2",subsidized_catch_up,7,0
"3,1,2,2,2,2,2",central_cap2,7,0
"3,1,2,2,2,2,2",equity_cap2,7,0
"3,1,2,2,2,2,2",central_full,7,0
"2,2,1,3,0,2,2",bilateral_3pass,6,0
"2,2,1,3,0,2,2",clearinghouse,6,4
"2,2,1,3,0,2,2",public_pool,6,0
"2,2,1,3,0,2,2",subsidized_catch_up,6,1
"2,2,1,3,0,2,2",central_cap2,6,1
"2,2,1,3,0,2,2",equity_cap2,6,0
"2,2,1,3,0,2,2",central_full,6,0
"3,2,0,1,0,1,0",bilateral_3pass,5,0
"3,2,0,1,0,1,0",clearinghouse,5,4
"3,2,0,1,0,1,0",public_pool,5,0
"3,2,0,1,0,1,0",subsidized_catch_up,5,0
"3,2,0,1,0,1,0",central_cap2,5,0
"3,2,0,1,0,1,0",equity_cap2,5,1
"3,2,0,1,0,1,0",central_full,5,0
"1,3,1,3,0,1,2",bilateral_3pass,1,1
"1,3,1,3,0,1,2",clearinghouse,1,0
"1,3,1,3,0,1,2",public_pool,1,0
"1,3,1,3,0,1,2",subsidized_catch_up,1,0
"1,3,1,3,0,1,2",central_cap2,1,0
"1,3,1,3,0,1,2",equity_cap2,1,0
"1,3,1,3,0,1,2",central_full,1,0
"1,3,1,1,1,1,0",bilateral_3pass,107,2
"1,3,1,1,1,1,0",clearinghouse,107,93
"1,3,1,1,1,1,0",public_pool,107,2
"1,3,1,1,1,1,0",subsidized_catch_up,107,2
"1,3,1,1,1,1,0",central_cap2,107,5
"1,3,1,1,1,1,0",equity_cap2,107,2
"1,3,1,1,1,1,0",central_full,107,1
"1,3,1,1,1,2,1",bilateral_3pass,1,0
"1,3,1,1,1,2,1",clearinghouse,1,0
"1,3,1,1,1,2,1",public_pool,1,0
"1,3,1,1,1,2,1",subsidized_catch_up,1,0
"1,3,1,1,1,2,1",central_cap2,1,0
"1,3,1,1,1,2,1",equity_cap2,1,1
"1,3,1,1,1,2,1",central_full,1,0
"2,1,0,1,0,2,1",bilateral_3pass,2,2
"2,1,0,1,0,2,1",clearinghouse,2,0
"2,1,0,1,0,2,1",public_pool,2,0
"2,1,0,1,0,2,1",subsidized_catch_up,2,0
"2,1,0,1,0,2,1",central_cap2,2,0
"2,1,0,1,0,2,1",equity_cap2,2,0
"2,1,0,1,0,2,1",central_full,2,0
"0,3,2,3,0,0,4",bilateral_3pass,18,1
"0,3,2,3,0,0,4",clearinghouse,18,12
"0,3,2,3,0,0,4",public_pool,18,0
"0,3,2,3,0,0,4",subsidized_catch_up,18,1
"0,3,2,3,0,0,4",central_cap2,18,0
"0,3,2,3,0,0,4",equity_cap2,18,1
"0,3,2,3,0,0,4",central_full,18,3
"3,2,1,3,0,2,3",bilateral_3pass,10,2
"3,2,1,3,0,2,3",clearinghouse,10,8
"3,2,1,3,0,2,3",public_pool,10,0
"3,2,1,3,0,2,3",subsidized_catch_up,10,0
"3,2,1,3,0,2,3",central_cap2,10,0
"3,2,1,3,0,2,3",equity_cap2,10,0
"3,2,1,3,0,2,3",central_full,10,0
"0,1,0,3,0,1,3",bilateral_3pass,24,23
"0,1,0,3,0,1,3",clearinghouse,24,0
"0,1,0,3,0,1,3",public_pool,24,0
"0,1,0,3,0,1,3",subsidized_catch_up,24,1
"0,1,0,3,0,1,3",central_cap2,24,0
"0,1,0,3,0,1,3",equity_cap2,24,0
"0,1,0,3,0,1,3",central_full,24,0
"3,2,1,2,1,2,2",bilateral_3pass,16,9
"3,2,1,2,1,2,2",clearinghouse,16,3
"3,2,1,2,1,2,2",public_pool,16,2
"3,2,1,2,1,2,2",subsidized_catch_up,16,1
"3,2,1,2,1,2,2",central_cap2,16,0
"3,2,1,2,1,2,2",equity_cap2,16,1
"3,2,1,2,1,2,2",central_full,16,0
"1,2,0,2,0,1,2",bilateral_3pass,2,2
"1,2,0,2,0,1,2",clearinghouse,2,0
"1,2,0,2,0,1,2",public_pool,2,0
"1,2,0,2,0,1,2",subsidized_catch_up,2,0
"1,2,0,2,0,1,2",central_cap2,2,0
"1,2,0,2,0,1,2",equity_cap2,2,0
"1,2,0,2,0,1,2",central_full,2,0
"2,2,2,1,0,1,2",bilateral_3pass,11,0
"2,2,2,1,0,1,2",clearinghouse,11,6
"2,2,2,1,0,1,2",public_pool,11,1
"2,2,2,1,0,1,2",subsidized_catch_up,11,1
"2,2,2,1,0,1,2",central_cap2,11,3
"2,2,2,1,0,1,2",equity_cap2,11,0
"2,2,2,1,0,1,2",central_full,11,0
"2,2,1,1,0,2,2",bilateral_3pass,20,16
"2,2,1,1,0,2,2",clearinghouse,20,3
"2,2,1,1,0,2,2",public_pool,20,0
"2,2,1,1,0,2,2",subsidized_catch_up,20,1
"2,2,1,1,0,2,2",central_cap2,20,0
"2,2,1,1,0,2,2",equity_cap2,20,0
"2,2,1,1,0,2,2",central_full,20,0
"2,2,2,2,2,2,3",bilateral_3pass,36,25
"2,2,2,2,2,2,3",clearinghouse,36,4
"2,2,2,2,2,2,3",public_pool,36,2
"2,2,2,2,2,2,3",subsidized_catch_up,36,4
"2,2,2,2,2,2,3",central_cap2,36,0
"2,2,2,2,2,2,3",equity_cap2,36,1
"2,2,2,2,2,2,3",central_full,36,0
"2,3,1,3,0,2,0",bilateral_3pass,19,1
"2,3,1,3,0,2,0",clearinghouse,19,0
"2,3,1,3,0,2,0",public_pool,19,1
"2,3,1,3,0,2,0",subsidized_catch_up,19,16
"2,3,1,3,0,2,0",central_cap2,19,0
"2,3,1,3,0,2,0",equity_cap2,19,0
"2,3,1,3,0,2,0",central_full,19,1
"2,2,1,2,1,1,2",bilateral_3pass,24,1
"2,2,1,2,1,1,2",clearinghouse,24,0
"2,2,1,2,1,1,2",public_pool,24,20
"2,2,1,2,1,1,2",subsidized_catch_up,24,0
"2,2,1,2,1,1,2",central_cap2,24,0
"2,2,1,2,1,1,2",equity_cap2,24,3
"2,2,1,2,1,1,2",central_full,24,0
"3,2,0,1,1,2,3",bilateral_3pass,8,0
"3,2,0,1,1,2,3",clearinghouse,8,0
"3,2,0,1,1,2,3",public_pool,8,0
"3,2,0,1,1,2,3",subsidized_catch_up,8,8
"3,2,0,1,1,2,3",central_cap2,8,0
"3,2,0,1,1,2,3",equity_cap2,8,0
"3,2,0,1,1,2,3",central_full,8,0
"2,1,2,1,0,0,1",bilateral_3pass,21,19
"2,1,2,1,0,0,1",clearinghouse,21,2
"2,1,2,1,0,0,1",public_pool,21,0
"2,1,2,1,0,0,1",subsidized_catch_up,21,0
"2,1,2,1,0,0,1",central_cap2,21,0
"2,1,2,1,0,0,1",equity_cap2,21,0
"2,1,2,1,0,0,1",central_full,21,0
"3,3,2,1,1,1,0",bilateral_3pass,15,0
"3,3,2,1,1,1,0",clearinghouse,15,14
"3,3,2,1,1,1,0",public_pool,15,1
"3,3,2,1,1,1,0",subsidized_catch_up,15,0
"3,3,2,1,1,1,0",central_cap2,15,0
"3,3,2,1,1,1,0",equity_cap2,15,0
"3,3,2,1,1,1,0",central_full,15,0
"3,2,1,2,1,1,1",bilateral_3pass,14,0
"3,2,1,2,1,1,1",clearinghouse,14,13
"3,2,1,2,1,1,1",public_pool,14,0
"3,2,1,2,1,1,1",subsidized_catch_up,14,0
"3,2,1,2,1,1,1",central_cap2,14,0
"3,2,1,2,1,1,1",equity_cap2,14,1
"3,2,1,2,1,1,1",central_full,14,0
"2,1,0,2,0,1,1",bilateral_3pass,9,8
"2,1,0,2,0,1,1",clearinghouse,9,1
"2,1,0,2,0,1,1",public_pool,9,0
"2,1,0,2,0,1,1",subsidized_catch_up,9,0
"2,1,0,2,0,1,1",central_cap2,9,0
"2,1,0,2,0,1,1",equity_cap2,9,0
"2,1,0,2,0,1,1",central_full,9,0
"2,1,0,1,0,2,0",bilateral_3pass,5,5
"2,1,0,1,0,2,0",clearinghouse,5,0
"2,1,0,1,0,2,0",public_pool,5,0
"2,1,0,1,0,2,0",subsidized_catch_up,5,0
"2,1,0,1,0,2,0",central_cap2,5,0
"2,1,0,1,0,2,0",equity_cap2,5,0
"2,1,0,1,0,2,0",central_full,5,0
"2,2,2,1,1,1,3",bilateral_3pass,129,114
"2,2,2,1,1,1,3",clearinghouse,129,7
"2,2,2,1,1,1,3",public_pool,129,0
"2,2,2,1,1,1,3",subsidized_catch_up,129,4
"2,2,2,1,1,1,3",central_cap2,129,2
"2,2,2,1,1,1,3",equity_cap2,129,2
"2,2,2,1,1,1,3",central_full,129,0
"1,3,1,3,1,1,0",bilateral_3pass,262,5
"1,3,1,3,1,1,0",clearinghouse,262,4
"1,3,1,3,1,1,0",public_pool,262,7
"1,3,1,3,1,1,0",subsidized_catch_up,262,5
"1,3,1,3,1,1,0",central_cap2,262,4
"1,3,1,3,1,1,0",equity_cap2,262,2
"1,3,1,3,1,1,0",central_full,262,235
"2,2,1,1,2,1,4",bilateral_3pass,9,0
"2,2,1,1,2,1,4",clearinghouse,9,0
"2,2,1,1,2,1,4",public_pool,9,0
"2,2,1,1,2,1,4",subsidized_catch_up,9,0
"2,2,1,1,2,1,4",central_cap2,9,9
"2,2,1,1,2,1,4",equity_cap2,9,0
"2,2,1,1,2,1,4",central_full,9,0
"2,1,1,3,1,0,2",bilateral_3pass,8,8
"2,1,1,3,1,0,2",clearinghouse,8,0
"2,1,1,3,1,0,2",public_pool,8,0
"2,1,1,3,1,0,2",subsidized_catch_up,8,0
"2,1,1,3,1,0,2",central_cap2,8,0
"2,1,1,3,1,0,2",equity_cap2,8,0
"2,1,1,3,1,0,2",central_full,8,0
"2,1,1,1,0,1,4",bilateral_3pass,12,12
"2,1,1,1,0,1,4",clearinghouse,12,0
"2,1,1,1,0,1,4",public_pool,12,0
"2,1,1,1,0,1,4",subsidized_catch_up,12,0
"2,1,1,1,0,1,4",central_cap2,12,0
"2,1,1,1,0,1,4",equity_cap2,12,0
"2,1,1,1,0,1,4",central_full,12,0
"3,1,2,2,0,1,1",bilateral_3pass,2,1
"3,1,2,2,0,1,1",clearinghouse,2,1
"3,1,2,2,0,1,1",public_pool,2,0
"3,1,2,2,0,1,1",subsidized_catch_up,2,0
"3,1,2,2,0,1,1",central_cap2,2,0
"3,1,2,2,0,1,1",equity_cap2,2,0
"3,1,2,2,0,1,1",central_full,2,0
"2,1,0,3,2,2,0",bilateral_3pass,28,28
"2,1,0,3,2,2,0",clearinghouse,28,0
"2,1,0,3,2,2,0",public_pool,28,0
"2,1,0,3,2,2,0",subsidized_catch_up,28,0
"2,1,0,3,2,2,0",central_cap2,28,0
"2,1,0,3,2,2,0",equity_cap2,28,0
"2,1,0,3,2,2,0",central_full,28,0
"2,1,1,2,1,0,5",bilateral_3pass,7,7
"2,1,1,2,1,0,5",clearinghouse,7,0
"2,1,1,2,1,0,5",public_pool,7,0
"2,1,1,2,1,0,5",subsidized_catch_up,7,0
"2,1,1,2,1,0,5",central_cap2,7,0
"2,1,1,2,1,0,5",equity_cap2,7,0
"2,1,1,2,1,0,5",central_full,7,0
"0,1,0,3,0,1,5",bilateral_3pass,2,2
"0,1,0,3,0,1,5",clearinghouse,2,0
"0,1,0,3,0,1,5",public_pool,2,0
"0,1,0,3,0,1,5",subsidized_catch_up,2,0
"0,1,0,3,0,1,5",central_cap2,2,0
"0,1,0,3,0,1,5",equity_cap2,2,0
"0,1,0,3,0,1,5",central_full,2,0
"2,3,1,3,1,1,0",bilateral_3pass,130,0
"2,3,1,3,1,1,0",clearinghouse,130,1
"2,3,1,3,1,1,0",public_pool,130,115
"2,3,1,3,1,1,0",subsidized_catch_up,130,1
"2,3,1,3,1,1,0",central_cap2,130,5
"2,3,1,3,1,1,0",equity_cap2,130,4
"2,3,1,3,1,1,0",central_full,130,4
"2,2,1,2,0,2,4",bilateral_3pass,2,0
"2,2,1,2,0,2,4",clearinghouse,2,0
"2,2,1,2,0,2,4",public_pool,2,0
"2,2,1,2,0,2,4",subsidized_catch_up,2,2
"2,2,1,2,0,2,4",central_cap2,2,0
"2,2,1,2,0,2,4",equity_cap2,2,0
"2,2,1,2,0,2,4",central_full,2,0
"2,3,1,2,1,2,0",bilateral_3pass,51,46
"2,3,1,2,1,2,0",clearinghouse,51,1
"2,3,1,2,1,2,0",public_pool,51,0
"2,3,1,2,1,2,0",subsidized_catch_up,51,1
"2,3,1,2,1,2,0",central_cap2,51,1
"2,3,1,2,1,2,0",equity_cap2,51,0
"2,3,1,2,1,2,0",central_full,51,2
"1,2,2,2,0,2,2",bilateral_3pass,8,0
"1,2,2,2,0,2,2",clearinghouse,8,3
"1,2,2,2,0,2,2",public_pool,8,1
"1,2,2,2,0,2,2",subsidized_catch_up,8,3
"1,2,2,2,0,2,2",central_cap2,8,0
"1,2,2,2,0,2,2",equity_cap2,8,1
"1,2,2,2,0,2,2",central_full,8,0
"1,2,0,1,0,1,2",bilateral_3pass,4,0
"1,2,0,1,0,1,2",clearinghouse,4,4
"1,2,0,1,0,1,2",public_pool,4,0
"1,2,0,1,0,1,2",subsidized_catch_up,4,0
"1,2,0,1,0,1,2",central_cap2,4,0
"1,2,0,1,0,1,2",equity_cap2,4,0
"1,2,0,1,0,1,2",central_full,4,0
"3,2,2,2,0,1,1",bilateral_3pass,2,1
"3,2,2,2,0,1,1",clearinghouse,2,0
"3,2,2,2,0,1,1",public_pool,2,0
"3,2,2,2,0,1,1",subsidized_catch_up,2,1
"3,2,2,2,0,1,1",central_cap2,2,0
"3,2,2,2,0,1,1",equity_cap2,2,0
"3,2,2,2,0,1,1",central_full,2,0
"3,1,0,2,1,2,5",bilateral_3pass,6,6
"3,1,0,2,1,2,5",clearinghouse,6,0
"3,1,0,2,1,2,5",public_pool,6,0
"3,1,0,2,1,2,5",subsidized_catch_up,6,0
"3,1,0,2,1,2,5",central_cap2,6,0
"3,1,0,2,1,2,5",equity_cap2,6,0
"3,1,0,2,1,2,5",central_full,6,0
"1,2,1,1,1,2,3",bilateral_3pass,11,1
"1,2,1,1,1,2,3",clearinghouse,11,10
"1,2,1,1,1,2,3",public_pool,11,0
"1,2,1,1,1,2,3",subsidized_catch_up,11,0
"1,2,1,1,1,2,3",central_cap2,11,0
"1,2,1,1,1,2,3",equity_cap2,11,0
"1,2,1,1,1,2,3",central_full,11,0
"3,1,1,2,1,2,4",bilateral_3pass,12,12
"3,1,1,2,1,2,4",clearinghouse,12,0
"3,1,1,2,1,2,4",public_pool,12,0
"3,1,1,2,1,2,4",subsidized_catch_up,12,0
"3,1,1,2,1,2,4",central_cap2,12,0
"3,1,1,2,1,2,4",equity_cap2,12,0
"3,1,1,2,1,2,4",central_full,12,0
"3,2,2,3,0,2,1",bilateral_3pass,1,1
"3,2,2,3,0,2,1",clearinghouse,1,0
"3,2,2,3,0,2,1",public_pool,1,0
"3,2,2,3,0,2,1",subsidized_catch_up,1,0
"3,2,2,3,0,2,1",central_cap2,1,0
"3,2,2,3,0,2,1",equity_cap2,1,0
"3,2,2,3,0,2,1",central_full,1,0
"3,1,1,3,1,2,2",bilateral_3pass,13,13
"3,1,1,3,1,2,2",clearinghouse,13,0
"3,1,1,3,1,2,2",public_pool,13,0
"3,1,1,3,1,2,2",subsidized_catch_up,13,0
"3,1,1,3,1,2,2",central_cap2,13,0
"3,1,1,3,1,2,2",equity_cap2,13,0
"3,1,1,3,1,2,2",central_full,13,0
"3,1,2,1,1,2,5",bilateral_3pass,5,5
"3,1,2,1,1,2,5",clearinghouse,5,0
"3,1,2,1,1,2,5",public_pool,5,0
"3,1,2,1,1,2,5",subsidized_catch_up,5,0
"3,1,2,1,1,2,5",central_cap2,5,0
"3,1,2,1,1,2,5",equity_cap2,5,0
"3,1,2,1,1,2,5",central_full,5,0
"3,1,0,1,1,1,4",bilateral_3pass,2,2
"3,1,0,1,1,1,4",clearinghouse,2,0
"3,1,0,1,1,1,4",public_pool,2,0
"3,1,0,1,1,1,4",subsidized_catch_up,2,0
"3,1,0,1,1,1,4",central_cap2,2,0
"3,1,0,1,1,1,4",equity_cap2,2,0
"3,1,0,1,1,1,4",central_full,2,0
"3,2,2,1,1,2,3",bilateral_3pass,24,3
"3,2,2,1,1,2,3",clearinghouse,24,2
"3,2,2,1,1,2,3",public_pool,24,2
"3,2,2,1,1,2,3",subsidized_catch_up,24,17
"3,2,2,1,1,2,3",central_cap2,24,0
"3,2,2,1,1,2,3",equity_cap2,24,0
"3,2,2,1,1,2,3",central_full,24,0
"1,3,1,3,0,0,0",bilateral_3pass,36,1
"1,3,1,3,0,0,0",clearinghouse,36,1
"1,3,1,3,0,0,0",public_pool,36,2
"1,3,1,3,0,0,0",subsidized_catch_up,36,3
"1,3,1,3,0,0,0",central_cap2,36,1
"1,3,1,3,0,0,0",equity_cap2,36,28
"1,3,1,3,0,0,0",central_full,36,0
"1,3,2,3,0,0,3",bilateral_3pass,1,0
"1,3,2,3,0,0,3",clearinghouse,1,1
"1,3,2,3,0,0,3",public_pool,1,0
"1,3,2,3,0,0,3",subsidized_catch_up,1,0
"1,3,2,3,0,0,3",central_cap2,1,0
"1,3,2,3,0,0,3",equity_cap2,1,0
"1,3,2,3,0,0,3",central_full,1,0
"1,2,1,3,1,1,1",bilateral_3pass,99,2
"1,2,1,3,1,1,1",clearinghouse,99,6
"1,2,1,3,1,1,1",public_pool,99,1
"1,2,1,3,1,1,1",subsidized_catch_up,99,86
"1,2,1,3,1,1,1",central_cap2,99,1
"1,2,1,3,1,1,1",equity_cap2,99,3
"1,2,1,3,1,1,1",central_full,99,0
"1,3,2,3,0,1,3",bilateral_3pass,3,0
"1,3,2,3,0,1,3",clearinghouse,3,0
"1,3,2,3,0,1,3",public_pool,3,0
"1,3,2,3,0,1,3",subsidized_catch_up,3,0
"1,3,2,3,0,1,3",central_cap2,3,0
"1,3,2,3,0,1,3",equity_cap2,3,3
"1,3,2,3,0,1,3",central_full,3,0
"1,2,2,3,0,1,5",bilateral_3pass,8,0
"1,2,2,3,0,1,5",clearinghouse,8,1
"1,2,2,3,0,1,5",public_pool,8,0
"1,2,2,3,0,1,5",subsidized_catch_up,8,6
"1,2,2,3,0,1,5",central_cap2,8,0
"1,2,2,3,0,1,5",equity_cap2,8,1
"1,2,2,3,0,1,5",central_full,8,0
"2,1,0,3,1,1,4",bilateral_3pass,4,4
"2,1,0,3,1,1,4",clearinghouse,4,0
"2,1,0,3,1,1,4",public_pool,4,0
"2,1,0,3,1,1,4",subsidized_catch_up,4,0
"2,1,0,3,1,1,4",central_cap2,4,0
"2,1,0,3,1,1,4",equity_cap2,4,0
"2,1,0,3,1,1,4",central_full,4,0
"3,1,0,3,1,0,0",bilateral_3pass,9,9
"3,1,0,3,1,0,0",clearinghouse,9,0
"3,1,0,3,1,0,0",public_pool,9,0
"3,1,0,3,1,0,0",subsidized_catch_up,9,0
"3,1,0,3,1,0,0",central_cap2,9,0
"3,1,0,3,1,0,0",equity_cap2,9,0
"3,1,0,3,1,0,0",central_full,9,0
"2,1,0,2,1,0,2",bilateral_3pass,2,2
"2,1,0,2,1,0,2",clearinghouse,2,0
"2,1,0,2,1,0,2",public_pool,2,0
"2,1,0,2,1,0,2",subsidized_catch_up,2,0
"2,1,0,2,1,0,2",central_cap2,2,0
"2,1,0,2,1,0,2",equity_cap2,2,0
"2,1,0,2,1,0,2",central_full,2,0
"3,2,2,2,2,1,1",bilateral_3pass,30,0
"3,2,2,2,2,1,1",clearinghouse,30,0
"3,2,2,2,2,1,1",public_pool,30,1
"3,2,2,2,2,1,1",subsidized_catch_up,30,29
"3,2,2,2,2,1,1",central_cap2,30,0
"3,2,2,2,2,1,1",equity_cap2,30,0
"3,2,2,2,2,1,1",central_full,30,0
"1,1,2,2,1,0,5",bilateral_3pass,5,5
"1,1,2,2,1,0,5",clearinghouse,5,0
"1,1,2,2,1,0,5",public_pool,5,0
"1,1,2,2,1,0,5",subsidized_catch_up,5,0
"1,1,2,2,1,0,5",central_cap2,5,0
"1,1,2,2,1,0,5",equity_cap2,5,0
"1,1,2,2,1,0,5",central_full,5,0
"2,1,2,1,2,1,2",bilateral_3pass,4,4
"2,1,2,1,2,1,2",clearinghouse,4,0
"2,1,2,1,2,1,2",public_pool,4,0
"2,1,2,1,2,1,2",subsidized_catch_up,4,0
"2,1,2,1,2,1,2",central_cap2,4,0
"2,1,2,1,2,1,2",equity_cap2,4,0
"2,1,2,1,2,1,2",central_full,4,0
"2,2,2,2,0,1,2",bilateral_3pass,6,0
"2,2,2,2,0,1,2",clearinghouse,6,5
"2,2,2,2,0,1,2",public_pool,6,1
"2,2,2,2,0,1,2",subsidized_catch_up,6,0
"2,2,2,2,0,1,2",central_cap2,6,0
"2,2,2,2,0,1,2",equity_cap2,6,0
"2,2,2,2,0,1,2",central_full,6,0
"2,2,1,2,2,1,1",bilateral_3pass,25,0
"2,2,1,2,2,1,1",clearinghouse,25,0
"2,2,1,2,2,1,1",public_pool,25,0
"2,2,1,2,2,1,1",subsidized_catch_up,25,25
"2,2,1,2,2,1,1",central_cap2,25,0
"2,2,1,2,2,1,1",equity_cap2,25,0
"2,2,1,2,2,1,1",central_full,25,0
"3,1,2,1,2,0,2",bilateral_3pass,1,1
"3,1,2,1,2,0,2",clearinghouse,1,0
"3,1,2,1,2,0,2",public_pool,1,0
"3,1,2,1,2,0,2",subsidized_catch_up,1,0
"3,1,2,1,2,0,2",central_cap2,1,0
"3,1,2,1,2,0,2",equity_cap2,1,0
"3,1,2,1,2,0,2",central_full,1,0
"1,3,2,3,0,0,0",bilateral_3pass,35,0
"1,3,2,3,0,0,0",clearinghouse,35,1
"1,3,2,3,0,0,0",public_pool,35,2
"1,3,2,3,0,0,0",subsidized_catch_up,35,3
"1,3,2,3,0,0,0",central_cap2,35,0
"1,3,2,3,0,0,0",equity_cap2,35,1
"1,3,2,3,0,0,0",central_full,35,28
"3,2,1,1,1,2,2",bilateral_3pass,28,1
"3,2,1,1,1,2,2",clearinghouse,28,0
"3,2,1,1,1,2,2",public_pool,28,1
"3,2,1,1,1,2,2",subsidized_catch_up,28,25
"3,2,1,1,1,2,2",central_cap2,28,1
"3,2,1,1,1,2,2",equity_cap2,28,0
"3,2,1,1,1,2,2",central_full,28,0
"1,1,0,1,1,0,5",bilateral_3pass,1,1
"1,1,0,1,1,0,5",clearinghouse,1,0
"1,1,0,1,1,0,5",public_pool,1,0
"1,1,0,1,1,0,5",subsidized_catch_up,1,0
"1,1,0,1,1,0,5",central_cap2,1,0
"1,1,0,1,1,0,5",equity_cap2,1,0
"1,1,0,1,1,0,5",central_full,1,0
"3,1,0,2,1,0,5",bilateral_3pass,1,1
"3,1,0,2,1,0,5",clearinghouse,1,0
"3,1,0,2,1,0,5",public_pool,1,0
"3,1,0,2,1,0,5",subsidized_catch_up,1,0
"3,1,0,2,1,0,5",central_cap2,1,0
"3,1,0,2,1,0,5",equity_cap2,1,0
"3,1,0,2,1,0,5",central_full,1,0
"3,1,0,0,1,1,1",bilateral_3pass,1,1
"3,1,0,0,1,1,1",clearinghouse,1,0
"3,1,0,0,1,1,1",public_pool,1,0
"3,1,0,0,1,1,1",subsidized_catch_up,1,0
"3,1,0,0,1,1,1",central_cap2,1,0
"3,1,0,0,1,1,1",equity_cap2,1,0
"3,1,0,0,1,1,1",central_full,1,0
"1,1,0,3,0,1,4",bilateral_3pass,4,4
"1,1,0,3,0,1,4",clearinghouse,4,0
"1,1,0,3,0,1,4",public_pool,4,0
"1,1,0,3,0,1,4",subsidized_catch_up,4,0
"1,1,0,3,0,1,4",central_cap2,4,0
"1,1,0,3,0,1,4",equity_cap2,4,0
"1,1,0,3,0,1,4",central_full,4,0
"1,2,2,1,0,2,2",bilateral_3pass,10,0
"1,2,2,1,0,2,2",clearinghouse,10,2
"1,2,2,1,0,2,2",public_pool,10,0
"1,2,2,1,0,2,2",subsidized_catch_up,10,7
"1,2,2,1,0,2,2",central_cap2,10,1
"1,2,2,1,0,2,2",equity_cap2,10,0
"1,2,2,1,0,2,2",central_full,10,0
"2,2,1,3,1,0,3",bilateral_3pass,34,1
"2,2,1,3,1,0,3",clearinghouse,34,28
"2,2,1,3,1,0,3",public_pool,34,0
"2,2,1,3,1,0,3",subsidized_catch_up,34,5
"2,2,1,3,1,0,3",central_cap2,34,0
"2,2,1,3,1,0,3",equity_cap2,34,0
"2,2,1,3,1,0,3",central_full,34,0
"3,2,2,1,0,2,2",bilateral_3pass,2,0
"3,2,2,1,0,2,2",clearinghouse,2,0
"3,2,2,1,0,2,2",public_pool,2,0
"3,2,2,1,0,2,2",subsidized_catch_up,2,2
"3,2,2,1,0,2,2",central_cap2,2,0
"3,2,2,1,0,2,2",equity_cap2,2,0
"3,2,2,1,0,2,2",central_full,2,0
"3,1,2,2,0,2,0",bilateral_3pass,15,15
"3,1,2,2,0,2,0",clearinghouse,15,0
"3,1,2,2,0,2,0",public_pool,15,0
"3,1,2,2,0,2,0",subsidized_catch_up,15,0
"3,1,2,2,0,2,0",central_cap2,15,0
"3,1,2,2,0,2,0",equity_cap2,15,0
"3,1,2,2,0,2,0",central_full,15,0
"3,3,1,1,2,2,0",bilateral_3pass,242,8
"3,3,1,1,2,2,0",clearinghouse,242,210
"3,3,1,1,2,2,0",public_pool,242,9
"3,3,1,1,2,2,0",subsidized_catch_up,242,5
"3,3,1,1,2,2,0",central_cap2,242,6
"3,3,1,1,2,2,0",equity_cap2,242,2
"3,3,1,1,2,2,0",central_full,242,2
"1,1,2,2,0,2,4",bilateral_3pass,13,13
"1,1,2,2,0,2,4",clearinghouse,13,0
"1,1,2,2,0,2,4",public_pool,13,0
"1,1,2,2,0,2,4",subsidized_catch_up,13,0
"1,1,2,2,0,2,4",central_cap2,13,0
"1,1,2,2,0,2,4",equity_cap2,13,0
"1,1,2,2,0,2,4",central_full,13,0
"2,2,2,3,2,2,3",bilateral_3pass,38,35
"2,2,2,3,2,2,3",clearinghouse,38,1
"2,2,2,3,2,2,3",public_pool,38,0
"2,2,2,3,2,2,3",subsidized_catch_up,38,2
"2,2,2,3,2,2,3",central_cap2,38,0
"2,2,2,3,2,2,3",equity_cap2,38,0
"2,2,2,3,2,2,3",central_full,38,0
"3,3,1,3,1,0,0",bilateral_3pass,8,0
"3,3,1,3,1,0,0",clearinghouse,8,0
"3,3,1,3,1,0,0",public_pool,8,0
"3,3,1,3,1,0,0",subsidized_catch_up,8,0
"3,3,1,3,1,0,0",central_cap2,8,0
"3,3,1,3,1,0,0",equity_cap2,8,1
"3,3,1,3,1,0,0",central_full,8,7
"3,2,2,3,2,0,5",bilateral_3pass,2,0
"3,2,2,3,2,0,5",clearinghouse,2,0
"3,2,2,3,2,0,5",public_pool,2,0
"3,2,2,3,2,0,5",subsidized_catch_up,2,0
"3,2,2,3,2,0,5",central_cap2,2,0
"3,2,2,3,2,0,5",equity_cap2,2,2
"3,2,2,3,2,0,5",central_full,2,0
"3,1,2,1,2,0,5",bilateral_3pass,7,7
"3,1,2,1,2,0,5",clearinghouse,7,0
"3,1,2,1,2,0,5",public_pool,7,0
"3,1,2,1,2,0,5",subsidized_catch_up,7,0
"3,1,2,1,2,0,5",central_cap2,7,0
"3,1,2,1,2,0,5",equity_cap2,7,0
"3,1,2,1,2,0,5",central_full,7,0
"2,1,0,3,0,2,0",bilateral_3pass,4,4
"2,1,0,3,0,2,0",clearinghouse,4,0
"2,1,0,3,0,2,0",public_pool,4,0
"2,1,0,3,0,2,0",subsidized_catch_up,4,0
"2,1,0,3,0,2,0",central_cap2,4,0
"2,1,0,3,0,2,0",equity_cap2,4,0
"2,1,0,3,0,2,0",central_full,4,0
"3,2,2,2,1,2,2",bilateral_3pass,14,0
"3,2,2,2,1,2,2",clearinghouse,14,11
"3,2,2,2,1,2,2",public_pool,14,3
"3,2,2,2,1,2,2",subsidized_catch_up,14,0
"3,2,2,2,1,2,2",central_cap2,14,0
"3,2,2,2,1,2,2",equity_cap2,14,0
"3,2,2,2,1,2,2",central_full,14,0
"2,1,1,2,2,0,5",bilateral_3pass,3,3
"2,1,1,2,2,0,5",clearinghouse,3,0
"2,1,1,2,2,0,5",public_pool,3,0
"2,1,1,2,2,0,5",subsidized_catch_up,3,0
"2,1,1,2,2,0,5",central_cap2,3,0
"2,1,1,2,2,0,5",equity_cap2,3,0
"2,1,1,2,2,0,5",central_full,3,0
"1,2,1,1,1,2,2",bilateral_3pass,7,0
"1,2,1,1,1,2,2",clearinghouse,7,7
"1,2,1,1,1,2,2",public_pool,7,0
"1,2,1,1,1,2,2",subsidized_catch_up,7,0
"1,2,1,1,1,2,2",central_cap2,7,0
"1,2,1,1,1,2,2",equity_cap2,7,0
"1,2,1,1,1,2,2",central_full,7,0
"0,1,0,1,0,1,6",bilateral_3pass,3,3
"0,1,0,1,0,1,6",clearinghouse,3,0
"0,1,0,1,0,1,6",public_pool,3,0
"0,1,0,1,0,1,6",subsidized_catch_up,3,0
"0,1,0,1,0,1,6",central_cap2,3,0
"0,1,0,1,0,1,6",equity_cap2,3,0
"0,1,0,1,0,1,6",central_full,3,0
"2,1,2,3,2,1,4",bilateral_3pass,10,10
"2,1,2,3,2,1,4",clearinghouse,10,0
"2,1,2,3,2,1,4",public_pool,10,0
"2,1,2,3,2,1,4",subsidized_catch_up,10,0
"2,1,2,3,2,1,4",central_cap2,10,0
"2,1,2,3,2,1,4",equity_cap2,10,0
"2,1,2,3,2,1,4",central_full,10,0
"0,2,2,1,0,2,0",bilateral_3pass,6,0
"0,2,2,1,0,2,0",clearinghouse,6,1
"0,2,2,1,0,2,0",public_pool,6,0
"0,2,2,1,0,2,0",subsidized_catch_up,6,4
"0,2,2,1,0,2,0",central_cap2,6,0
"0,2,2,1,0,2,0",equity_cap2,6,1
"0,2,2,1,0,2,0",central_full,6,0
"0,1,1,1,0,2,1",bilateral_3pass,2,1
"0,1,1,1,0,2,1",clearinghouse,2,1
"0,1,1,1,0,2,1",public_pool,2,0
"0,1,1,1,0,2,1",subsidized_catch_up,2,0
"0,1,1,1,0,2,1",central_cap2,2,0
"0,1,1,1,0,2,1",equity_cap2,2,0
"0,1,1,1,0,2,1",central_full,2,0
"2,3,1,3,2,2,0",bilateral_3pass,79,70
"2,3,1,3,2,2,0",clearinghouse,79,1
"2,3,1,3,2,2,0",public_pool,79,3
"2,3,1,3,2,2,0",subsidized_catch_up,79,0
"2,3,1,3,2,2,0",central_cap2,79,1
"2,3,1,3,2,2,0",equity_cap2,79,1
"2,3,1,3,2,2,0",central_full,79,3
"2,1,2,1,2,0,2",bilateral_3pass,1,1
"2,1,2,1,2,0,2",clearinghouse,1,0
"2,1,2,1,2,0,2",public_pool,1,0
"2,1,2,1,2,0,2",subsidized_catch_up,1,0
"2,1,2,1,2,0,2",central_cap2,1,0
"2,1,2,1,2,0,2",equity_cap2,1,0
"2,1,2,1,2,0,2",central_full,1,0
"1,1,2,1,1,0,1",bilateral_3pass,10,10
"1,1,2,1,1,0,1",clearinghouse,10,0
"1,1,2,1,1,0,1",public_pool,10,0
"1,1,2,1,1,0,1",subsidized_catch_up,10,0
"1,1,2,1,1,0,1",central_cap2,10,0
"1,1,2,1,1,0,1",equity_cap2,10,0
"1,1,2,1,1,0,1",central_full,10,0
"1,3,0,2,0,0,3",bilateral_3pass,1,0
"1,3,0,2,0,0,3",clearinghouse,1,0
"1,3,0,2,0,0,3",public_pool,1,0
"1,3,0,2,0,0,3",subsidized_catch_up,1,0
"1,3,0,2,0,0,3",central_cap2,1,0
"1,3,0,2,0,0,3",equity_cap2,1,1
"1,3,0,2,0,0,3",central_full,1,0
"2,2,2,1,0,2,2",bilateral_3pass,10,8
"2,2,2,1,0,2,2",clearinghouse,10,2
"2,2,2,1,0,2,2",public_pool,10,0
"2,2,2,1,0,2,2",subsidized_catch_up,10,0
"2,2,2,1,0,2,2",central_cap2,10,0
"2,2,2,1,0,2,2",equity_cap2,10,0
"2,2,2,1,0,2,2",central_full,10,0
"2,1,0,1,1,2,6",bilateral_3pass,3,3
"2,1,0,1,1,2,6",clearinghouse,3,0
"2,1,0,1,1,2,6",public_pool,3,0
"2,1,0,1,1,2,6",subsidized_catch_up,3,0
"2,1,0,1,1,2,6",central_cap2,3,0
"2,1,0,1,1,2,6",equity_cap2,3,0
"2,1,0,1,1,2,6",central_full,3,0
"2,1,0,2,1,1,5",bilateral_3pass,6,6
"2,1,0,2,1,1,5",clearinghouse,6,0
"2,1,0,2,1,1,5",public_pool,6,0
"2,1,0,2,1,1,5",subsidized_catch_up,6,0
"2,1,0,2,1,1,5",central_cap2,6,0
"2,1,0,2,1,1,5",equity_cap2,6,0
"2,1,0,2,1,1,5",central_full,6,0
"3,1,1,3,2,0,2",bilateral_3pass,2,2
"3,1,1,3,2,0,2",clearinghouse,2,0
"3,1,1,3,2,0,2",public_pool,2,0
"3,1,1,3,2,0,2",subsidized_catch_up,2,0
"3,1,1,3,2,0,2",central_cap2,2,0
"3,1,1,3,2,0,2",equity_cap2,2,0
"3,1,1,3,2,0,2",central_full,2,0
"1,2,1,1,1,1,3",bilateral_3pass,27,2
"1,2,1,1,1,1,3",clearinghouse,27,18
"1,2,1,1,1,1,3",public_pool,27,0
"1,2,1,1,1,1,3",subsidized_catch_up,27,4
"1,2,1,1,1,1,3",central_cap2,27,3
"1,2,1,1,1,1,3",equity_cap2,27,0
"1,2,1,1,1,1,3",central_full,27,0
"1,1,2,1,1,0,2",bilateral_3pass,2,2
"1,1,2,1,1,0,2",clearinghouse,2,0
"1,1,2,1,1,0,2",public_pool,2,0
"1,1,2,1,1,0,2",subsidized_catch_up,2,0
"1,1,2,1,1,0,2",central_cap2,2,0
"1,1,2,1,1,0,2",equity_cap2,2,0
"1,1,2,1,1,0,2",central_full,2,0
"2,1,1,2,1,1,4",bilateral_3pass,19,19
"2,1,1,2,1,1,4",clearinghouse,19,0
"2,1,1,2,1,1,4",public_pool,19,0
"2,1,1,2,1,1,4",subsidized_catch_up,19,0
"2,1,1,2,1,1,4",central_cap2,19,0
"2,1,1,2,1,1,4",equity_cap2,19,0
"2,1,1,2,1,1,4",central_full,19,0
"1,2,1,1,1,0,1",bilateral_3pass,4,0
"1,2,1,1,1,0,1",clearinghouse,4,3
"1,2,1,1,1,0,1",public_pool,4,0
"1,2,1,1,1,0,1",subsidized_catch_up,4,0
"1,2,1,1,1,0,1",central_cap2,4,1
"1,2,1,1,1,0,1",equity_cap2,4,0
"1,2,1,1,1,0,1",central_full,4,0
"1,1,2,1,1,1,4",bilateral_3pass,8,8
"1,1,2,1,1,1,4",clearinghouse,8,0
"1,1,2,1,1,1,4",public_pool,8,0
"1,1,2,1,1,1,4",subsidized_catch_up,8,0
"1,1,2,1,1,1,4",central_cap2,8,0
"1,1,2,1,1,1,4",equity_cap2,8,0
"1,1,2,1,1,1,4",central_full,8,0
"2,1,2,2,2,0,4",bilateral_3pass,2,2
"2,1,2,2,2,0,4",clearinghouse,2,0
"2,1,2,2,2,0,4",public_pool,2,0
"2,1,2,2,2,0,4",subsidized_catch_up,2,0
"2,1,2,2,2,0,4",central_cap2,2,0
"2,1,2,2,2,0,4",equity_cap2,2,0
"2,1,2,2,2,0,4",central_full,2,0
"2,1,2,3,2,0,5",bilateral_3pass,5,5
"2,1,2,3,2,0,5",clearinghouse,5,0
"2,1,2,3,2,0,5",public_pool,5,0
"2,1,2,3,2,0,5",subsidized_catch_up,5,0
"2,1,2,3,2,0,5",central_cap2,5,0
"2,1,2,3,2,0,5",equity_cap2,5,0
"2,1,2,3,2,0,5",central_full,5,0
"3,3,2,2,2,2,1",bilateral_3pass,2,0
"3,3,2,2,2,2,1",clearinghouse,2,1
"3,3,2,2,2,2,1",public_pool,2,0
"3,3,2,2,2,2,1",subsidized_catch_up,2,0
"3,3,2,2,2,2,1",central_cap2,2,1
"3,3,2,2,2,2,1",equity_cap2,2,0
"3,3,2,2,2,2,1",central_full,2,0
"0,1,0,3,0,1,6",bilateral_3pass,2,2
"0,1,0,3,0,1,6",clearinghouse,2,0
"0,1,0,3,0,1,6",public_pool,2,0
"0,1,0,3,0,1,6",subsidized_catch_up,2,0
"0,1,0,3,0,1,6",central_cap2,2,0
"0,1,0,3,0,1,6",equity_cap2,2,0
"0,1,0,3,0,1,6",central_full,2,0
"2,1,0,3,1,2,3",bilateral_3pass,15,15
"2,1,0,3,1,2,3",clearinghouse,15,0
"2,1,0,3,1,2,3",public_pool,15,0
"2,1,0,3,1,2,3",subsidized_catch_up,15,0
"2,1,0,3,1,2,3",central_cap2,15,0
"2,1,0,3,1,2,3",equity_cap2,15,0
"2,1,0,3,1,2,3",central_full,15,0
"1,2,2,2,0,0,5",bilateral_3pass,6,4
"1,2,2,2,0,0,5",clearinghouse,6,1
"1,2,2,2,0,0,5",public_pool,6,0
"1,2,2,2,0,0,5",subsidized_catch_up,6,0
"1,2,2,2,0,0,5",central_cap2,6,0
"1,2,2,2,0,0,5",equity_cap2,6,1
"1,2,2,2,0,0,5",central_full,6,0
"0,3,0,0,0,0,3",bilateral_3pass,2,0
"0,3,0,0,0,0,3",clearinghouse,2,0
"0,3,0,0,0,0,3",public_pool,2,0
"0,3,0,0,0,0,3",subsidized_catch_up,2,0
"0,3,0,0,0,0,3",central_cap2,2,2
"0,3,0,0,0,0,3",equity_cap2,2,0
"0,3,0,0,0,0,3",central_full,2,0
"1,1,0,3,0,1,2",bilateral_3pass,3,3
"1,1,0,3,0,1,2",clearinghouse,3,0
"1,1,0,3,0,1,2",public_pool,3,0
"1,1,0,3,0,1,2",subsidized_catch_up,3,0
"1,1,0,3,0,1,2",central_cap2,3,0
"1,1,0,3,0,1,2",equity_cap2,3,0
"1,1,0,3,0,1,2",central_full,3,0
"0,3,1,3,0,1,1",bilateral_3pass,2,0
"0,3,1,3,0,1,1",clearinghouse,2,2
"0,3,1,3,0,1,1",public_pool,2,0
"0,3,1,3,0,1,1",subsidized_catch_up,2,0
"0,3,1,3,0,1,1",central_cap2,2,0
"0,3,1,3,0,1,1",equity_cap2,2,0
"0,3,1,3,0,1,1",central_full,2,0
"1,1,1,2,2,1,0",bilateral_3pass,6,6
"1,1,1,2,2,1,0",clearinghouse,6,0
"1,1,1,2,2,1,0",public_pool,6,0
"1,1,1,2,2,1,0",subsidized_catch_up,6,0
"1,1,1,2,2,1,0",central_cap2,6,0
"1,1,1,2,2,1,0",equity_cap2,6,0
"1,1,1,2,2,1,0",central_full,6,0
"1,2,1,2,0,1,6",bilateral_3pass,1,1
"1,2,1,2,0,1,6",clearinghouse,1,0
"1,2,1,2,0,1,6",public_pool,1,0
"1,2,1,2,0,1,6",subsidized_catch_up,1,0
"1,2,1,2,0,1,6",central_cap2,1,0
"1,2,1,2,0,1,6",equity_cap2,1,0
"1,2,1,2,0,1,6",central_full,1,0
"1,3,1,1,1,0,0",bilateral_3pass,27,26
"1,3,1,1,1,0,0",clearinghouse,27,0
"1,3,1,1,1,0,0",public_pool,27,0
"1,3,1,1,1,0,0",subsidized_catch_up,27,0
"1,3,1,1,1,0,0",central_cap2,27,1
"1,3,1,1,1,0,0",equity_cap2,27,0
"1,3,1,1,1,0,0",central_full,27,0
"2,3,1,2,1,1,0",bilateral_3pass,98,3
"2,3,1,2,1,1,0",clearinghouse,98,1
"2,3,1,2,1,1,0",public_pool,98,83
"2,3,1,2,1,1,0",subsidized_catch_up,98,3
"2,3,1,2,1,1,0",central_cap2,98,3
"2,3,1,2,1,1,0",equity_cap2,98,2
"2,3,1,2,1,1,0",central_full,98,3
"2,3,1,2,2,2,2",bilateral_3pass,2,0
"2,3,1,2,2,2,2",clearinghouse,2,0
"2,3,1,2,2,2,2",public_pool,2,2
"2,3,1,2,2,2,2",subsidized_catch_up,2,0
"2,3,1,2,2,2,2",central_cap2,2,0
"2,3,1,2,2,2,2",equity_cap2,2,0
"2,3,1,2,2,2,2",central_full,2,0
"2,3,1,3,2,1,2",bilateral_3pass,3,0
"2,3,1,3,2,1,2",clearinghouse,3,0
"2,3,1,3,2,1,2",public_pool,3,3
"2,3,1,3,2,1,2",subsidized_catch_up,3,0
"2,3,1,3,2,1,2",central_cap2,3,0
"2,3,1,3,2,1,2",equity_cap2,3,0
"2,3,1,3,2,1,2",central_full,3,0
"2,3,1,3,2,2,2",bilateral_3pass,4,0
"2,3,1,3,2,2,2",clearinghouse,4,0
"2,3,1,3,2,2,2",public_pool,4,0
"2,3,1,3,2,2,2",subsidized_catch_up,4,0
"2,3,1,3,2,2,2",central_cap2,4,1
"2,3,1,3,2,2,2",equity_cap2,4,3
"2,3,1,3,2,2,2",central_full,4,0
"3,2,1,3,2,2,5",bilateral_3pass,16,0
"3,2,1,3,2,2,5",clearinghouse,16,1
"3,2,1,3,2,2,5",public_pool,16,0
"3,2,1,3,2,2,5",subsidized_catch_up,16,13
"3,2,1,3,2,2,5",central_cap2,16,0
"3,2,1,3,2,2,5",equity_cap2,16,2
"3,2,1,3,2,2,5",central_full,16,0
"2,2,1,3,1,2,1",bilateral_3pass,72,2
"2,2,1,3,1,2,1",clearinghouse,72,68
"2,2,1,3,1,2,1",public_pool,72,0
"2,2,1,3,1,2,1",subsidized_catch_up,72,2
"2,2,1,3,1,2,1",central_cap2,72,0
"2,2,1,3,1,2,1",equity_cap2,72,0
"2,2,1,3,1,2,1",central_full,72,0
"1,3,2,2,2,1,0",bilateral_3pass,4,0
"1,3,2,2,2,1,0",clearinghouse,4,0
"1,3,2,2,2,1,0",public_pool,4,0
"1,3,2,2,2,1,0",subsidized_catch_up,4,4
"1,3,2,2,2,1,0",central_cap2,4,0
"1,3,2,2,2,1,0",equity_cap2,4,0
"1,3,2,2,2,1,0",central_full,4,0
"2,2,1,3,2,1,1",bilateral_3pass,43,40
"2,2,1,3,2,1,1",clearinghouse,43,0
"2,2,1,3,2,1,1",public_pool,43,0
"2,2,1,3,2,1,1",subsidized_catch_up,43,3
"2,2,1,3,2,1,1",central_cap2,43,0
"2,2,1,3,2,1,1",equity_cap2,43,0
"2,2,1,3,2,1,1",central_full,43,0
"2,2,2,2,2,2,2",bilateral_3pass,9,0
"2,2,2,2,2,2,2",clearinghouse,9,3
"2,2,2,2,2,2,2",public_pool,9,0
"2,2,2,2,2,2,2",subsidized_catch_up,9,5
"2,2,2,2,2,2,2",central_cap2,9,0
"2,2,2,2,2,2,2",equity_cap2,9,1
"2,2,2,2,2,2,2",central_full,9,0
"0,2,0,0,0,0,5",bilateral_3pass,1,1
"0,2,0,0,0,0,5",clearinghouse,1,0
"0,2,0,0,0,0,5",public_pool,1,0
"0,2,0,0,0,0,5",subsidized_catch_up,1,0
"0,2,0,0,0,0,5",central_cap2,1,0
"0,2,0,0,0,0,5",equity_cap2,1,0
"0,2,0,0,0,0,5",central_full,1,0
"1,2,1,2,0,1,4",bilateral_3pass,2,0
"1,2,1,2,0,1,4",clearinghouse,2,0
"1,2,1,2,0,1,4",public_pool,2,2
"1,2,1,2,0,1,4",subsidized_catch_up,2,0
"1,2,1,2,0,1,4",central_cap2,2,0
"1,2,1,2,0,1,4",equity_cap2,2,0
"1,2,1,2,0,1,4",central_full,2,0
"3,1,2,3,1,0,3",bilateral_3pass,12,11
"3,1,2,3,1,0,3",clearinghouse,12,0
"3,1,2,3,1,0,3",public_pool,12,0
"3,1,2,3,1,0,3",subsidized_catch_up,12,1
"3,1,2,3,1,0,3",central_cap2,12,0
"3,1,2,3,1,0,3",equity_cap2,12,0
"3,1,2,3,1,0,3",central_full,12,0
"1,1,2,3,1,2,5",bilateral_3pass,4,4
"1,1,2,3,1,2,5",clearinghouse,4,0
"1,1,2,3,1,2,5",public_pool,4,0
"1,1,2,3,1,2,5",subsidized_catch_up,4,0
"1,1,2,3,1,2,5",central_cap2,4,0
"1,1,2,3,1,2,5",equity_cap2,4,0
"1,1,2,3,1,2,5",central_full,4,0
"2,1,1,2,1,2,5",bilateral_3pass,11,11
"2,1,1,2,1,2,5",clearinghouse,11,0
"2,1,1,2,1,2,5",public_pool,11,0
"2,1,1,2,1,2,5",subsidized_catch_up,11,0
"2,1,1,2,1,2,5",central_cap2,11,0
"2,1,1,2,1,2,5",equity_cap2,11,0
"2,1,1,2,1,2,5",central_full,11,0
"2,1,0,1,1,0,0",bilateral_3pass,12,12
"2,1,0,1,1,0,0",clearinghouse,12,0
"2,1,0,1,1,0,0",public_pool,12,0
"2,1,0,1,1,0,0",subsidized_catch_up,12,0
"2,1,0,1,1,0,0",central_cap2,12,0
"2,1,0,1,1,0,0",equity_cap2,12,0
"2,1,0,1,1,0,0",central_full,12,0
"3,3,1,1,1,2,0",bilateral_3pass,90,2
"3,3,1,1,1,2,0",clearinghouse,90,1
"3,3,1,1,1,2,0",public_pool,90,1
"3,3,1,1,1,2,0",subsidized_catch_up,90,3
"3,3,1,1,1,2,0",central_cap2,90,2
"3,3,1,1,1,2,0",equity_cap2,90,1
"3,3,1,1,1,2,0",central_full,90,80
"3,3,2,1,1,2,0",bilateral_3pass,33,0
"3,3,2,1,1,2,0",clearinghouse,33,0
"3,3,2,1,1,2,0",public_pool,33,32
"3,3,2,1,1,2,0",subsidized_catch_up,33,1
"3,3,2,1,1,2,0",central_cap2,33,0
"3,3,2,1,1,2,0",equity_cap2,33,0
"3,3,2,1,1,2,0",central_full,33,0
"3,1,0,1,2,2,2",bilateral_3pass,2,2
"3,1,0,1,2,2,2",clearinghouse,2,0
"3,1,0,1,2,2,2",public_pool,2,0
"3,1,0,1,2,2,2",subsidized_catch_up,2,0
"3,1,0,1,2,2,2",central_cap2,2,0
"3,1,0,1,2,2,2",equity_cap2,2,0
"3,1,0,1,2,2,2",central_full,2,0
"3,3,1,3,1,1,0",bilateral_3pass,51,1
"3,3,1,3,1,1,0",clearinghouse,51,0
"3,3,1,3,1,1,0",public_pool,51,2
"3,3,1,3,1,1,0",subsidized_catch_up,51,44
"3,3,1,3,1,1,0",central_cap2,51,0
"3,3,1,3,1,1,0",equity_cap2,51,1
"3,3,1,3,1,1,0",central_full,51,3
"3,1,1,3,1,1,6",bilateral_3pass,8,8
"3,1,1,3,1,1,6",clearinghouse,8,0
"3,1,1,3,1,1,6",public_pool,8,0
"3,1,1,3,1,1,6",subsidized_catch_up,8,0
"3,1,1,3,1,1,6",central_cap2,8,0
"3,1,1,3,1,1,6",equity_cap2,8,0
"3,1,1,3,1,1,6",central_full,8,0
"2,1,0,1,0,1,3",bilateral_3pass,13,13
"2,1,0,1,0,1,3",clearinghouse,13,0
"2,1,0,1,0,1,3",public_pool,13,0
"2,1,0,1,0,1,3",subsidized_catch_up,13,0
"2,1,0,1,0,1,3",central_cap2,13,0
"2,1,0,1,0,1,3",equity_cap2,13,0
"2,1,0,1,0,1,3",central_full,13,0
"3,2,0,3,1,2,3",bilateral_3pass,19,3
"3,2,0,3,1,2,3",clearinghouse,19,15
"3,2,0,3,1,2,3",public_pool,19,0
"3,2,0,3,1,2,3",subsidized_catch_up,19,1
"3,2,0,3,1,2,3",central_cap2,19,0
"3,2,0,3,1,2,3",equity_cap2,19,0
"3,2,0,3,1,2,3",central_full,19,0
"1,2,2,1,1,0,3",bilateral_3pass,3,0
"1,2,2,1,1,0,3",clearinghouse,3,0
"1,2,2,1,1,0,3",public_pool,3,0
"1,2,2,1,1,0,3",subsidized_catch_up,3,3
"1,2,2,1,1,0,3",central_cap2,3,0
"1,2,2,1,1,0,3",equity_cap2,3,0
"1,2,2,1,1,0,3",central_full,3,0
"3,3,2,2,2,2,0",bilateral_3pass,42,1
"3,3,2,2,2,2,0",clearinghouse,42,34
"3,3,2,2,2,2,0",public_pool,42,0
"3,3,2,2,2,2,0",subsidized_catch_up,42,2
"3,3,2,2,2,2,0",central_cap2,42,3
"3,3,2,2,2,2,0",equity_cap2,42,2
"3,3,2,2,2,2,0",central_full,42,0
"3,2,0,2,2,2,4",bilateral_3pass,5,3
"3,2,0,2,2,2,4",clearinghouse,5,0
"3,2,0,2,2,2,4",public_pool,5,0
"3,2,0,2,2,2,4",subsidized_catch_up,5,1
"3,2,0,2,2,2,4",central_cap2,5,1
"3,2,0,2,2,2,4",equity_cap2,5,0
"3,2,0,2,2,2,4",central_full,5,0
"3,1,2,2,1,1,1",bilateral_3pass,22,21
"3,1,2,2,1,1,1",clearinghouse,22,1
"3,1,2,2,1,1,1",public_pool,22,0
"3,1,2,2,1,1,1",subsidized_catch_up,22,0
"3,1,2,2,1,1,1",central_cap2,22,0
"3,1,2,2,1,1,1",equity_cap2,22,0
"3,1,2,2,1,1,1",central_full,22,0
"2,1,1,3,2,0,2",bilateral_3pass,5,5
"2,1,1,3,2,0,2",clearinghouse,5,0
"2,1,1,3,2,0,2",public_pool,5,0
"2,1,1,3,2,0,2",subsidized_catch_up,5,0
"2,1,1,3,2,0,2",central_cap2,5,0
"2,1,1,3,2,0,2",equity_cap2,5,0
"2,1,1,3,2,0,2",central_full,5,0
"3,3,2,2,2,1,0",bilateral_3pass,44,0
"3,3,2,2,2,1,0",clearinghouse,44,38
"3,3,2,2,2,1,0",public_pool,44,1
"3,3,2,2,2,1,0",subsidized_catch_up,44,1
"3,3,2,2,2,1,0",central_cap2,44,2
"3,3,2,2,2,1,0",equity_cap2,44,1
"3,3,2,2,2,1,0",central_full,44,1
"1,2,0,2,1,1,3",bilateral_3pass,2,0
"1,2,0,2,1,1,3",clearinghouse,2,0
"1,2,0,2,1,1,3",public_pool,2,0
"1,2,0,2,1,1,3",subsidized_catch_up,2,2
"1,2,0,2,1,1,3",central_cap2,2,0
"1,2,0,2,1,1,3",equity_cap2,2,0
"1,2,0,2,1,1,3",central_full,2,0
"1,3,0,1,0,1,0",bilateral_3pass,11,1
"1,3,0,1,0,1,0",clearinghouse,11,0
"1,3,0,1,0,1,0",public_pool,11,0
"1,3,0,1,0,1,0",subsidized_catch_up,11,0
"1,3,0,1,0,1,0",central_cap2,11,8
"1,3,0,1,0,1,0",equity_cap2,11,2
"1,3,0,1,0,1,0",central_full,11,0
"1,2,2,2,0,1,5",bilateral_3pass,14,1
"1,2,2,2,0,1,5",clearinghouse,14,0
"1,2,2,2,0,1,5",public_pool,14,1
"1,2,2,2,0,1,5",subsidized_catch_up,14,12
"1,2,2,2,0,1,5",central_cap2,14,0
"1,2,2,2,0,1,5",equity_cap2,14,0
"1,2,2,2,0,1,5",central_full,14,0
"3,1,2,1,0,1,0",bilateral_3pass,7,7
"3,1,2,1,0,1,0",clearinghouse,7,0
"3,1,2,1,0,1,0",public_pool,7,0
"3,1,2,1,0,1,0",subsidized_catch_up,7,0
"3,1,2,1,0,1,0",central_cap2,7,0
"3,1,2,1,0,1,0",equity_cap2,7,0
"3,1,2,1,0,1,0",central_full,7,0
"3,1,2,3,0,2,1",bilateral_3pass,3,3
"3,1,2,3,0,2,1",clearinghouse,3,0
"3,1,2,3,0,2,1",public_pool,3,0
"3,1,2,3,0,2,1",subsidized_catch_up,3,0
"3,1,2,3,0,2,1",central_cap2,3,0
"3,1,2,3,0,2,1",equity_cap2,3,0
"3,1,2,3,0,2,1",central_full,3,0
"2,1,2,3,0,1,2",bilateral_3pass,9,9
"2,1,2,3,0,1,2",clearinghouse,9,0
"2,1,2,3,0,1,2",public_pool,9,0
"2,1,2,3,0,1,2",subsidized_catch_up,9,0
"2,1,2,3,0,1,2",central_cap2,9,0
"2,1,2,3,0,1,2",equity_cap2,9,0
"2,1,2,3,0,1,2",central_full,9,0
"2,1,0,2,0,0,0",bilateral_3pass,6,6
"2,1,0,2,0,0,0",clearinghouse,6,0
"2,1,0,2,0,0,0",public_pool,6,0
"2,1,0,2,0,0,0",subsidized_catch_up,6,0
"2,1,0,2,0,0,0",central_cap2,6,0
"2,1,0,2,0,0,0",equity_cap2,6,0
"2,1,0,2,0,0,0",central_full,6,0
"3,1,2,1,1,0,0",bilateral_3pass,15,15
"3,1,2,1,1,0,0",clearinghouse,15,0
"3,1,2,1,1,0,0",public_pool,15,0
"3,1,2,1,1,0,0",subsidized_catch_up,15,0
"3,1,2,1,1,0,0",central_cap2,15,0
"3,1,2,1,1,0,0",equity_cap2,15,0
"3,1,2,1,1,0,0",central_full,15,0
"1,3,1,2,0,1,3",bilateral_3pass,1,0
"1,3,1,2,0,1,3",clearinghouse,1,0
"1,3,1,2,0,1,3",public_pool,1,0
"1,3,1,2,0,1,3",subsidized_catch_up,1,0
"1,3,1,2,0,1,3",central_cap2,1,1
"1,3,1,2,0,1,3",equity_cap2,1,0
"1,3,1,2,0,1,3",central_full,1,0
"3,1,1,2,2,2,6",bilateral_3pass,9,9
"3,1,1,2,2,2,6",clearinghouse,9,0
"3,1,1,2,2,2,6",public_pool,9,0
"3,1,1,2,2,2,6",subsidized_catch_up,9,0
"3,1,1,2,2,2,6",central_cap2,9,0
"3,1,1,2,2,2,6",equity_cap2,9,0
"3,1,1,2,2,2,6",central_full,9,0
"1,1,2,2,0,1,6",bilateral_3pass,8,8
"1,1,2,2,0,1,6",clearinghouse,8,0
"1,1,2,2,0,1,6",public_pool,8,0
"1,1,2,2,0,1,6",subsidized_catch_up,8,0
"1,1,2,2,0,1,6",central_cap2,8,0
"1,1,2,2,0,1,6",equity_cap2,8,0
"1,1,2,2,0,1,6",central_full,8,0
"3,1,1,3,0,1,2",bilateral_3pass,3,3
"3,1,1,3,0,1,2",clearinghouse,3,0
"3,1,1,3,0,1,2",public_pool,3,0
"3,1,1,3,0,1,2",subsidized_catch_up,3,0
"3,1,1,3,0,1,2",central_cap2,3,0
"3,1,1,3,0,1,2",equity_cap2,3,0
"3,1,1,3,0,1,2",central_full,3,0
"1,1,0,2,1,0,1",bilateral_3pass,12,11
"1,1,0,2,1,0,1",clearinghouse,12,1
"1,1,0,2,1,0,1",public_pool,12,0
"1,1,0,2,1,0,1",subsidized_catch_up,12,0
"1,1,0,2,1,0,1",central_cap2,12,0
"1,1,0,2,1,0,1",equity_cap2,12,0
"1,1,0,2,1,0,1",central_full,12,0
"3,2,0,1,1,2,1",bilateral_3pass,6,0
"3,2,0,1,1,2,1",clearinghouse,6,6
"3,2,0,1,1,2,1",public_pool,6,0
"3,2,0,1,1,2,1",subsidized_catch_up,6,0
"3,2,0,1,1,2,1",central_cap2,6,0
"3,2,0,1,1,2,1",equity_cap2,6,0
"3,2,0,1,1,2,1",central_full,6,0
"2,1,1,1,1,0,6",bilateral_3pass,17,17
"2,1,1,1,1,0,6",clearinghouse,17,0
"2,1,1,1,1,0,6",public_pool,17,0
"2,1,1,1,1,0,6",subsidized_catch_up,17,0
"2,1,1,1,1,0,6",central_cap2,17,0
"2,1,1,1,1,0,6",equity_cap2,17,0
"2,1,1,1,1,0,6",central_full,17,0
"2,1,2,3,0,0,0",bilateral_3pass,18,18
"2,1,2,3,0,0,0",clearinghouse,18,0
"2,1,2,3,0,0,0",public_pool,18,0
"2,1,2,3,0,0,0",subsidized_catch_up,18,0
"2,1,2,3,0,0,0",central_cap2,18,0
"2,1,2,3,0,0,0",equity_cap2,18,0
"2,1,2,3,0,0,0",central_full,18,0
"2,1,2,2,0,1,5",bilateral_3pass,12,12
"2,1,2,2,0,1,5",clearinghouse,12,0
"2,1,2,2,0,1,5",public_pool,12,0
"2,1,2,2,0,1,5",subsidized_catch_up,12,0
"2,1,2,2,0,1,5",central_cap2,12,0
"2,1,2,2,0,1,5",equity_cap2,12,0
"2,1,2,2,0,1,5",central_full,12,0
"2,1,0,3,2,1,3",bilateral_3pass,34,28
"2,1,0,3,2,1,3",clearinghouse,34,0
"2,1,0,3,2,1,3",public_pool,34,0
"2,1,0,3,2,1,3",subsidized_catch_up,34,6
"2,1,0,3,2,1,3",central_cap2,34,0
"2,1,0,3,2,1,3",equity_cap2,34,0
"2,1,0,3,2,1,3",central_full,34,0
"2,1,2,1,0,0,3",bilateral_3pass,27,24
"2,1,2,1,0,0,3",clearinghouse,27,0
"2,1,2,1,0,0,3",public_pool,27,0
"2,1,2,1,0,0,3",subsidized_catch_up,27,3
"2,1,2,1,0,0,3",central_cap2,27,0
"2,1,2,1,0,0,3",equity_cap2,27,0
"2,1,2,1,0,0,3",central_full,27,0
"2,2,0,1,2,2,2",bilateral_3pass,2,0
"2,2,0,1,2,2,2",clearinghouse,2,0
"2,2,0,1,2,2,2",public_pool,2,0
"2,2,0,1,2,2,2",subsidized_catch_up,2,2
"2,2,0,1,2,2,2",central_cap2,2,0
"2,2,0,1,2,2,2",equity_cap2,2,0
"2,2,0,1,2,2,2",central_full,2,0
"3,2,0,1,2,0,2",bilateral_3pass,1,0
"3,2,0,1,2,0,2",clearinghouse,1,0
"3,2,0,1,2,0,2",public_pool,1,1
"3,2,0,1,2,0,2",subsidized_catch_up,1,0
"3,2,0,1,2,0,2",central_cap2,1,0
"3,2,0,1,2,0,2",equity_cap2,1,0
"3,2,0,1,2,0,2",central_full,1,0
"1,2,1,2,1,1,3",bilateral_3pass,30,26
"1,2,1,2,1,1,3",clearinghouse,30,0
"1,2,1,2,1,1,3",public_pool,30,0
"1,2,1,2,1,1,3",subsidized_catch_up,30,4
"1,2,1,2,1,1,3",central_cap2,30,0
"1,2,1,2,1,1,3",equity_cap2,30,0
"1,2,1,2,1,1,3",central_full,30,0
"3,3,2,2,2,0,0",bilateral_3pass,11,10
"3,3,2,2,2,0,0",clearinghouse,11,0
"3,3,2,2,2,0,0",public_pool,11,0
"3,3,2,2,2,0,0",subsidized_catch_up,11,1
"3,3,2,2,2,0,0",central_cap2,11,0
"3,3,2,2,2,0,0",equity_cap2,11,0
"3,3,2,2,2,0,0",central_full,11,0
"2,1,1,1,2,2,2",bilateral_3pass,2,2
"2,1,1,1,2,2,2",clearinghouse,2,0
"2,1,1,1,2,2,2",public_pool,2,0
"2,1,1,1,2,2,2",subsidized_catch_up,2,0
"2,1,1,1,2,2,2",central_cap2,2,0
"2,1,1,1,2,2,2",equity_cap2,2,0
"2,1,1,1,2,2,2",central_full,2,0
"1,1,2,1,2,1,4",bilateral_3pass,1,1
"1,1,2,1,2,1,4",clearinghouse,1,0
"1,1,2,1,2,1,4",public_pool,1,0
"1,1,2,1,2,1,4",subsidized_catch_up,1,0
"1,1,2,1,2,1,4",central_cap2,1,0
"1,1,2,1,2,1,4",equity_cap2,1,0
"1,1,2,1,2,1,4",central_full,1,0
"3,1,0,3,1,2,4",bilateral_3pass,3,3
"3,1,0,3,1,2,4",clearinghouse,3,0
"3,1,0,3,1,2,4",public_pool,3,0
"3,1,0,3,1,2,4",subsidized_catch_up,3,0
"3,1,0,3,1,2,4",central_cap2,3,0
"3,1,0,3,1,2,4",equity_cap2,3,0
"3,1,0,3,1,2,4",central_full,3,0
"3,1,1,2,1,0,0",bilateral_3pass,11,11
"3,1,1,2,1,0,0",clearinghouse,11,0
"3,1,1,2,1,0,0",public_pool,11,0
"3,1,1,2,1,0,0",subsidized_catch_up,11,0
"3,1,1,2,1,0,0",central_cap2,11,0
"3,1,1,2,1,0,0",equity_cap2,11,0
"3,1,1,2,1,0,0",central_full,11,0
"0,2,0,1,0,1,1",bilateral_3pass,15,12
"0,2,0,1,0,1,1",clearinghouse,15,0
"0,2,0,1,0,1,1",public_pool,15,1
"0,2,0,1,0,1,1",subsidized_catch_up,15,2
"0,2,0,1,0,1,1",central_cap2,15,0
"0,2,0,1,0,1,1",equity_cap2,15,0
"0,2,0,1,0,1,1",central_full,15,0
"0,1,0,3,0,1,0",bilateral_3pass,48,48
"0,1,0,3,0,1,0",clearinghouse,48,0
"0,1,0,3,0,1,0",public_pool,48,0
"0,1,0,3,0,1,0",subsidized_catch_up,48,0
"0,1,0,3,0,1,0",central_cap2,48,0
"0,1,0,3,0,1,0",equity_cap2,48,0
"0,1,0,3,0,1,0",central_full,48,0
"2,2,2,3,2,1,1",bilateral_3pass,26,22
"2,2,2,3,2,1,1",clearinghouse,26,1
"2,2,2,3,2,1,1",public_pool,26,0
"2,2,2,3,2,1,1",subsidized_catch_up,26,2
"2,2,2,3,2,1,1",central_cap2,26,0
"2,2,2,3,2,1,1",equity_cap2,26,1
"2,2,2,3,2,1,1",central_full,26,0
"2,1,2,3,0,0,1",bilateral_3pass,12,11
"2,1,2,3,0,0,1",clearinghouse,12,1
"2,1,2,3,0,0,1",public_pool,12,0
"2,1,2,3,0,0,1",subsidized_catch_up,12,0
"2,1,2,3,0,0,1",central_cap2,12,0
"2,1,2,3,0,0,1",equity_cap2,12,0
"2,1,2,3,0,0,1",central_full,12,0
"3,1,0,3,1,1,4",bilateral_3pass,1,1
"3,1,0,3,1,1,4",clearinghouse,1,0
"3,1,0,3,1,1,4",public_pool,1,0
"3,1,0,3,1,1,4",subsidized_catch_up,1,0
"3,1,0,3,1,1,4",central_cap2,1,0
"3,1,0,3,1,1,4",equity_cap2,1,0
"3,1,0,3,1,1,4",central_full,1,0
"1,2,0,1,0,0,2",bilateral_3pass,2,0
"1,2,0,1,0,0,2",clearinghouse,2,0
"1,2,0,1,0,0,2",public_pool,2,0
"1,2,0,1,0,0,2",subsidized_catch_up,2,1
"1,2,0,1,0,0,2",central_cap2,2,0
"1,2,0,1,0,0,2",equity_cap2,2,1
"1,2,0,1,0,0,2",central_full,2,0
"3,2,1,3,1,2,2",bilateral_3pass,26,2
"3,2,1,3,1,2,2",clearinghouse,26,21
"3,2,1,3,1,2,2",public_pool,26,2
"3,2,1,3,1,2,2",subsidized_catch_up,26,1
"3,2,1,3,1,2,2",central_cap2,26,0
"3,2,1,3,1,2,2",equity_cap2,26,0
"3,2,1,3,1,2,2",central_full,26,0
"0,2,1,1,0,2,0",bilateral_3pass,12,10
"0,2,1,1,0,2,0",clearinghouse,12,2
"0,2,1,1,0,2,0",public_pool,12,0
"0,2,1,1,0,2,0",subsidized_catch_up,12,0
"0,2,1,1,0,2,0",central_cap2,12,0
"0,2,1,1,0,2,0",equity_cap2,12,0
"0,2,1,1,0,2,0",central_full,12,0
"2,2,2,3,1,0,5",bilateral_3pass,3,1
"2,2,2,3,1,0,5",clearinghouse,3,0
"2,2,2,3,1,0,5",public_pool,3,0
"2,2,2,3,1,0,5",subsidized_catch_up,3,0
"2,2,2,3,1,0,5",central_cap2,3,0
"2,2,2,3,1,0,5",equity_cap2,3,2
"2,2,2,3,1,0,5",central_full,3,0
"1,1,0,0,1,1,0",bilateral_3pass,1,1
"1,1,0,0,1,1,0",clearinghouse,1,0
"1,1,0,0,1,1,0",public_pool,1,0
"1,1,0,0,1,1,0",subsidized_catch_up,1,0
"1,1,0,0,1,1,0",central_cap2,1,0
"1,1,0,0,1,1,0",equity_cap2,1,0
"1,1,0,0,1,1,0",central_full,1,0
"3,1,0,1,2,1,5",bilateral_3pass,5,5
"3,1,0,1,2,1,5",clearinghouse,5,0
"3,1,0,1,2,1,5",public_pool,5,0
"3,1,0,1,2,1,5",subsidized_catch_up,5,0
"3,1,0,1,2,1,5",central_cap2,5,0
"3,1,0,1,2,1,5",equity_cap2,5,0
"3,1,0,1,2,1,5",central_full,5,0
"1,1,2,1,2,2,1",bilateral_3pass,2,1
"1,1,2,1,2,2,1",clearinghouse,2,1
"1,1,2,1,2,2,1",public_pool,2,0
"1,1,2,1,2,2,1",subsidized_catch_up,2,0
"1,1,2,1,2,2,1",central_cap2,2,0
"1,1,2,1,2,2,1",equity_cap2,2,0
"1,1,2,1,2,2,1",central_full,2,0
"1,1,1,1,0,2,2",bilateral_3pass,6,6
"1,1,1,1,0,2,2",clearinghouse,6,0
"1,1,1,1,0,2,2",public_pool,6,0
"1,1,1,1,0,2,2",subsidized_catch_up,6,0
"1,1,1,1,0,2,2",central_cap2,6,0
"1,1,1,1,0,2,2",equity_cap2,6,0
"1,1,1,1,0,2,2",central_full,6,0
"3,2,2,2,2,2,1",bilateral_3pass,40,0
"3,2,2,2,2,2,1",clearinghouse,40,0
"3,2,2,2,2,2,1",public_pool,40,2
"3,2,2,2,2,2,1",subsidized_catch_up,40,37
"3,2,2,2,2,2,1",central_cap2,40,1
"3,2,2,2,2,2,1",equity_cap2,40,0
"3,2,2,2,2,2,1",central_full,40,0
"1,1,1,1,1,2,2",bilateral_3pass,4,4
"1,1,1,1,1,2,2",clearinghouse,4,0
"1,1,1,1,1,2,2",public_pool,4,0
"1,1,1,1,1,2,2",subsidized_catch_up,4,0
"1,1,1,1,1,2,2",central_cap2,4,0
"1,1,1,1,1,2,2",equity_cap2,4,0
"1,1,1,1,1,2,2",central_full,4,0
"3,3,0,2,2,2,0",bilateral_3pass,58,0
"3,3,0,2,2,2,0",clearinghouse,58,1
"3,3,0,2,2,2,0",public_pool,58,42
"3,3,0,2,2,2,0",subsidized_catch_up,58,8
"3,3,0,2,2,2,0",central_cap2,58,3
"3,3,0,2,2,2,0",equity_cap2,58,1
"3,3,0,2,2,2,0",central_full,58,3
"3,2,2,1,2,2,4",bilateral_3pass,1,0
"3,2,2,1,2,2,4",clearinghouse,1,1
"3,2,2,1,2,2,4",public_pool,1,0
"3,2,2,1,2,2,4",subsidized_catch_up,1,0
"3,2,2,1,2,2,4",central_cap2,1,0
"3,2,2,1,2,2,4",equity_cap2,1,0
"3,2,2,1,2,2,4",central_full,1,0
"3,3,1,2,2,1,0",bilateral_3pass,111,4
"3,3,1,2,2,1,0",clearinghouse,111,1
"3,3,1,2,2,1,0",public_pool,111,93
"3,3,1,2,2,1,0",subsidized_catch_up,111,4
"3,3,1,2,2,1,0",central_cap2,111,3
"3,3,1,2,2,1,0",equity_cap2,111,4
"3,3,1,2,2,1,0",central_full,111,2
"3,1,2,1,1,1,5",bilateral_3pass,8,8
"3,1,2,1,1,1,5",clearinghouse,8,0
"3,1,2,1,1,1,5",public_pool,8,0
"3,1,2,1,1,1,5",subsidized_catch_up,8,0
"3,1,2,1,1,1,5",central_cap2,8,0
"3,1,2,1,1,1,5",equity_cap2,8,0
"3,1,2,1,1,1,5",central_full,8,0
"1,3,2,2,1,2,0",bilateral_3pass,25,0
"1,3,2,2,1,2,0",clearinghouse,25,0
"1,3,2,2,1,2,0",public_pool,25,0
"1,3,2,2,1,2,0",subsidized_catch_up,25,0
"1,3,2,2,1,2,0",central_cap2,25,25
"1,3,2,2,1,2,0",equity_cap2,25,0
"1,3,2,2,1,2,0",central_full,25,0
"2,2,1,1,1,2,4",bilateral_3pass,9,6
"2,2,1,1,1,2,4",clearinghouse,9,1
"2,2,1,1,1,2,4",public_pool,9,0
"2,2,1,1,1,2,4",subsidized_catch_up,9,0
"2,2,1,1,1,2,4",central_cap2,9,2
"2,2,1,1,1,2,4",equity_cap2,9,0
"2,2,1,1,1,2,4",central_full,9,0
"2,2,2,1,1,1,5",bilateral_3pass,12,2
"2,2,2,1,1,1,5",clearinghouse,12,0
"2,2,2,1,1,1,5",public_pool,12,0
"2,2,2,1,1,1,5",subsidized_catch_up,12,9
"2,2,2,1,1,1,5",central_cap2,12,0
"2,2,2,1,1,1,5",equity_cap2,12,1
"2,2,2,1,1,1,5",central_full,12,0
"2,1,0,1,1,2,5",bilateral_3pass,2,2
"2,1,0,1,1,2,5",clearinghouse,2,0
"2,1,0,1,1,2,5",public_pool,2,0
"2,1,0,1,1,2,5",subsidized_catch_up,2,0
"2,1,0,1,1,2,5",central_cap2,2,0
"2,1,0,1,1,2,5",equity_cap2,2,0
"2,1,0,1,1,2,5",central_full,2,0
"2,1,1,2,0,1,4",bilateral_3pass,10,10
"2,1,1,2,0,1,4",clearinghouse,10,0
"2,1,1,2,0,1,4",public_pool,10,0
"2,1,1,2,0,1,4",subsidized_catch_up,10,0
"2,1,1,2,0,1,4",central_cap2,10,0
"2,1,1,2,0,1,4",equity_cap2,10,0
"2,1,1,2,0,1,4",central_full,10,0
"3,1,2,3,0,0,3",bilateral_3pass,1,1
"3,1,2,3,0,0,3",clearinghouse,1,0
"3,1,2,3,0,0,3",public_pool,1,0
"3,1,2,3,0,0,3",subsidized_catch_up,1,0
"3,1,2,3,0,0,3",central_cap2,1,0
"3,1,2,3,0,0,3",equity_cap2,1,0
"3,1,2,3,0,0,3",central_full,1,0
"2,2,0,2,2,2,3",bilateral_3pass,11,1
"2,2,0,2,2,2,3",clearinghouse,11,0
"2,2,0,2,2,2,3",public_pool,11,0
"2,2,0,2,2,2,3",subsidized_catch_up,11,10
"2,2,0,2,2,2,3",central_cap2,11,0
"2,2,0,2,2,2,3",equity_cap2,11,0
"2,2,0,2,2,2,3",central_full,11,0
"0,3,1,2,0,1,3",bilateral_3pass,2,0
"0,3,1,2,0,1,3",clearinghouse,2,0
"0,3,1,2,0,1,3",public_pool,2,0
"0,3,1,2,0,1,3",subsidized_catch_up,2,0
"0,3,1,2,0,1,3",central_cap2,2,2
"0,3,1,2,0,1,3",equity_cap2,2,0
"0,3,1,2,0,1,3",central_full,2,0
"1,2,1,1,1,1,4",bilateral_3pass,2,0
"1,2,1,1,1,1,4",clearinghouse,2,1
"1,2,1,1,1,1,4",public_pool,2,0
"1,2,1,1,1,1,4",subsidized_catch_up,2,0
"1,2,1,1,1,1,4",central_cap2,2,1
"1,2,1,1,1,1,4",equity_cap2,2,0
"1,2,1,1,1,1,4",central_full,2,0
"3,1,1,1,1,0,5",bilateral_3pass,5,5
"3,1,1,1,1,0,5",clearinghouse,5,0
"3,1,1,1,1,0,5",public_pool,5,0
"3,1,1,1,1,0,5",subsidized_catch_up,5,0
"3,1,1,1,1,0,5",central_cap2,5,0
"3,1,1,1,1,0,5",equity_cap2,5,0
"3,1,1,1,1,0,5",central_full,5,0
"2,1,1,2,0,0,1",bilateral_3pass,15,13
"2,1,1,2,0,0,1",clearinghouse,15,2
"2,1,1,2,0,0,1",public_pool,15,0
"2,1,1,2,0,0,1",subsidized_catch_up,15,0
"2,1,1,2,0,0,1",central_cap2,15,0
"2,1,1,2,0,0,1",equity_cap2,15,0
"2,1,1,2,0,0,1",central_full,15,0
"3,2,1,2,0,0,0",bilateral_3pass,4,2
"3,2,1,2,0,0,0",clearinghouse,4,0
"3,2,1,2,0,0,0",public_pool,4,2
"3,2,1,2,0,0,0",subsidized_catch_up,4,0
"3,2,1,2,0,0,0",central_cap2,4,0
"3,2,1,2,0,0,0",equity_cap2,4,0
"3,2,1,2,0,0,0",central_full,4,0
"3,1,2,3,1,2,5",bilateral_3pass,5,5
"3,1,2,3,1,2,5",clearinghouse,5,0
"3,1,2,3,1,2,5",public_pool,5,0
"3,1,2,3,1,2,5",subsidized_catch_up,5,0
"3,1,2,3,1,2,5",central_cap2,5,0
"3,1,2,3,1,2,5",equity_cap2,5,0
"3,1,2,3,1,2,5",central_full,5,0
"1,3,1,2,0,0,0",bilateral_3pass,26,0
"1,3,1,2,0,0,0",clearinghouse,26,0
"1,3,1,2,0,0,0",public_pool,26,1
"1,3,1,2,0,0,0",subsidized_catch_up,26,0
"1,3,1,2,0,0,0",central_cap2,26,0
"1,3,1,2,0,0,0",equity_cap2,26,1
"1,3,1,2,0,0,0",central_full,26,24
"2,2,2,2,1,0,2",bilateral_3pass,2,1
"2,2,2,2,1,0,2",clearinghouse,2,0
"2,2,2,2,1,0,2",public_pool,2,0
"2,2,2,2,1,0,2",subsidized_catch_up,2,0
"2,2,2,2,1,0,2",central_cap2,2,0
"2,2,2,2,1,0,2",equity_cap2,2,1
"2,2,2,2,1,0,2",central_full,2,0
"1,2,0,1,1,0,0",bilateral_3pass,18,1
"1,2,0,1,1,0,0",clearinghouse,18,1
"1,2,0,1,1,0,0",public_pool,18,0
"1,2,0,1,1,0,0",subsidized_catch_up,18,16
"1,2,0,1,1,0,0",central_cap2,18,0
"1,2,0,1,1,0,0",equity_cap2,18,0
"1,2,0,1,1,0,0",central_full,18,0
"1,1,0,1,1,1,3",bilateral_3pass,3,1
"1,1,0,1,1,1,3",clearinghouse,3,0
"1,1,0,1,1,1,3",public_pool,3,0
"1,1,0,1,1,1,3",subsidized_catch_up,3,2
"1,1,0,1,1,1,3",central_cap2,3,0
"1,1,0,1,1,1,3",equity_cap2,3,0
"1,1,0,1,1,1,3",central_full,3,0
"1,3,2,3,0,2,0",bilateral_3pass,55,1
"1,3,2,3,0,2,0",clearinghouse,55,43
"1,3,2,3,0,2,0",public_pool,55,0
"1,3,2,3,0,2,0",subsidized_catch_up,55,2
"1,3,2,3,0,2,0",central_cap2,55,2
"1,3,2,3,0,2,0",equity_cap2,55,7
"1,3,2,3,0,2,0",central_full,55,0
"2,2,1,3,0,1,1",bilateral_3pass,18,0
"2,2,1,3,0,1,1",clearinghouse,18,1
"2,2,1,3,0,1,1",public_pool,18,0
"2,2,1,3,0,1,1",subsidized_catch_up,18,17
"2,2,1,3,0,1,1",central_cap2,18,0
"2,2,1,3,0,1,1",equity_cap2,18,0
"2,2,1,3,0,1,1",central_full,18,0
"1,2,1,3,1,1,4",bilateral_3pass,9,0
"1,2,1,3,1,1,4",clearinghouse,9,0
"1,2,1,3,1,1,4",public_pool,9,0
"1,2,1,3,1,1,4",subsidized_catch_up,9,9
"1,2,1,3,1,1,4",central_cap2,9,0
"1,2,1,3,1,1,4",equity_cap2,9,0
"1,2,1,3,1,1,4",central_full,9,0
"1,2,0,3,0,1,1",bilateral_3pass,5,0
"1,2,0,3,0,1,1",clearinghouse,5,0
"1,2,0,3,0,1,1",public_pool,5,0
"1,2,0,3,0,1,1",subsidized_catch_up,5,5
"1,2,0,3,0,1,1",central_cap2,5,0
"1,2,0,3,0,1,1",equity_cap2,5,0
"1,2,0,3,0,1,1",central_full,5,0
"1,3,2,3,1,1,0",bilateral_3pass,132,2
"1,3,2,3,1,1,0",clearinghouse,132,100
"1,3,2,3,1,1,0",public_pool,132,7
"1,3,2,3,1,1,0",subsidized_catch_up,132,0
"1,3,2,3,1,1,0",central_cap2,132,2
"1,3,2,3,1,1,0",equity_cap2,132,19
"1,3,2,3,1,1,0",central_full,132,2
"2,2,0,2,1,1,4",bilateral_3pass,2,0
"2,2,0,2,1,1,4",clearinghouse,2,2
"2,2,0,2,1,1,4",public_pool,2,0
"2,2,0,2,1,1,4",subsidized_catch_up,2,0
"2,2,0,2,1,1,4",central_cap2,2,0
"2,2,0,2,1,1,4",equity_cap2,2,0
"2,2,0,2,1,1,4",central_full,2,0
"2,1,0,1,1,1,2",bilateral_3pass,2,2
"2,1,0,1,1,1,2",clearinghouse,2,0
"2,1,0,1,1,1,2",public_pool,2,0
"2,1,0,1,1,1,2",subsidized_catch_up,2,0
"2,1,0,1,1,1,2",central_cap2,2,0
"2,1,0,1,1,1,2",equity_cap2,2,0
"2,1,0,1,1,1,2",central_full,2,0
"1,1,2,3,0,0,6",bilateral_3pass,12,12
"1,1,2,3,0,0,6",clearinghouse,12,0
"1,1,2,3,0,0,6",public_pool,12,0
"1,1,2,3,0,0,6",subsidized_catch_up,12,0
"1,1,2,3,0,0,6",central_cap2,12,0
"1,1,2,3,0,0,6",equity_cap2,12,0
"1,1,2,3,0,0,6",central_full,12,0
"2,1,0,2,2,2,1",bilateral_3pass,13,13
"2,1,0,2,2,2,1",clearinghouse,13,0
"2,1,0,2,2,2,1",public_pool,13,0
"2,1,0,2,2,2,1",subsidized_catch_up,13,0
"2,1,0,2,2,2,1",central_cap2,13,0
"2,1,0,2,2,2,1",equity_cap2,13,0
"2,1,0,2,2,2,1",central_full,13,0
"3,1,1,3,0,1,1",bilateral_3pass,8,8
"3,1,1,3,0,1,1",clearinghouse,8,0
"3,1,1,3,0,1,1",public_pool,8,0
"3,1,1,3,0,1,1",subsidized_catch_up,8,0
"3,1,1,3,0,1,1",central_cap2,8,0
"3,1,1,3,0,1,1",equity_cap2,8,0
"3,1,1,3,0,1,1",central_full,8,0
"2,1,1,3,2,2,2",bilateral_3pass,12,12
"2,1,1,3,2,2,2",clearinghouse,12,0
"2,1,1,3,2,2,2",public_pool,12,0
"2,1,1,3,2,2,2",subsidized_catch_up,12,0
"2,1,1,3,2,2,2",central_cap2,12,0
"2,1,1,3,2,2,2",equity_cap2,12,0
"2,1,1,3,2,2,2",central_full,12,0
"2,1,0,2,2,0,1",bilateral_3pass,6,6
"2,1,0,2,2,0,1",clearinghouse,6,0
"2,1,0,2,2,0,1",public_pool,6,0
"2,1,0,2,2,0,1",subsidized_catch_up,6,0
"2,1,0,2,2,0,1",central_cap2,6,0
"2,1,0,2,2,0,1",equity_cap2,6,0
"2,1,0,2,2,0,1",central_full,6,0
"0,2,0,1,0,1,5",bilateral_3pass,1,0
"0,2,0,1,0,1,5",clearinghouse,1,0
"0,2,0,1,0,1,5",public_pool,1,0
"0,2,0,1,0,1,5",subsidized_catch_up,1,1
"0,2,0,1,0,1,5",central_cap2,1,0
"0,2,0,1,0,1,5",equity_cap2,1,0
"0,2,0,1,0,1,5",central_full,1,0
"3,1,0,3,0,2,1",bilateral_3pass,4,3
"3,1,0,3,0,2,1",clearinghouse,4,1
"3,1,0,3,0,2,1",public_pool,4,0
"3,1,0,3,0,2,1",subsidized_catch_up,4,0
"3,1,0,3,0,2,1",central_cap2,4,0
"3,1,0,3,0,2,1",equity_cap2,4,0
"3,1,0,3,0,2,1",central_full,4,0
"2,3,1,1,1,2,3",bilateral_3pass,2,0
"2,3,1,1,1,2,3",clearinghouse,2,0
"2,3,1,1,1,2,3",public_pool,2,0
"2,3,1,1,1,2,3",subsidized_catch_up,2,0
"2,3,1,1,1,2,3",central_cap2,2,0
"2,3,1,1,1,2,3",equity_cap2,2,0
"2,3,1,1,1,2,3",central_full,2,2
"2,1,2,1,1,1,6",bilateral_3pass,29,29
"2,1,2,1,1,1,6",clearinghouse,29,0
"2,1,2,1,1,1,6",public_pool,29,0
"2,1,2,1,1,1,6",subsidized_catch_up,29,0
"2,1,2,1,1,1,6",central_cap2,29,0
"2,1,2,1,1,1,6",equity_cap2,29,0
"2,1,2,1,1,1,6",central_full,29,0
"1,2,2,2,1,2,1",bilateral_3pass,21,4
"1,2,2,2,1,2,1",clearinghouse,21,17
"1,2,2,2,1,2,1",public_pool,21,0
"1,2,2,2,1,2,1",subsidized_catch_up,21,0
"1,2,2,2,1,2,1",central_cap2,21,0
"1,2,2,2,1,2,1",equity_cap2,21,0
"1,2,2,2,1,2,1",central_full,21,0
"1,2,1,1,2,1,1",bilateral_3pass,2,0
"1,2,1,1,2,1,1",clearinghouse,2,2
"1,2,1,1,2,1,1",public_pool,2,0
"1,2,1,1,2,1,1",subsidized_catch_up,2,0
"1,2,1,1,2,1,1",central_cap2,2,0
"1,2,1,1,2,1,1",equity_cap2,2,0
"1,2,1,1,2,1,1",central_full,2,0
"1,2,0,3,0,0,3",bilateral_3pass,6,0
"1,2,0,3,0,0,3",clearinghouse,6,6
"1,2,0,3,0,0,3",public_pool,6,0
"1,2,0,3,0,0,3",subsidized_catch_up,6,0
"1,2,0,3,0,0,3",central_cap2,6,0
"1,2,0,3,0,0,3",equity_cap2,6,0
"1,2,0,3,0,0,3",central_full,6,0
"3,3,2,1,2,0,0",bilateral_3pass,25,2
"3,3,2,1,2,0,0",clearinghouse,25,1
"3,3,2,1,2,0,0",public_pool,25,1
"3,3,2,1,2,0,0",subsidized_catch_up,25,0
"3,3,2,1,2,0,0",central_cap2,25,0
"3,3,2,1,2,0,0",equity_cap2,25,0
"3,3,2,1,2,0,0",central_full,25,21
"2,1,0,2,1,1,4",bilateral_3pass,5,5
"2,1,0,2,1,1,4",clearinghouse,5,0
"2,1,0,2,1,1,4",public_pool,5,0
"2,1,0,2,1,1,4",subsidized_catch_up,5,0
"2,1,0,2,1,1,4",central_cap2,5,0
"2,1,0,2,1,1,4",equity_cap2,5,0
"2,1,0,2,1,1,4",central_full,5,0
"2,3,2,2,2,2,0",bilateral_3pass,26,0
"2,3,2,2,2,2,0",clearinghouse,26,24
"2,3,2,2,2,2,0",public_pool,26,1
"2,3,2,2,2,2,0",subsidized_catch_up,26,0
"2,3,2,2,2,2,0",central_cap2,26,1
"2,3,2,2,2,2,0",equity_cap2,26,0
"2,3,2,2,2,2,0",central_full,26,0
"2,3,1,1,0,1,0",bilateral_3pass,52,1
"2,3,1,1,0,1,0",clearinghouse,52,45
"2,3,1,1,0,1,0",public_pool,52,2
"2,3,1,1,0,1,0",subsidized_catch_up,52,0
"2,3,1,1,0,1,0",central_cap2,52,1
"2,3,1,1,0,1,0",equity_cap2,52,2
"2,3,1,1,0,1,0",central_full,52,1
"3,1,1,1,0,2,5",bilateral_3pass,3,3
"3,1,1,1,0,2,5",clearinghouse,3,0
"3,1,1,1,0,2,5",public_pool,3,0
"3,1,1,1,0,2,5",subsidized_catch_up,3,0
"3,1,1,1,0,2,5",central_cap2,3,0
"3,1,1,1,0,2,5",equity_cap2,3,0
"3,1,1,1,0,2,5",central_full,3,0
"2,1,0,1,2,0,3",bilateral_3pass,4,4
"2,1,0,1,2,0,3",clearinghouse,4,0
"2,1,0,1,2,0,3",public_pool,4,0
"2,1,0,1,2,0,3",subsidized_catch_up,4,0
"2,1,0,1,2,0,3",central_cap2,4,0
"2,1,0,1,2,0,3",equity_cap2,4,0
"2,1,0,1,2,0,3",central_full,4,0
"3,2,2,1,2,0,1",bilateral_3pass,18,0
"3,2,2,1,2,0,1",clearinghouse,18,1
"3,2,2,1,2,0,1",public_pool,18,0
"3,2,2,1,2,0,1",subsidized_catch_up,18,17
"3,2,2,1,2,0,1",central_cap2,18,0
"3,2,2,1,2,0,1",equity_cap2,18,0
"3,2,2,1,2,0,1",central_full,18,0
"0,1,2,3,0,1,6",bilateral_3pass,8,8
"0,1,2,3,0,1,6",clearinghouse,8,0
"0,1,2,3,0,1,6",public_pool,8,0
"0,1,2,3,0,1,6",subsidized_catch_up,8,0
"0,1,2,3,0,1,6",central_cap2,8,0
"0,1,2,3,0,1,6",equity_cap2,8,0
"0,1,2,3,0,1,6",central_full,8,0
"1,1,0,1,0,1,5",bilateral_3pass,1,1
"1,1,0,1,0,1,5",clearinghouse,1,0
"1,1,0,1,0,1,5",public_pool,1,0
"1,1,0,1,0,1,5",subsidized_catch_up,1,0
"1,1,0,1,0,1,5",central_cap2,1,0
"1,1,0,1,0,1,5",equity_cap2,1,0
"1,1,0,1,0,1,5",central_full,1,0
"2,1,0,2,0,2,1",bilateral_3pass,2,2
"2,1,0,2,0,2,1",clearinghouse,2,0
"2,1,0,2,0,2,1",public_pool,2,0
"2,1,0,2,0,2,1",subsidized_catch_up,2,0
"2,1,0,2,0,2,1",central_cap2,2,0
"2,1,0,2,0,2,1",equity_cap2,2,0
"2,1,0,2,0,2,1",central_full,2,0
"2,2,1,1,2,0,3",bilateral_3pass,9,0
"2,2,1,1,2,0,3",clearinghouse,9,9
"2,2,1,1,2,0,3",public_pool,9,0
"2,2,1,1,2,0,3",subsidized_catch_up,9,0
"2,2,1,1,2,0,3",central_cap2,9,0
"2,2,1,1,2,0,3",equity_cap2,9,0
"2,2,1,1,2,0,3",central_full,9,0
"2,3,2,1,1,1,0",bilateral_3pass,99,4
"2,3,2,1,1,1,0",clearinghouse,99,9
"2,3,2,1,1,1,0",public_pool,99,1
"2,3,2,1,1,1,0",subsidized_catch_up,99,78
"2,3,2,1,1,1,0",central_cap2,99,1
"2,3,2,1,1,1,0",equity_cap2,99,3
"2,3,2,1,1,1,0",central_full,99,3
"3,2,0,0,2,2,3",bilateral_3pass,4,3
"3,2,0,0,2,2,3",clearinghouse,4,1
"3,2,0,0,2,2,3",public_pool,4,0
"3,2,0,0,2,2,3",subsidized_catch_up,4,0
"3,2,0,0,2,2,3",central_cap2,4,0
"3,2,0,0,2,2,3",equity_cap2,4,0
"3,2,0,0,2,2,3",central_full,4,0
"2,2,1,3,0,0,3",bilateral_3pass,10,6
"2,2,1,3,0,0,3",clearinghouse,10,3
"2,2,1,3,0,0,3",public_pool,10,0
"2,2,1,3,0,0,3",subsidized_catch_up,10,1
"2,2,1,3,0,0,3",central_cap2,10,0
"2,2,1,3,0,0,3",equity_cap2,10,0
"2,2,1,3,0,0,3",central_full,10,0
"1,1,0,3,1,2,1",bilateral_3pass,3,3
"1,1,0,3,1,2,1",clearinghouse,3,0
"1,1,0,3,1,2,1",public_pool,3,0
"1,1,0,3,1,2,1",subsidized_catch_up,3,0
"1,1,0,3,1,2,1",central_cap2,3,0
"1,1,0,3,1,2,1",equity_cap2,3,0
"1,1,0,3,1,2,1",central_full,3,0
"2,2,2,1,2,2,1",bilateral_3pass,13,12
"2,2,2,1,2,2,1",clearinghouse,13,0
"2,2,2,1,2,2,1",public_pool,13,0
"2,2,2,1,2,2,1",subsidized_catch_up,13,0
"2,2,2,1,2,2,1",central_cap2,13,1
"2,2,2,1,2,2,1",equity_cap2,13,0
"2,2,2,1,2,2,1",central_full,13,0
"3,1,2,2,2,2,4",bilateral_3pass,11,11
"3,1,2,2,2,2,4",clearinghouse,11,0
"3,1,2,2,2,2,4",public_pool,11,0
"3,1,2,2,2,2,4",subsidized_catch_up,11,0
"3,1,2,2,2,2,4",central_cap2,11,0
"3,1,2,2,2,2,4",equity_cap2,11,0
"3,1,2,2,2,2,4",central_full,11,0
"3,2,2,1,1,1,3",bilateral_3pass,21,15
"3,2,2,1,1,1,3",clearinghouse,21,2
"3,2,2,1,1,1,3",public_pool,21,0
"3,2,2,1,1,1,3",subsidized_catch_up,21,3
"3,2,2,1,1,1,3",central_cap2,21,1
"3,2,2,1,1,1,3",equity_cap2,21,0
"3,2,2,1,1,1,3",central_full,21,0
"3,2,0,3,2,2,4",bilateral_3pass,14,0
"3,2,0,3,2,2,4",clearinghouse,14,0
"3,2,0,3,2,2,4",public_pool,14,0
"3,2,0,3,2,2,4",subsidized_catch_up,14,13
"3,2,0,3,2,2,4",central_cap2,14,1
"3,2,0,3,2,2,4",equity_cap2,14,0
"3,2,0,3,2,2,4",central_full,14,0
"1,2,0,1,2,1,0",bilateral_3pass,1,0
"1,2,0,1,2,1,0",clearinghouse,1,0
"1,2,0,1,2,1,0",public_pool,1,0
"1,2,0,1,2,1,0",subsidized_catch_up,1,1
"1,2,0,1,2,1,0",central_cap2,1,0
"1,2,0,1,2,1,0",equity_cap2,1,0
"1,2,0,1,2,1,0",central_full,1,0
"2,2,1,2,2,0,3",bilateral_3pass,11,0
"2,2,1,2,2,0,3",clearinghouse,11,10
"2,2,1,2,2,0,3",public_pool,11,1
"2,2,1,2,2,0,3",subsidized_catch_up,11,0
"2,2,1,2,2,0,3",central_cap2,11,0
"2,2,1,2,2,0,3",equity_cap2,11,0
"2,2,1,2,2,0,3",central_full,11,0
"3,3,1,1,2,0,0",bilateral_3pass,42,1
"3,3,1,1,2,0,0",clearinghouse,42,35
"3,3,1,1,2,0,0",public_pool,42,0
"3,3,1,1,2,0,0",subsidized_catch_up,42,1
"3,3,1,1,2,0,0",central_cap2,42,1
"3,3,1,1,2,0,0",equity_cap2,42,1
"3,3,1,1,2,0,0",central_full,42,3
"3,1,0,3,2,1,6",bilateral_3pass,7,7
"3,1,0,3,2,1,6",clearinghouse,7,0
"3,1,0,3,2,1,6",public_pool,7,0
"3,1,0,3,2,1,6",subsidized_catch_up,7,0
"3,1,0,3,2,1,6",central_cap2,7,0
"3,1,0,3,2,1,6",equity_cap2,7,0
"3,1,0,3,2,1,6",central_full,7,0
"2,1,0,2,2,2,3",bilateral_3pass,11,4
"2,1,0,2,2,2,3",clearinghouse,11,0
"2,1,0,2,2,2,3",public_pool,11,0
"2,1,0,2,2,2,3",subsidized_catch_up,11,7
"2,1,0,2,2,2,3",central_cap2,11,0
"2,1,0,2,2,2,3",equity_cap2,11,0
"2,1,0,2,2,2,3",central_full,11,0
"1,3,1,1,1,2,0",bilateral_3pass,28,1
"1,3,1,1,1,2,0",clearinghouse,28,0
"1,3,1,1,1,2,0",public_pool,28,0
"1,3,1,1,1,2,0",subsidized_catch_up,28,1
"1,3,1,1,1,2,0",central_cap2,28,0
"1,3,1,1,1,2,0",equity_cap2,28,26
"1,3,1,1,1,2,0",central_full,28,0
"3,1,2,1,2,2,2",bilateral_3pass,7,7
"3,1,2,1,2,2,2",clearinghouse,7,0
"3,1,2,1,2,2,2",public_pool,7,0
"3,1,2,1,2,2,2",subsidized_catch_up,7,0
"3,1,2,1,2,2,2",central_cap2,7,0
"3,1,2,1,2,2,2",equity_cap2,7,0
"3,1,2,1,2,2,2",central_full,7,0
"2,1,2,1,2,2,4",bilateral_3pass,3,3
"2,1,2,1,2,2,4",clearinghouse,3,0
"2,1,2,1,2,2,4",public_pool,3,0
"2,1,2,1,2,2,4",subsidized_catch_up,3,0
"2,1,2,1,2,2,4",central_cap2,3,0
"2,1,2,1,2,2,4",equity_cap2,3,0
"2,1,2,1,2,2,4",central_full,3,0
"1,2,2,3,0,1,2",bilateral_3pass,15,1
"1,2,2,3,0,1,2",clearinghouse,15,2
"1,2,2,3,0,1,2",public_pool,15,0
"1,2,2,3,0,1,2",subsidized_catch_up,15,12
"1,2,2,3,0,1,2",central_cap2,15,0
"1,2,2,3,0,1,2",equity_cap2,15,0
"1,2,2,3,0,1,2",central_full,15,0
"1,3,2,3,2,0,0",bilateral_3pass,3,2
"1,3,2,3,2,0,0",clearinghouse,3,0
"1,3,2,3,2,0,0",public_pool,3,1
"1,3,2,3,2,0,0",subsidized_catch_up,3,0
"1,3,2,3,2,0,0",central_cap2,3,0
"1,3,2,3,2,0,0",equity_cap2,3,0
"1,3,2,3,2,0,0",central_full,3,0
"1,2,1,3,2,0,2",bilateral_3pass,1,0
"1,2,1,3,2,0,2",clearinghouse,1,0
"1,2,1,3,2,0,2",public_pool,1,1
"1,2,1,3,2,0,2",subsidized_catch_up,1,0
"1,2,1,3,2,0,2",central_cap2,1,0
"1,2,1,3,2,0,2",equity_cap2,1,0
"1,2,1,3,2,0,2",central_full,1,0
"2,1,2,2,2,2,4",bilateral_3pass,5,5
"2,1,2,2,2,2,4",clearinghouse,5,0
"2,1,2,2,2,2,4",public_pool,5,0
"2,1,2,2,2,2,4",subsidized_catch_up,5,0
"2,1,2,2,2,2,4",central_cap2,5,0
"2,1,2,2,2,2,4",equity_cap2,5,0
"2,1,2,2,2,2,4",central_full,5,0
"2,1,1,3,0,2,2",bilateral_3pass,3,3
"2,1,1,3,0,2,2",clearinghouse,3,0
"2,1,1,3,0,2,2",public_pool,3,0
"2,1,1,3,0,2,2",subsidized_catch_up,3,0
"2,1,1,3,0,2,2",central_cap2,3,0
"2,1,1,3,0,2,2",equity_cap2,3,0
"2,1,1,3,0,2,2",central_full,3,0
"1,1,1,3,1,2,5",bilateral_3pass,8,8
"1,1,1,3,1,2,5",clearinghouse,8,0
"1,1,1,3,1,2,5",public_pool,8,0
"1,1,1,3,1,2,5",subsidized_catch_up,8,0
"1,1,1,3,1,2,5",central_cap2,8,0
"1,1,1,3,1,2,5",equity_cap2,8,0
"1,1,1,3,1,2,5",central_full,8,0
"3,2,1,3,2,2,4",bilateral_3pass,46,40
"3,2,1,3,2,2,4",clearinghouse,46,3
"3,2,1,3,2,2,4",public_pool,46,0
"3,2,1,3,2,2,4",subsidized_catch_up,46,2
"3,2,1,3,2,2,4",central_cap2,46,1
"3,2,1,3,2,2,4",equity_cap2,46,0
"3,2,1,3,2,2,4",central_full,46,0
"1,2,1,2,1,0,3",bilateral_3pass,10,0
"1,2,1,2,1,0,3",clearinghouse,10,10
"1,2,1,2,1,0,3",public_pool,10,0
"1,2,1,2,1,0,3",subsidized_catch_up,10,0
"1,2,1,2,1,0,3",central_cap2,10,0
"1,2,1,2,1,0,3",equity_cap2,10,0
"1,2,1,2,1,0,3",central_full,10,0
"1,1,2,3,2,1,5",bilateral_3pass,1,1
"1,1,2,3,2,1,5",clearinghouse,1,0
"1,1,2,3,2,1,5",public_pool,1,0
"1,1,2,3,2,1,5",subsidized_catch_up,1,0
"1,1,2,3,2,1,5",central_cap2,1,0
"1,1,2,3,2,1,5",equity_cap2,1,0
"1,1,2,3,2,1,5",central_full,1,0
"2,2,1,1,0,1,1",bilateral_3pass,32,31
"2,2,1,1,0,1,1",clearinghouse,32,0
"2,2,1,1,0,1,1",public_pool,32,0
"2,2,1,1,0,1,1",subsidized_catch_up,32,1
"2,2,1,1,0,1,1",central_cap2,32,0
"2,2,1,1,0,1,1",equity_cap2,32,0
"2,2,1,1,0,1,1",central_full,32,0
"1,1,2,2,2,1,2",bilateral_3pass,1,1
"1,1,2,2,2,1,2",clearinghouse,1,0
"1,1,2,2,2,1,2",public_pool,1,0
"1,1,2,2,2,1,2",subsidized_catch_up,1,0
"1,1,2,2,2,1,2",central_cap2,1,0
"1,1,2,2,2,1,2",equity_cap2,1,0
"1,1,2,2,2,1,2",central_full,1,0
"1,2,0,2,0,0,1",bilateral_3pass,5,0
"1,2,0,2,0,0,1",clearinghouse,5,5
"1,2,0,2,0,0,1",public_pool,5,0
"1,2,0,2,0,0,1",subsidized_catch_up,5,0
"1,2,0,2,0,0,1",central_cap2,5,0
"1,2,0,2,0,0,1",equity_cap2,5,0
"1,2,0,2,0,0,1",central_full,5,0
"2,1,1,1,1,0,2",bilateral_3pass,5,5
"2,1,1,1,1,0,2",clearinghouse,5,0
"2,1,1,1,1,0,2",public_pool,5,0
"2,1,1,1,1,0,2",subsidized_catch_up,5,0
"2,1,1,1,1,0,2",central_cap2,5,0
"2,1,1,1,1,0,2",equity_cap2,5,0
"2,1,1,1,1,0,2",central_full,5,0
"1,1,0,2,0,2,3",bilateral_3pass,4,4
"1,1,0,2,0,2,3",clearinghouse,4,0
"1,1,0,2,0,2,3",public_pool,4,0
"1,1,0,2,0,2,3",subsidized_catch_up,4,0
"1,1,0,2,0,2,3",central_cap2,4,0
"1,1,0,2,0,2,3",equity_cap2,4,0
"1,1,0,2,0,2,3",central_full,4,0
"3,1,1,2,1,2,6",bilateral_3pass,14,14
"3,1,1,2,1,2,6",clearinghouse,14,0
"3,1,1,2,1,2,6",public_pool,14,0
"3,1,1,2,1,2,6",subsidized_catch_up,14,0
"3,1,1,2,1,2,6",central_cap2,14,0
"3,1,1,2,1,2,6",equity_cap2,14,0
"3,1,1,2,1,2,6",central_full,14,0
"3,1,2,1,2,0,4",bilateral_3pass,7,7
"3,1,2,1,2,0,4",clearinghouse,7,0
"3,1,2,1,2,0,4",public_pool,7,0
"3,1,2,1,2,0,4",subsidized_catch_up,7,0
"3,1,2,1,2,0,4",central_cap2,7,0
"3,1,2,1,2,0,4",equity_cap2,7,0
"3,1,2,1,2,0,4",central_full,7,0
"3,2,1,1,2,0,1",bilateral_3pass,28,2
"3,2,1,1,2,0,1",clearinghouse,28,1
"3,2,1,1,2,0,1",public_pool,28,0
"3,2,1,1,2,0,1",subsidized_catch_up,28,24
"3,2,1,1,2,0,1",central_cap2,28,0
"3,2,1,1,2,0,1",equity_cap2,28,1
"3,2,1,1,2,0,1",central_full,28,0
"2,2,1,3,2,2,2",bilateral_3pass,20,0
"2,2,1,3,2,2,2",clearinghouse,20,16
"2,2,1,3,2,2,2",public_pool,20,3
"2,2,1,3,2,2,2",subsidized_catch_up,20,1
"2,2,1,3,2,2,2",central_cap2,20,0
"2,2,1,3,2,2,2",equity_cap2,20,0
"2,2,1,3,2,2,2",central_full,20,0
"2,2,2,3,2,1,2",bilateral_3pass,22,1
"2,2,2,3,2,1,2",clearinghouse,22,1
"2,2,2,3,2,1,2",public_pool,22,20
"2,2,2,3,2,1,2",subsidized_catch_up,22,0
"2,2,2,3,2,1,2",central_cap2,22,0
"2,2,2,3,2,1,2",equity_cap2,22,0
"2,2,2,3,2,1,2",central_full,22,0
"1,1,1,2,2,2,1",bilateral_3pass,3,2
"1,1,1,2,2,2,1",clearinghouse,3,1
"1,1,1,2,2,2,1",public_pool,3,0
"1,1,1,2,2,2,1",subsidized_catch_up,3,0
"1,1,1,2,2,2,1",central_cap2,3,0
"1,1,1,2,2,2,1",equity_cap2,3,0
"1,1,1,2,2,2,1",central_full,3,0
"1,3,2,1,1,1,0",bilateral_3pass,25,1
"1,3,2,1,1,1,0",clearinghouse,25,1
"1,3,2,1,1,1,0",public_pool,25,19
"1,3,2,1,1,1,0",subsidized_catch_up,25,0
"1,3,2,1,1,1,0",central_cap2,25,0
"1,3,2,1,1,1,0",equity_cap2,25,3
"1,3,2,1,1,1,0",central_full,25,1
"0,3,0,2,0,1,0",bilateral_3pass,5,0
"0,3,0,2,0,1,0",clearinghouse,5,0
"0,3,0,2,0,1,0",public_pool,5,0
"0,3,0,2,0,1,0",subsidized_catch_up,5,5
"0,3,0,2,0,1,0",central_cap2,5,0
"0,3,0,2,0,1,0",equity_cap2,5,0
"0,3,0,2,0,1,0",central_full,5,0
"2,1,1,3,1,0,5",bilateral_3pass,11,11
"2,1,1,3,1,0,5",clearinghouse,11,0
"2,1,1,3,1,0,5",public_pool,11,0
"2,1,1,3,1,0,5",subsidized_catch_up,11,0
"2,1,1,3,1,0,5",central_cap2,11,0
"2,1,1,3,1,0,5",equity_cap2,11,0
"2,1,1,3,1,0,5",central_full,11,0
"3,1,2,3,2,0,4",bilateral_3pass,9,9
"3,1,2,3,2,0,4",clearinghouse,9,0
"3,1,2,3,2,0,4",public_pool,9,0
"3,1,2,3,2,0,4",subsidized_catch_up,9,0
"3,1,2,3,2,0,4",central_cap2,9,0
"3,1,2,3,2,0,4",equity_cap2,9,0
"3,1,2,3,2,0,4",central_full,9,0
"0,1,0,2,0,1,4",bilateral_3pass,4,4
"0,1,0,2,0,1,4",clearinghouse,4,0
"0,1,0,2,0,1,4",public_pool,4,0
"0,1,0,2,0,1,4",subsidized_catch_up,4,0
"0,1,0,2,0,1,4",central_cap2,4,0
"0,1,0,2,0,1,4",equity_cap2,4,0
"0,1,0,2,0,1,4",central_full,4,0
"2,2,2,1,2,2,2",bilateral_3pass,6,4
"2,2,2,1,2,2,2",clearinghouse,6,0
"2,2,2,1,2,2,2",public_pool,6,0
"2,2,2,1,2,2,2",subsidized_catch_up,6,2
"2,2,2,1,2,2,2",central_cap2,6,0
"2,2,2,1,2,2,2",equity_cap2,6,0
"2,2,2,1,2,2,2",central_full,6,0
"1,3,1,2,0,2,0",bilateral_3pass,29,0
"1,3,1,2,0,2,0",clearinghouse,29,0
"1,3,1,2,0,2,0",public_pool,29,28
"1,3,1,2,0,2,0",subsidized_catch_up,29,0
"1,3,1,2,0,2,0",central_cap2,29,1
"1,3,1,2,0,2,0",equity_cap2,29,0
"1,3,1,2,0,2,0",central_full,29,0
"1,1,2,1,1,1,5",bilateral_3pass,7,7
"1,1,2,1,1,1,5",clearinghouse,7,0
"1,1,2,1,1,1,5",public_pool,7,0
"1,1,2,1,1,1,5",subsidized_catch_up,7,0
"1,1,2,1,1,1,5",central_cap2,7,0
"1,1,2,1,1,1,5",equity_cap2,7,0
"1,1,2,1,1,1,5",central_full,7,0
"2,3,1,1,1,0,0",bilateral_3pass,31,0
"2,3,1,1,1,0,0",clearinghouse,31,0
"2,3,1,1,1,0,0",public_pool,31,1
"2,3,1,1,1,0,0",subsidized_catch_up,31,0
"2,3,1,1,1,0,0",central_cap2,31,30
"2,3,1,1,1,0,0",equity_cap2,31,0
"2,3,1,1,1,0,0",central_full,31,0
"2,2,1,1,2,0,2",bilateral_3pass,4,0
"2,2,1,1,2,0,2",clearinghouse,4,0
"2,2,1,1,2,0,2",public_pool,4,0
"2,2,1,1,2,0,2",subsidized_catch_up,4,4
"2,2,1,1,2,0,2",central_cap2,4,0
"2,2,1,1,2,0,2",equity_cap2,4,0
"2,2,1,1,2,0,2",central_full,4,0
"3,1,2,3,0,2,4",bilateral_3pass,1,1
"3,1,2,3,0,2,4",clearinghouse,1,0
"3,1,2,3,0,2,4",public_pool,1,0
"3,1,2,3,0,2,4",subsidized_catch_up,1,0
"3,1,2,3,0,2,4",central_cap2,1,0
"3,1,2,3,0,2,4",equity_cap2,1,0
"3,1,2,3,0,2,4",central_full,1,0
"2,2,1,2,0,0,3",bilateral_3pass,8,0
"2,2,1,2,0,0,3",clearinghouse,8,8
"2,2,1,2,0,0,3",public_pool,8,0
"2,2,1,2,0,0,3",subsidized_catch_up,8,0
"2,2,1,2,0,0,3",central_cap2,8,0
"2,2,1,2,0,0,3",equity_cap2,8,0
"2,2,1,2,0,0,3",central_full,8,0
"3,1,2,2,1,1,5",bilateral_3pass,4,4
"3,1,2,2,1,1,5",clearinghouse,4,0
"3,1,2,2,1,1,5",public_pool,4,0
"3,1,2,2,1,1,5",subsidized_catch_up,4,0
"3,1,2,2,1,1,5",central_cap2,4,0
"3,1,2,2,1,1,5",equity_cap2,4,0
"3,1,2,2,1,1,5",central_full,4,0
"1,1,1,3,2,0,0",bilateral_3pass,1,1
"1,1,1,3,2,0,0",clearinghouse,1,0
"1,1,1,3,2,0,0",public_pool,1,0
"1,1,1,3,2,0,0",subsidized_catch_up,1,0
"1,1,1,3,2,0,0",central_cap2,1,0
"1,1,1,3,2,0,0",equity_cap2,1,0
"1,1,1,3,2,0,0",central_full,1,0
"3,1,1,3,1,0,2",bilateral_3pass,3,3
"3,1,1,3,1,0,2",clearinghouse,3,0
"3,1,1,3,1,0,2",public_pool,3,0
"3,1,1,3,1,0,2",subsidized_catch_up,3,0
"3,1,1,3,1,0,2",central_cap2,3,0
"3,1,1,3,1,0,2",equity_cap2,3,0
"3,1,1,3,1,0,2",central_full,3,0
"2,3,1,3,2,1,0",bilateral_3pass,96,3
"2,3,1,3,2,1,0",clearinghouse,96,4
"2,3,1,3,2,1,0",public_pool,96,75
"2,3,1,3,2,1,0",subsidized_catch_up,96,1
"2,3,1,3,2,1,0",central_cap2,96,0
"2,3,1,3,2,1,0",equity_cap2,96,12
"2,3,1,3,2,1,0",central_full,96,1
"3,2,2,3,1,0,1",bilateral_3pass,1,0
"3,2,2,3,1,0,1",clearinghouse,1,0
"3,2,2,3,1,0,1",public_pool,1,1
"3,2,2,3,1,0,1",subsidized_catch_up,1,0
"3,2,2,3,1,0,1",central_cap2,1,0
"3,2,2,3,1,0,1",equity_cap2,1,0
"3,2,2,3,1,0,1",central_full,1,0
"3,1,1,1,1,0,2",bilateral_3pass,1,1
"3,1,1,1,1,0,2",clearinghouse,1,0
"3,1,1,1,1,0,2",public_pool,1,0
"3,1,1,1,1,0,2",subsidized_catch_up,1,0
"3,1,1,1,1,0,2",central_cap2,1,0
"3,1,1,1,1,0,2",equity_cap2,1,0
"3,1,1,1,1,0,2",central_full,1,0
"3,1,2,1,0,1,1",bilateral_3pass,5,5
"3,1,2,1,0,1,1",clearinghouse,5,0
"3,1,2,1,0,1,1",public_pool,5,0
"3,1,2,1,0,1,1",subsidized_catch_up,5,0
"3,1,2,1,0,1,1",central_cap2,5,0
"3,1,2,1,0,1,1",equity_cap2,5,0
"3,1,2,1,0,1,1",central_full,5,0
"3,2,1,2,1,2,3",bilateral_3pass,39,34
"3,2,1,2,1,2,3",clearinghouse,39,1
"3,2,1,2,1,2,3",public_pool,39,0
"3,2,1,2,1,2,3",subsidized_catch_up,39,3
"3,2,1,2,1,2,3",central_cap2,39,1
"3,2,1,2,1,2,3",equity_cap2,39,0
"3,2,1,2,1,2,3",central_full,39,0
"2,2,1,1,2,2,4",bilateral_3pass,4,0
"2,2,1,1,2,2,4",clearinghouse,4,0
"2,2,1,1,2,2,4",public_pool,4,0
"2,2,1,1,2,2,4",subsidized_catch_up,4,4
"2,2,1,1,2,2,4",central_cap2,4,0
"2,2,1,1,2,2,4",equity_cap2,4,0
"2,2,1,1,2,2,4",central_full,4,0
"2,1,2,3,0,2,5",bilateral_3pass,8,8
"2,1,2,3,0,2,5",clearinghouse,8,0
"2,1,2,3,0,2,5",public_pool,8,0
"2,1,2,3,0,2,5",subsidized_catch_up,8,0
"2,1,2,3,0,2,5",central_cap2,8,0
"2,1,2,3,0,2,5",equity_cap2,8,0
"2,1,2,3,0,2,5",central_full,8,0
"3,2,0,2,0,1,0",bilateral_3pass,7,0
"3,2,0,2,0,1,0",clearinghouse,7,1
"3,2,0,2,0,1,0",public_pool,7,0
"3,2,0,2,0,1,0",subsidized_catch_up,7,6
"3,2,0,2,0,1,0",central_cap2,7,0
"3,2,0,2,0,1,0",equity_cap2,7,0
"3,2,0,2,0,1,0",central_full,7,0
"3,2,1,3,2,0,4",bilateral_3pass,10,0
"3,2,1,3,2,0,4",clearinghouse,10,0
"3,2,1,3,2,0,4",public_pool,10,0
"3,2,1,3,2,0,4",subsidized_catch_up,10,9
"3,2,1,3,2,0,4",central_cap2,10,1
"3,2,1,3,2,0,4",equity_cap2,10,0
"3,2,1,3,2,0,4",central_full,10,0
"1,2,2,1,0,0,2",bilateral_3pass,5,3
"1,2,2,1,0,0,2",clearinghouse,5,1
"1,2,2,1,0,0,2",public_pool,5,0
"1,2,2,1,0,0,2",subsidized_catch_up,5,0
"1,2,2,1,0,0,2",central_cap2,5,0
"1,2,2,1,0,0,2",equity_cap2,5,1
"1,2,2,1,0,0,2",central_full,5,0
"3,2,2,2,0,2,3",bilateral_3pass,6,5
"3,2,2,2,0,2,3",clearinghouse,6,0
"3,2,2,2,0,2,3",public_pool,6,1
"3,2,2,2,0,2,3",subsidized_catch_up,6,0
"3,2,2,2,0,2,3",central_cap2,6,0
"3,2,2,2,0,2,3",equity_cap2,6,0
"3,2,2,2,0,2,3",central_full,6,0
"3,2,2,2,0,2,2",bilateral_3pass,2,0
"3,2,2,2,0,2,2",clearinghouse,2,0
"3,2,2,2,0,2,2",public_pool,2,0
"3,2,2,2,0,2,2",subsidized_catch_up,2,2
"3,2,2,2,0,2,2",central_cap2,2,0
"3,2,2,2,0,2,2",equity_cap2,2,0
"3,2,2,2,0,2,2",central_full,2,0
"3,2,2,1,2,0,3",bilateral_3pass,16,15
"3,2,2,1,2,0,3",clearinghouse,16,0
"3,2,2,1,2,0,3",public_pool,16,0
"3,2,2,1,2,0,3",subsidized_catch_up,16,1
"3,2,2,1,2,0,3",central_cap2,16,0
"3,2,2,1,2,0,3",equity_cap2,16,0
"3,2,2,1,2,0,3",central_full,16,0
"2,2,1,3,1,2,4",bilateral_3pass,4,0
"2,2,1,3,1,2,4",clearinghouse,4,4
"2,2,1,3,1,2,4",public_pool,4,0
"2,2,1,3,1,2,4",subsidized_catch_up,4,0
"2,2,1,3,1,2,4",central_cap2,4,0
"2,2,1,3,1,2,4",equity_cap2,4,0
"2,2,1,3,1,2,4",central_full,4,0
"3,1,1,3,2,0,5",bilateral_3pass,10,10
"3,1,1,3,2,0,5",clearinghouse,10,0
"3,1,1,3,2,0,5",public_pool,10,0
"3,1,1,3,2,0,5",subsidized_catch_up,10,0
"3,1,1,3,2,0,5",central_cap2,10,0
"3,1,1,3,2,0,5",equity_cap2,10,0
"3,1,1,3,2,0,5",central_full,10,0
"0,2,2,3,0,1,6",bilateral_3pass,2,0
"0,2,2,3,0,1,6",clearinghouse,2,0
"0,2,2,3,0,1,6",public_pool,2,0
"0,2,2,3,0,1,6",subsidized_catch_up,2,2
"0,2,2,3,0,1,6",central_cap2,2,0
"0,2,2,3,0,1,6",equity_cap2,2,0
"0,2,2,3,0,1,6",central_full,2,0
"3,1,2,2,1,2,5",bilateral_3pass,6,6
"3,1,2,2,1,2,5",clearinghouse,6,0
"3,1,2,2,1,2,5",public_pool,6,0
"3,1,2,2,1,2,5",subsidized_catch_up,6,0
"3,1,2,2,1,2,5",central_cap2,6,0
"3,1,2,2,1,2,5",equity_cap2,6,0
"3,1,2,2,1,2,5",central_full,6,0
"1,3,1,2,1,2,0",bilateral_3pass,25,1
"1,3,1,2,1,2,0",clearinghouse,25,0
"1,3,1,2,1,2,0",public_pool,25,0
"1,3,1,2,1,2,0",subsidized_catch_up,25,22
"1,3,1,2,1,2,0",central_cap2,25,1
"1,3,1,2,1,2,0",equity_cap2,25,1
"1,3,1,2,1,2,0",central_full,25,0
"2,3,2,2,0,2,0",bilateral_3pass,27,2
"2,3,2,2,0,2,0",clearinghouse,27,23
"2,3,2,2,0,2,0",public_pool,27,0
"2,3,2,2,0,2,0",subsidized_catch_up,27,1
"2,3,2,2,0,2,0",central_cap2,27,0
"2,3,2,2,0,2,0",equity_cap2,27,1
"2,3,2,2,0,2,0",central_full,27,0
"2,3,1,3,1,2,1",bilateral_3pass,1,0
"2,3,1,3,1,2,1",clearinghouse,1,0
"2,3,1,3,1,2,1",public_pool,1,0
"2,3,1,3,1,2,1",subsidized_catch_up,1,0
"2,3,1,3,1,2,1",central_cap2,1,0
"2,3,1,3,1,2,1",equity_cap2,1,0
"2,3,1,3,1,2,1",central_full,1,1
"2,1,1,3,1,1,6",bilateral_3pass,28,28
"2,1,1,3,1,1,6",clearinghouse,28,0
"2,1,1,3,1,1,6",public_pool,28,0
"2,1,1,3,1,1,6",subsidized_catch_up,28,0
"2,1,1,3,1,1,6",central_cap2,28,0
"2,1,1,3,1,1,6",equity_cap2,28,0
"2,1,1,3,1,1,6",central_full,28,0
"1,3,1,3,0,2,0",bilateral_3pass,55,1
"1,3,1,3,0,2,0",clearinghouse,55,50
"1,3,1,3,0,2,0",public_pool,55,1
"1,3,1,3,0,2,0",subsidized_catch_up,55,0
"1,3,1,3,0,2,0",central_cap2,55,1
"1,3,1,3,0,2,0",equity_cap2,55,1
"1,3,1,3,0,2,0",central_full,55,1
"3,1,1,1,1,1,2",bilateral_3pass,4,4
"3,1,1,1,1,1,2",clearinghouse,4,0
"3,1,1,1,1,1,2",public_pool,4,0
"3,1,1,1,1,1,2",subsidized_catch_up,4,0
"3,1,1,1,1,1,2",central_cap2,4,0
"3,1,1,1,1,1,2",equity_cap2,4,0
"3,1,1,1,1,1,2",central_full,4,0
"3,3,2,1,2,1,0",bilateral_3pass,71,3
"3,3,2,1,2,1,0",clearinghouse,71,1
"3,3,2,1,2,1,0",public_pool,71,2
"3,3,2,1,2,1,0",subsidized_catch_up,71,55
"3,3,2,1,2,1,0",central_cap2,71,0
"3,3,2,1,2,1,0",equity_cap2,71,5
"3,3,2,1,2,1,0",central_full,71,5
"3,2,0,2,2,2,6",bilateral_3pass,3,0
"3,2,0,2,2,2,6",clearinghouse,3,0
"3,2,0,2,2,2,6",public_pool,3,0
"3,2,0,2,2,2,6",subsidized_catch_up,3,3
"3,2,0,2,2,2,6",central_cap2,3,0
"3,2,0,2,2,2,6",equity_cap2,3,0
"3,2,0,2,2,2,6",central_full,3,0
"3,3,0,3,1,1,0",bilateral_3pass,25,0
"3,3,0,3,1,1,0",clearinghouse,25,0
"3,3,0,3,1,1,0",public_pool,25,22
"3,3,0,3,1,1,0",subsidized_catch_up,25,0
"3,3,0,3,1,1,0",central_cap2,25,2
"3,3,0,3,1,1,0",equity_cap2,25,0
"3,3,0,3,1,1,0",central_full,25,1
"2,1,1,2,0,2,4",bilateral_3pass,4,4
"2,1,1,2,0,2,4",clearinghouse,4,0
"2,1,1,2,0,2,4",public_pool,4,0
"2,1,1,2,0,2,4",subsidized_catch_up,4,0
"2,1,1,2,0,2,4",central_cap2,4,0
"2,1,1,2,0,2,4",equity_cap2,4,0
"2,1,1,2,0,2,4",central_full,4,0
"3,1,1,2,0,0,5",bilateral_3pass,1,1
"3,1,1,2,0,0,5",clearinghouse,1,0
"3,1,1,2,0,0,5",public_pool,1,0
"3,1,1,2,0,0,5",subsidized_catch_up,1,0
"3,1,1,2,0,0,5",central_cap2,1,0
"3,1,1,2,0,0,5",equity_cap2,1,0
"3,1,1,2,0,0,5",central_full,1,0
"3,1,0,1,1,1,1",bilateral_3pass,8,8
"3,1,0,1,1,1,1",clearinghouse,8,0
"3,1,0,1,1,1,1",public_pool,8,0
"3,1,0,1,1,1,1",subsidized_catch_up,8,0
"3,1,0,1,1,1,1",central_cap2,8,0
"3,1,0,1,1,1,1",equity_cap2,8,0
"3,1,0,1,1,1,1",central_full,8,0
"3,1,1,3,0,1,5",bilateral_3pass,2,2
"3,1,1,3,0,1,5",clearinghouse,2,0
"3,1,1,3,0,1,5",public_pool,2,0
"3,1,1,3,0,1,5",subsidized_catch_up,2,0
"3,1,1,3,0,1,5",central_cap2,2,0
"3,1,1,3,0,1,5",equity_cap2,2,0
"3,1,1,3,0,1,5",central_full,2,0
"3,1,2,3,0,0,0",bilateral_3pass,2,2
"3,1,2,3,0,0,0",clearinghouse,2,0
"3,1,2,3,0,0,0",public_pool,2,0
"3,1,2,3,0,0,0",subsidized_catch_up,2,0
"3,1,2,3,0,0,0",central_cap2,2,0
"3,1,2,3,0,0,0",equity_cap2,2,0
"3,1,2,3,0,0,0",central_full,2,0
"3,1,0,2,1,1,5",bilateral_3pass,2,2
"3,1,0,2,1,1,5",clearinghouse,2,0
"3,1,0,2,1,1,5",public_pool,2,0
"3,1,0,2,1,1,5",subsidized_catch_up,2,0
"3,1,0,2,1,1,5",central_cap2,2,0
"3,1,0,2,1,1,5",equity_cap2,2,0
"3,1,0,2,1,1,5",central_full,2,0
"3,2,1,1,0,0,0",bilateral_3pass,12,2
"3,2,1,1,0,0,0",clearinghouse,12,0
"3,2,1,1,0,0,0",public_pool,12,0
"3,2,1,1,0,0,0",subsidized_catch_up,12,10
"3,2,1,1,0,0,0",central_cap2,12,0
"3,2,1,1,0,0,0",equity_cap2,12,0
"3,2,1,1,0,0,0",central_full,12,0
"3,2,1,1,0,1,3",bilateral_3pass,7,0
"3,2,1,1,0,1,3",clearinghouse,7,6
"3,2,1,1,0,1,3",public_pool,7,0
"3,2,1,1,0,1,3",subsidized_catch_up,7,0
"3,2,1,1,0,1,3",central_cap2,7,1
"3,2,1,1,0,1,3",equity_cap2,7,0
"3,2,1,1,0,1,3",central_full,7,0
"1,1,2,2,1,0,4",bilateral_3pass,6,6
"1,1,2,2,1,0,4",clearinghouse,6,0
"1,1,2,2,1,0,4",public_pool,6,0
"1,1,2,2,1,0,4",subsidized_catch_up,6,0
"1,1,2,2,1,0,4",central_cap2,6,0
"1,1,2,2,1,0,4",equity_cap2,6,0
"1,1,2,2,1,0,4",central_full,6,0
"2,2,2,2,1,1,1",bilateral_3pass,49,43
"2,2,2,2,1,1,1",clearinghouse,49,2
"2,2,2,2,1,1,1",public_pool,49,1
"2,2,2,2,1,1,1",subsidized_catch_up,49,3
"2,2,2,2,1,1,1",central_cap2,49,0
"2,2,2,2,1,1,1",equity_cap2,49,0
"2,2,2,2,1,1,1",central_full,49,0
"3,2,2,3,2,1,4",bilateral_3pass,11,10
"3,2,2,3,2,1,4",clearinghouse,11,0
"3,2,2,3,2,1,4",public_pool,11,0
"3,2,2,3,2,1,4",subsidized_catch_up,11,0
"3,2,2,3,2,1,4",central_cap2,11,1
"3,2,2,3,2,1,4",equity_cap2,11,0
"3,2,2,3,2,1,4",central_full,11,0
"2,3,1,3,0,1,0",bilateral_3pass,29,1
"2,3,1,3,0,1,0",clearinghouse,29,0
"2,3,1,3,0,1,0",public_pool,29,27
"2,3,1,3,0,1,0",subsidized_catch_up,29,0
"2,3,1,3,0,1,0",central_cap2,29,1
"2,3,1,3,0,1,0",equity_cap2,29,0
"2,3,1,3,0,1,0",central_full,29,0
"2,2,2,3,1,1,2",bilateral_3pass,32,28
"2,2,2,3,1,1,2",clearinghouse,32,2
"2,2,2,3,1,1,2",public_pool,32,2
"2,2,2,3,1,1,2",subsidized_catch_up,32,0
"2,2,2,3,1,1,2",central_cap2,32,0
"2,2,2,3,1,1,2",equity_cap2,32,0
"2,2,2,3,1,1,2",central_full,32,0
"2,1,1,2,1,1,6",bilateral_3pass,19,19
"2,1,1,2,1,1,6",clearinghouse,19,0
"2,1,1,2,1,1,6",public_pool,19,0
"2,1,1,2,1,1,6",subsidized_catch_up,19,0
"2,1,1,2,1,1,6",central_cap2,19,0
"2,1,1,2,1,1,6",equity_cap2,19,0
"2,1,1,2,1,1,6",central_full,19,0
"2,1,2,2,2,2,2",bilateral_3pass,2,2
"2,1,2,2,2,2,2",clearinghouse,2,0
"2,1,2,2,2,2,2",public_pool,2,0
"2,1,2,2,2,2,2",subsidized_catch_up,2,0
"2,1,2,2,2,2,2",central_cap2,2,0
"2,1,2,2,2,2,2",equity_cap2,2,0
"2,1,2,2,2,2,2",central_full,2,0
"2,2,1,1,1,1,1",bilateral_3pass,122,108
"2,2,1,1,1,1,1",clearinghouse,122,5
"2,2,1,1,1,1,1",public_pool,122,0
"2,2,1,1,1,1,1",subsidized_catch_up,122,5
"2,2,1,1,1,1,1",central_cap2,122,3
"2,2,1,1,1,1,1",equity_cap2,122,1
"2,2,1,1,1,1,1",central_full,122,0
"1,3,0,3,0,1,0",bilateral_3pass,6,0
"1,3,0,3,0,1,0",clearinghouse,6,2
"1,3,0,3,0,1,0",public_pool,6,0
"1,3,0,3,0,1,0",subsidized_catch_up,6,0
"1,3,0,3,0,1,0",central_cap2,6,0
"1,3,0,3,0,1,0",equity_cap2,6,4
"1,3,0,3,0,1,0",central_full,6,0
"1,2,2,3,1,0,5",bilateral_3pass,5,5
"1,2,2,3,1,0,5",clearinghouse,5,0
"1,2,2,3,1,0,5",public_pool,5,0
"1,2,2,3,1,0,5",subsidized_catch_up,5,0
"1,2,2,3,1,0,5",central_cap2,5,0
"1,2,2,3,1,0,5",equity_cap2,5,0
"1,2,2,3,1,0,5",central_full,5,0
"1,1,1,3,1,1,6",bilateral_3pass,41,41
"1,1,1,3,1,1,6",clearinghouse,41,0
"1,1,1,3,1,1,6",public_pool,41,0
"1,1,1,3,1,1,6",subsidized_catch_up,41,0
"1,1,1,3,1,1,6",central_cap2,41,0
"1,1,1,3,1,1,6",equity_cap2,41,0
"1,1,1,3,1,1,6",central_full,41,0
"2,2,2,1,0,1,1",bilateral_3pass,36,30
"2,2,2,1,0,1,1",clearinghouse,36,3
"2,2,2,1,0,1,1",public_pool,36,0
"2,2,2,1,0,1,1",subsidized_catch_up,36,2
"2,2,2,1,0,1,1",central_cap2,36,0
"2,2,2,1,0,1,1",equity_cap2,36,1
"2,2,2,1,0,1,1",central_full,36,0
"3,2,1,1,1,2,4",bilateral_3pass,2,0
"3,2,1,1,1,2,4",clearinghouse,2,0
"3,2,1,1,1,2,4",public_pool,2,0
"3,2,1,1,1,2,4",subsidized_catch_up,2,0
"3,2,1,1,1,2,4",central_cap2,2,2
"3,2,1,1,1,2,4",equity_cap2,2,0
"3,2,1,1,1,2,4",central_full,2,0
"3,2,2,3,1,2,3",bilateral_3pass,20,1
"3,2,2,3,1,2,3",clearinghouse,20,17
"3,2,2,3,1,2,3",public_pool,20,1
"3,2,2,3,1,2,3",subsidized_catch_up,20,1
"3,2,2,3,1,2,3",central_cap2,20,0
"3,2,2,3,1,2,3",equity_cap2,20,0
"3,2,2,3,1,2,3",central_full,20,0
"2,3,1,2,0,1,0",bilateral_3pass,21,0
"2,3,1,2,0,1,0",clearinghouse,21,0
"2,3,1,2,0,1,0",public_pool,21,0
"2,3,1,2,0,1,0",subsidized_catch_up,21,20
"2,3,1,2,0,1,0",central_cap2,21,0
"2,3,1,2,0,1,0",equity_cap2,21,1
"2,3,1,2,0,1,0",central_full,21,0
"2,2,2,2,0,2,3",bilateral_3pass,29,21
"2,2,2,2,0,2,3",clearinghouse,29,2
"2,2,2,2,0,2,3",public_pool,29,0
"2,2,2,2,0,2,3",subsidized_catch_up,29,4
"2,2,2,2,0,2,3",central_cap2,29,1
"2,2,2,2,0,2,3",equity_cap2,29,1
"2,2,2,2,0,2,3",central_full,29,0
"3,1,1,1,1,2,2",bilateral_3pass,4,4
"3,1,1,1,1,2,2",clearinghouse,4,0
"3,1,1,1,1,2,2",public_pool,4,0
"3,1,1,1,1,2,2",subsidized_catch_up,4,0
"3,1,1,1,1,2,2",central_cap2,4,0
"3,1,1,1,1,2,2",equity_cap2,4,0
"3,1,1,1,1,2,2",central_full,4,0
"3,1,2,3,2,0,5",bilateral_3pass,8,8
"3,1,2,3,2,0,5",clearinghouse,8,0
"3,1,2,3,2,0,5",public_pool,8,0
"3,1,2,3,2,0,5",subsidized_catch_up,8,0
"3,1,2,3,2,0,5",central_cap2,8,0
"3,1,2,3,2,0,5",equity_cap2,8,0
"3,1,2,3,2,0,5",central_full,8,0
"1,2,2,3,1,1,4",bilateral_3pass,5,0
"1,2,2,3,1,1,4",clearinghouse,5,0
"1,2,2,3,1,1,4",public_pool,5,0
"1,2,2,3,1,1,4",subsidized_catch_up,5,1
"1,2,2,3,1,1,4",central_cap2,5,4
"1,2,2,3,1,1,4",equity_cap2,5,0
"1,2,2,3,1,1,4",central_full,5,0
"3,1,2,3,0,2,3",bilateral_3pass,11,10
"3,1,2,3,0,2,3",clearinghouse,11,0
"3,1,2,3,0,2,3",public_pool,11,0
"3,1,2,3,0,2,3",subsidized_catch_up,11,1
"3,1,2,3,0,2,3",central_cap2,11,0
"3,1,2,3,0,2,3",equity_cap2,11,0
"3,1,2,3,0,2,3",central_full,11,0
"1,2,2,2,0,0,1",bilateral_3pass,15,10
"1,2,2,2,0,0,1",clearinghouse,15,5
"1,2,2,2,0,0,1",public_pool,15,0
"1,2,2,2,0,0,1",subsidized_catch_up,15,0
"1,2,2,2,0,0,1",central_cap2,15,0
"1,2,2,2,0,0,1",equity_cap2,15,0
"1,2,2,2,0,0,1",central_full,15,0
"1,2,2,3,2,1,3",bilateral_3pass,1,1
"1,2,2,3,2,1,3",clearinghouse,1,0
"1,2,2,3,2,1,3",public_pool,1,0
"1,2,2,3,2,1,3",subsidized_catch_up,1,0
"1,2,2,3,2,1,3",central_cap2,1,0
"1,2,2,3,2,1,3",equity_cap2,1,0
"1,2,2,3,2,1,3",central_full,1,0
"1,3,2,3,1,0,0",bilateral_3pass,26,1
"1,3,2,3,1,0,0",clearinghouse,26,0
"1,3,2,3,1,0,0",public_pool,26,1
"1,3,2,3,1,0,0",subsidized_catch_up,26,24
"1,3,2,3,1,0,0",central_cap2,26,0
"1,3,2,3,1,0,0",equity_cap2,26,0
"1,3,2,3,1,0,0",central_full,26,0
"2,1,1,2,0,0,6",bilateral_3pass,3,3
"2,1,1,2,0,0,6",clearinghouse,3,0
"2,1,1,2,0,0,6",public_pool,3,0
"2,1,1,2,0,0,6",subsidized_catch_up,3,0
"2,1,1,2,0,0,6",central_cap2,3,0
"2,1,1,2,0,0,6",equity_cap2,3,0
"2,1,1,2,0,0,6",central_full,3,0
"2,1,1,3,1,0,4",bilateral_3pass,6,6
"2,1,1,3,1,0,4",clearinghouse,6,0
"2,1,1,3,1,0,4",public_pool,6,0
"2,1,1,3,1,0,4",subsidized_catch_up,6,0
"2,1,1,3,1,0,4",central_cap2,6,0
"2,1,1,3,1,0,4",equity_cap2,6,0
"2,1,1,3,1,0,4",central_full,6,0
"3,2,2,3,1,2,1",bilateral_3pass,5,0
"3,2,2,3,1,2,1",clearinghouse,5,5
"3,2,2,3,1,2,1",public_pool,5,0
"3,2,2,3,1,2,1",subsidized_catch_up,5,0
"3,2,2,3,1,2,1",central_cap2,5,0
"3,2,2,3,1,2,1",equity_cap2,5,0
"3,2,2,3,1,2,1",central_full,5,0
"2,1,1,3,0,1,2",bilateral_3pass,4,4
"2,1,1,3,0,1,2",clearinghouse,4,0
"2,1,1,3,0,1,2",public_pool,4,0
"2,1,1,3,0,1,2",subsidized_catch_up,4,0
"2,1,1,3,0,1,2",central_cap2,4,0
"2,1,1,3,0,1,2",equity_cap2,4,0
"2,1,1,3,0,1,2",central_full,4,0
"3,1,1,2,0,1,2",bilateral_3pass,1,1
"3,1,1,2,0,1,2",clearinghouse,1,0
"3,1,1,2,0,1,2",public_pool,1,0
"3,1,1,2,0,1,2",subsidized_catch_up,1,0
"3,1,1,2,0,1,2",central_cap2,1,0
"3,1,1,2,0,1,2",equity_cap2,1,0
"3,1,1,2,0,1,2",central_full,1,0
"1,2,2,3,2,0,0",bilateral_3pass,6,1
"1,2,2,3,2,0,0",clearinghouse,6,4
"1,2,2,3,2,0,0",public_pool,6,0
"1,2,2,3,2,0,0",subsidized_catch_up,6,1
"1,2,2,3,2,0,0",central_cap2,6,0
"1,2,2,3,2,0,0",equity_cap2,6,0
"1,2,2,3,2,0,0",central_full,6,0
"2,1,2,3,0,0,2",bilateral_3pass,3,3
"2,1,2,3,0,0,2",clearinghouse,3,0
"2,1,2,3,0,0,2",public_pool,3,0
"2,1,2,3,0,0,2",subsidized_catch_up,3,0
"2,1,2,3,0,0,2",central_cap2,3,0
"2,1,2,3,0,0,2",equity_cap2,3,0
"2,1,2,3,0,0,2",central_full,3,0
"1,2,0,2,1,1,4",bilateral_3pass,1,0
"1,2,0,2,1,1,4",clearinghouse,1,0
"1,2,0,2,1,1,4",public_pool,1,0
"1,2,0,2,1,1,4",subsidized_catch_up,1,1
"1,2,0,2,1,1,4",central_cap2,1,0
"1,2,0,2,1,1,4",equity_cap2,1,0
"1,2,0,2,1,1,4",central_full,1,0
"3,2,0,0,2,2,2",bilateral_3pass,3,0
"3,2,0,0,2,2,2",clearinghouse,3,1
"3,2,0,0,2,2,2",public_pool,3,0
"3,2,0,0,2,2,2",subsidized_catch_up,3,1
"3,2,0,0,2,2,2",central_cap2,3,1
"3,2,0,0,2,2,2",equity_cap2,3,0
"3,2,0,0,2,2,2",central_full,3,0
"3,2,2,2,2,1,4",bilateral_3pass,5,0
"3,2,2,2,2,1,4",clearinghouse,5,3
"3,2,2,2,2,1,4",public_pool,5,0
"3,2,2,2,2,1,4",subsidized_catch_up,5,0
"3,2,2,2,2,1,4",central_cap2,5,2
"3,2,2,2,2,1,4",equity_cap2,5,0
"3,2,2,2,2,1,4",central_full,5,0
"1,1,0,3,1,2,3",bilateral_3pass,1,1
"1,1,0,3,1,2,3",clearinghouse,1,0
"1,1,0,3,1,2,3",public_pool,1,0
"1,1,0,3,1,2,3",subsidized_catch_up,1,0
"1,1,0,3,1,2,3",central_cap2,1,0
"1,1,0,3,1,2,3",equity_cap2,1,0
"1,1,0,3,1,2,3",central_full,1,0
"1,1,0,2,1,0,4",bilateral_3pass,1,1
"1,1,0,2,1,0,4",clearinghouse,1,0
"1,1,0,2,1,0,4",public_pool,1,0
"1,1,0,2,1,0,4",subsidized_catch_up,1,0
"1,1,0,2,1,0,4",central_cap2,1,0
"1,1,0,2,1,0,4",equity_cap2,1,0
"1,1,0,2,1,0,4",central_full,1,0
"2,2,1,3,1,1,2",bilateral_3pass,63,56
"2,2,1,3,1,1,2",clearinghouse,63,4
"2,2,1,3,1,1,2",public_pool,63,2
"2,2,1,3,1,1,2",subsidized_catch_up,63,1
"2,2,1,3,1,1,2",central_cap2,63,0
"2,2,1,3,1,1,2",equity_cap2,63,0
"2,2,1,3,1,1,2",central_full,63,0
"0,1,0,0,0,0,2",bilateral_3pass,1,1
"0,1,0,0,0,0,2",clearinghouse,1,0
"0,1,0,0,0,0,2",public_pool,1,0
"0,1,0,0,0,0,2",subsidized_catch_up,1,0
"0,1,0,0,0,0,2",central_cap2,1,0
"0,1,0,0,0,0,2",equity_cap2,1,0
"0,1,0,0,0,0,2",central_full,1,0
"3,2,1,2,2,1,4",bilateral_3pass,10,0
"3,2,1,2,2,1,4",clearinghouse,10,0
"3,2,1,2,2,1,4",public_pool,10,0
"3,2,1,2,2,1,4",subsidized_catch_up,10,0
"3,2,1,2,2,1,4",central_cap2,10,10
"3,2,1,2,2,1,4",equity_cap2,10,0
"3,2,1,2,2,1,4",central_full,10,0
"1,2,2,3,2,2,3",bilateral_3pass,1,0
"1,2,2,3,2,2,3",clearinghouse,1,0
"1,2,2,3,2,2,3",public_pool,1,0
"1,2,2,3,2,2,3",subsidized_catch_up,1,1
"1,2,2,3,2,2,3",central_cap2,1,0
"1,2,2,3,2,2,3",equity_cap2,1,0
"1,2,2,3,2,2,3",central_full,1,0
"0,2,2,3,0,1,4",bilateral_3pass,8,1
"0,2,2,3,0,1,4",clearinghouse,8,0
"0,2,2,3,0,1,4",public_pool,8,0
"0,2,2,3,0,1,4",subsidized_catch_up,8,7
"0,2,2,3,0,1,4",central_cap2,8,0
"0,2,2,3,0,1,4",equity_cap2,8,0
"0,2,2,3,0,1,4",central_full,8,0
"2,2,2,1,2,1,4",bilateral_3pass,4,4
"2,2,2,1,2,1,4",clearinghouse,4,0
"2,2,2,1,2,1,4",public_pool,4,0
"2,2,2,1,2,1,4",subsidized_catch_up,4,0
"2,2,2,1,2,1,4",central_cap2,4,0
"2,2,2,1,2,1,4",equity_cap2,4,0
"2,2,2,1,2,1,4",central_full,4,0
"1,1,2,1,1,2,3",bilateral_3pass,9,9
"1,1,2,1,1,2,3",clearinghouse,9,0
"1,1,2,1,1,2,3",public_pool,9,0
"1,1,2,1,1,2,3",subsidized_catch_up,9,0
"1,1,2,1,1,2,3",central_cap2,9,0
"1,1,2,1,1,2,3",equity_cap2,9,0
"1,1,2,1,1,2,3",central_full,9,0
"1,1,1,2,1,0,6",bilateral_3pass,10,10
"1,1,1,2,1,0,6",clearinghouse,10,0
"1,1,1,2,1,0,6",public_pool,10,0
"1,1,1,2,1,0,6",subsidized_catch_up,10,0
"1,1,1,2,1,0,6",central_cap2,10,0
"1,1,1,2,1,0,6",equity_cap2,10,0
"1,1,1,2,1,0,6",central_full,10,0
"0,1,2,1,0,2,3",bilateral_3pass,1,0
"0,1,2,1,0,2,3",clearinghouse,1,0
"0,1,2,1,0,2,3",public_pool,1,0
"0,1,2,1,0,2,3",subsidized_catch_up,1,1
"0,1,2,1,0,2,3",central_cap2,1,0
"0,1,2,1,0,2,3",equity_cap2,1,0
"0,1,2,1,0,2,3",central_full,1,0
"1,3,2,2,0,2,1",bilateral_3pass,1,0
"1,3,2,2,0,2,1",clearinghouse,1,0
"1,3,2,2,0,2,1",public_pool,1,0
"1,3,2,2,0,2,1",subsidized_catch_up,1,1
"1,3,2,2,0,2,1",central_cap2,1,0
"1,3,2,2,0,2,1",equity_cap2,1,0
"1,3,2,2,0,2,1",central_full,1,0
"2,2,0,2,0,0,0",bilateral_3pass,13,11
"2,2,0,2,0,0,0",clearinghouse,13,1
"2,2,0,2,0,0,0",public_pool,13,0
"2,2,0,2,0,0,0",subsidized_catch_up,13,1
"2,2,0,2,0,0,0",central_cap2,13,0
"2,2,0,2,0,0,0",equity_cap2,13,0
"2,2,0,2,0,0,0",central_full,13,0
"3,2,1,2,2,1,5",bilateral_3pass,8,5
"3,2,1,2,2,1,5",clearinghouse,8,2
"3,2,1,2,2,1,5",public_pool,8,0
"3,2,1,2,2,1,5",subsidized_catch_up,8,1
"3,2,1,2,2,1,5",central_cap2,8,0
"3,2,1,2,2,1,5",equity_cap2,8,0
"3,2,1,2,2,1,5",central_full,8,0
"2,2,1,3,0,2,1",bilateral_3pass,16,14
"2,2,1,3,0,2,1",clearinghouse,16,1
"2,2,1,3,0,2,1",public_pool,16,0
"2,2,1,3,0,2,1",subsidized_catch_up,16,0
"2,2,1,3,0,2,1",central_cap2,16,0
"2,2,1,3,0,2,1",equity_cap2,16,1
"2,2,1,3,0,2,1",central_full,16,0
"3,1,1,3,0,0,0",bilateral_3pass,4,4
"3,1,1,3,0,0,0",clearinghouse,4,0
"3,1,1,3,0,0,0",public_pool,4,0
"3,1,1,3,0,0,0",subsidized_catch_up,4,0
"3,1,1,3,0,0,0",central_cap2,4,0
"3,1,1,3,0,0,0",equity_cap2,4,0
"3,1,1,3,0,0,0",central_full,4,0
"2,2,1,1,2,2,2",bilateral_3pass,21,15
"2,2,1,1,2,2,2",clearinghouse,21,2
"2,2,1,1,2,2,2",public_pool,21,3
"2,2,1,1,2,2,2",subsidized_catch_up,21,0
"2,2,1,1,2,2,2",central_cap2,21,0
"2,2,1,1,2,2,2",equity_cap2,21,1
"2,2,1,1,2,2,2",central_full,21,0
"3,1,0,1,2,1,2",bilateral_3pass,4,4
"3,1,0,1,2,1,2",clearinghouse,4,0
"3,1,0,1,2,1,2",public_pool,4,0
"3,1,0,1,2,1,2",subsidized_catch_up,4,0
"3,1,0,1,2,1,2",central_cap2,4,0
"3,1,0,1,2,1,2",equity_cap2,4,0
"3,1,0,1,2,1,2",central_full,4,0
"3,3,0,3,2,0,0",bilateral_3pass,8,0
"3,3,0,3,2,0,0",clearinghouse,8,3
"3,3,0,3,2,0,0",public_pool,8,0
"3,3,0,3,2,0,0",subsidized_catch_up,8,0
"3,3,0,3,2,0,0",central_cap2,8,0
"3,3,0,3,2,0,0",equity_cap2,8,5
"3,3,0,3,2,0,0",central_full,8,0
"3,2,1,3,1,1,5",bilateral_3pass,3,0
"3,2,1,3,1,1,5",clearinghouse,3,0
"3,2,1,3,1,1,5",public_pool,3,0
"3,2,1,3,1,1,5",subsidized_catch_up,3,3
"3,2,1,3,1,1,5",central_cap2,3,0
"3,2,1,3,1,1,5",equity_cap2,3,0
"3,2,1,3,1,1,5",central_full,3,0
"2,1,0,1,2,1,4",bilateral_3pass,2,2
"2,1,0,1,2,1,4",clearinghouse,2,0
"2,1,0,1,2,1,4",public_pool,2,0
"2,1,0,1,2,1,4",subsidized_catch_up,2,0
"2,1,0,1,2,1,4",central_cap2,2,0
"2,1,0,1,2,1,4",equity_cap2,2,0
"2,1,0,1,2,1,4",central_full,2,0
"3,1,2,3,1,0,0",bilateral_3pass,19,19
"3,1,2,3,1,0,0",clearinghouse,19,0
"3,1,2,3,1,0,0",public_pool,19,0
"3,1,2,3,1,0,0",subsidized_catch_up,19,0
"3,1,2,3,1,0,0",central_cap2,19,0
"3,1,2,3,1,0,0",equity_cap2,19,0
"3,1,2,3,1,0,0",central_full,19,0
"1,1,2,1,1,2,2",bilateral_3pass,4,4
"1,1,2,1,1,2,2",clearinghouse,4,0
"1,1,2,1,1,2,2",public_pool,4,0
"1,1,2,1,1,2,2",subsidized_catch_up,4,0
"1,1,2,1,1,2,2",central_cap2,4,0
"1,1,2,1,1,2,2",equity_cap2,4,0
"1,1,2,1,1,2,2",central_full,4,0
"1,2,2,1,0,0,3",bilateral_3pass,24,22
"1,2,2,1,0,0,3",clearinghouse,24,2
"1,2,2,1,0,0,3",public_pool,24,0
"1,2,2,1,0,0,3",subsidized_catch_up,24,0
"1,2,2,1,0,0,3",central_cap2,24,0
"1,2,2,1,0,0,3",equity_cap2,24,0
"1,2,2,1,0,0,3",central_full,24,0
"3,1,2,3,0,2,0",bilateral_3pass,6,6
"3,1,2,3,0,2,0",clearinghouse,6,0
"3,1,2,3,0,2,0",public_pool,6,0
"3,1,2,3,0,2,0",subsidized_catch_up,6,0
"3,1,2,3,0,2,0",central_cap2,6,0
"3,1,2,3,0,2,0",equity_cap2,6,0
"3,1,2,3,0,2,0",central_full,6,0
"2,1,2,2,0,2,2",bilateral_3pass,1,1
"2,1,2,2,0,2,2",clearinghouse,1,0
"2,1,2,2,0,2,2",public_pool,1,0
"2,1,2,2,0,2,2",subsidized_catch_up,1,0
"2,1,2,2,0,2,2",central_cap2,1,0
"2,1,2,2,0,2,2",equity_cap2,1,0
"2,1,2,2,0,2,2",central_full,1,0
"3,2,2,3,0,1,1",bilateral_3pass,2,0
"3,2,2,3,0,1,1",clearinghouse,2,0
"3,2,2,3,0,1,1",public_pool,2,0
"3,2,2,3,0,1,1",subsidized_catch_up,2,2
"3,2,2,3,0,1,1",central_cap2,2,0
"3,2,2,3,0,1,1",equity_cap2,2,0
"3,2,2,3,0,1,1",central_full,2,0
"2,2,1,2,0,2,3",bilateral_3pass,25,0
"2,2,1,2,0,2,3",clearinghouse,25,24
"2,2,1,2,0,2,3",public_pool,25,0
"2,2,1,2,0,2,3",subsidized_catch_up,25,0
"2,2,1,2,0,2,3",central_cap2,25,1
"2,2,1,2,0,2,3",equity_cap2,25,0
"2,2,1,2,0,2,3",central_full,25,0
"3,2,1,1,0,1,2",bilateral_3pass,1,0
"3,2,1,1,0,1,2",clearinghouse,1,0
"3,2,1,1,0,1,2",public_pool,1,0
"3,2,1,1,0,1,2",subsidized_catch_up,1,1
"3,2,1,1,0,1,2",central_cap2,1,0
"3,2,1,1,0,1,2",equity_cap2,1,0
"3,2,1,1,0,1,2",central_full,1,0
"2,1,0,1,2,1,3",bilateral_3pass,13,12
"2,1,0,1,2,1,3",clearinghouse,13,0
"2,1,0,1,2,1,3",public_pool,13,0
"2,1,0,1,2,1,3",subsidized_catch_up,13,1
"2,1,0,1,2,1,3",central_cap2,13,0
"2,1,0,1,2,1,3",equity_cap2,13,0
"2,1,0,1,2,1,3",central_full,13,0
"2,1,1,2,2,0,4",bilateral_3pass,4,4
"2,1,1,2,2,0,4",clearinghouse,4,0
"2,1,1,2,2,0,4",public_pool,4,0
"2,1,1,2,2,0,4",subsidized_catch_up,4,0
"2,1,1,2,2,0,4",central_cap2,4,0
"2,1,1,2,2,0,4",equity_cap2,4,0
"2,1,1,2,2,0,4",central_full,4,0
"1,1,2,2,1,2,5",bilateral_3pass,4,4
"1,1,2,2,1,2,5",clearinghouse,4,0
"1,1,2,2,1,2,5",public_pool,4,0
"1,1,2,2,1,2,5",subsidized_catch_up,4,0
"1,1,2,2,1,2,5",central_cap2,4,0
"1,1,2,2,1,2,5",equity_cap2,4,0
"1,1,2,2,1,2,5",central_full,4,0
"3,1,0,3,1,2,2",bilateral_3pass,9,9
"3,1,0,3,1,2,2",clearinghouse,9,0
"3,1,0,3,1,2,2",public_pool,9,0
"3,1,0,3,1,2,2",subsidized_catch_up,9,0
"3,1,0,3,1,2,2",central_cap2,9,0
"3,1,0,3,1,2,2",equity_cap2,9,0
"3,1,0,3,1,2,2",central_full,9,0
"2,1,0,1,1,1,3",bilateral_3pass,34,34
"2,1,0,1,1,1,3",clearinghouse,34,0
"2,1,0,1,1,1,3",public_pool,34,0
"2,1,0,1,1,1,3",subsidized_catch_up,34,0
"2,1,0,1,1,1,3",central_cap2,34,0
"2,1,0,1,1,1,3",equity_cap2,34,0
"2,1,0,1,1,1,3",central_full,34,0
"1,3,2,1,0,0,0",bilateral_3pass,23,3
"1,3,2,1,0,0,0",clearinghouse,23,0
"1,3,2,1,0,0,0",public_pool,23,0
"1,3,2,1,0,0,0",subsidized_catch_up,23,0
"1,3,2,1,0,0,0",central_cap2,23,1
"1,3,2,1,0,0,0",equity_cap2,23,18
"1,3,2,1,0,0,0",central_full,23,1
"3,2,0,2,0,2,1",bilateral_3pass,1,1
"3,2,0,2,0,2,1",clearinghouse,1,0
"3,2,0,2,0,2,1",public_pool,1,0
"3,2,0,2,0,2,1",subsidized_catch_up,1,0
"3,2,0,2,0,2,1",central_cap2,1,0
"3,2,0,2,0,2,1",equity_cap2,1,0
"3,2,0,2,0,2,1",central_full,1,0
"1,2,2,3,1,1,5",bilateral_3pass,17,2
"1,2,2,3,1,1,5",clearinghouse,17,15
"1,2,2,3,1,1,5",public_pool,17,0
"1,2,2,3,1,1,5",subsidized_catch_up,17,0
"1,2,2,3,1,1,5",central_cap2,17,0
"1,2,2,3,1,1,5",equity_cap2,17,0
"1,2,2,3,1,1,5",central_full,17,0
"1,1,2,3,2,1,1",bilateral_3pass,3,3
"1,1,2,3,2,1,1",clearinghouse,3,0
"1,1,2,3,2,1,1",public_pool,3,0
"1,1,2,3,2,1,1",subsidized_catch_up,3,0
"1,1,2,3,2,1,1",central_cap2,3,0
"1,1,2,3,2,1,1",equity_cap2,3,0
"1,1,2,3,2,1,1",central_full,3,0
"2,2,2,3,0,0,1",bilateral_3pass,3,0
"2,2,2,3,0,0,1",clearinghouse,3,3
"2,2,2,3,0,0,1",public_pool,3,0
"2,2,2,3,0,0,1",subsidized_catch_up,3,0
"2,2,2,3,0,0,1",central_cap2,3,0
"2,2,2,3,0,0,1",equity_cap2,3,0
"2,2,2,3,0,0,1",central_full,3,0
"3,3,0,1,2,2,0",bilateral_3pass,46,2
"3,3,0,1,2,2,0",clearinghouse,46,1
"3,3,0,1,2,2,0",public_pool,46,1
"3,3,0,1,2,2,0",subsidized_catch_up,46,39
"3,3,0,1,2,2,0",central_cap2,46,1
"3,3,0,1,2,2,0",equity_cap2,46,2
"3,3,0,1,2,2,0",central_full,46,0
"2,2,1,2,0,2,2",bilateral_3pass,2,0
"2,2,1,2,0,2,2",clearinghouse,2,0
"2,2,1,2,0,2,2",public_pool,2,0
"2,2,1,2,0,2,2",subsidized_catch_up,2,2
"2,2,1,2,0,2,2",central_cap2,2,0
"2,2,1,2,0,2,2",equity_cap2,2,0
"2,2,1,2,0,2,2",central_full,2,0
"2,1,0,2,0,1,0",bilateral_3pass,11,11
"2,1,0,2,0,1,0",clearinghouse,11,0
"2,1,0,2,0,1,0",public_pool,11,0
"2,1,0,2,0,1,0",subsidized_catch_up,11,0
"2,1,0,2,0,1,0",central_cap2,11,0
"2,1,0,2,0,1,0",equity_cap2,11,0
"2,1,0,2,0,1,0",central_full,11,0
"3,3,0,2,2,1,0",bilateral_3pass,41,1
"3,3,0,2,2,1,0",clearinghouse,41,0
"3,3,0,2,2,1,0",public_pool,41,1
"3,3,0,2,2,1,0",subsidized_catch_up,41,0
"3,3,0,2,2,1,0",central_cap2,41,0
"3,3,0,2,2,1,0",equity_cap2,41,1
"3,3,0,2,2,1,0",central_full,41,38
"3,1,2,1,0,2,5",bilateral_3pass,3,3
"3,1,2,1,0,2,5",clearinghouse,3,0
"3,1,2,1,0,2,5",public_pool,3,0
"3,1,2,1,0,2,5",subsidized_catch_up,3,0
"3,1,2,1,0,2,5",central_cap2,3,0
"3,1,2,1,0,2,5",equity_cap2,3,0
"3,1,2,1,0,2,5",central_full,3,0
"1,2,1,3,1,2,3",bilateral_3pass,24,1
"1,2,1,3,1,2,3",clearinghouse,24,1
"1,2,1,3,1,2,3",public_pool,24,0
"1,2,1,3,1,2,3",subsidized_catch_up,24,21
"1,2,1,3,1,2,3",central_cap2,24,1
"1,2,1,3,1,2,3",equity_cap2,24,0
"1,2,1,3,1,2,3",central_full,24,0
"2,2,1,3,2,1,5",bilateral_3pass,9,0
"2,2,1,3,2,1,5",clearinghouse,9,2
"2,2,1,3,2,1,5",public_pool,9,0
"2,2,1,3,2,1,5",subsidized_catch_up,9,0
"2,2,1,3,2,1,5",central_cap2,9,1
"2,2,1,3,2,1,5",equity_cap2,9,6
"2,2,1,3,2,1,5",central_full,9,0
"3,1,2,1,0,2,0",bilateral_3pass,11,11
"3,1,2,1,0,2,0",clearinghouse,11,0
"3,1,2,1,0,2,0",public_pool,11,0
"3,1,2,1,0,2,0",subsidized_catch_up,11,0
"3,1,2,1,0,2,0",central_cap2,11,0
"3,1,2,1,0,2,0",equity_cap2,11,0
"3,1,2,1,0,2,0",central_full,11,0
"3,2,1,1,2,1,4",bilateral_3pass,14,3
"3,2,1,1,2,1,4",clearinghouse,14,0
"3,2,1,1,2,1,4",public_pool,14,0
"3,2,1,1,2,1,4",subsidized_catch_up,14,0
"3,2,1,1,2,1,4",central_cap2,14,11
"3,2,1,1,2,1,4",equity_cap2,14,0
"3,2,1,1,2,1,4",central_full,14,0
"3,1,2,2,1,2,4",bilateral_3pass,7,7
"3,1,2,2,1,2,4",clearinghouse,7,0
"3,1,2,2,1,2,4",public_pool,7,0
"3,1,2,2,1,2,4",subsidized_catch_up,7,0
"3,1,2,2,1,2,4",central_cap2,7,0
"3,1,2,2,1,2,4",equity_cap2,7,0
"3,1,2,2,1,2,4",central_full,7,0
"3,1,1,2,0,1,1",bilateral_3pass,5,5
"3,1,1,2,0,1,1",clearinghouse,5,0
"3,1,1,2,0,1,1",public_pool,5,0
"3,1,1,2,0,1,1",subsidized_catch_up,5,0
"3,1,1,2,0,1,1",central_cap2,5,0
"3,1,1,2,0,1,1",equity_cap2,5,0
"3,1,1,2,0,1,1",central_full,5,0
"2,1,1,2,1,0,4",bilateral_3pass,2,2
"2,1,1,2,1,0,4",clearinghouse,2,0
"2,1,1,2,1,0,4",public_pool,2,0
"2,1,1,2,1,0,4",subsidized_catch_up,2,0
"2,1,1,2,1,0,4",central_cap2,2,0
"2,1,1,2,1,0,4",equity_cap2,2,0
"2,1,1,2,1,0,4",central_full,2,0
"0,1,1,2,0,1,6",bilateral_3pass,15,15
"0,1,1,2,0,1,6",clearinghouse,15,0
"0,1,1,2,0,1,6",public_pool,15,0
"0,1,1,2,0,1,6",subsidized_catch_up,15,0
"0,1,1,2,0,1,6",central_cap2,15,0
"0,1,1,2,0,1,6",equity_cap2,15,0
"0,1,1,2,0,1,6",central_full,15,0
"1,1,0,3,1,0,1",bilateral_3pass,6,5
"1,1,0,3,1,0,1",clearinghouse,6,1
"1,1,0,3,1,0,1",public_pool,6,0
"1,1,0,3,1,0,1",subsidized_catch_up,6,0
"1,1,0,3,1,0,1",central_cap2,6,0
"1,1,0,3,1,0,1",equity_cap2,6,0
"1,1,0,3,1,0,1",central_full,6,0
"2,3,0,1,1,2,0",bilateral_3pass,7,7
"2,3,0,1,1,2,0",clearinghouse,7,0
"2,3,0,1,1,2,0",public_pool,7,0
"2,3,0,1,1,2,0",subsidized_catch_up,7,0
"2,3,0,1,1,2,0",central_cap2,7,0
"2,3,0,1,1,2,0",equity_cap2,7,0
"2,3,0,1,1,2,0",central_full,7,0
"2,3,1,1,2,1,3",bilateral_3pass,2,0
"2,3,1,1,2,1,3",clearinghouse,2,0
"2,3,1,1,2,1,3",public_pool,2,0
"2,3,1,1,2,1,3",subsidized_catch_up,2,2
"2,3,1,1,2,1,3",central_cap2,2,0
"2,3,1,1,2,1,3",equity_cap2,2,0
"2,3,1,1,2,1,3",central_full,2,0
"2,2,2,2,0,1,3",bilateral_3pass,35,30
"2,2,2,2,0,1,3",clearinghouse,35,3
"2,2,2,2,0,1,3",public_pool,35,0
"2,2,2,2,0,1,3",subsidized_catch_up,35,1
"2,2,2,2,0,1,3",central_cap2,35,1
"2,2,2,2,0,1,3",equity_cap2,35,0
"2,2,2,2,0,1,3",central_full,35,0
"2,3,2,2,0,1,0",bilateral_3pass,28,0
"2,3,2,2,0,1,0",clearinghouse,28,0
"2,3,2,2,0,1,0",public_pool,28,1
"2,3,2,2,0,1,0",subsidized_catch_up,28,1
"2,3,2,2,0,1,0",central_cap2,28,0
"2,3,2,2,0,1,0",equity_cap2,28,1
"2,3,2,2,0,1,0",central_full,28,25
"2,2,1,2,0,1,3",bilateral_3pass,36,0
"2,2,1,2,0,1,3",clearinghouse,36,3
"2,2,1,2,0,1,3",public_pool,36,1
"2,2,1,2,0,1,3",subsidized_catch_up,36,30
"2,2,1,2,0,1,3",central_cap2,36,1
"2,2,1,2,0,1,3",equity_cap2,36,1
"2,2,1,2,0,1,3",central_full,36,0
"1,1,0,3,0,0,4",bilateral_3pass,1,1
"1,1,0,3,0,0,4",clearinghouse,1,0
"1,1,0,3,0,0,4",public_pool,1,0
"1,1,0,3,0,0,4",subsidized_catch_up,1,0
"1,1,0,3,0,0,4",central_cap2,1,0
"1,1,0,3,0,0,4",equity_cap2,1,0
"1,1,0,3,0,0,4",central_full,1,0
"1,2,2,3,0,2,4",bilateral_3pass,4,0
"1,2,2,3,0,2,4",clearinghouse,4,1
"1,2,2,3,0,2,4",public_pool,4,0
"1,2,2,3,0,2,4",subsidized_catch_up,4,3
"1,2,2,3,0,2,4",central_cap2,4,0
"1,2,2,3,0,2,4",equity_cap2,4,0
"1,2,2,3,0,2,4",central_full,4,0
"3,1,0,0,1,2,3",bilateral_3pass,2,2
"3,1,0,0,1,2,3",clearinghouse,2,0
"3,1,0,0,1,2,3",public_pool,2,0
"3,1,0,0,1,2,3",subsidized_catch_up,2,0
"3,1,0,0,1,2,3",central_cap2,2,0
"3,1,0,0,1,2,3",equity_cap2,2,0
"3,1,0,0,1,2,3",central_full,2,0
"2,2,2,3,2,2,1",bilateral_3pass,14,1
"2,2,2,3,2,2,1",clearinghouse,14,13
"2,2,2,3,2,2,1",public_pool,14,0
"2,2,2,3,2,2,1",subsidized_catch_up,14,0
"2,2,2,3,2,2,1",central_cap2,14,0
"2,2,2,3,2,2,1",equity_cap2,14,0
"2,2,2,3,2,2,1",central_full,14,0
"3,1,1,3,1,0,4",bilateral_3pass,5,5
"3,1,1,3,1,0,4",clearinghouse,5,0
"3,1,1,3,1,0,4",public_pool,5,0
"3,1,1,3,1,0,4",subsidized_catch_up,5,0
"3,1,1,3,1,0,4",central_cap2,5,0
"3,1,1,3,1,0,4",equity_cap2,5,0
"3,1,1,3,1,0,4",central_full,5,0
"3,2,1,2,2,0,3",bilateral_3pass,4,0
"3,2,1,2,2,0,3",clearinghouse,4,4
"3,2,1,2,2,0,3",public_pool,4,0
"3,2,1,2,2,0,3",subsidized_catch_up,4,0
"3,2,1,2,2,0,3",central_cap2,4,0
"3,2,1,2,2,0,3",equity_cap2,4,0
"3,2,1,2,2,0,3",central_full,4,0
"2,1,0,3,2,0,3",bilateral_3pass,5,4
"2,1,0,3,2,0,3",clearinghouse,5,0
"2,1,0,3,2,0,3",public_pool,5,0
"2,1,0,3,2,0,3",subsidized_catch_up,5,1
"2,1,0,3,2,0,3",central_cap2,5,0
"2,1,0,3,2,0,3",equity_cap2,5,0
"2,1,0,3,2,0,3",central_full,5,0
"1,3,2,1,0,1,5",bilateral_3pass,1,0
"1,3,2,1,0,1,5",clearinghouse,1,0
"1,3,2,1,0,1,5",public_pool,1,0
"1,3,2,1,0,1,5",subsidized_catch_up,1,1
"1,3,2,1,0,1,5",central_cap2,1,0
"1,3,2,1,0,1,5",equity_cap2,1,0
"1,3,2,1,0,1,5",central_full,1,0
"3,2,2,2,2,1,3",bilateral_3pass,27,1
"3,2,2,2,2,1,3",clearinghouse,27,1
"3,2,2,2,2,1,3",public_pool,27,0
"3,2,2,2,2,1,3",subsidized_catch_up,27,24
"3,2,2,2,2,1,3",central_cap2,27,1
"3,2,2,2,2,1,3",equity_cap2,27,0
"3,2,2,2,2,1,3",central_full,27,0
"3,2,0,3,1,1,4",bilateral_3pass,2,2
"3,2,0,3,1,1,4",clearinghouse,2,0
"3,2,0,3,1,1,4",public_pool,2,0
"3,2,0,3,1,1,4",subsidized_catch_up,2,0
"3,2,0,3,1,1,4",central_cap2,2,0
"3,2,0,3,1,1,4",equity_cap2,2,0
"3,2,0,3,1,1,4",central_full,2,0
"1,2,1,3,0,2,4",bilateral_3pass,2,0
"1,2,1,3,0,2,4",clearinghouse,2,0
"1,2,1,3,0,2,4",public_pool,2,0
"1,2,1,3,0,2,4",subsidized_catch_up,2,2
"1,2,1,3,0,2,4",central_cap2,2,0
"1,2,1,3,0,2,4",equity_cap2,2,0
"1,2,1,3,0,2,4",central_full,2,0
"2,1,2,1,0,2,2",bilateral_3pass,3,3
"2,1,2,1,0,2,2",clearinghouse,3,0
"2,1,2,1,0,2,2",public_pool,3,0
"2,1,2,1,0,2,2",subsidized_catch_up,3,0
"2,1,2,1,0,2,2",central_cap2,3,0
"2,1,2,1,0,2,2",equity_cap2,3,0
"2,1,2,1,0,2,2",central_full,3,0
"1,1,1,1,0,0,6",bilateral_3pass,22,22
"1,1,1,1,0,0,6",clearinghouse,22,0
"1,1,1,1,0,0,6",public_pool,22,0
"1,1,1,1,0,0,6",subsidized_catch_up,22,0
"1,1,1,1,0,0,6",central_cap2,22,0
"1,1,1,1,0,0,6",equity_cap2,22,0
"1,1,1,1,0,0,6",central_full,22,0
"3,1,2,2,0,0,0",bilateral_3pass,1,1
"3,1,2,2,0,0,0",clearinghouse,1,0
"3,1,2,2,0,0,0",public_pool,1,0
"3,1,2,2,0,0,0",subsidized_catch_up,1,0
"3,1,2,2,0,0,0",central_cap2,1,0
"3,1,2,2,0,0,0",equity_cap2,1,0
"3,1,2,2,0,0,0",central_full,1,0
"1,2,2,3,0,2,1",bilateral_3pass,25,0
"1,2,2,3,0,2,1",clearinghouse,25,0
"1,2,2,3,0,2,1",public_pool,25,0
"1,2,2,3,0,2,1",subsidized_catch_up,25,24
"1,2,2,3,0,2,1",central_cap2,25,0
"1,2,2,3,0,2,1",equity_cap2,25,1
"1,2,2,3,0,2,1",central_full,25,0
"1,2,2,3,1,0,3",bilateral_3pass,14,0
"1,2,2,3,1,0,3",clearinghouse,14,10
"1,2,2,3,1,0,3",public_pool,14,0
"1,2,2,3,1,0,3",subsidized_catch_up,14,3
"1,2,2,3,1,0,3",central_cap2,14,1
"1,2,2,3,1,0,3",equity_cap2,14,0
"1,2,2,3,1,0,3",central_full,14,0
"2,1,0,3,1,1,2",bilateral_3pass,7,7
"2,1,0,3,1,1,2",clearinghouse,7,0
"2,1,0,3,1,1,2",public_pool,7,0
"2,1,0,3,1,1,2",subsidized_catch_up,7,0
"2,1,0,3,1,1,2",central_cap2,7,0
"2,1,0,3,1,1,2",equity_cap2,7,0
"2,1,0,3,1,1,2",central_full,7,0
"1,2,1,3,0,0,5",bilateral_3pass,5,0
"1,2,1,3,0,0,5",clearinghouse,5,2
"1,2,1,3,0,0,5",public_pool,5,1
"1,2,1,3,0,0,5",subsidized_catch_up,5,0
"1,2,1,3,0,0,5",central_cap2,5,0
"1,2,1,3,0,0,5",equity_cap2,5,2
"1,2,1,3,0,0,5",central_full,5,0
"1,2,2,2,1,1,1",bilateral_3pass,33,0
"1,2,2,2,1,1,1",clearinghouse,33,30
"1,2,2,2,1,1,1",public_pool,33,1
"1,2,2,2,1,1,1",subsidized_catch_up,33,1
"1,2,2,2,1,1,1",central_cap2,33,1
"1,2,2,2,1,1,1",equity_cap2,33,0
"1,2,2,2,1,1,1",central_full,33,0
"3,3,1,2,2,2,2",bilateral_3pass,3,0
"3,3,1,2,2,2,2",clearinghouse,3,3
"3,3,1,2,2,2,2",public_pool,3,0
"3,3,1,2,2,2,2",subsidized_catch_up,3,0
"3,3,1,2,2,2,2",central_cap2,3,0
"3,3,1,2,2,2,2",equity_cap2,3,0
"3,3,1,2,2,2,2",central_full,3,0
"1,2,2,2,1,1,4",bilateral_3pass,3,3
"1,2,2,2,1,1,4",clearinghouse,3,0
"1,2,2,2,1,1,4",public_pool,3,0
"1,2,2,2,1,1,4",subsidized_catch_up,3,0
"1,2,2,2,1,1,4",central_cap2,3,0
"1,2,2,2,1,1,4",equity_cap2,3,0
"1,2,2,2,1,1,4",central_full,3,0
"1,2,2,1,2,2,0",bilateral_3pass,3,0
"1,2,2,1,2,2,0",clearinghouse,3,0
"1,2,2,1,2,2,0",public_pool,3,0
"1,2,2,1,2,2,0",subsidized_catch_up,3,3
"1,2,2,1,2,2,0",central_cap2,3,0
"1,2,2,1,2,2,0",equity_cap2,3,0
"1,2,2,1,2,2,0",central_full,3,0
"2,3,0,2,2,2,0",bilateral_3pass,8,0
"2,3,0,2,2,2,0",clearinghouse,8,0
"2,3,0,2,2,2,0",public_pool,8,0
"2,3,0,2,2,2,0",subsidized_catch_up,8,8
"2,3,0,2,2,2,0",central_cap2,8,0
"2,3,0,2,2,2,0",equity_cap2,8,0
"2,3,0,2,2,2,0",central_full,8,0
"2,2,2,2,2,2,1",bilateral_3pass,11,0
"2,2,2,2,2,2,1",clearinghouse,11,11
"2,2,2,2,2,2,1",public_pool,11,0
"2,2,2,2,2,2,1",subsidized_catch_up,11,0
"2,2,2,2,2,2,1",central_cap2,11,0
"2,2,2,2,2,2,1",equity_cap2,11,0
"2,2,2,2,2,2,1",central_full,11,0
"0,2,0,3,0,1,3",bilateral_3pass,9,7
"0,2,0,3,0,1,3",clearinghouse,9,0
"0,2,0,3,0,1,3",public_pool,9,2
"0,2,0,3,0,1,3",subsidized_catch_up,9,0
"0,2,0,3,0,1,3",central_cap2,9,0
"0,2,0,3,0,1,3",equity_cap2,9,0
"0,2,0,3,0,1,3",central_full,9,0
"3,1,0,2,2,0,3",bilateral_3pass,4,1
"3,1,0,2,2,0,3",clearinghouse,4,0
"3,1,0,2,2,0,3",public_pool,4,0
"3,1,0,2,2,0,3",subsidized_catch_up,4,3
"3,1,0,2,2,0,3",central_cap2,4,0
"3,1,0,2,2,0,3",equity_cap2,4,0
"3,1,0,2,2,0,3",central_full,4,0
"1,1,0,2,1,0,3",bilateral_3pass,4,4
"1,1,0,2,1,0,3",clearinghouse,4,0
"1,1,0,2,1,0,3",public_pool,4,0
"1,1,0,2,1,0,3",subsidized_catch_up,4,0
"1,1,0,2,1,0,3",central_cap2,4,0
"1,1,0,2,1,0,3",equity_cap2,4,0
"1,1,0,2,1,0,3",central_full,4,0
"3,1,1,1,1,0,4",bilateral_3pass,3,3
"3,1,1,1,1,0,4",clearinghouse,3,0
"3,1,1,1,1,0,4",public_pool,3,0
"3,1,1,1,1,0,4",subsidized_catch_up,3,0
"3,1,1,1,1,0,4",central_cap2,3,0
"3,1,1,1,1,0,4",equity_cap2,3,0
"3,1,1,1,1,0,4",central_full,3,0
"1,2,0,0,0,0,0",bilateral_3pass,3,3
"1,2,0,0,0,0,0",clearinghouse,3,0
"1,2,0,0,0,0,0",public_pool,3,0
"1,2,0,0,0,0,0",subsidized_catch_up,3,0
"1,2,0,0,0,0,0",central_cap2,3,0
"1,2,0,0,0,0,0",equity_cap2,3,0
"1,2,0,0,0,0,0",central_full,3,0
"3,3,0,2,1,2,0",bilateral_3pass,10,0
"3,3,0,2,1,2,0",clearinghouse,10,0
"3,3,0,2,1,2,0",public_pool,10,0
"3,3,0,2,1,2,0",subsidized_catch_up,10,0
"3,3,0,2,1,2,0",central_cap2,10,10
"3,3,0,2,1,2,0",equity_cap2,10,0
"3,3,0,2,1,2,0",central_full,10,0
"3,2,2,3,2,2,4",bilateral_3pass,4,1
"3,2,2,3,2,2,4",clearinghouse,4,0
"3,2,2,3,2,2,4",public_pool,4,0
"3,2,2,3,2,2,4",subsidized_catch_up,4,2
"3,2,2,3,2,2,4",central_cap2,4,0
"3,2,2,3,2,2,4",equity_cap2,4,1
"3,2,2,3,2,2,4",central_full,4,0
"0,3,1,1,0,1,5",bilateral_3pass,1,0
"0,3,1,1,0,1,5",clearinghouse,1,0
"0,3,1,1,0,1,5",public_pool,1,0
"0,3,1,1,0,1,5",subsidized_catch_up,1,0
"0,3,1,1,0,1,5",central_cap2,1,0
"0,3,1,1,0,1,5",equity_cap2,1,0
"0,3,1,1,0,1,5",central_full,1,1
"3,1,0,0,2,1,3",bilateral_3pass,3,3
"3,1,0,0,2,1,3",clearinghouse,3,0
"3,1,0,0,2,1,3",public_pool,3,0
"3,1,0,0,2,1,3",subsidized_catch_up,3,0
"3,1,0,0,2,1,3",central_cap2,3,0
"3,1,0,0,2,1,3",equity_cap2,3,0
"3,1,0,0,2,1,3",central_full,3,0
"2,2,1,3,1,1,5",bilateral_3pass,11,10
"2,2,1,3,1,1,5",clearinghouse,11,0
"2,2,1,3,1,1,5",public_pool,11,0
"2,2,1,3,1,1,5",subsidized_catch_up,11,0
"2,2,1,3,1,1,5",central_cap2,11,0
"2,2,1,3,1,1,5",equity_cap2,11,1
"2,2,1,3,1,1,5",central_full,11,0
"2,1,1,3,2,0,4",bilateral_3pass,6,6
"2,1,1,3,2,0,4",clearinghouse,6,0
"2,1,1,3,2,0,4",public_pool,6,0
"2,1,1,3,2,0,4",subsidized_catch_up,6,0
"2,1,1,3,2,0,4",central_cap2,6,0
"2,1,1,3,2,0,4",equity_cap2,6,0
"2,1,1,3,2,0,4",central_full,6,0
"2,2,2,3,2,0,3",bilateral_3pass,16,11
"2,2,2,3,2,0,3",clearinghouse,16,1
"2,2,2,3,2,0,3",public_pool,16,0
"2,2,2,3,2,0,3",subsidized_catch_up,16,4
"2,2,2,3,2,0,3",central_cap2,16,0
"2,2,2,3,2,0,3",equity_cap2,16,0
"2,2,2,3,2,0,3",central_full,16,0
"1,3,1,1,0,1,3",bilateral_3pass,1,0
"1,3,1,1,0,1,3",clearinghouse,1,1
"1,3,1,1,0,1,3",public_pool,1,0
"1,3,1,1,0,1,3",subsidized_catch_up,1,0
"1,3,1,1,0,1,3",central_cap2,1,0
"1,3,1,1,0,1,3",equity_cap2,1,0
"1,3,1,1,0,1,3",central_full,1,0
"2,2,2,1,0,0,3",bilateral_3pass,17,15
"2,2,2,1,0,0,3",clearinghouse,17,0
"2,2,2,1,0,0,3",public_pool,17,0
"2,2,2,1,0,0,3",subsidized_catch_up,17,1
"2,2,2,1,0,0,3",central_cap2,17,1
"2,2,2,1,0,0,3",equity_cap2,17,0
"2,2,2,1,0,0,3",central_full,17,0
"1,1,1,3,2,0,1",bilateral_3pass,1,0
"1,1,1,3,2,0,1",clearinghouse,1,1
"1,1,1,3,2,0,1",public_pool,1,0
"1,1,1,3,2,0,1",subsidized_catch_up,1,0
"1,1,1,3,2,0,1",central_cap2,1,0
"1,1,1,3,2,0,1",equity_cap2,1,0
"1,1,1,3,2,0,1",central_full,1,0
"2,2,1,1,1,1,5",bilateral_3pass,19,18
"2,2,1,1,1,1,5",clearinghouse,19,0
"2,2,1,1,1,1,5",public_pool,19,0
"2,2,1,1,1,1,5",subsidized_catch_up,19,0
"2,2,1,1,1,1,5",central_cap2,19,0
"2,2,1,1,1,1,5",equity_cap2,19,1
"2,2,1,1,1,1,5",central_full,19,0
"2,3,2,3,2,1,0",bilateral_3pass,31,1
"2,3,2,3,2,1,0",clearinghouse,31,0
"2,3,2,3,2,1,0",public_pool,31,27
"2,3,2,3,2,1,0",subsidized_catch_up,31,0
"2,3,2,3,2,1,0",central_cap2,31,0
"2,3,2,3,2,1,0",equity_cap2,31,0
"2,3,2,3,2,1,0",central_full,31,3
"2,2,1,3,2,0,2",bilateral_3pass,4,0
"2,2,1,3,2,0,2",clearinghouse,4,4
"2,2,1,3,2,0,2",public_pool,4,0
"2,2,1,3,2,0,2",subsidized_catch_up,4,0
"2,2,1,3,2,0,2",central_cap2,4,0
"2,2,1,3,2,0,2",equity_cap2,4,0
"2,2,1,3,2,0,2",central_full,4,0
"3,2,2,3,2,1,1",bilateral_3pass,35,2
"3,2,2,3,2,1,1",clearinghouse,35,0
"3,2,2,3,2,1,1",public_pool,35,0
"3,2,2,3,2,1,1",subsidized_catch_up,35,33
"3,2,2,3,2,1,1",central_cap2,35,0
"3,2,2,3,2,1,1",equity_cap2,35,0
"3,2,2,3,2,1,1",central_full,35,0
"2,2,2,3,2,1,5",bilateral_3pass,8,7
"2,2,2,3,2,1,5",clearinghouse,8,1
"2,2,2,3,2,1,5",public_pool,8,0
"2,2,2,3,2,1,5",subsidized_catch_up,8,0
"2,2,2,3,2,1,5",central_cap2,8,0
"2,2,2,3,2,1,5",equity_cap2,8,0
"2,2,2,3,2,1,5",central_full,8,0
"1,2,0,0,1,1,0",bilateral_3pass,2,0
"1,2,0,0,1,1,0",clearinghouse,2,0
"1,2,0,0,1,1,0",public_pool,2,0
"1,2,0,0,1,1,0",subsidized_catch_up,2,2
"1,2,0,0,1,1,0",central_cap2,2,0
"1,2,0,0,1,1,0",equity_cap2,2,0
"1,2,0,0,1,1,0",central_full,2,0
"3,1,2,2,0,1,3",bilateral_3pass,6,5
"3,1,2,2,0,1,3",clearinghouse,6,0
"3,1,2,2,0,1,3",public_pool,6,0
"3,1,2,2,0,1,3",subsidized_catch_up,6,1
"3,1,2,2,0,1,3",central_cap2,6,0
"3,1,2,2,0,1,3",equity_cap2,6,0
"3,1,2,2,0,1,3",central_full,6,0
"2,3,0,1,2,1,0",bilateral_3pass,14,0
"2,3,0,1,2,1,0",clearinghouse,14,0
"2,3,0,1,2,1,0",public_pool,14,12
"2,3,0,1,2,1,0",subsidized_catch_up,14,0
"2,3,0,1,2,1,0",central_cap2,14,0
"2,3,0,1,2,1,0",equity_cap2,14,0
"2,3,0,1,2,1,0",central_full,14,2
"2,1,2,3,2,1,6",bilateral_3pass,4,4
"2,1,2,3,2,1,6",clearinghouse,4,0
"2,1,2,3,2,1,6",public_pool,4,0
"2,1,2,3,2,1,6",subsidized_catch_up,4,0
"2,1,2,3,2,1,6",central_cap2,4,0
"2,1,2,3,2,1,6",equity_cap2,4,0
"2,1,2,3,2,1,6",central_full,4,0
"2,2,1,2,1,0,4",bilateral_3pass,5,3
"2,2,1,2,1,0,4",clearinghouse,5,2
"2,2,1,2,1,0,4",public_pool,5,0
"2,2,1,2,1,0,4",subsidized_catch_up,5,0
"2,2,1,2,1,0,4",central_cap2,5,0
"2,2,1,2,1,0,4",equity_cap2,5,0
"2,2,1,2,1,0,4",central_full,5,0
"2,3,1,3,1,0,0",bilateral_3pass,26,0
"2,3,1,3,1,0,0",clearinghouse,26,0
"2,3,1,3,1,0,0",public_pool,26,0
"2,3,1,3,1,0,0",subsidized_catch_up,26,0
"2,3,1,3,1,0,0",central_cap2,26,26
"2,3,1,3,1,0,0",equity_cap2,26,0
"2,3,1,3,1,0,0",central_full,26,0
"2,2,2,3,2,0,4",bilateral_3pass,4,0
"2,2,2,3,2,0,4",clearinghouse,4,4
"2,2,2,3,2,0,4",public_pool,4,0
"2,2,2,3,2,0,4",subsidized_catch_up,4,0
"2,2,2,3,2,0,4",central_cap2,4,0
"2,2,2,3,2,0,4",equity_cap2,4,0
"2,2,2,3,2,0,4",central_full,4,0
"2,2,2,2,0,1,1",bilateral_3pass,18,1
"2,2,2,2,0,1,1",clearinghouse,18,1
"2,2,2,2,0,1,1",public_pool,18,2
"2,2,2,2,0,1,1",subsidized_catch_up,18,14
"2,2,2,2,0,1,1",central_cap2,18,0
"2,2,2,2,0,1,1",equity_cap2,18,0
"2,2,2,2,0,1,1",central_full,18,0
"3,3,1,2,1,2,0",bilateral_3pass,58,1
"3,3,1,2,1,2,0",clearinghouse,58,2
"3,3,1,2,1,2,0",public_pool,58,0
"3,3,1,2,1,2,0",subsidized_catch_up,58,1
"3,3,1,2,1,2,0",central_cap2,58,3
"3,3,1,2,1,2,0",equity_cap2,58,1
"3,3,1,2,1,2,0",central_full,58,50
"1,2,1,1,1,0,3",bilateral_3pass,7,0
"1,2,1,1,1,0,3",clearinghouse,7,7
"1,2,1,1,1,0,3",public_pool,7,0
"1,2,1,1,1,0,3",subsidized_catch_up,7,0
"1,2,1,1,1,0,3",central_cap2,7,0
"1,2,1,1,1,0,3",equity_cap2,7,0
"1,2,1,1,1,0,3",central_full,7,0
"2,1,0,1,1,0,1",bilateral_3pass,5,5
"2,1,0,1,1,0,1",clearinghouse,5,0
"2,1,0,1,1,0,1",public_pool,5,0
"2,1,0,1,1,0,1",subsidized_catch_up,5,0
"2,1,0,1,1,0,1",central_cap2,5,0
"2,1,0,1,1,0,1",equity_cap2,5,0
"2,1,0,1,1,0,1",central_full,5,0
"1,3,2,3,2,1,0",bilateral_3pass,6,0
"1,3,2,3,2,1,0",clearinghouse,6,0
"1,3,2,3,2,1,0",public_pool,6,0
"1,3,2,3,2,1,0",subsidized_catch_up,6,1
"1,3,2,3,2,1,0",central_cap2,6,0
"1,3,2,3,2,1,0",equity_cap2,6,5
"1,3,2,3,2,1,0",central_full,6,0
"2,3,1,2,2,1,3",bilateral_3pass,2,0
"2,3,1,2,2,1,3",clearinghouse,2,0
"2,3,1,2,2,1,3",public_pool,2,0
"2,3,1,2,2,1,3",subsidized_catch_up,2,2
"2,3,1,2,2,1,3",central_cap2,2,0
"2,3,1,2,2,1,3",equity_cap2,2,0
"2,3,1,2,2,1,3",central_full,2,0
"2,3,1,3,2,1,3",bilateral_3pass,1,0
"2,3,1,3,2,1,3",clearinghouse,1,1
"2,3,1,3,2,1,3",public_pool,1,0
"2,3,1,3,2,1,3",subsidized_catch_up,1,0
"2,3,1,3,2,1,3",central_cap2,1,0
"2,3,1,3,2,1,3",equity_cap2,1,0
"2,3,1,3,2,1,3",central_full,1,0
"1,3,1,2,1,0,0",bilateral_3pass,20,0
"1,3,1,2,1,0,0",clearinghouse,20,0
"1,3,1,2,1,0,0",public_pool,20,0
"1,3,1,2,1,0,0",subsidized_catch_up,20,16
"1,3,1,2,1,0,0",central_cap2,20,4
"1,3,1,2,1,0,0",equity_cap2,20,0
"1,3,1,2,1,0,0",central_full,20,0
"1,2,2,1,1,1,3",bilateral_3pass,8,0
"1,2,2,1,1,1,3",clearinghouse,8,6
"1,2,2,1,1,1,3",public_pool,8,0
"1,2,2,1,1,1,3",subsidized_catch_up,8,1
"1,2,2,1,1,1,3",central_cap2,8,0
"1,2,2,1,1,1,3",equity_cap2,8,1
"1,2,2,1,1,1,3",central_full,8,0
"1,2,0,3,1,1,3",bilateral_3pass,7,6
"1,2,0,3,1,1,3",clearinghouse,7,1
"1,2,0,3,1,1,3",public_pool,7,0
"1,2,0,3,1,1,3",subsidized_catch_up,7,0
"1,2,0,3,1,1,3",central_cap2,7,0
"1,2,0,3,1,1,3",equity_cap2,7,0
"1,2,0,3,1,1,3",central_full,7,0
"3,2,0,1,2,2,4",bilateral_3pass,7,0
"3,2,0,1,2,2,4",clearinghouse,7,0
"3,2,0,1,2,2,4",public_pool,7,0
"3,2,0,1,2,2,4",subsidized_catch_up,7,0
"3,2,0,1,2,2,4",central_cap2,7,6
"3,2,0,1,2,2,4",equity_cap2,7,1
"3,2,0,1,2,2,4",central_full,7,0
"3,2,0,2,1,1,1",bilateral_3pass,5,0
"3,2,0,2,1,1,1",clearinghouse,5,0
"3,2,0,2,1,1,1",public_pool,5,0
"3,2,0,2,1,1,1",subsidized_catch_up,5,4
"3,2,0,2,1,1,1",central_cap2,5,1
"3,2,0,2,1,1,1",equity_cap2,5,0
"3,2,0,2,1,1,1",central_full,5,0
"1,2,1,1,0,2,6",bilateral_3pass,1,0
"1,2,1,1,0,2,6",clearinghouse,1,0
"1,2,1,1,0,2,6",public_pool,1,0
"1,2,1,1,0,2,6",subsidized_catch_up,1,1
"1,2,1,1,0,2,6",central_cap2,1,0
"1,2,1,1,0,2,6",equity_cap2,1,0
"1,2,1,1,0,2,6",central_full,1,0
"3,1,2,1,0,1,3",bilateral_3pass,7,7
"3,1,2,1,0,1,3",clearinghouse,7,0
"3,1,2,1,0,1,3",public_pool,7,0
"3,1,2,1,0,1,3",subsidized_catch_up,7,0
"3,1,2,1,0,1,3",central_cap2,7,0
"3,1,2,1,0,1,3",equity_cap2,7,0
"3,1,2,1,0,1,3",central_full,7,0
"1,1,0,2,0,0,6",bilateral_3pass,3,3
"1,1,0,2,0,0,6",clearinghouse,3,0
"1,1,0,2,0,0,6",public_pool,3,0
"1,1,0,2,0,0,6",subsidized_catch_up,3,0
"1,1,0,2,0,0,6",central_cap2,3,0
"1,1,0,2,0,0,6",equity_cap2,3,0
"1,1,0,2,0,0,6",central_full,3,0
"0,3,0,0,0,0,0",bilateral_3pass,2,0
"0,3,0,0,0,0,0",clearinghouse,2,0
"0,3,0,0,0,0,0",public_pool,2,1
"0,3,0,0,0,0,0",subsidized_catch_up,2,0
"0,3,0,0,0,0,0",central_cap2,2,0
"0,3,0,0,0,0,0",equity_cap2,2,1
"0,3,0,0,0,0,0",central_full,2,0
"3,2,0,1,2,1,1",bilateral_3pass,16,1
"3,2,0,1,2,1,1",clearinghouse,16,0
"3,2,0,1,2,1,1",public_pool,16,1
"3,2,0,1,2,1,1",subsidized_catch_up,16,14
"3,2,0,1,2,1,1",central_cap2,16,0
"3,2,0,1,2,1,1",equity_cap2,16,0
"3,2,0,1,2,1,1",central_full,16,0
"2,1,2,1,1,2,2",bilateral_3pass,4,4
"2,1,2,1,1,2,2",clearinghouse,4,0
"2,1,2,1,1,2,2",public_pool,4,0
"2,1,2,1,1,2,2",subsidized_catch_up,4,0
"2,1,2,1,1,2,2",central_cap2,4,0
"2,1,2,1,1,2,2",equity_cap2,4,0
"2,1,2,1,1,2,2",central_full,4,0
"1,1,2,1,2,2,0",bilateral_3pass,2,2
"1,1,2,1,2,2,0",clearinghouse,2,0
"1,1,2,1,2,2,0",public_pool,2,0
"1,1,2,1,2,2,0",subsidized_catch_up,2,0
"1,1,2,1,2,2,0",central_cap2,2,0
"1,1,2,1,2,2,0",equity_cap2,2,0
"1,1,2,1,2,2,0",central_full,2,0
"1,1,0,3,1,1,4",bilateral_3pass,4,4
"1,1,0,3,1,1,4",clearinghouse,4,0
"1,1,0,3,1,1,4",public_pool,4,0
"1,1,0,3,1,1,4",subsidized_catch_up,4,0
"1,1,0,3,1,1,4",central_cap2,4,0
"1,1,0,3,1,1,4",equity_cap2,4,0
"1,1,0,3,1,1,4",central_full,4,0
"3,3,1,2,1,1,0",bilateral_3pass,21,2
"3,3,1,2,1,1,0",clearinghouse,21,0
"3,3,1,2,1,1,0",public_pool,21,0
"3,3,1,2,1,1,0",subsidized_catch_up,21,1
"3,3,1,2,1,1,0",central_cap2,21,0
"3,3,1,2,1,1,0",equity_cap2,21,1
"3,3,1,2,1,1,0",central_full,21,17
"3,2,2,1,1,1,2",bilateral_3pass,6,6
"3,2,2,1,1,1,2",clearinghouse,6,0
"3,2,2,1,1,1,2",public_pool,6,0
"3,2,2,1,1,1,2",subsidized_catch_up,6,0
"3,2,2,1,1,1,2",central_cap2,6,0
"3,2,2,1,1,1,2",equity_cap2,6,0
"3,2,2,1,1,1,2",central_full,6,0
"1,1,0,1,1,0,3",bilateral_3pass,2,0
"1,1,0,1,1,0,3",clearinghouse,2,0
"1,1,0,1,1,0,3",public_pool,2,0
"1,1,0,1,1,0,3",subsidized_catch_up,2,2
"1,1,0,1,1,0,3",central_cap2,2,0
"1,1,0,1,1,0,3",equity_cap2,2,0
"1,1,0,1,1,0,3",central_full,2,0
"2,2,1,2,2,0,1",bilateral_3pass,5,1
"2,2,1,2,2,0,1",clearinghouse,5,0
"2,2,1,2,2,0,1",public_pool,5,0
"2,2,1,2,2,0,1",subsidized_catch_up,5,4
"2,2,1,2,2,0,1",central_cap2,5,0
"2,2,1,2,2,0,1",equity_cap2,5,0
"2,2,1,2,2,0,1",central_full,5,0
"1,1,2,2,0,0,6",bilateral_3pass,5,5
"1,1,2,2,0,0,6",clearinghouse,5,0
"1,1,2,2,0,0,6",public_pool,5,0
"1,1,2,2,0,0,6",subsidized_catch_up,5,0
"1,1,2,2,0,0,6",central_cap2,5,0
"1,1,2,2,0,0,6",equity_cap2,5,0
"1,1,2,2,0,0,6",central_full,5,0
"2,1,1,1,0,0,2",bilateral_3pass,3,3
"2,1,1,1,0,0,2",clearinghouse,3,0
"2,1,1,1,0,0,2",public_pool,3,0
"2,1,1,1,0,0,2",subsidized_catch_up,3,0
"2,1,1,1,0,0,2",central_cap2,3,0
"2,1,1,1,0,0,2",equity_cap2,3,0
"2,1,1,1,0,0,2",central_full,3,0
"3,3,2,3,2,0,0",bilateral_3pass,16,1
"3,3,2,3,2,0,0",clearinghouse,16,0
"3,3,2,3,2,0,0",public_pool,16,14
"3,3,2,3,2,0,0",subsidized_catch_up,16,1
"3,3,2,3,2,0,0",central_cap2,16,0
"3,3,2,3,2,0,0",equity_cap2,16,0
"3,3,2,3,2,0,0",central_full,16,0
"3,2,0,3,1,1,1",bilateral_3pass,7,0
"3,2,0,3,1,1,1",clearinghouse,7,1
"3,2,0,3,1,1,1",public_pool,7,0
"3,2,0,3,1,1,1",subsidized_catch_up,7,6
"3,2,0,3,1,1,1",central_cap2,7,0
"3,2,0,3,1,1,1",equity_cap2,7,0
"3,2,0,3,1,1,1",central_full,7,0
"2,2,1,2,0,0,1",bilateral_3pass,2,0
"2,2,1,2,0,0,1",clearinghouse,2,2
"2,2,1,2,0,0,1",public_pool,2,0
"2,2,1,2,0,0,1",subsidized_catch_up,2,0
"2,2,1,2,0,0,1",central_cap2,2,0
"2,2,1,2,0,0,1",equity_cap2,2,0
"2,2,1,2,0,0,1",central_full,2,0
"2,1,0,1,0,1,0",bilateral_3pass,18,18
"2,1,0,1,0,1,0",clearinghouse,18,0
"2,1,0,1,0,1,0",public_pool,18,0
"2,1,0,1,0,1,0",subsidized_catch_up,18,0
"2,1,0,1,0,1,0",central_cap2,18,0
"2,1,0,1,0,1,0",equity_cap2,18,0
"2,1,0,1,0,1,0",central_full,18,0
"1,1,1,1,1,0,6",bilateral_3pass,12,12
"1,1,1,1,1,0,6",clearinghouse,12,0
"1,1,1,1,1,0,6",public_pool,12,0
"1,1,1,1,1,0,6",subsidized_catch_up,12,0
"1,1,1,1,1,0,6",central_cap2,12,0
"1,1,1,1,1,0,6",equity_cap2,12,0
"1,1,1,1,1,0,6",central_full,12,0
"1,2,1,2,0,0,1",bilateral_3pass,10,0
"1,2,1,2,0,0,1",clearinghouse,10,10
"1,2,1,2,0,0,1",public_pool,10,0
"1,2,1,2,0,0,1",subsidized_catch_up,10,0
"1,2,1,2,0,0,1",central_cap2,10,0
"1,2,1,2,0,0,1",equity_cap2,10,0
"1,2,1,2,0,0,1",central_full,10,0
"2,2,2,3,1,2,5",bilateral_3pass,5,0
"2,2,2,3,1,2,5",clearinghouse,5,0
"2,2,2,3,1,2,5",public_pool,5,0
"2,2,2,3,1,2,5",subsidized_catch_up,5,0
"2,2,2,3,1,2,5",central_cap2,5,0
"2,2,2,3,1,2,5",equity_cap2,5,5
"2,2,2,3,1,2,5",central_full,5,0
"3,3,1,3,2,1,2",bilateral_3pass,3,3
"3,3,1,3,2,1,2",clearinghouse,3,0
"3,3,1,3,2,1,2",public_pool,3,0
"3,3,1,3,2,1,2",subsidized_catch_up,3,0
"3,3,1,3,2,1,2",central_cap2,3,0
"3,3,1,3,2,1,2",equity_cap2,3,0
"3,3,1,3,2,1,2",central_full,3,0
"2,1,2,3,0,2,4",bilateral_3pass,1,1
"2,1,2,3,0,2,4",clearinghouse,1,0
"2,1,2,3,0,2,4",public_pool,1,0
"2,1,2,3,0,2,4",subsidized_catch_up,1,0
"2,1,2,3,0,2,4",central_cap2,1,0
"2,1,2,3,0,2,4",equity_cap2,1,0
"2,1,2,3,0,2,4",central_full,1,0
"3,2,0,2,1,2,1",bilateral_3pass,10,7
"3,2,0,2,1,2,1",clearinghouse,10,0
"3,2,0,2,1,2,1",public_pool,10,0
"3,2,0,2,1,2,1",subsidized_catch_up,10,1
"3,2,0,2,1,2,1",central_cap2,10,0
"3,2,0,2,1,2,1",equity_cap2,10,2
"3,2,0,2,1,2,1",central_full,10,0
"2,2,2,2,1,2,5",bilateral_3pass,3,0
"2,2,2,2,1,2,5",clearinghouse,3,0
"2,2,2,2,1,2,5",public_pool,3,0
"2,2,2,2,1,2,5",subsidized_catch_up,3,3
"2,2,2,2,1,2,5",central_cap2,3,0
"2,2,2,2,1,2,5",equity_cap2,3,0
"2,2,2,2,1,2,5",central_full,3,0
"0,1,0,2,0,1,6",bilateral_3pass,1,1
"0,1,0,2,0,1,6",clearinghouse,1,0
"0,1,0,2,0,1,6",public_pool,1,0
"0,1,0,2,0,1,6",subsidized_catch_up,1,0
"0,1,0,2,0,1,6",central_cap2,1,0
"0,1,0,2,0,1,6",equity_cap2,1,0
"0,1,0,2,0,1,6",central_full,1,0
"1,1,2,3,0,2,2",bilateral_3pass,8,8
"1,1,2,3,0,2,2",clearinghouse,8,0
"1,1,2,3,0,2,2",public_pool,8,0
"1,1,2,3,0,2,2",subsidized_catch_up,8,0
"1,1,2,3,0,2,2",central_cap2,8,0
"1,1,2,3,0,2,2",equity_cap2,8,0
"1,1,2,3,0,2,2",central_full,8,0
"1,2,2,1,0,2,4",bilateral_3pass,7,1
"1,2,2,1,0,2,4",clearinghouse,7,6
"1,2,2,1,0,2,4",public_pool,7,0
"1,2,2,1,0,2,4",subsidized_catch_up,7,0
"1,2,2,1,0,2,4",central_cap2,7,0
"1,2,2,1,0,2,4",equity_cap2,7,0
"1,2,2,1,0,2,4",central_full,7,0
"2,2,1,2,1,0,1",bilateral_3pass,6,4
"2,2,1,2,1,0,1",clearinghouse,6,1
"2,2,1,2,1,0,1",public_pool,6,0
"2,2,1,2,1,0,1",subsidized_catch_up,6,0
"2,2,1,2,1,0,1",central_cap2,6,0
"2,2,1,2,1,0,1",equity_cap2,6,1
"2,2,1,2,1,0,1",central_full,6,0
"3,2,0,2,2,2,1",bilateral_3pass,31,30
"3,2,0,2,2,2,1",clearinghouse,31,0
"3,2,0,2,2,2,1",public_pool,31,0
"3,2,0,2,2,2,1",subsidized_catch_up,31,1
"3,2,0,2,2,2,1",central_cap2,31,0
"3,2,0,2,2,2,1",equity_cap2,31,0
"3,2,0,2,2,2,1",central_full,31,0
"2,3,1,1,2,0,0",bilateral_3pass,16,0
"2,3,1,1,2,0,0",clearinghouse,16,0
"2,3,1,1,2,0,0",public_pool,16,0
"2,3,1,1,2,0,0",subsidized_catch_up,16,15
"2,3,1,1,2,0,0",central_cap2,16,1
"2,3,1,1,2,0,0",equity_cap2,16,0
"2,3,1,1,2,0,0",central_full,16,0
"2,1,0,3,1,0,3",bilateral_3pass,7,7
"2,1,0,3,1,0,3",clearinghouse,7,0
"2,1,0,3,1,0,3",public_pool,7,0
"2,1,0,3,1,0,3",subsidized_catch_up,7,0
"2,1,0,3,1,0,3",central_cap2,7,0
"2,1,0,3,1,0,3",equity_cap2,7,0
"2,1,0,3,1,0,3",central_full,7,0
"3,1,1,2,1,1,5",bilateral_3pass,7,7
"3,1,1,2,1,1,5",clearinghouse,7,0
"3,1,1,2,1,1,5",public_pool,7,0
"3,1,1,2,1,1,5",subsidized_catch_up,7,0
"3,1,1,2,1,1,5",central_cap2,7,0
"3,1,1,2,1,1,5",equity_cap2,7,0
"3,1,1,2,1,1,5",central_full,7,0
"2,2,1,2,0,1,4",bilateral_3pass,3,0
"2,2,1,2,0,1,4",clearinghouse,3,0
"2,2,1,2,0,1,4",public_pool,3,0
"2,2,1,2,0,1,4",subsidized_catch_up,3,0
"2,2,1,2,0,1,4",central_cap2,3,3
"2,2,1,2,0,1,4",equity_cap2,3,0
"2,2,1,2,0,1,4",central_full,3,0
"3,1,1,1,0,1,4",bilateral_3pass,2,2
"3,1,1,1,0,1,4",clearinghouse,2,0
"3,1,1,1,0,1,4",public_pool,2,0
"3,1,1,1,0,1,4",subsidized_catch_up,2,0
"3,1,1,1,0,1,4",central_cap2,2,0
"3,1,1,1,0,1,4",equity_cap2,2,0
"3,1,1,1,0,1,4",central_full,2,0
"1,2,1,1,1,2,4",bilateral_3pass,2,2
"1,2,1,1,1,2,4",clearinghouse,2,0
"1,2,1,1,1,2,4",public_pool,2,0
"1,2,1,1,1,2,4",subsidized_catch_up,2,0
"1,2,1,1,1,2,4",central_cap2,2,0
"1,2,1,1,1,2,4",equity_cap2,2,0
"1,2,1,1,1,2,4",central_full,2,0
"0,1,0,2,0,1,5",bilateral_3pass,3,3
"0,1,0,2,0,1,5",clearinghouse,3,0
"0,1,0,2,0,1,5",public_pool,3,0
"0,1,0,2,0,1,5",subsidized_catch_up,3,0
"0,1,0,2,0,1,5",central_cap2,3,0
"0,1,0,2,0,1,5",equity_cap2,3,0
"0,1,0,2,0,1,5",central_full,3,0
"3,2,1,1,2,2,4",bilateral_3pass,17,9
"3,2,1,1,2,2,4",clearinghouse,17,1
"3,2,1,1,2,2,4",public_pool,17,0
"3,2,1,1,2,2,4",subsidized_catch_up,17,0
"3,2,1,1,2,2,4",central_cap2,17,7
"3,2,1,1,2,2,4",equity_cap2,17,0
"3,2,1,1,2,2,4",central_full,17,0
"3,2,2,2,1,1,3",bilateral_3pass,12,10
"3,2,2,2,1,1,3",clearinghouse,12,2
"3,2,2,2,1,1,3",public_pool,12,0
"3,2,2,2,1,1,3",subsidized_catch_up,12,0
"3,2,2,2,1,1,3",central_cap2,12,0
"3,2,2,2,1,1,3",equity_cap2,12,0
"3,2,2,2,1,1,3",central_full,12,0
"1,2,2,3,1,2,2",bilateral_3pass,3,0
"1,2,2,3,1,2,2",clearinghouse,3,0
"1,2,2,3,1,2,2",public_pool,3,0
"1,2,2,3,1,2,2",subsidized_catch_up,3,3
"1,2,2,3,1,2,2",central_cap2,3,0
"1,2,2,3,1,2,2",equity_cap2,3,0
"1,2,2,3,1,2,2",central_full,3,0
"1,2,1,1,1,2,1",bilateral_3pass,43,1
"1,2,1,1,1,2,1",clearinghouse,43,4
"1,2,1,1,1,2,1",public_pool,43,0
"1,2,1,1,1,2,1",subsidized_catch_up,43,37
"1,2,1,1,1,2,1",central_cap2,43,0
"1,2,1,1,1,2,1",equity_cap2,43,1
"1,2,1,1,1,2,1",central_full,43,0
"2,1,2,2,2,2,5",bilateral_3pass,3,3
"2,1,2,2,2,2,5",clearinghouse,3,0
"2,1,2,2,2,2,5",public_pool,3,0
"2,1,2,2,2,2,5",subsidized_catch_up,3,0
"2,1,2,2,2,2,5",central_cap2,3,0
"2,1,2,2,2,2,5",equity_cap2,3,0
"2,1,2,2,2,2,5",central_full,3,0
"1,2,1,2,0,2,2",bilateral_3pass,1,0
"1,2,1,2,0,2,2",clearinghouse,1,0
"1,2,1,2,0,2,2",public_pool,1,1
"1,2,1,2,0,2,2",subsidized_catch_up,1,0
"1,2,1,2,0,2,2",central_cap2,1,0
"1,2,1,2,0,2,2",equity_cap2,1,0
"1,2,1,2,0,2,2",central_full,1,0
"2,2,2,3,0,1,2",bilateral_3pass,6,0
"2,2,2,3,0,1,2",clearinghouse,6,6
"2,2,2,3,0,1,2",public_pool,6,0
"2,2,2,3,0,1,2",subsidized_catch_up,6,0
"2,2,2,3,0,1,2",central_cap2,6,0
"2,2,2,3,0,1,2",equity_cap2,6,0
"2,2,2,3,0,1,2",central_full,6,0
"1,2,1,2,0,0,6",bilateral_3pass,2,2
"1,2,1,2,0,0,6",clearinghouse,2,0
"1,2,1,2,0,0,6",public_pool,2,0
"1,2,1,2,0,0,6",subsidized_catch_up,2,0
"1,2,1,2,0,0,6",central_cap2,2,0
"1,2,1,2,0,0,6",equity_cap2,2,0
"1,2,1,2,0,0,6",central_full,2,0
"0,2,0,0,0,0,3",bilateral_3pass,10,7
"0,2,0,0,0,0,3",clearinghouse,10,0
"0,2,0,0,0,0,3",public_pool,10,0
"0,2,0,0,0,0,3",subsidized_catch_up,10,0
"0,2,0,0,0,0,3",central_cap2,10,1
"0,2,0,0,0,0,3",equity_cap2,10,2
"0,2,0,0,0,0,3",central_full,10,0
"2,1,2,2,2,1,6",bilateral_3pass,4,4
"2,1,2,2,2,1,6",clearinghouse,4,0
"2,1,2,2,2,1,6",public_pool,4,0
"2,1,2,2,2,1,6",subsidized_catch_up,4,0
"2,1,2,2,2,1,6",central_cap2,4,0
"2,1,2,2,2,1,6",equity_cap2,4,0
"2,1,2,2,2,1,6",central_full,4,0
"1,2,2,3,1,1,2",bilateral_3pass,17,12
"1,2,2,3,1,1,2",clearinghouse,17,3
"1,2,2,3,1,1,2",public_pool,17,1
"1,2,2,3,1,1,2",subsidized_catch_up,17,1
"1,2,2,3,1,1,2",central_cap2,17,0
"1,2,2,3,1,1,2",equity_cap2,17,0
"1,2,2,3,1,1,2",central_full,17,0
"2,1,1,2,2,2,5",bilateral_3pass,5,5
"2,1,1,2,2,2,5",clearinghouse,5,0
"2,1,1,2,2,2,5",public_pool,5,0
"2,1,1,2,2,2,5",subsidized_catch_up,5,0
"2,1,1,2,2,2,5",central_cap2,5,0
"2,1,1,2,2,2,5",equity_cap2,5,0
"2,1,1,2,2,2,5",central_full,5,0
"1,2,0,1,1,1,2",bilateral_3pass,2,0
"1,2,0,1,1,1,2",clearinghouse,2,0
"1,2,0,1,1,1,2",public_pool,2,1
"1,2,0,1,1,1,2",subsidized_catch_up,2,1
"1,2,0,1,1,1,2",central_cap2,2,0
"1,2,0,1,1,1,2",equity_cap2,2,0
"1,2,0,1,1,1,2",central_full,2,0
"3,1,2,1,2,1,6",bilateral_3pass,14,14
"3,1,2,1,2,1,6",clearinghouse,14,0
"3,1,2,1,2,1,6",public_pool,14,0
"3,1,2,1,2,1,6",subsidized_catch_up,14,0
"3,1,2,1,2,1,6",central_cap2,14,0
"3,1,2,1,2,1,6",equity_cap2,14,0
"3,1,2,1,2,1,6",central_full,14,0
"1,2,0,3,2,1,0",bilateral_3pass,8,6
"1,2,0,3,2,1,0",clearinghouse,8,1
"1,2,0,3,2,1,0",public_pool,8,0
"1,2,0,3,2,1,0",subsidized_catch_up,8,1
"1,2,0,3,2,1,0",central_cap2,8,0
"1,2,0,3,2,1,0",equity_cap2,8,0
"1,2,0,3,2,1,0",central_full,8,0
"3,1,0,2,0,1,0",bilateral_3pass,3,3
"3,1,0,2,0,1,0",clearinghouse,3,0
"3,1,0,2,0,1,0",public_pool,3,0
"3,1,0,2,0,1,0",subsidized_catch_up,3,0
"3,1,0,2,0,1,0",central_cap2,3,0
"3,1,0,2,0,1,0",equity_cap2,3,0
"3,1,0,2,0,1,0",central_full,3,0
"2,3,2,2,2,1,0",bilateral_3pass,33,0
"2,3,2,2,2,1,0",clearinghouse,33,27
"2,3,2,2,2,1,0",public_pool,33,0
"2,3,2,2,2,1,0",subsidized_catch_up,33,1
"2,3,2,2,2,1,0",central_cap2,33,5
"2,3,2,2,2,1,0",equity_cap2,33,0
"2,3,2,2,2,1,0",central_full,33,0
"1,2,0,0,0,1,0",bilateral_3pass,2,0
"1,2,0,0,0,1,0",clearinghouse,2,2
"1,2,0,0,0,1,0",public_pool,2,0
"1,2,0,0,0,1,0",subsidized_catch_up,2,0
"1,2,0,0,0,1,0",central_cap2,2,0
"1,2,0,0,0,1,0",equity_cap2,2,0
"1,2,0,0,0,1,0",central_full,2,0
"3,2,1,1,2,0,5",bilateral_3pass,1,0
"3,2,1,1,2,0,5",clearinghouse,1,1
"3,2,1,1,2,0,5",public_pool,1,0
"3,2,1,1,2,0,5",subsidized_catch_up,1,0
"3,2,1,1,2,0,5",central_cap2,1,0
"3,2,1,1,2,0,5",equity_cap2,1,0
"3,2,1,1,2,0,5",central_full,1,0
"2,1,0,1,0,0,1",bilateral_3pass,3,1
"2,1,0,1,0,0,1",clearinghouse,3,2
"2,1,0,1,0,0,1",public_pool,3,0
"2,1,0,1,0,0,1",subsidized_catch_up,3,0
"2,1,0,1,0,0,1",central_cap2,3,0
"2,1,0,1,0,0,1",equity_cap2,3,0
"2,1,0,1,0,0,1",central_full,3,0
"2,1,1,3,0,0,1",bilateral_3pass,14,12
"2,1,1,3,0,0,1",clearinghouse,14,2
"2,1,1,3,0,0,1",public_pool,14,0
"2,1,1,3,0,0,1",subsidized_catch_up,14,0
"2,1,1,3,0,0,1",central_cap2,14,0
"2,1,1,3,0,0,1",equity_cap2,14,0
"2,1,1,3,0,0,1",central_full,14,0
"1,3,0,2,1,1,0",bilateral_3pass,16,0
"1,3,0,2,1,1,0",clearinghouse,16,0
"1,3,0,2,1,1,0",public_pool,16,0
"1,3,0,2,1,1,0",subsidized_catch_up,16,0
"1,3,0,2,1,1,0",central_cap2,16,1
"1,3,0,2,1,1,0",equity_cap2,16,1
"1,3,0,2,1,1,0",central_full,16,14
"3,1,2,2,2,1,6",bilateral_3pass,5,5
"3,1,2,2,2,1,6",clearinghouse,5,0
"3,1,2,2,2,1,6",public_pool,5,0
"3,1,2,2,2,1,6",subsidized_catch_up,5,0
"3,1,2,2,2,1,6",central_cap2,5,0
"3,1,2,2,2,1,6",equity_cap2,5,0
"3,1,2,2,2,1,6",central_full,5,0
"2,2,1,2,0,2,1",bilateral_3pass,10,0
"2,2,1,2,0,2,1",clearinghouse,10,9
"2,2,1,2,0,2,1",public_pool,10,0
"2,2,1,2,0,2,1",subsidized_catch_up,10,1
"2,2,1,2,0,2,1",central_cap2,10,0
"2,2,1,2,0,2,1",equity_cap2,10,0
"2,2,1,2,0,2,1",central_full,10,0
"2,2,2,1,0,2,1",bilateral_3pass,35,2
"2,2,2,1,0,2,1",clearinghouse,35,1
"2,2,2,1,0,2,1",public_pool,35,0
"2,2,2,1,0,2,1",subsidized_catch_up,35,29
"2,2,2,1,0,2,1",central_cap2,35,2
"2,2,2,1,0,2,1",equity_cap2,35,1
"2,2,2,1,0,2,1",central_full,35,0
"2,2,2,3,0,2,2",bilateral_3pass,2,0
"2,2,2,3,0,2,2",clearinghouse,2,2
"2,2,2,3,0,2,2",public_pool,2,0
"2,2,2,3,0,2,2",subsidized_catch_up,2,0
"2,2,2,3,0,2,2",central_cap2,2,0
"2,2,2,3,0,2,2",equity_cap2,2,0
"2,2,2,3,0,2,2",central_full,2,0
"1,2,1,3,1,0,1",bilateral_3pass,15,13
"1,2,1,3,1,0,1",clearinghouse,15,1
"1,2,1,3,1,0,1",public_pool,15,0
"1,2,1,3,1,0,1",subsidized_catch_up,15,1
"1,2,1,3,1,0,1",central_cap2,15,0
"1,2,1,3,1,0,1",equity_cap2,15,0
"1,2,1,3,1,0,1",central_full,15,0
"2,2,1,3,1,0,4",bilateral_3pass,7,0
"2,2,1,3,1,0,4",clearinghouse,7,7
"2,2,1,3,1,0,4",public_pool,7,0
"2,2,1,3,1,0,4",subsidized_catch_up,7,0
"2,2,1,3,1,0,4",central_cap2,7,0
"2,2,1,3,1,0,4",equity_cap2,7,0
"2,2,1,3,1,0,4",central_full,7,0
"3,2,2,3,2,0,1",bilateral_3pass,11,1
"3,2,2,3,2,0,1",clearinghouse,11,1
"3,2,2,3,2,0,1",public_pool,11,0
"3,2,2,3,2,0,1",subsidized_catch_up,11,9
"3,2,2,3,2,0,1",central_cap2,11,0
"3,2,2,3,2,0,1",equity_cap2,11,0
"3,2,2,3,2,0,1",central_full,11,0
"2,2,0,2,1,0,3",bilateral_3pass,1,0
"2,2,0,2,1,0,3",clearinghouse,1,0
"2,2,0,2,1,0,3",public_pool,1,0
"2,2,0,2,1,0,3",subsidized_catch_up,1,1
"2,2,0,2,1,0,3",central_cap2,1,0
"2,2,0,2,1,0,3",equity_cap2,1,0
"2,2,0,2,1,0,3",central_full,1,0
"2,2,0,3,1,1,3",bilateral_3pass,16,16
"2,2,0,3,1,1,3",clearinghouse,16,0
"2,2,0,3,1,1,3",public_pool,16,0
"2,2,0,3,1,1,3",subsidized_catch_up,16,0
"2,2,0,3,1,1,3",central_cap2,16,0
"2,2,0,3,1,1,3",equity_cap2,16,0
"2,2,0,3,1,1,3",central_full,16,0
"1,1,2,1,1,2,4",bilateral_3pass,2,2
"1,1,2,1,1,2,4",clearinghouse,2,0
"1,1,2,1,1,2,4",public_pool,2,0
"1,1,2,1,1,2,4",subsidized_catch_up,2,0
"1,1,2,1,1,2,4",central_cap2,2,0
"1,1,2,1,1,2,4",equity_cap2,2,0
"1,1,2,1,1,2,4",central_full,2,0
"1,1,1,2,1,1,6",bilateral_3pass,18,18
"1,1,1,2,1,1,6",clearinghouse,18,0
"1,1,1,2,1,1,6",public_pool,18,0
"1,1,1,2,1,1,6",subsidized_catch_up,18,0
"1,1,1,2,1,1,6",central_cap2,18,0
"1,1,1,2,1,1,6",equity_cap2,18,0
"1,1,1,2,1,1,6",central_full,18,0
"1,1,0,1,1,2,0",bilateral_3pass,2,2
"1,1,0,1,1,2,0",clearinghouse,2,0
"1,1,0,1,1,2,0",public_pool,2,0
"1,1,0,1,1,2,0",subsidized_catch_up,2,0
"1,1,0,1,1,2,0",central_cap2,2,0
"1,1,0,1,1,2,0",equity_cap2,2,0
"1,1,0,1,1,2,0",central_full,2,0
"2,2,0,3,2,2,2",bilateral_3pass,4,0
"2,2,0,3,2,2,2",clearinghouse,4,0
"2,2,0,3,2,2,2",public_pool,4,1
"2,2,0,3,2,2,2",subsidized_catch_up,4,3
"2,2,0,3,2,2,2",central_cap2,4,0
"2,2,0,3,2,2,2",equity_cap2,4,0
"2,2,0,3,2,2,2",central_full,4,0
"3,1,1,1,2,0,4",bilateral_3pass,4,4
"3,1,1,1,2,0,4",clearinghouse,4,0
"3,1,1,1,2,0,4",public_pool,4,0
"3,1,1,1,2,0,4",subsidized_catch_up,4,0
"3,1,1,1,2,0,4",central_cap2,4,0
"3,1,1,1,2,0,4",equity_cap2,4,0
"3,1,1,1,2,0,4",central_full,4,0
"2,1,0,3,2,2,2",bilateral_3pass,3,3
"2,1,0,3,2,2,2",clearinghouse,3,0
"2,1,0,3,2,2,2",public_pool,3,0
"2,1,0,3,2,2,2",subsidized_catch_up,3,0
"2,1,0,3,2,2,2",central_cap2,3,0
"2,1,0,3,2,2,2",equity_cap2,3,0
"2,1,0,3,2,2,2",central_full,3,0
"3,1,0,1,1,1,5",bilateral_3pass,1,1
"3,1,0,1,1,1,5",clearinghouse,1,0
"3,1,0,1,1,1,5",public_pool,1,0
"3,1,0,1,1,1,5",subsidized_catch_up,1,0
"3,1,0,1,1,1,5",central_cap2,1,0
"3,1,0,1,1,1,5",equity_cap2,1,0
"3,1,0,1,1,1,5",central_full,1,0
"2,2,1,3,1,2,5",bilateral_3pass,6,0
"2,2,1,3,1,2,5",clearinghouse,6,6
"2,2,1,3,1,2,5",public_pool,6,0
"2,2,1,3,1,2,5",subsidized_catch_up,6,0
"2,2,1,3,1,2,5",central_cap2,6,0
"2,2,1,3,1,2,5",equity_cap2,6,0
"2,2,1,3,1,2,5",central_full,6,0
"2,1,2,2,2,0,1",bilateral_3pass,9,9
"2,1,2,2,2,0,1",clearinghouse,9,0
"2,1,2,2,2,0,1",public_pool,9,0
"2,1,2,2,2,0,1",subsidized_catch_up,9,0
"2,1,2,2,2,0,1",central_cap2,9,0
"2,1,2,2,2,0,1",equity_cap2,9,0
"2,1,2,2,2,0,1",central_full,9,0
"1,1,0,2,1,2,1",bilateral_3pass,3,3
"1,1,0,2,1,2,1",clearinghouse,3,0
"1,1,0,2,1,2,1",public_pool,3,0
"1,1,0,2,1,2,1",subsidized_catch_up,3,0
"1,1,0,2,1,2,1",central_cap2,3,0
"1,1,0,2,1,2,1",equity_cap2,3,0
"1,1,0,2,1,2,1",central_full,3,0
"2,1,0,2,1,0,3",bilateral_3pass,3,3
"2,1,0,2,1,0,3",clearinghouse,3,0
"2,1,0,2,1,0,3",public_pool,3,0
"2,1,0,2,1,0,3",subsidized_catch_up,3,0
"2,1,0,2,1,0,3",central_cap2,3,0
"2,1,0,2,1,0,3",equity_cap2,3,0
"2,1,0,2,1,0,3",central_full,3,0
"1,2,2,1,0,1,4",bilateral_3pass,6,5
"1,2,2,1,0,1,4",clearinghouse,6,0
"1,2,2,1,0,1,4",public_pool,6,0
"1,2,2,1,0,1,4",subsidized_catch_up,6,0
"1,2,2,1,0,1,4",central_cap2,6,1
"1,2,2,1,0,1,4",equity_cap2,6,0
"1,2,2,1,0,1,4",central_full,6,0
"2,1,1,2,0,2,2",bilateral_3pass,2,2
"2,1,1,2,0,2,2",clearinghouse,2,0
"2,1,1,2,0,2,2",public_pool,2,0
"2,1,1,2,0,2,2",subsidized_catch_up,2,0
"2,1,1,2,0,2,2",central_cap2,2,0
"2,1,1,2,0,2,2",equity_cap2,2,0
"2,1,1,2,0,2,2",central_full,2,0
"1,1,2,1,1,2,6",bilateral_3pass,1,1
"1,1,2,1,1,2,6",clearinghouse,1,0
"1,1,2,1,1,2,6",public_pool,1,0
"1,1,2,1,1,2,6",subsidized_catch_up,1,0
"1,1,2,1,1,2,6",central_cap2,1,0
"1,1,2,1,1,2,6",equity_cap2,1,0
"1,1,2,1,1,2,6",central_full,1,0
"2,2,2,3,2,0,2",bilateral_3pass,3,0
"2,2,2,3,2,0,2",clearinghouse,3,0
"2,2,2,3,2,0,2",public_pool,3,3
"2,2,2,3,2,0,2",subsidized_catch_up,3,0
"2,2,2,3,2,0,2",central_cap2,3,0
"2,2,2,3,2,0,2",equity_cap2,3,0
"2,2,2,3,2,0,2",central_full,3,0
"1,2,2,1,2,1,0",bilateral_3pass,6,0
"1,2,2,1,2,1,0",clearinghouse,6,5
"1,2,2,1,2,1,0",public_pool,6,0
"1,2,2,1,2,1,0",subsidized_catch_up,6,1
"1,2,2,1,2,1,0",central_cap2,6,0
"1,2,2,1,2,1,0",equity_cap2,6,0
"1,2,2,1,2,1,0",central_full,6,0
"2,1,0,2,2,1,1",bilateral_3pass,11,10
"2,1,0,2,2,1,1",clearinghouse,11,1
"2,1,0,2,2,1,1",public_pool,11,0
"2,1,0,2,2,1,1",subsidized_catch_up,11,0
"2,1,0,2,2,1,1",central_cap2,11,0
"2,1,0,2,2,1,1",equity_cap2,11,0
"2,1,0,2,2,1,1",central_full,11,0
"2,1,2,3,1,1,6",bilateral_3pass,14,14
"2,1,2,3,1,1,6",clearinghouse,14,0
"2,1,2,3,1,1,6",public_pool,14,0
"2,1,2,3,1,1,6",subsidized_catch_up,14,0
"2,1,2,3,1,1,6",central_cap2,14,0
"2,1,2,3,1,1,6",equity_cap2,14,0
"2,1,2,3,1,1,6",central_full,14,0
"2,2,0,3,2,1,1",bilateral_3pass,9,0
"2,2,0,3,2,1,1",clearinghouse,9,8
"2,2,0,3,2,1,1",public_pool,9,1
"2,2,0,3,2,1,1",subsidized_catch_up,9,0
"2,2,0,3,2,1,1",central_cap2,9,0
"2,2,0,3,2,1,1",equity_cap2,9,0
"2,2,0,3,2,1,1",central_full,9,0
"3,2,1,2,0,2,3",bilateral_3pass,7,7
"3,2,1,2,0,2,3",clearinghouse,7,0
"3,2,1,2,0,2,3",public_pool,7,0
"3,2,1,2,0,2,3",subsidized_catch_up,7,0
"3,2,1,2,0,2,3",central_cap2,7,0
"3,2,1,2,0,2,3",equity_cap2,7,0
"3,2,1,2,0,2,3",central_full,7,0
"3,2,1,1,2,0,4",bilateral_3pass,4,0
"3,2,1,1,2,0,4",clearinghouse,4,4
"3,2,1,1,2,0,4",public_pool,4,0
"3,2,1,1,2,0,4",subsidized_catch_up,4,0
"3,2,1,1,2,0,4",central_cap2,4,0
"3,2,1,1,2,0,4",equity_cap2,4,0
"3,2,1,1,2,0,4",central_full,4,0
"2,2,2,1,1,0,2",bilateral_3pass,7,0
"2,2,2,1,1,0,2",clearinghouse,7,0
"2,2,2,1,1,0,2",public_pool,7,1
"2,2,2,1,1,0,2",subsidized_catch_up,7,6
"2,2,2,1,1,0,2",central_cap2,7,0
"2,2,2,1,1,0,2",equity_cap2,7,0
"2,2,2,1,1,0,2",central_full,7,0
"3,1,1,2,1,1,6",bilateral_3pass,7,7
"3,1,1,2,1,1,6",clearinghouse,7,0
"3,1,1,2,1,1,6",public_pool,7,0
"3,1,1,2,1,1,6",subsidized_catch_up,7,0
"3,1,1,2,1,1,6",central_cap2,7,0
"3,1,1,2,1,1,6",equity_cap2,7,0
"3,1,1,2,1,1,6",central_full,7,0
"3,2,0,1,2,2,1",bilateral_3pass,39,1
"3,2,0,1,2,2,1",clearinghouse,39,5
"3,2,0,1,2,2,1",public_pool,39,0
"3,2,0,1,2,2,1",subsidized_catch_up,39,32
"3,2,0,1,2,2,1",central_cap2,39,0
"3,2,0,1,2,2,1",equity_cap2,39,1
"3,2,0,1,2,2,1",central_full,39,0
"2,2,2,1,1,0,5",bilateral_3pass,6,1
"2,2,2,1,1,0,5",clearinghouse,6,4
"2,2,2,1,1,0,5",public_pool,6,0
"2,2,2,1,1,0,5",subsidized_catch_up,6,1
"2,2,2,1,1,0,5",central_cap2,6,0
"2,2,2,1,1,0,5",equity_cap2,6,0
"2,2,2,1,1,0,5",central_full,6,0
"3,2,1,3,1,1,1",bilateral_3pass,23,0
"3,2,1,3,1,1,1",clearinghouse,23,22
"3,2,1,3,1,1,1",public_pool,23,0
"3,2,1,3,1,1,1",subsidized_catch_up,23,1
"3,2,1,3,1,1,1",central_cap2,23,0
"3,2,1,3,1,1,1",equity_cap2,23,0
"3,2,1,3,1,1,1",central_full,23,0
"3,3,2,2,1,1,0",bilateral_3pass,10,8
"3,3,2,2,1,1,0",clearinghouse,10,0
"3,3,2,2,1,1,0",public_pool,10,0
"3,3,2,2,1,1,0",subsidized_catch_up,10,0
"3,3,2,2,1,1,0",central_cap2,10,0
"3,3,2,2,1,1,0",equity_cap2,10,2
"3,3,2,2,1,1,0",central_full,10,0
"3,1,2,3,0,1,1",bilateral_3pass,5,5
"3,1,2,3,0,1,1",clearinghouse,5,0
"3,1,2,3,0,1,1",public_pool,5,0
"3,1,2,3,0,1,1",subsidized_catch_up,5,0
"3,1,2,3,0,1,1",central_cap2,5,0
"3,1,2,3,0,1,1",equity_cap2,5,0
"3,1,2,3,0,1,1",central_full,5,0
"1,2,1,2,0,0,2",bilateral_3pass,4,1
"1,2,1,2,0,0,2",clearinghouse,4,0
"1,2,1,2,0,0,2",public_pool,4,1
"1,2,1,2,0,0,2",subsidized_catch_up,4,2
"1,2,1,2,0,0,2",central_cap2,4,0
"1,2,1,2,0,0,2",equity_cap2,4,0
"1,2,1,2,0,0,2",central_full,4,0
"2,1,0,2,0,0,3",bilateral_3pass,5,5
"2,1,0,2,0,0,3",clearinghouse,5,0
"2,1,0,2,0,0,3",public_pool,5,0
"2,1,0,2,0,0,3",subsidized_catch_up,5,0
"2,1,0,2,0,0,3",central_cap2,5,0
"2,1,0,2,0,0,3",equity_cap2,5,0
"2,1,0,2,0,0,3",central_full,5,0
"2,1,2,2,0,2,4",bilateral_3pass,4,4
"2,1,2,2,0,2,4",clearinghouse,4,0
"2,1,2,2,0,2,4",public_pool,4,0
"2,1,2,2,0,2,4",subsidized_catch_up,4,0
"2,1,2,2,0,2,4",central_cap2,4,0
"2,1,2,2,0,2,4",equity_cap2,4,0
"2,1,2,2,0,2,4",central_full,4,0
"1,3,0,3,1,1,0",bilateral_3pass,18,2
"1,3,0,3,1,1,0",clearinghouse,18,0
"1,3,0,3,1,1,0",public_pool,18,0
"1,3,0,3,1,1,0",subsidized_catch_up,18,0
"1,3,0,3,1,1,0",central_cap2,18,0
"1,3,0,3,1,1,0",equity_cap2,18,15
"1,3,0,3,1,1,0",central_full,18,1
"2,2,1,1,1,1,4",bilateral_3pass,15,1
"2,2,1,1,1,1,4",clearinghouse,15,0
"2,2,1,1,1,1,4",public_pool,15,0
"2,2,1,1,1,1,4",subsidized_catch_up,15,14
"2,2,1,1,1,1,4",central_cap2,15,0
"2,2,1,1,1,1,4",equity_cap2,15,0
"2,2,1,1,1,1,4",central_full,15,0
"2,2,2,2,2,0,5",bilateral_3pass,2,0
"2,2,2,2,2,0,5",clearinghouse,2,2
"2,2,2,2,2,0,5",public_pool,2,0
"2,2,2,2,2,0,5",subsidized_catch_up,2,0
"2,2,2,2,2,0,5",central_cap2,2,0
"2,2,2,2,2,0,5",equity_cap2,2,0
"2,2,2,2,2,0,5",central_full,2,0
"3,1,0,3,0,0,0",bilateral_3pass,2,2
"3,1,0,3,0,0,0",clearinghouse,2,0
"3,1,0,3,0,0,0",public_pool,2,0
"3,1,0,3,0,0,0",subsidized_catch_up,2,0
"3,1,0,3,0,0,0",central_cap2,2,0
"3,1,0,3,0,0,0",equity_cap2,2,0
"3,1,0,3,0,0,0",central_full,2,0
"1,1,2,2,1,0,2",bilateral_3pass,3,3
"1,1,2,2,1,0,2",clearinghouse,3,0
"1,1,2,2,1,0,2",public_pool,3,0
"1,1,2,2,1,0,2",subsidized_catch_up,3,0
"1,1,2,2,1,0,2",central_cap2,3,0
"1,1,2,2,1,0,2",equity_cap2,3,0
"1,1,2,2,1,0,2",central_full,3,0
"0,2,2,3,0,2,0",bilateral_3pass,3,3
"0,2,2,3,0,2,0",clearinghouse,3,0
"0,2,2,3,0,2,0",public_pool,3,0
"0,2,2,3,0,2,0",subsidized_catch_up,3,0
"0,2,2,3,0,2,0",central_cap2,3,0
"0,2,2,3,0,2,0",equity_cap2,3,0
"0,2,2,3,0,2,0",central_full,3,0
"2,1,0,3,0,1,2",bilateral_3pass,1,1
"2,1,0,3,0,1,2",clearinghouse,1,0
"2,1,0,3,0,1,2",public_pool,1,0
"2,1,0,3,0,1,2",subsidized_catch_up,1,0
"2,1,0,3,0,1,2",central_cap2,1,0
"2,1,0,3,0,1,2",equity_cap2,1,0
"2,1,0,3,0,1,2",central_full,1,0
"1,1,2,2,2,1,1",bilateral_3pass,2,2
"1,1,2,2,2,1,1",clearinghouse,2,0
"1,1,2,2,2,1,1",public_pool,2,0
"1,1,2,2,2,1,1",subsidized_catch_up,2,0
"1,1,2,2,2,1,1",central_cap2,2,0
"1,1,2,2,2,1,1",equity_cap2,2,0
"1,1,2,2,2,1,1",central_full,2,0
"1,2,1,3,2,0,0",bilateral_3pass,7,0
"1,2,1,3,2,0,0",clearinghouse,7,0
"1,2,1,3,2,0,0",public_pool,7,0
"1,2,1,3,2,0,0",subsidized_catch_up,7,7
"1,2,1,3,2,0,0",central_cap2,7,0
"1,2,1,3,2,0,0",equity_cap2,7,0
"1,2,1,3,2,0,0",central_full,7,0
"2,1,0,1,0,0,5",bilateral_3pass,1,1
"2,1,0,1,0,0,5",clearinghouse,1,0
"2,1,0,1,0,0,5",public_pool,1,0
"2,1,0,1,0,0,5",subsidized_catch_up,1,0
"2,1,0,1,0,0,5",central_cap2,1,0
"2,1,0,1,0,0,5",equity_cap2,1,0
"2,1,0,1,0,0,5",central_full,1,0
"3,2,0,1,2,1,2",bilateral_3pass,11,1
"3,2,0,1,2,1,2",clearinghouse,11,0
"3,2,0,1,2,1,2",public_pool,11,1
"3,2,0,1,2,1,2",subsidized_catch_up,11,8
"3,2,0,1,2,1,2",central_cap2,11,1
"3,2,0,1,2,1,2",equity_cap2,11,0
"3,2,0,1,2,1,2",central_full,11,0
"1,1,1,1,2,2,2",bilateral_3pass,1,1
"1,1,1,1,2,2,2",clearinghouse,1,0
"1,1,1,1,2,2,2",public_pool,1,0
"1,1,1,1,2,2,2",subsidized_catch_up,1,0
"1,1,1,1,2,2,2",central_cap2,1,0
"1,1,1,1,2,2,2",equity_cap2,1,0
"1,1,1,1,2,2,2",central_full,1,0
"3,2,0,1,2,1,4",bilateral_3pass,2,0
"3,2,0,1,2,1,4",clearinghouse,2,2
"3,2,0,1,2,1,4",public_pool,2,0
"3,2,0,1,2,1,4",subsidized_catch_up,2,0
"3,2,0,1,2,1,4",central_cap2,2,0
"3,2,0,1,2,1,4",equity_cap2,2,0
"3,2,0,1,2,1,4",central_full,2,0
"3,1,1,1,2,2,6",bilateral_3pass,31,31
"3,1,1,1,2,2,6",clearinghouse,31,0
"3,1,1,1,2,2,6",public_pool,31,0
"3,1,1,1,2,2,6",subsidized_catch_up,31,0
"3,1,1,1,2,2,6",central_cap2,31,0
"3,1,1,1,2,2,6",equity_cap2,31,0
"3,1,1,1,2,2,6",central_full,31,0
"2,2,2,1,1,1,4",bilateral_3pass,4,0
"2,2,2,1,1,1,4",clearinghouse,4,1
"2,2,2,1,1,1,4",public_pool,4,0
"2,2,2,1,1,1,4",subsidized_catch_up,4,0
"2,2,2,1,1,1,4",central_cap2,4,3
"2,2,2,1,1,1,4",equity_cap2,4,0
"2,2,2,1,1,1,4",central_full,4,0
"2,1,2,3,1,0,6",bilateral_3pass,6,6
"2,1,2,3,1,0,6",clearinghouse,6,0
"2,1,2,3,1,0,6",public_pool,6,0
"2,1,2,3,1,0,6",subsidized_catch_up,6,0
"2,1,2,3,1,0,6",central_cap2,6,0
"2,1,2,3,1,0,6",equity_cap2,6,0
"2,1,2,3,1,0,6",central_full,6,0
"3,1,0,1,1,1,6",bilateral_3pass,2,2
"3,1,0,1,1,1,6",clearinghouse,2,0
"3,1,0,1,1,1,6",public_pool,2,0
"3,1,0,1,1,1,6",subsidized_catch_up,2,0
"3,1,0,1,1,1,6",central_cap2,2,0
"3,1,0,1,1,1,6",equity_cap2,2,0
"3,1,0,1,1,1,6",central_full,2,0
"2,3,1,1,2,2,0",bilateral_3pass,71,2
"2,3,1,1,2,2,0",clearinghouse,71,0
"2,3,1,1,2,2,0",public_pool,71,0
"2,3,1,1,2,2,0",subsidized_catch_up,71,0
"2,3,1,1,2,2,0",central_cap2,71,3
"2,3,1,1,2,2,0",equity_cap2,71,64
"2,3,1,1,2,2,0",central_full,71,2
"3,2,1,2,2,2,5",bilateral_3pass,6,0
"3,2,1,2,2,2,5",clearinghouse,6,6
"3,2,1,2,2,2,5",public_pool,6,0
"3,2,1,2,2,2,5",subsidized_catch_up,6,0
"3,2,1,2,2,2,5",central_cap2,6,0
"3,2,1,2,2,2,5",equity_cap2,6,0
"3,2,1,2,2,2,5",central_full,6,0
"1,2,0,1,0,0,3",bilateral_3pass,4,0
"1,2,0,1,0,0,3",clearinghouse,4,0
"1,2,0,1,0,0,3",public_pool,4,0
"1,2,0,1,0,0,3",subsidized_catch_up,4,4
"1,2,0,1,0,0,3",central_cap2,4,0
"1,2,0,1,0,0,3",equity_cap2,4,0
"1,2,0,1,0,0,3",central_full,4,0
"2,3,1,2,2,0,0",bilateral_3pass,13,0
"2,3,1,2,2,0,0",clearinghouse,13,0
"2,3,1,2,2,0,0",public_pool,13,0
"2,3,1,2,2,0,0",subsidized_catch_up,13,1
"2,3,1,2,2,0,0",central_cap2,13,12
"2,3,1,2,2,0,0",equity_cap2,13,0
"2,3,1,2,2,0,0",central_full,13,0
"3,2,2,1,0,1,1",bilateral_3pass,3,3
"3,2,2,1,0,1,1",clearinghouse,3,0
"3,2,2,1,0,1,1",public_pool,3,0
"3,2,2,1,0,1,1",subsidized_catch_up,3,0
"3,2,2,1,0,1,1",central_cap2,3,0
"3,2,2,1,0,1,1",equity_cap2,3,0
"3,2,2,1,0,1,1",central_full,3,0
"0,2,0,2,0,1,4",bilateral_3pass,3,0
"0,2,0,2,0,1,4",clearinghouse,3,0
"0,2,0,2,0,1,4",public_pool,3,0
"0,2,0,2,0,1,4",subsidized_catch_up,3,3
"0,2,0,2,0,1,4",central_cap2,3,0
"0,2,0,2,0,1,4",equity_cap2,3,0
"0,2,0,2,0,1,4",central_full,3,0
"2,1,2,2,0,0,1",bilateral_3pass,10,10
"2,1,2,2,0,0,1",clearinghouse,10,0
"2,1,2,2,0,0,1",public_pool,10,0
"2,1,2,2,0,0,1",subsidized_catch_up,10,0
"2,1,2,2,0,0,1",central_cap2,10,0
"2,1,2,2,0,0,1",equity_cap2,10,0
"2,1,2,2,0,0,1",central_full,10,0
"1,2,2,3,0,0,6",bilateral_3pass,1,0
"1,2,2,3,0,0,6",clearinghouse,1,1
"1,2,2,3,0,0,6",public_pool,1,0
"1,2,2,3,0,0,6",subsidized_catch_up,1,0
"1,2,2,3,0,0,6",central_cap2,1,0
"1,2,2,3,0,0,6",equity_cap2,1,0
"1,2,2,3,0,0,6",central_full,1,0
"2,2,1,1,2,1,5",bilateral_3pass,16,13
"2,2,1,1,2,1,5",clearinghouse,16,0
"2,2,1,1,2,1,5",public_pool,16,1
"2,2,1,1,2,1,5",subsidized_catch_up,16,2
"2,2,1,1,2,1,5",central_cap2,16,0
"2,2,1,1,2,1,5",equity_cap2,16,0
"2,2,1,1,2,1,5",central_full,16,0
"1,2,1,2,0,2,1",bilateral_3pass,17,0
"1,2,1,2,0,2,1",clearinghouse,17,17
"1,2,1,2,0,2,1",public_pool,17,0
"1,2,1,2,0,2,1",subsidized_catch_up,17,0
"1,2,1,2,0,2,1",central_cap2,17,0
"1,2,1,2,0,2,1",equity_cap2,17,0
"1,2,1,2,0,2,1",central_full,17,0
"3,2,0,0,1,2,3",bilateral_3pass,3,0
"3,2,0,0,1,2,3",clearinghouse,3,0
"3,2,0,0,1,2,3",public_pool,3,0
"3,2,0,0,1,2,3",subsidized_catch_up,3,3
"3,2,0,0,1,2,3",central_cap2,3,0
"3,2,0,0,1,2,3",equity_cap2,3,0
"3,2,0,0,1,2,3",central_full,3,0
"2,2,2,3,0,0,5",bilateral_3pass,1,1
"2,2,2,3,0,0,5",clearinghouse,1,0
"2,2,2,3,0,0,5",public_pool,1,0
"2,2,2,3,0,0,5",subsidized_catch_up,1,0
"2,2,2,3,0,0,5",central_cap2,1,0
"2,2,2,3,0,0,5",equity_cap2,1,0
"2,2,2,3,0,0,5",central_full,1,0
"3,3,0,1,1,1,0",bilateral_3pass,6,1
"3,3,0,1,1,1,0",clearinghouse,6,0
"3,3,0,1,1,1,0",public_pool,6,5
"3,3,0,1,1,1,0",subsidized_catch_up,6,0
"3,3,0,1,1,1,0",central_cap2,6,0
"3,3,0,1,1,1,0",equity_cap2,6,0
"3,3,0,1,1,1,0",central_full,6,0
"3,3,1,2,1,0,0",bilateral_3pass,7,0
"3,3,1,2,1,0,0",clearinghouse,7,0
"3,3,1,2,1,0,0",public_pool,7,0
"3,3,1,2,1,0,0",subsidized_catch_up,7,0
"3,3,1,2,1,0,0",central_cap2,7,0
"3,3,1,2,1,0,0",equity_cap2,7,7
"3,3,1,2,1,0,0",central_full,7,0
"2,1,0,3,1,2,5",bilateral_3pass,1,1
"2,1,0,3,1,2,5",clearinghouse,1,0
"2,1,0,3,1,2,5",public_pool,1,0
"2,1,0,3,1,2,5",subsidized_catch_up,1,0
"2,1,0,3,1,2,5",central_cap2,1,0
"2,1,0,3,1,2,5",equity_cap2,1,0
"2,1,0,3,1,2,5",central_full,1,0
"2,2,1,3,2,1,4",bilateral_3pass,8,0
"2,2,1,3,2,1,4",clearinghouse,8,7
"2,2,1,3,2,1,4",public_pool,8,0
"2,2,1,3,2,1,4",subsidized_catch_up,8,0
"2,2,1,3,2,1,4",central_cap2,8,1
"2,2,1,3,2,1,4",equity_cap2,8,0
"2,2,1,3,2,1,4",central_full,8,0
"2,2,0,3,2,2,3",bilateral_3pass,12,12
"2,2,0,3,2,2,3",clearinghouse,12,0
"2,2,0,3,2,2,3",public_pool,12,0
"2,2,0,3,2,2,3",subsidized_catch_up,12,0
"2,2,0,3,2,2,3",central_cap2,12,0
"2,2,0,3,2,2,3",equity_cap2,12,0
"2,2,0,3,2,2,3",central_full,12,0
"2,1,0,0,1,2,1",bilateral_3pass,1,1
"2,1,0,0,1,2,1",clearinghouse,1,0
"2,1,0,0,1,2,1",public_pool,1,0
"2,1,0,0,1,2,1",subsidized_catch_up,1,0
"2,1,0,0,1,2,1",central_cap2,1,0
"2,1,0,0,1,2,1",equity_cap2,1,0
"2,1,0,0,1,2,1",central_full,1,0
"1,3,1,1,0,2,0",bilateral_3pass,47,1
"1,3,1,1,0,2,0",clearinghouse,47,1
"1,3,1,1,0,2,0",public_pool,47,2
"1,3,1,1,0,2,0",subsidized_catch_up,47,0
"1,3,1,1,0,2,0",central_cap2,47,0
"1,3,1,1,0,2,0",equity_cap2,47,43
"1,3,1,1,0,2,0",central_full,47,0
"1,2,2,2,0,2,5",bilateral_3pass,8,0
"1,2,2,2,0,2,5",clearinghouse,8,8
"1,2,2,2,0,2,5",public_pool,8,0
"1,2,2,2,0,2,5",subsidized_catch_up,8,0
"1,2,2,2,0,2,5",central_cap2,8,0
"1,2,2,2,0,2,5",equity_cap2,8,0
"1,2,2,2,0,2,5",central_full,8,0
"2,1,1,1,2,0,5",bilateral_3pass,5,5
"2,1,1,1,2,0,5",clearinghouse,5,0
"2,1,1,1,2,0,5",public_pool,5,0
"2,1,1,1,2,0,5",subsidized_catch_up,5,0
"2,1,1,1,2,0,5",central_cap2,5,0
"2,1,1,1,2,0,5",equity_cap2,5,0
"2,1,1,1,2,0,5",central_full,5,0
"2,1,1,1,1,1,6",bilateral_3pass,54,54
"2,1,1,1,1,1,6",clearinghouse,54,0
"2,1,1,1,1,1,6",public_pool,54,0
"2,1,1,1,1,1,6",subsidized_catch_up,54,0
"2,1,1,1,1,1,6",central_cap2,54,0
"2,1,1,1,1,1,6",equity_cap2,54,0
"2,1,1,1,1,1,6",central_full,54,0
"3,1,0,2,1,0,0",bilateral_3pass,2,2
"3,1,0,2,1,0,0",clearinghouse,2,0
"3,1,0,2,1,0,0",public_pool,2,0
"3,1,0,2,1,0,0",subsidized_catch_up,2,0
"3,1,0,2,1,0,0",central_cap2,2,0
"3,1,0,2,1,0,0",equity_cap2,2,0
"3,1,0,2,1,0,0",central_full,2,0
"1,2,0,2,0,0,3",bilateral_3pass,7,0
"1,2,0,2,0,0,3",clearinghouse,7,0
"1,2,0,2,0,0,3",public_pool,7,0
"1,2,0,2,0,0,3",subsidized_catch_up,7,7
"1,2,0,2,0,0,3",central_cap2,7,0
"1,2,0,2,0,0,3",equity_cap2,7,0
"1,2,0,2,0,0,3",central_full,7,0
"2,2,2,2,0,0,3",bilateral_3pass,10,0
"2,2,2,2,0,0,3",clearinghouse,10,9
"2,2,2,2,0,0,3",public_pool,10,0
"2,2,2,2,0,0,3",subsidized_catch_up,10,1
"2,2,2,2,0,0,3",central_cap2,10,0
"2,2,2,2,0,0,3",equity_cap2,10,0
"2,2,2,2,0,0,3",central_full,10,0
"2,2,0,3,1,1,1",bilateral_3pass,5,0
"2,2,0,3,1,1,1",clearinghouse,5,0
"2,2,0,3,1,1,1",public_pool,5,0
"2,2,0,3,1,1,1",subsidized_catch_up,5,5
"2,2,0,3,1,1,1",central_cap2,5,0
"2,2,0,3,1,1,1",equity_cap2,5,0
"2,2,0,3,1,1,1",central_full,5,0
"2,2,2,1,0,2,5",bilateral_3pass,2,0
"2,2,2,1,0,2,5",clearinghouse,2,2
"2,2,2,1,0,2,5",public_pool,2,0
"2,2,2,1,0,2,5",subsidized_catch_up,2,0
"2,2,2,1,0,2,5",central_cap2,2,0
"2,2,2,1,0,2,5",equity_cap2,2,0
"2,2,2,1,0,2,5",central_full,2,0
"2,3,1,2,2,1,0",bilateral_3pass,60,0
"2,3,1,2,2,1,0",clearinghouse,60,53
"2,3,1,2,2,1,0",public_pool,60,2
"2,3,1,2,2,1,0",subsidized_catch_up,60,0
"2,3,1,2,2,1,0",central_cap2,60,2
"2,3,1,2,2,1,0",equity_cap2,60,3
"2,3,1,2,2,1,0",central_full,60,0
"3,1,1,3,2,1,6",bilateral_3pass,21,21
"3,1,1,3,2,1,6",clearinghouse,21,0
"3,1,1,3,2,1,6",public_pool,21,0
"3,1,1,3,2,1,6",subsidized_catch_up,21,0
"3,1,1,3,2,1,6",central_cap2,21,0
"3,1,1,3,2,1,6",equity_cap2,21,0
"3,1,1,3,2,1,6",central_full,21,0
"3,1,1,2,2,1,6",bilateral_3pass,8,8
"3,1,1,2,2,1,6",clearinghouse,8,0
"3,1,1,2,2,1,6",public_pool,8,0
"3,1,1,2,2,1,6",subsidized_catch_up,8,0
"3,1,1,2,2,1,6",central_cap2,8,0
"3,1,1,2,2,1,6",equity_cap2,8,0
"3,1,1,2,2,1,6",central_full,8,0
"3,2,0,2,1,2,3",bilateral_3pass,7,0
"3,2,0,2,1,2,3",clearinghouse,7,1
"3,2,0,2,1,2,3",public_pool,7,0
"3,2,0,2,1,2,3",subsidized_catch_up,7,6
"3,2,0,2,1,2,3",central_cap2,7,0
"3,2,0,2,1,2,3",equity_cap2,7,0
"3,2,0,2,1,2,3",central_full,7,0
"3,2,1,2,2,1,6",bilateral_3pass,6,1
"3,2,1,2,2,1,6",clearinghouse,6,5
"3,2,1,2,2,1,6",public_pool,6,0
"3,2,1,2,2,1,6",subsidized_catch_up,6,0
"3,2,1,2,2,1,6",central_cap2,6,0
"3,2,1,2,2,1,6",equity_cap2,6,0
"3,2,1,2,2,1,6",central_full,6,0
"3,3,1,3,2,0,0",bilateral_3pass,47,1
"3,3,1,3,2,0,0",clearinghouse,47,2
"3,3,1,3,2,0,0",public_pool,47,0
"3,3,1,3,2,0,0",subsidized_catch_up,47,40
"3,3,1,3,2,0,0",central_cap2,47,2
"3,3,1,3,2,0,0",equity_cap2,47,0
"3,3,1,3,2,0,0",central_full,47,2
"1,3,1,3,1,0,0",bilateral_3pass,40,0
"1,3,1,3,1,0,0",clearinghouse,40,0
"1,3,1,3,1,0,0",public_pool,40,38
"1,3,1,3,1,0,0",subsidized_catch_up,40,1
"1,3,1,3,1,0,0",central_cap2,40,1
"1,3,1,3,1,0,0",equity_cap2,40,0
"1,3,1,3,1,0,0",central_full,40,0
"2,2,0,1,1,1,2",bilateral_3pass,3,0
"2,2,0,1,1,1,2",clearinghouse,3,0
"2,2,0,1,1,1,2",public_pool,3,3
"2,2,0,1,1,1,2",subsidized_catch_up,3,0
"2,2,0,1,1,1,2",central_cap2,3,0
"2,2,0,1,1,1,2",equity_cap2,3,0
"2,2,0,1,1,1,2",central_full,3,0
"2,2,1,3,1,2,2",bilateral_3pass,30,0
"2,2,1,3,1,2,2",clearinghouse,30,3
"2,2,1,3,1,2,2",public_pool,30,0
"2,2,1,3,1,2,2",subsidized_catch_up,30,27
"2,2,1,3,1,2,2",central_cap2,30,0
"2,2,1,3,1,2,2",equity_cap2,30,0
"2,2,1,3,1,2,2",central_full,30,0
"1,1,0,2,0,0,2",bilateral_3pass,1,1
"1,1,0,2,0,0,2",clearinghouse,1,0
"1,1,0,2,0,0,2",public_pool,1,0
"1,1,0,2,0,0,2",subsidized_catch_up,1,0
"1,1,0,2,0,0,2",central_cap2,1,0
"1,1,0,2,0,0,2",equity_cap2,1,0
"1,1,0,2,0,0,2",central_full,1,0
"3,2,1,1,2,0,2",bilateral_3pass,3,0
"3,2,1,1,2,0,2",clearinghouse,3,3
"3,2,1,1,2,0,2",public_pool,3,0
"3,2,1,1,2,0,2",subsidized_catch_up,3,0
"3,2,1,1,2,0,2",central_cap2,3,0
"3,2,1,1,2,0,2",equity_cap2,3,0
"3,2,1,1,2,0,2",central_full,3,0
"3,2,0,3,1,2,2",bilateral_3pass,14,1
"3,2,0,3,1,2,2",clearinghouse,14,13
"3,2,0,3,1,2,2",public_pool,14,0
"3,2,0,3,1,2,2",subsidized_catch_up,14,0
"3,2,0,3,1,2,2",central_cap2,14,0
"3,2,0,3,1,2,2",equity_cap2,14,0
"3,2,0,3,1,2,2",central_full,14,0
"1,1,2,1,0,1,6",bilateral_3pass,5,5
"1,1,2,1,0,1,6",clearinghouse,5,0
"1,1,2,1,0,1,6",public_pool,5,0
"1,1,2,1,0,1,6",subsidized_catch_up,5,0
"1,1,2,1,0,1,6",central_cap2,5,0
"1,1,2,1,0,1,6",equity_cap2,5,0
"1,1,2,1,0,1,6",central_full,5,0
"3,1,2,1,0,2,3",bilateral_3pass,9,9
"3,1,2,1,0,2,3",clearinghouse,9,0
"3,1,2,1,0,2,3",public_pool,9,0
"3,1,2,1,0,2,3",subsidized_catch_up,9,0
"3,1,2,1,0,2,3",central_cap2,9,0
"3,1,2,1,0,2,3",equity_cap2,9,0
"3,1,2,1,0,2,3",central_full,9,0
"3,2,0,1,0,0,0",bilateral_3pass,1,0
"3,2,0,1,0,0,0",clearinghouse,1,0
"3,2,0,1,0,0,0",public_pool,1,0
"3,2,0,1,0,0,0",subsidized_catch_up,1,1
"3,2,0,1,0,0,0",central_cap2,1,0
"3,2,0,1,0,0,0",equity_cap2,1,0
"3,2,0,1,0,0,0",central_full,1,0
"3,1,0,3,1,0,3",bilateral_3pass,7,7
"3,1,0,3,1,0,3",clearinghouse,7,0
"3,1,0,3,1,0,3",public_pool,7,0
"3,1,0,3,1,0,3",subsidized_catch_up,7,0
"3,1,0,3,1,0,3",central_cap2,7,0
"3,1,0,3,1,0,3",equity_cap2,7,0
"3,1,0,3,1,0,3",central_full,7,0
"1,1,1,2,1,0,4",bilateral_3pass,2,2
"1,1,1,2,1,0,4",clearinghouse,2,0
"1,1,1,2,1,0,4",public_pool,2,0
"1,1,1,2,1,0,4",subsidized_catch_up,2,0
"1,1,1,2,1,0,4",central_cap2,2,0
"1,1,1,2,1,0,4",equity_cap2,2,0
"1,1,1,2,1,0,4",central_full,2,0
"1,1,2,1,0,0,5",bilateral_3pass,10,10
"1,1,2,1,0,0,5",clearinghouse,10,0
"1,1,2,1,0,0,5",public_pool,10,0
"1,1,2,1,0,0,5",subsidized_catch_up,10,0
"1,1,2,1,0,0,5",central_cap2,10,0
"1,1,2,1,0,0,5",equity_cap2,10,0
"1,1,2,1,0,0,5",central_full,10,0
"3,3,2,1,0,2,0",bilateral_3pass,12,0
"3,3,2,1,0,2,0",clearinghouse,12,0
"3,3,2,1,0,2,0",public_pool,12,0
"3,3,2,1,0,2,0",subsidized_catch_up,12,0
"3,3,2,1,0,2,0",central_cap2,12,1
"3,3,2,1,0,2,0",equity_cap2,12,0
"3,3,2,1,0,2,0",central_full,12,11
"3,2,1,3,1,1,2",bilateral_3pass,17,10
"3,2,1,3,1,1,2",clearinghouse,17,0
"3,2,1,3,1,1,2",public_pool,17,5
"3,2,1,3,1,1,2",subsidized_catch_up,17,1
"3,2,1,3,1,1,2",central_cap2,17,1
"3,2,1,3,1,1,2",equity_cap2,17,0
"3,2,1,3,1,1,2",central_full,17,0
"2,3,1,1,2,0,1",bilateral_3pass,1,0
"2,3,1,1,2,0,1",clearinghouse,1,0
"2,3,1,1,2,0,1",public_pool,1,0
"2,3,1,1,2,0,1",subsidized_catch_up,1,0
"2,3,1,1,2,0,1",central_cap2,1,0
"2,3,1,1,2,0,1",equity_cap2,1,0
"2,3,1,1,2,0,1",central_full,1,1
"2,1,1,1,0,0,6",bilateral_3pass,7,7
"2,1,1,1,0,0,6",clearinghouse,7,0
"2,1,1,1,0,0,6",public_pool,7,0
"2,1,1,1,0,0,6",subsidized_catch_up,7,0
"2,1,1,1,0,0,6",central_cap2,7,0
"2,1,1,1,0,0,6",equity_cap2,7,0
"2,1,1,1,0,0,6",central_full,7,0
"2,2,0,3,1,2,2",bilateral_3pass,3,0
"2,2,0,3,1,2,2",clearinghouse,3,2
"2,2,0,3,1,2,2",public_pool,3,0
"2,2,0,3,1,2,2",subsidized_catch_up,3,1
"2,2,0,3,1,2,2",central_cap2,3,0
"2,2,0,3,1,2,2",equity_cap2,3,0
"2,2,0,3,1,2,2",central_full,3,0
"1,1,2,3,1,0,6",bilateral_3pass,13,13
"1,1,2,3,1,0,6",clearinghouse,13,0
"1,1,2,3,1,0,6",public_pool,13,0
"1,1,2,3,1,0,6",subsidized_catch_up,13,0
"1,1,2,3,1,0,6",central_cap2,13,0
"1,1,2,3,1,0,6",equity_cap2,13,0
"1,1,2,3,1,0,6",central_full,13,0
"2,2,0,1,0,1,1",bilateral_3pass,3,0
"2,2,0,1,0,1,1",clearinghouse,3,3
"2,2,0,1,0,1,1",public_pool,3,0
"2,2,0,1,0,1,1",subsidized_catch_up,3,0
"2,2,0,1,0,1,1",central_cap2,3,0
"2,2,0,1,0,1,1",equity_cap2,3,0
"2,2,0,1,0,1,1",central_full,3,0
"3,1,0,2,2,0,1",bilateral_3pass,8,7
"3,1,0,2,2,0,1",clearinghouse,8,1
"3,1,0,2,2,0,1",public_pool,8,0
"3,1,0,2,2,0,1",subsidized_catch_up,8,0
"3,1,0,2,2,0,1",central_cap2,8,0
"3,1,0,2,2,0,1",equity_cap2,8,0
"3,1,0,2,2,0,1",central_full,8,0
"3,1,0,3,0,2,4",bilateral_3pass,1,1
"3,1,0,3,0,2,4",clearinghouse,1,0
"3,1,0,3,0,2,4",public_pool,1,0
"3,1,0,3,0,2,4",subsidized_catch_up,1,0
"3,1,0,3,0,2,4",central_cap2,1,0
"3,1,0,3,0,2,4",equity_cap2,1,0
"3,1,0,3,0,2,4",central_full,1,0
"1,1,2,3,0,1,6",bilateral_3pass,19,19
"1,1,2,3,0,1,6",clearinghouse,19,0
"1,1,2,3,0,1,6",public_pool,19,0
"1,1,2,3,0,1,6",subsidized_catch_up,19,0
"1,1,2,3,0,1,6",central_cap2,19,0
"1,1,2,3,0,1,6",equity_cap2,19,0
"1,1,2,3,0,1,6",central_full,19,0
"2,2,2,3,0,1,5",bilateral_3pass,1,1
"2,2,2,3,0,1,5",clearinghouse,1,0
"2,2,2,3,0,1,5",public_pool,1,0
"2,2,2,3,0,1,5",subsidized_catch_up,1,0
"2,2,2,3,0,1,5",central_cap2,1,0
"2,2,2,3,0,1,5",equity_cap2,1,0
"2,2,2,3,0,1,5",central_full,1,0
"3,2,1,3,0,1,3",bilateral_3pass,5,5
"3,2,1,3,0,1,3",clearinghouse,5,0
"3,2,1,3,0,1,3",public_pool,5,0
"3,2,1,3,0,1,3",subsidized_catch_up,5,0
"3,2,1,3,0,1,3",central_cap2,5,0
"3,2,1,3,0,1,3",equity_cap2,5,0
"3,2,1,3,0,1,3",central_full,5,0
"2,2,2,3,0,0,4",bilateral_3pass,1,0
"2,2,2,3,0,0,4",clearinghouse,1,0
"2,2,2,3,0,0,4",public_pool,1,0
"2,2,2,3,0,0,4",subsidized_catch_up,1,1
"2,2,2,3,0,0,4",central_cap2,1,0
"2,2,2,3,0,0,4",equity_cap2,1,0
"2,2,2,3,0,0,4",central_full,1,0
"3,1,0,3,1,1,6",bilateral_3pass,6,6
"3,1,0,3,1,1,6",clearinghouse,6,0
"3,1,0,3,1,1,6",public_pool,6,0
"3,1,0,3,1,1,6",subsidized_catch_up,6,0
"3,1,0,3,1,1,6",central_cap2,6,0
"3,1,0,3,1,1,6",equity_cap2,6,0
"3,1,0,3,1,1,6",central_full,6,0
"2,1,0,3,2,0,2",bilateral_3pass,1,1
"2,1,0,3,2,0,2",clearinghouse,1,0
"2,1,0,3,2,0,2",public_pool,1,0
"2,1,0,3,2,0,2",subsidized_catch_up,1,0
"2,1,0,3,2,0,2",central_cap2,1,0
"2,1,0,3,2,0,2",equity_cap2,1,0
"2,1,0,3,2,0,2",central_full,1,0
"1,1,0,1,1,1,5",bilateral_3pass,1,1
"1,1,0,1,1,1,5",clearinghouse,1,0
"1,1,0,1,1,1,5",public_pool,1,0
"1,1,0,1,1,1,5",subsidized_catch_up,1,0
"1,1,0,1,1,1,5",central_cap2,1,0
"1,1,0,1,1,1,5",equity_cap2,1,0
"1,1,0,1,1,1,5",central_full,1,0
"1,2,2,2,1,1,2",bilateral_3pass,7,7
"1,2,2,2,1,1,2",clearinghouse,7,0
"1,2,2,2,1,1,2",public_pool,7,0
"1,2,2,2,1,1,2",subsidized_catch_up,7,0
"1,2,2,2,1,1,2",central_cap2,7,0
"1,2,2,2,1,1,2",equity_cap2,7,0
"1,2,2,2,1,1,2",central_full,7,0
"2,2,0,3,0,2,2",bilateral_3pass,1,0
"2,2,0,3,0,2,2",clearinghouse,1,1
"2,2,0,3,0,2,2",public_pool,1,0
"2,2,0,3,0,2,2",subsidized_catch_up,1,0
"2,2,0,3,0,2,2",central_cap2,1,0
"2,2,0,3,0,2,2",equity_cap2,1,0
"2,2,0,3,0,2,2",central_full,1,0
"3,2,1,3,1,2,4",bilateral_3pass,6,6
"3,2,1,3,1,2,4",clearinghouse,6,0
"3,2,1,3,1,2,4",public_pool,6,0
"3,2,1,3,1,2,4",subsidized_catch_up,6,0
"3,2,1,3,1,2,4",central_cap2,6,0
"3,2,1,3,1,2,4",equity_cap2,6,0
"3,2,1,3,1,2,4",central_full,6,0
"2,1,1,2,1,0,6",bilateral_3pass,9,9
"2,1,1,2,1,0,6",clearinghouse,9,0
"2,1,1,2,1,0,6",public_pool,9,0
"2,1,1,2,1,0,6",subsidized_catch_up,9,0
"2,1,1,2,1,0,6",central_cap2,9,0
"2,1,1,2,1,0,6",equity_cap2,9,0
"2,1,1,2,1,0,6",central_full,9,0
"3,2,2,1,1,1,1",bilateral_3pass,8,6
"3,2,2,1,1,1,1",clearinghouse,8,2
"3,2,2,1,1,1,1",public_pool,8,0
"3,2,2,1,1,1,1",subsidized_catch_up,8,0
"3,2,2,1,1,1,1",central_cap2,8,0
"3,2,2,1,1,1,1",equity_cap2,8,0
"3,2,2,1,1,1,1",central_full,8,0
"2,2,1,3,1,1,6",bilateral_3pass,2,1
"2,2,1,3,1,1,6",clearinghouse,2,1
"2,2,1,3,1,1,6",public_pool,2,0
"2,2,1,3,1,1,6",subsidized_catch_up,2,0
"2,2,1,3,1,1,6",central_cap2,2,0
"2,2,1,3,1,1,6",equity_cap2,2,0
"2,2,1,3,1,1,6",central_full,2,0
"1,2,2,2,1,0,5",bilateral_3pass,4,2
"1,2,2,2,1,0,5",clearinghouse,4,0
"1,2,2,2,1,0,5",public_pool,4,0
"1,2,2,2,1,0,5",subsidized_catch_up,4,0
"1,2,2,2,1,0,5",central_cap2,4,0
"1,2,2,2,1,0,5",equity_cap2,4,2
"1,2,2,2,1,0,5",central_full,4,0
"3,2,1,1,2,1,6",bilateral_3pass,5,5
"3,2,1,1,2,1,6",clearinghouse,5,0
"3,2,1,1,2,1,6",public_pool,5,0
"3,2,1,1,2,1,6",subsidized_catch_up,5,0
"3,2,1,1,2,1,6",central_cap2,5,0
"3,2,1,1,2,1,6",equity_cap2,5,0
"3,2,1,1,2,1,6",central_full,5,0
"3,1,1,2,0,1,3",bilateral_3pass,5,5
"3,1,1,2,0,1,3",clearinghouse,5,0
"3,1,1,2,0,1,3",public_pool,5,0
"3,1,1,2,0,1,3",subsidized_catch_up,5,0
"3,1,1,2,0,1,3",central_cap2,5,0
"3,1,1,2,0,1,3",equity_cap2,5,0
"3,1,1,2,0,1,3",central_full,5,0
"0,2,1,2,1,1,1",bilateral_3pass,1,0
"0,2,1,2,1,1,1",clearinghouse,1,0
"0,2,1,2,1,1,1",public_pool,1,0
"0,2,1,2,1,1,1",subsidized_catch_up,1,1
"0,2,1,2,1,1,1",central_cap2,1,0
"0,2,1,2,1,1,1",equity_cap2,1,0
"0,2,1,2,1,1,1",central_full,1,0
"3,1,2,3,2,0,2",bilateral_3pass,4,4
"3,1,2,3,2,0,2",clearinghouse,4,0
"3,1,2,3,2,0,2",public_pool,4,0
"3,1,2,3,2,0,2",subsidized_catch_up,4,0
"3,1,2,3,2,0,2",central_cap2,4,0
"3,1,2,3,2,0,2",equity_cap2,4,0
"3,1,2,3,2,0,2",central_full,4,0
"2,2,1,2,1,1,4",bilateral_3pass,4,0
"2,2,1,2,1,1,4",clearinghouse,4,4
"2,2,1,2,1,1,4",public_pool,4,0
"2,2,1,2,1,1,4",subsidized_catch_up,4,0
"2,2,1,2,1,1,4",central_cap2,4,0
"2,2,1,2,1,1,4",equity_cap2,4,0
"2,2,1,2,1,1,4",central_full,4,0
"2,2,2,2,1,2,4",bilateral_3pass,4,0
"2,2,2,2,1,2,4",clearinghouse,4,4
"2,2,2,2,1,2,4",public_pool,4,0
"2,2,2,2,1,2,4",subsidized_catch_up,4,0
"2,2,2,2,1,2,4",central_cap2,4,0
"2,2,2,2,1,2,4",equity_cap2,4,0
"2,2,2,2,1,2,4",central_full,4,0
"2,2,1,1,1,2,6",bilateral_3pass,3,0
"2,2,1,1,1,2,6",clearinghouse,3,3
"2,2,1,1,1,2,6",public_pool,3,0
"2,2,1,1,1,2,6",subsidized_catch_up,3,0
"2,2,1,1,1,2,6",central_cap2,3,0
"2,2,1,1,1,2,6",equity_cap2,3,0
"2,2,1,1,1,2,6",central_full,3,0
"3,1,0,3,0,1,3",bilateral_3pass,6,6
"3,1,0,3,0,1,3",clearinghouse,6,0
"3,1,0,3,0,1,3",public_pool,6,0
"3,1,0,3,0,1,3",subsidized_catch_up,6,0
"3,1,0,3,0,1,3",central_cap2,6,0
"3,1,0,3,0,1,3",equity_cap2,6,0
"3,1,0,3,0,1,3",central_full,6,0
"3,1,0,3,1,2,6",bilateral_3pass,5,5
"3,1,0,3,1,2,6",clearinghouse,5,0
"3,1,0,3,1,2,6",public_pool,5,0
"3,1,0,3,1,2,6",subsidized_catch_up,5,0
"3,1,0,3,1,2,6",central_cap2,5,0
"3,1,0,3,1,2,6",equity_cap2,5,0
"3,1,0,3,1,2,6",central_full,5,0
"1,1,1,3,2,2,4",bilateral_3pass,1,1
"1,1,1,3,2,2,4",clearinghouse,1,0
"1,1,1,3,2,2,4",public_pool,1,0
"1,1,1,3,2,2,4",subsidized_catch_up,1,0
"1,1,1,3,2,2,4",central_cap2,1,0
"1,1,1,3,2,2,4",equity_cap2,1,0
"1,1,1,3,2,2,4",central_full,1,0
"3,3,1,2,2,0,0",bilateral_3pass,19,0
"3,3,1,2,2,0,0",clearinghouse,19,1
"3,3,1,2,2,0,0",public_pool,19,1
"3,3,1,2,2,0,0",subsidized_catch_up,19,0
"3,3,1,2,2,0,0",central_cap2,19,17
"3,3,1,2,2,0,0",equity_cap2,19,0
"3,3,1,2,2,0,0",central_full,19,0
"3,2,1,3,2,0,1",bilateral_3pass,18,16
"3,2,1,3,2,0,1",clearinghouse,18,1
"3,2,1,3,2,0,1",public_pool,18,0
"3,2,1,3,2,0,1",subsidized_catch_up,18,0
"3,2,1,3,2,0,1",central_cap2,18,1
"3,2,1,3,2,0,1",equity_cap2,18,0
"3,2,1,3,2,0,1",central_full,18,0
"3,1,0,3,2,0,4",bilateral_3pass,1,1
"3,1,0,3,2,0,4",clearinghouse,1,0
"3,1,0,3,2,0,4",public_pool,1,0
"3,1,0,3,2,0,4",subsidized_catch_up,1,0
"3,1,0,3,2,0,4",central_cap2,1,0
"3,1,0,3,2,0,4",equity_cap2,1,0
"3,1,0,3,2,0,4",central_full,1,0
"3,1,1,3,0,1,4",bilateral_3pass,1,1
"3,1,1,3,0,1,4",clearinghouse,1,0
"3,1,1,3,0,1,4",public_pool,1,0
"3,1,1,3,0,1,4",subsidized_catch_up,1,0
"3,1,1,3,0,1,4",central_cap2,1,0
"3,1,1,3,0,1,4",equity_cap2,1,0
"3,1,1,3,0,1,4",central_full,1,0
"1,2,2,3,2,2,0",bilateral_3pass,4,1
"1,2,2,3,2,2,0",clearinghouse,4,3
"1,2,2,3,2,2,0",public_pool,4,0
"1,2,2,3,2,2,0",subsidized_catch_up,4,0
"1,2,2,3,2,2,0",central_cap2,4,0
"1,2,2,3,2,2,0",equity_cap2,4,0
"1,2,2,3,2,2,0",central_full,4,0
"1,2,1,2,1,2,3",bilateral_3pass,13,1
"1,2,1,2,1,2,3",clearinghouse,13,12
"1,2,1,2,1,2,3",public_pool,13,0
"1,2,1,2,1,2,3",subsidized_catch_up,13,0
"1,2,1,2,1,2,3",central_cap2,13,0
"1,2,1,2,1,2,3",equity_cap2,13,0
"1,2,1,2,1,2,3",central_full,13,0
"2,3,2,1,0,0,0",bilateral_3pass,13,0
"2,3,2,1,0,0,0",clearinghouse,13,0
"2,3,2,1,0,0,0",public_pool,13,0
"2,3,2,1,0,0,0",subsidized_catch_up,13,11
"2,3,2,1,0,0,0",central_cap2,13,0
"2,3,2,1,0,0,0",equity_cap2,13,0
"2,3,2,1,0,0,0",central_full,13,2
"3,1,2,2,1,0,1",bilateral_3pass,6,6
"3,1,2,2,1,0,1",clearinghouse,6,0
"3,1,2,2,1,0,1",public_pool,6,0
"3,1,2,2,1,0,1",subsidized_catch_up,6,0
"3,1,2,2,1,0,1",central_cap2,6,0
"3,1,2,2,1,0,1",equity_cap2,6,0
"3,1,2,2,1,0,1",central_full,6,0
"2,2,2,3,0,2,3",bilateral_3pass,19,17
"2,2,2,3,0,2,3",clearinghouse,19,1
"2,2,2,3,0,2,3",public_pool,19,0
"2,2,2,3,0,2,3",subsidized_catch_up,19,0
"2,2,2,3,0,2,3",central_cap2,19,1
"2,2,2,3,0,2,3",equity_cap2,19,0
"2,2,2,3,0,2,3",central_full,19,0
"2,1,0,1,1,0,3",bilateral_3pass,5,5
"2,1,0,1,1,0,3",clearinghouse,5,0
"2,1,0,1,1,0,3",public_pool,5,0
"2,1,0,1,1,0,3",subsidized_catch_up,5,0
"2,1,0,1,1,0,3",central_cap2,5,0
"2,1,0,1,1,0,3",equity_cap2,5,0
"2,1,0,1,1,0,3",central_full,5,0
"3,2,0,2,2,1,1",bilateral_3pass,20,17
"3,2,0,2,2,1,1",clearinghouse,20,2
"3,2,0,2,2,1,1",public_pool,20,1
"3,2,0,2,2,1,1",subsidized_catch_up,20,0
"3,2,0,2,2,1,1",central_cap2,20,0
"3,2,0,2,2,1,1",equity_cap2,20,0
"3,2,0,2,2,1,1",central_full,20,0
"2,1,1,1,0,2,5",bilateral_3pass,5,5
"2,1,1,1,0,2,5",clearinghouse,5,0
"2,1,1,1,0,2,5",public_pool,5,0
"2,1,1,1,0,2,5",subsidized_catch_up,5,0
"2,1,1,1,0,2,5",central_cap2,5,0
"2,1,1,1,0,2,5",equity_cap2,5,0
"2,1,1,1,0,2,5",central_full,5,0
"3,1,1,3,1,2,6",bilateral_3pass,20,20
"3,1,1,3,1,2,6",clearinghouse,20,0
"3,1,1,3,1,2,6",public_pool,20,0
"3,1,1,3,1,2,6",subsidized_catch_up,20,0
"3,1,1,3,1,2,6",central_cap2,20,0
"3,1,1,3,1,2,6",equity_cap2,20,0
"3,1,1,3,1,2,6",central_full,20,0
"1,2,0,1,0,1,5",bilateral_3pass,2,0
"1,2,0,1,0,1,5",clearinghouse,2,2
"1,2,0,1,0,1,5",public_pool,2,0
"1,2,0,1,0,1,5",subsidized_catch_up,2,0
"1,2,0,1,0,1,5",central_cap2,2,0
"1,2,0,1,0,1,5",equity_cap2,2,0
"1,2,0,1,0,1,5",central_full,2,0
"2,1,1,1,1,2,6",bilateral_3pass,25,25
"2,1,1,1,1,2,6",clearinghouse,25,0
"2,1,1,1,1,2,6",public_pool,25,0
"2,1,1,1,1,2,6",subsidized_catch_up,25,0
"2,1,1,1,1,2,6",central_cap2,25,0
"2,1,1,1,1,2,6",equity_cap2,25,0
"2,1,1,1,1,2,6",central_full,25,0
"2,1,2,3,2,2,2",bilateral_3pass,5,5
"2,1,2,3,2,2,2",clearinghouse,5,0
"2,1,2,3,2,2,2",public_pool,5,0
"2,1,2,3,2,2,2",subsidized_catch_up,5,0
"2,1,2,3,2,2,2",central_cap2,5,0
"2,1,2,3,2,2,2",equity_cap2,5,0
"2,1,2,3,2,2,2",central_full,5,0
"1,1,1,2,0,2,4",bilateral_3pass,4,4
"1,1,1,2,0,2,4",clearinghouse,4,0
"1,1,1,2,0,2,4",public_pool,4,0
"1,1,1,2,0,2,4",subsidized_catch_up,4,0
"1,1,1,2,0,2,4",central_cap2,4,0
"1,1,1,2,0,2,4",equity_cap2,4,0
"1,1,1,2,0,2,4",central_full,4,0
"3,1,2,1,0,1,5",bilateral_3pass,2,2
"3,1,2,1,0,1,5",clearinghouse,2,0
"3,1,2,1,0,1,5",public_pool,2,0
"3,1,2,1,0,1,5",subsidized_catch_up,2,0
"3,1,2,1,0,1,5",central_cap2,2,0
"3,1,2,1,0,1,5",equity_cap2,2,0
"3,1,2,1,0,1,5",central_full,2,0
"2,3,0,2,1,1,0",bilateral_3pass,14,12
"2,3,0,2,1,1,0",clearinghouse,14,0
"2,3,0,2,1,1,0",public_pool,14,1
"2,3,0,2,1,1,0",subsidized_catch_up,14,0
"2,3,0,2,1,1,0",central_cap2,14,0
"2,3,0,2,1,1,0",equity_cap2,14,1
"2,3,0,2,1,1,0",central_full,14,0
"2,3,2,3,1,0,0",bilateral_3pass,22,0
"2,3,2,3,1,0,0",clearinghouse,22,1
"2,3,2,3,1,0,0",public_pool,22,1
"2,3,2,3,1,0,0",subsidized_catch_up,22,18
"2,3,2,3,1,0,0",central_cap2,22,0
"2,3,2,3,1,0,0",equity_cap2,22,1
"2,3,2,3,1,0,0",central_full,22,1
"2,2,2,1,2,0,2",bilateral_3pass,5,0
"2,2,2,1,2,0,2",clearinghouse,5,0
"2,2,2,1,2,0,2",public_pool,5,5
"2,2,2,1,2,0,2",subsidized_catch_up,5,0
"2,2,2,1,2,0,2",central_cap2,5,0
"2,2,2,1,2,0,2",equity_cap2,5,0
"2,2,2,1,2,0,2",central_full,5,0
"3,1,2,2,0,2,2",bilateral_3pass,2,2
"3,1,2,2,0,2,2",clearinghouse,2,0
"3,1,2,2,0,2,2",public_pool,2,0
"3,1,2,2,0,2,2",subsidized_catch_up,2,0
"3,1,2,2,0,2,2",central_cap2,2,0
"3,1,2,2,0,2,2",equity_cap2,2,0
"3,1,2,2,0,2,2",central_full,2,0
"2,1,0,2,1,2,4",bilateral_3pass,4,4
"2,1,0,2,1,2,4",clearinghouse,4,0
"2,1,0,2,1,2,4",public_pool,4,0
"2,1,0,2,1,2,4",subsidized_catch_up,4,0
"2,1,0,2,1,2,4",central_cap2,4,0
"2,1,0,2,1,2,4",equity_cap2,4,0
"2,1,0,2,1,2,4",central_full,4,0
"3,2,1,2,1,0,1",bilateral_3pass,2,0
"3,2,1,2,1,0,1",clearinghouse,2,2
"3,2,1,2,1,0,1",public_pool,2,0
"3,2,1,2,1,0,1",subsidized_catch_up,2,0
"3,2,1,2,1,0,1",central_cap2,2,0
"3,2,1,2,1,0,1",equity_cap2,2,0
"3,2,1,2,1,0,1",central_full,2,0
"3,2,0,3,0,1,3",bilateral_3pass,1,0
"3,2,0,3,0,1,3",clearinghouse,1,0
"3,2,0,3,0,1,3",public_pool,1,0
"3,2,0,3,0,1,3",subsidized_catch_up,1,1
"3,2,0,3,0,1,3",central_cap2,1,0
"3,2,0,3,0,1,3",equity_cap2,1,0
"3,2,0,3,0,1,3",central_full,1,0
"1,2,1,3,1,2,2",bilateral_3pass,7,0
"1,2,1,3,1,2,2",clearinghouse,7,0
"1,2,1,3,1,2,2",public_pool,7,0
"1,2,1,3,1,2,2",subsidized_catch_up,7,7
"1,2,1,3,1,2,2",central_cap2,7,0
"1,2,1,3,1,2,2",equity_cap2,7,0
"1,2,1,3,1,2,2",central_full,7,0
"1,2,1,2,1,2,1",bilateral_3pass,30,29
"1,2,1,2,1,2,1",clearinghouse,30,0
"1,2,1,2,1,2,1",public_pool,30,0
"1,2,1,2,1,2,1",subsidized_catch_up,30,1
"1,2,1,2,1,2,1",central_cap2,30,0
"1,2,1,2,1,2,1",equity_cap2,30,0
"1,2,1,2,1,2,1",central_full,30,0
"2,1,2,3,2,0,2",bilateral_3pass,4,4
"2,1,2,3,2,0,2",clearinghouse,4,0
"2,1,2,3,2,0,2",public_pool,4,0
"2,1,2,3,2,0,2",subsidized_catch_up,4,0
"2,1,2,3,2,0,2",central_cap2,4,0
"2,1,2,3,2,0,2",equity_cap2,4,0
"2,1,2,3,2,0,2",central_full,4,0
"2,1,0,1,0,0,0",bilateral_3pass,4,4
"2,1,0,1,0,0,0",clearinghouse,4,0
"2,1,0,1,0,0,0",public_pool,4,0
"2,1,0,1,0,0,0",subsidized_catch_up,4,0
"2,1,0,1,0,0,0",central_cap2,4,0
"2,1,0,1,0,0,0",equity_cap2,4,0
"2,1,0,1,0,0,0",central_full,4,0
"3,1,1,1,2,0,2",bilateral_3pass,2,2
"3,1,1,1,2,0,2",clearinghouse,2,0
"3,1,1,1,2,0,2",public_pool,2,0
"3,1,1,1,2,0,2",subsidized_catch_up,2,0
"3,1,1,1,2,0,2",central_cap2,2,0
"3,1,1,1,2,0,2",equity_cap2,2,0
"3,1,1,1,2,0,2",central_full,2,0
"2,1,0,2,1,0,5",bilateral_3pass,1,1
"2,1,0,2,1,0,5",clearinghouse,1,0
"2,1,0,2,1,0,5",public_pool,1,0
"2,1,0,2,1,0,5",subsidized_catch_up,1,0
"2,1,0,2,1,0,5",central_cap2,1,0
"2,1,0,2,1,0,5",equity_cap2,1,0
"2,1,0,2,1,0,5",central_full,1,0
"0,2,0,3,0,1,6",bilateral_3pass,1,0
"0,2,0,3,0,1,6",clearinghouse,1,1
"0,2,0,3,0,1,6",public_pool,1,0
"0,2,0,3,0,1,6",subsidized_catch_up,1,0
"0,2,0,3,0,1,6",central_cap2,1,0
"0,2,0,3,0,1,6",equity_cap2,1,0
"0,2,0,3,0,1,6",central_full,1,0
"1,2,1,3,1,0,2",bilateral_3pass,7,7
"1,2,1,3,1,0,2",clearinghouse,7,0
"1,2,1,3,1,0,2",public_pool,7,0
"1,2,1,3,1,0,2",subsidized_catch_up,7,0
"1,2,1,3,1,0,2",central_cap2,7,0
"1,2,1,3,1,0,2",equity_cap2,7,0
"1,2,1,3,1,0,2",central_full,7,0
"2,2,1,3,1,0,5",bilateral_3pass,3,0
"2,2,1,3,1,0,5",clearinghouse,3,0
"2,2,1,3,1,0,5",public_pool,3,0
"2,2,1,3,1,0,5",subsidized_catch_up,3,0
"2,2,1,3,1,0,5",central_cap2,3,0
"2,2,1,3,1,0,5",equity_cap2,3,3
"2,2,1,3,1,0,5",central_full,3,0
"2,1,0,3,1,1,5",bilateral_3pass,6,6
"2,1,0,3,1,1,5",clearinghouse,6,0
"2,1,0,3,1,1,5",public_pool,6,0
"2,1,0,3,1,1,5",subsidized_catch_up,6,0
"2,1,0,3,1,1,5",central_cap2,6,0
"2,1,0,3,1,1,5",equity_cap2,6,0
"2,1,0,3,1,1,5",central_full,6,0
"3,2,2,1,2,0,4",bilateral_3pass,6,1
"3,2,2,1,2,0,4",clearinghouse,6,1
"3,2,2,1,2,0,4",public_pool,6,0
"3,2,2,1,2,0,4",subsidized_catch_up,6,0
"3,2,2,1,2,0,4",central_cap2,6,4
"3,2,2,1,2,0,4",equity_cap2,6,0
"3,2,2,1,2,0,4",central_full,6,0
"2,2,0,1,2,2,3",bilateral_3pass,5,0
"2,2,0,1,2,2,3",clearinghouse,5,5
"2,2,0,1,2,2,3",public_pool,5,0
"2,2,0,1,2,2,3",subsidized_catch_up,5,0
"2,2,0,1,2,2,3",central_cap2,5,0
"2,2,0,1,2,2,3",equity_cap2,5,0
"2,2,0,1,2,2,3",central_full,5,0
"1,2,2,3,1,0,1",bilateral_3pass,13,2
"1,2,2,3,1,0,1",clearinghouse,13,0
"1,2,2,3,1,0,1",public_pool,13,0
"1,2,2,3,1,0,1",subsidized_catch_up,13,11
"1,2,2,3,1,0,1",central_cap2,13,0
"1,2,2,3,1,0,1",equity_cap2,13,0
"1,2,2,3,1,0,1",central_full,13,0
"3,2,0,3,2,2,6",bilateral_3pass,1,1
"3,2,0,3,2,2,6",clearinghouse,1,0
"3,2,0,3,2,2,6",public_pool,1,0
"3,2,0,3,2,2,6",subsidized_catch_up,1,0
"3,2,0,3,2,2,6",central_cap2,1,0
"3,2,0,3,2,2,6",equity_cap2,1,0
"3,2,0,3,2,2,6",central_full,1,0
"1,1,2,1,1,2,5",bilateral_3pass,2,2
"1,1,2,1,1,2,5",clearinghouse,2,0
"1,1,2,1,1,2,5",public_pool,2,0
"1,1,2,1,1,2,5",subsidized_catch_up,2,0
"1,1,2,1,1,2,5",central_cap2,2,0
"1,1,2,1,1,2,5",equity_cap2,2,0
"1,1,2,1,1,2,5",central_full,2,0
"2,3,1,1,1,1,1",bilateral_3pass,1,0
"2,3,1,1,1,1,1",clearinghouse,1,0
"2,3,1,1,1,1,1",public_pool,1,0
"2,3,1,1,1,1,1",subsidized_catch_up,1,0
"2,3,1,1,1,1,1",central_cap2,1,0
"2,3,1,1,1,1,1",equity_cap2,1,0
"2,3,1,1,1,1,1",central_full,1,1
"2,3,2,3,2,0,0",bilateral_3pass,10,0
"2,3,2,3,2,0,0",clearinghouse,10,10
"2,3,2,3,2,0,0",public_pool,10,0
"2,3,2,3,2,0,0",subsidized_catch_up,10,0
"2,3,2,3,2,0,0",central_cap2,10,0
"2,3,2,3,2,0,0",equity_cap2,10,0
"2,3,2,3,2,0,0",central_full,10,0
"2,2,2,3,2,2,4",bilateral_3pass,4,3
"2,2,2,3,2,2,4",clearinghouse,4,0
"2,2,2,3,2,2,4",public_pool,4,0
"2,2,2,3,2,2,4",subsidized_catch_up,4,0
"2,2,2,3,2,2,4",central_cap2,4,1
"2,2,2,3,2,2,4",equity_cap2,4,0
"2,2,2,3,2,2,4",central_full,4,0
"3,2,0,3,2,2,5",bilateral_3pass,4,0
"3,2,0,3,2,2,5",clearinghouse,4,1
"3,2,0,3,2,2,5",public_pool,4,0
"3,2,0,3,2,2,5",subsidized_catch_up,4,1
"3,2,0,3,2,2,5",central_cap2,4,0
"3,2,0,3,2,2,5",equity_cap2,4,2
"3,2,0,3,2,2,5",central_full,4,0
"3,3,0,1,2,0,0",bilateral_3pass,2,0
"3,3,0,1,2,0,0",clearinghouse,2,0
"3,3,0,1,2,0,0",public_pool,2,0
"3,3,0,1,2,0,0",subsidized_catch_up,2,2
"3,3,0,1,2,0,0",central_cap2,2,0
"3,3,0,1,2,0,0",equity_cap2,2,0
"3,3,0,1,2,0,0",central_full,2,0
"1,3,1,3,1,2,0",bilateral_3pass,54,2
"1,3,1,3,1,2,0",clearinghouse,54,0
"1,3,1,3,1,2,0",public_pool,54,50
"1,3,1,3,1,2,0",subsidized_catch_up,54,0
"1,3,1,3,1,2,0",central_cap2,54,1
"1,3,1,3,1,2,0",equity_cap2,54,0
"1,3,1,3,1,2,0",central_full,54,1
"2,3,0,3,2,1,0",bilateral_3pass,11,0
"2,3,0,3,2,1,0",clearinghouse,11,0
"2,3,0,3,2,1,0",public_pool,11,0
"2,3,0,3,2,1,0",subsidized_catch_up,11,10
"2,3,0,3,2,1,0",central_cap2,11,1
"2,3,0,3,2,1,0",equity_cap2,11,0
"2,3,0,3,2,1,0",central_full,11,0
"1,3,1,1,0,2,3",bilateral_3pass,1,0
"1,3,1,1,0,2,3",clearinghouse,1,0
"1,3,1,1,0,2,3",public_pool,1,0
"1,3,1,1,0,2,3",subsidized_catch_up,1,0
"1,3,1,1,0,2,3",central_cap2,1,0
"1,3,1,1,0,2,3",equity_cap2,1,1
"1,3,1,1,0,2,3",central_full,1,0
"2,1,2,3,2,0,6",bilateral_3pass,2,2
"2,1,2,3,2,0,6",clearinghouse,2,0
"2,1,2,3,2,0,6",public_pool,2,0
"2,1,2,3,2,0,6",subsidized_catch_up,2,0
"2,1,2,3,2,0,6",central_cap2,2,0
"2,1,2,3,2,0,6",equity_cap2,2,0
"2,1,2,3,2,0,6",central_full,2,0
"3,2,2,3,2,1,5",bilateral_3pass,3,0
"3,2,2,3,2,1,5",clearinghouse,3,0
"3,2,2,3,2,1,5",public_pool,3,0
"3,2,2,3,2,1,5",subsidized_catch_up,3,0
"3,2,2,3,2,1,5",central_cap2,3,0
"3,2,2,3,2,1,5",equity_cap2,3,3
"3,2,2,3,2,1,5",central_full,3,0
"3,3,0,0,2,1,0",bilateral_3pass,2,0
"3,3,0,0,2,1,0",clearinghouse,2,0
"3,3,0,0,2,1,0",public_pool,2,0
"3,3,0,0,2,1,0",subsidized_catch_up,2,0
"3,3,0,0,2,1,0",central_cap2,2,0
"3,3,0,0,2,1,0",equity_cap2,2,2
"3,3,0,0,2,1,0",central_full,2,0
"3,2,1,2,2,0,5",bilateral_3pass,1,0
"3,2,1,2,2,0,5",clearinghouse,1,0
"3,2,1,2,2,0,5",public_pool,1,1
"3,2,1,2,2,0,5",subsidized_catch_up,1,0
"3,2,1,2,2,0,5",central_cap2,1,0
"3,2,1,2,2,0,5",equity_cap2,1,0
"3,2,1,2,2,0,5",central_full,1,0
"2,3,0,3,2,0,0",bilateral_3pass,2,0
"2,3,0,3,2,0,0",clearinghouse,2,0
"2,3,0,3,2,0,0",public_pool,2,0
"2,3,0,3,2,0,0",subsidized_catch_up,2,2
"2,3,0,3,2,0,0",central_cap2,2,0
"2,3,0,3,2,0,0",equity_cap2,2,0
"2,3,0,3,2,0,0",central_full,2,0
"1,1,0,2,0,1,5",bilateral_3pass,2,2
"1,1,0,2,0,1,5",clearinghouse,2,0
"1,1,0,2,0,1,5",public_pool,2,0
"1,1,0,2,0,1,5",subsidized_catch_up,2,0
"1,1,0,2,0,1,5",central_cap2,2,0
"1,1,0,2,0,1,5",equity_cap2,2,0
"1,1,0,2,0,1,5",central_full,2,0
"3,3,2,2,1,2,0",bilateral_3pass,23,0
"3,3,2,2,1,2,0",clearinghouse,23,0
"3,3,2,2,1,2,0",public_pool,23,1
"3,3,2,2,1,2,0",subsidized_catch_up,23,0
"3,3,2,2,1,2,0",central_cap2,23,1
"3,3,2,2,1,2,0",equity_cap2,23,0
"3,3,2,2,1,2,0",central_full,23,21
"2,1,0,3,1,0,1",bilateral_3pass,9,9
"2,1,0,3,1,0,1",clearinghouse,9,0
"2,1,0,3,1,0,1",public_pool,9,0
"2,1,0,3,1,0,1",subsidized_catch_up,9,0
"2,1,0,3,1,0,1",central_cap2,9,0
"2,1,0,3,1,0,1",equity_cap2,9,0
"2,1,0,3,1,0,1",central_full,9,0
"3,2,1,1,2,2,5",bilateral_3pass,10,0
"3,2,1,1,2,2,5",clearinghouse,10,0
"3,2,1,1,2,2,5",public_pool,10,1
"3,2,1,1,2,2,5",subsidized_catch_up,10,8
"3,2,1,1,2,2,5",central_cap2,10,1
"3,2,1,1,2,2,5",equity_cap2,10,0
"3,2,1,1,2,2,5",central_full,10,0
"3,2,0,1,0,2,0",bilateral_3pass,12,0
"3,2,0,1,0,2,0",clearinghouse,12,12
"3,2,0,1,0,2,0",public_pool,12,0
"3,2,0,1,0,2,0",subsidized_catch_up,12,0
"3,2,0,1,0,2,0",central_cap2,12,0
"3,2,0,1,0,2,0",equity_cap2,12,0
"3,2,0,1,0,2,0",central_full,12,0
"1,3,2,1,1,0,0",bilateral_3pass,13,1
"1,3,2,1,1,0,0",clearinghouse,13,2
"1,3,2,1,1,0,0",public_pool,13,0
"1,3,2,1,1,0,0",subsidized_catch_up,13,0
"1,3,2,1,1,0,0",central_cap2,13,0
"1,3,2,1,1,0,0",equity_cap2,13,0
"1,3,2,1,1,0,0",central_full,13,10
"1,3,2,2,1,0,0",bilateral_3pass,13,0
"1,3,2,2,1,0,0",clearinghouse,13,0
"1,3,2,2,1,0,0",public_pool,13,0
"1,3,2,2,1,0,0",subsidized_catch_up,13,10
"1,3,2,2,1,0,0",central_cap2,13,0
"1,3,2,2,1,0,0",equity_cap2,13,1
"1,3,2,2,1,0,0",central_full,13,2
"1,2,2,1,0,0,6",bilateral_3pass,1,0
"1,2,2,1,0,0,6",clearinghouse,1,1
"1,2,2,1,0,0,6",public_pool,1,0
"1,2,2,1,0,0,6",subsidized_catch_up,1,0
"1,2,2,1,0,0,6",central_cap2,1,0
"1,2,2,1,0,0,6",equity_cap2,1,0
"1,2,2,1,0,0,6",central_full,1,0
"3,2,0,2,1,2,4",bilateral_3pass,1,1
"3,2,0,2,1,2,4",clearinghouse,1,0
"3,2,0,2,1,2,4",public_pool,1,0
"3,2,0,2,1,2,4",subsidized_catch_up,1,0
"3,2,0,2,1,2,4",central_cap2,1,0
"3,2,0,2,1,2,4",equity_cap2,1,0
"3,2,0,2,1,2,4",central_full,1,0
"1,1,0,2,0,1,2",bilateral_3pass,1,1
"1,1,0,2,0,1,2",clearinghouse,1,0
"1,1,0,2,0,1,2",public_pool,1,0
"1,1,0,2,0,1,2",subsidized_catch_up,1,0
"1,1,0,2,0,1,2",central_cap2,1,0
"1,1,0,2,0,1,2",equity_cap2,1,0
"1,1,0,2,0,1,2",central_full,1,0
"1,2,0,3,1,1,1",bilateral_3pass,2,2
"1,2,0,3,1,1,1",clearinghouse,2,0
"1,2,0,3,1,1,1",public_pool,2,0
"1,2,0,3,1,1,1",subsidized_catch_up,2,0
"1,2,0,3,1,1,1",central_cap2,2,0
"1,2,0,3,1,1,1",equity_cap2,2,0
"1,2,0,3,1,1,1",central_full,2,0
"0,1,2,3,0,2,1",bilateral_3pass,1,0
"0,1,2,3,0,2,1",clearinghouse,1,1
"0,1,2,3,0,2,1",public_pool,1,0
"0,1,2,3,0,2,1",subsidized_catch_up,1,0
"0,1,2,3,0,2,1",central_cap2,1,0
"0,1,2,3,0,2,1",equity_cap2,1,0
"0,1,2,3,0,2,1",central_full,1,0
"1,1,1,3,1,0,6",bilateral_3pass,19,19
"1,1,1,3,1,0,6",clearinghouse,19,0
"1,1,1,3,1,0,6",public_pool,19,0
"1,1,1,3,1,0,6",subsidized_catch_up,19,0
"1,1,1,3,1,0,6",central_cap2,19,0
"1,1,1,3,1,0,6",equity_cap2,19,0
"1,1,1,3,1,0,6",central_full,19,0
"1,3,2,1,1,2,0",bilateral_3pass,13,0
"1,3,2,1,1,2,0",clearinghouse,13,1
"1,3,2,1,1,2,0",public_pool,13,10
"1,3,2,1,1,2,0",subsidized_catch_up,13,0
"1,3,2,1,1,2,0",central_cap2,13,0
"1,3,2,1,1,2,0",equity_cap2,13,2
"1,3,2,1,1,2,0",central_full,13,0
"3,1,0,1,2,1,6",bilateral_3pass,4,4
"3,1,0,1,2,1,6",clearinghouse,4,0
"3,1,0,1,2,1,6",public_pool,4,0
"3,1,0,1,2,1,6",subsidized_catch_up,4,0
"3,1,0,1,2,1,6",central_cap2,4,0
"3,1,0,1,2,1,6",equity_cap2,4,0
"3,1,0,1,2,1,6",central_full,4,0
"3,1,0,3,2,2,6",bilateral_3pass,8,8
"3,1,0,3,2,2,6",clearinghouse,8,0
"3,1,0,3,2,2,6",public_pool,8,0
"3,1,0,3,2,2,6",subsidized_catch_up,8,0
"3,1,0,3,2,2,6",central_cap2,8,0
"3,1,0,3,2,2,6",equity_cap2,8,0
"3,1,0,3,2,2,6",central_full,8,0
"2,1,0,3,2,2,5",bilateral_3pass,1,1
"2,1,0,3,2,2,5",clearinghouse,1,0
"2,1,0,3,2,2,5",public_pool,1,0
"2,1,0,3,2,2,5",subsidized_catch_up,1,0
"2,1,0,3,2,2,5",central_cap2,1,0
"2,1,0,3,2,2,5",equity_cap2,1,0
"2,1,0,3,2,2,5",central_full,1,0
"0,3,0,0,0,0,2",bilateral_3pass,2,0
"0,3,0,0,0,0,2",clearinghouse,2,0
"0,3,0,0,0,0,2",public_pool,2,0
"0,3,0,0,0,0,2",subsidized_catch_up,2,0
"0,3,0,0,0,0,2",central_cap2,2,0
"0,3,0,0,0,0,2",equity_cap2,2,2
"0,3,0,0,0,0,2",central_full,2,0
"0,2,2,1,0,2,3",bilateral_3pass,1,1
"0,2,2,1,0,2,3",clearinghouse,1,0
"0,2,2,1,0,2,3",public_pool,1,0
"0,2,2,1,0,2,3",subsidized_catch_up,1,0
"0,2,2,1,0,2,3",central_cap2,1,0
"0,2,2,1,0,2,3",equity_cap2,1,0
"0,2,2,1,0,2,3",central_full,1,0
"1,3,0,1,0,2,0",bilateral_3pass,3,3
"1,3,0,1,0,2,0",clearinghouse,3,0
"1,3,0,1,0,2,0",public_pool,3,0
"1,3,0,1,0,2,0",subsidized_catch_up,3,0
"1,3,0,1,0,2,0",central_cap2,3,0
"1,3,0,1,0,2,0",equity_cap2,3,0
"1,3,0,1,0,2,0",central_full,3,0
"2,2,0,2,1,2,1",bilateral_3pass,3,3
"2,2,0,2,1,2,1",clearinghouse,3,0
"2,2,0,2,1,2,1",public_pool,3,0
"2,2,0,2,1,2,1",subsidized_catch_up,3,0
"2,2,0,2,1,2,1",central_cap2,3,0
"2,2,0,2,1,2,1",equity_cap2,3,0
"2,2,0,2,1,2,1",central_full,3,0
"1,2,2,1,1,2,1",bilateral_3pass,11,11
"1,2,2,1,1,2,1",clearinghouse,11,0
"1,2,2,1,1,2,1",public_pool,11,0
"1,2,2,1,1,2,1",subsidized_catch_up,11,0
"1,2,2,1,1,2,1",central_cap2,11,0
"1,2,2,1,1,2,1",equity_cap2,11,0
"1,2,2,1,1,2,1",central_full,11,0
"1,1,2,1,2,0,1",bilateral_3pass,1,1
"1,1,2,1,2,0,1",clearinghouse,1,0
"1,1,2,1,2,0,1",public_pool,1,0
"1,1,2,1,2,0,1",subsidized_catch_up,1,0
"1,1,2,1,2,0,1",central_cap2,1,0
"1,1,2,1,2,0,1",equity_cap2,1,0
"1,1,2,1,2,0,1",central_full,1,0
"1,3,1,3,2,1,0",bilateral_3pass,15,1
"1,3,1,3,2,1,0",clearinghouse,15,0
"1,3,1,3,2,1,0",public_pool,15,0
"1,3,1,3,2,1,0",subsidized_catch_up,15,0
"1,3,1,3,2,1,0",central_cap2,15,14
"1,3,1,3,2,1,0",equity_cap2,15,0
"1,3,1,3,2,1,0",central_full,15,0
"2,2,1,2,2,1,4",bilateral_3pass,6,0
"2,2,1,2,2,1,4",clearinghouse,6,0
"2,2,1,2,2,1,4",public_pool,6,0
"2,2,1,2,2,1,4",subsidized_catch_up,6,6
"2,2,1,2,2,1,4",central_cap2,6,0
"2,2,1,2,2,1,4",equity_cap2,6,0
"2,2,1,2,2,1,4",central_full,6,0
"3,1,1,3,1,0,5",bilateral_3pass,1,1
"3,1,1,3,1,0,5",clearinghouse,1,0
"3,1,1,3,1,0,5",public_pool,1,0
"3,1,1,3,1,0,5",subsidized_catch_up,1,0
"3,1,1,3,1,0,5",central_cap2,1,0
"3,1,1,3,1,0,5",equity_cap2,1,0
"3,1,1,3,1,0,5",central_full,1,0
"1,2,0,1,0,0,4",bilateral_3pass,1,0
"1,2,0,1,0,0,4",clearinghouse,1,1
"1,2,0,1,0,0,4",public_pool,1,0
"1,2,0,1,0,0,4",subsidized_catch_up,1,0
"1,2,0,1,0,0,4",central_cap2,1,0
"1,2,0,1,0,0,4",equity_cap2,1,0
"1,2,0,1,0,0,4",central_full,1,0
"2,3,0,3,2,2,0",bilateral_3pass,13,11
"2,3,0,3,2,2,0",clearinghouse,13,0
"2,3,0,3,2,2,0",public_pool,13,0
"2,3,0,3,2,2,0",subsidized_catch_up,13,0
"2,3,0,3,2,2,0",central_cap2,13,1
"2,3,0,3,2,2,0",equity_cap2,13,1
"2,3,0,3,2,2,0",central_full,13,0
"2,2,2,2,2,0,3",bilateral_3pass,15,0
"2,2,2,2,2,0,3",clearinghouse,15,0
"2,2,2,2,2,0,3",public_pool,15,0
"2,2,2,2,2,0,3",subsidized_catch_up,15,15
"2,2,2,2,2,0,3",central_cap2,15,0
"2,2,2,2,2,0,3",equity_cap2,15,0
"2,2,2,2,2,0,3",central_full,15,0
"2,3,2,1,1,0,0",bilateral_3pass,26,0
"2,3,2,1,1,0,0",clearinghouse,26,0
"2,3,2,1,1,0,0",public_pool,26,2
"2,3,2,1,1,0,0",subsidized_catch_up,26,23
"2,3,2,1,1,0,0",central_cap2,26,1
"2,3,2,1,1,0,0",equity_cap2,26,0
"2,3,2,1,1,0,0",central_full,26,0
"2,2,0,2,1,1,2",bilateral_3pass,5,1
"2,2,0,2,1,1,2",clearinghouse,5,0
"2,2,0,2,1,1,2",public_pool,5,1
"2,2,0,2,1,1,2",subsidized_catch_up,5,3
"2,2,0,2,1,1,2",central_cap2,5,0
"2,2,0,2,1,1,2",equity_cap2,5,0
"2,2,0,2,1,1,2",central_full,5,0
"2,2,2,3,1,1,1",bilateral_3pass,35,32
"2,2,2,3,1,1,1",clearinghouse,35,0
"2,2,2,3,1,1,1",public_pool,35,0
"2,2,2,3,1,1,1",subsidized_catch_up,35,3
"2,2,2,3,1,1,1",central_cap2,35,0
"2,2,2,3,1,1,1",equity_cap2,35,0
"2,2,2,3,1,1,1",central_full,35,0
"2,2,2,1,1,0,3",bilateral_3pass,43,1
"2,2,2,1,1,0,3",clearinghouse,43,41
"2,2,2,1,1,0,3",public_pool,43,0
"2,2,2,1,1,0,3",subsidized_catch_up,43,1
"2,2,2,1,1,0,3",central_cap2,43,0
"2,2,2,1,1,0,3",equity_cap2,43,0
"2,2,2,1,1,0,3",central_full,43,0
"3,2,1,1,0,2,1",bilateral_3pass,3,0
"3,2,1,1,0,2,1",clearinghouse,3,3
"3,2,1,1,0,2,1",public_pool,3,0
"3,2,1,1,0,2,1",subsidized_catch_up,3,0
"3,2,1,1,0,2,1",central_cap2,3,0
"3,2,1,1,0,2,1",equity_cap2,3,0
"3,2,1,1,0,2,1",central_full,3,0
"1,1,1,3,0,1,6",bilateral_3pass,21,21
"1,1,1,3,0,1,6",clearinghouse,21,0
"1,1,1,3,0,1,6",public_pool,21,0
"1,1,1,3,0,1,6",subsidized_catch_up,21,0
"1,1,1,3,0,1,6",central_cap2,21,0
"1,1,1,3,0,1,6",equity_cap2,21,0
"1,1,1,3,0,1,6",central_full,21,0
"2,2,1,3,0,1,4",bilateral_3pass,3,0
"2,2,1,3,0,1,4",clearinghouse,3,3
"2,2,1,3,0,1,4",public_pool,3,0
"2,2,1,3,0,1,4",subsidized_catch_up,3,0
"2,2,1,3,0,1,4",central_cap2,3,0
"2,2,1,3,0,1,4",equity_cap2,3,0
"2,2,1,3,0,1,4",central_full,3,0
"1,2,0,1,0,2,1",bilateral_3pass,1,0
"1,2,0,1,0,2,1",clearinghouse,1,0
"1,2,0,1,0,2,1",public_pool,1,0
"1,2,0,1,0,2,1",subsidized_catch_up,1,1
"1,2,0,1,0,2,1",central_cap2,1,0
"1,2,0,1,0,2,1",equity_cap2,1,0
"1,2,0,1,0,2,1",central_full,1,0
"3,1,1,3,2,0,6",bilateral_3pass,1,1
"3,1,1,3,2,0,6",clearinghouse,1,0
"3,1,1,3,2,0,6",public_pool,1,0
"3,1,1,3,2,0,6",subsidized_catch_up,1,0
"3,1,1,3,2,0,6",central_cap2,1,0
"3,1,1,3,2,0,6",equity_cap2,1,0
"3,1,1,3,2,0,6",central_full,1,0
"1,3,0,1,1,1,0",bilateral_3pass,4,0
"1,3,0,1,1,1,0",clearinghouse,4,0
"1,3,0,1,1,1,0",public_pool,4,3
"1,3,0,1,1,1,0",subsidized_catch_up,4,0
"1,3,0,1,1,1,0",central_cap2,4,0
"1,3,0,1,1,1,0",equity_cap2,4,1
"1,3,0,1,1,1,0",central_full,4,0
"1,2,0,2,1,1,2",bilateral_3pass,1,1
"1,2,0,2,1,1,2",clearinghouse,1,0
"1,2,0,2,1,1,2",public_pool,1,0
"1,2,0,2,1,1,2",subsidized_catch_up,1,0
"1,2,0,2,1,1,2",central_cap2,1,0
"1,2,0,2,1,1,2",equity_cap2,1,0
"1,2,0,2,1,1,2",central_full,1,0
"2,2,1,1,0,0,1",bilateral_3pass,6,6
"2,2,1,1,0,0,1",clearinghouse,6,0
"2,2,1,1,0,0,1",public_pool,6,0
"2,2,1,1,0,0,1",subsidized_catch_up,6,0
"2,2,1,1,0,0,1",central_cap2,6,0
"2,2,1,1,0,0,1",equity_cap2,6,0
"2,2,1,1,0,0,1",central_full,6,0
"2,2,0,1,1,1,3",bilateral_3pass,17,0
"2,2,0,1,1,1,3",clearinghouse,17,16
"2,2,0,1,1,1,3",public_pool,17,0
"2,2,0,1,1,1,3",subsidized_catch_up,17,1
"2,2,0,1,1,1,3",central_cap2,17,0
"2,2,0,1,1,1,3",equity_cap2,17,0
"2,2,0,1,1,1,3",central_full,17,0
"1,1,1,2,1,0,5",bilateral_3pass,2,2
"1,1,1,2,1,0,5",clearinghouse,2,0
"1,1,1,2,1,0,5",public_pool,2,0
"1,1,1,2,1,0,5",subsidized_catch_up,2,0
"1,1,1,2,1,0,5",central_cap2,2,0
"1,1,1,2,1,0,5",equity_cap2,2,0
"1,1,1,2,1,0,5",central_full,2,0
"1,1,0,3,1,1,6",bilateral_3pass,3,3
"1,1,0,3,1,1,6",clearinghouse,3,0
"1,1,0,3,1,1,6",public_pool,3,0
"1,1,0,3,1,1,6",subsidized_catch_up,3,0
"1,1,0,3,1,1,6",central_cap2,3,0
"1,1,0,3,1,1,6",equity_cap2,3,0
"1,1,0,3,1,1,6",central_full,3,0
"2,2,0,1,1,2,3",bilateral_3pass,11,0
"2,2,0,1,1,2,3",clearinghouse,11,11
"2,2,0,1,1,2,3",public_pool,11,0
"2,2,0,1,1,2,3",subsidized_catch_up,11,0
"2,2,0,1,1,2,3",central_cap2,11,0
"2,2,0,1,1,2,3",equity_cap2,11,0
"2,2,0,1,1,2,3",central_full,11,0
"3,1,0,3,1,1,2",bilateral_3pass,2,2
"3,1,0,3,1,1,2",clearinghouse,2,0
"3,1,0,3,1,1,2",public_pool,2,0
"3,1,0,3,1,1,2",subsidized_catch_up,2,0
"3,1,0,3,1,1,2",central_cap2,2,0
"3,1,0,3,1,1,2",equity_cap2,2,0
"3,1,0,3,1,1,2",central_full,2,0
"1,2,2,3,2,0,3",bilateral_3pass,2,0
"1,2,2,3,2,0,3",clearinghouse,2,0
"1,2,2,3,2,0,3",public_pool,2,0
"1,2,2,3,2,0,3",subsidized_catch_up,2,2
"1,2,2,3,2,0,3",central_cap2,2,0
"1,2,2,3,2,0,3",equity_cap2,2,0
"1,2,2,3,2,0,3",central_full,2,0
"1,1,2,2,2,1,3",bilateral_3pass,3,3
"1,1,2,2,2,1,3",clearinghouse,3,0
"1,1,2,2,2,1,3",public_pool,3,0
"1,1,2,2,2,1,3",subsidized_catch_up,3,0
"1,1,2,2,2,1,3",central_cap2,3,0
"1,1,2,2,2,1,3",equity_cap2,3,0
"1,1,2,2,2,1,3",central_full,3,0
"1,1,2,3,2,0,0",bilateral_3pass,1,1
"1,1,2,3,2,0,0",clearinghouse,1,0
"1,1,2,3,2,0,0",public_pool,1,0
"1,1,2,3,2,0,0",subsidized_catch_up,1,0
"1,1,2,3,2,0,0",central_cap2,1,0
"1,1,2,3,2,0,0",equity_cap2,1,0
"1,1,2,3,2,0,0",central_full,1,0
"3,3,2,3,1,2,0",bilateral_3pass,14,0
"3,3,2,3,1,2,0",clearinghouse,14,1
"3,3,2,3,1,2,0",public_pool,14,0
"3,3,2,3,1,2,0",subsidized_catch_up,14,0
"3,3,2,3,1,2,0",central_cap2,14,0
"3,3,2,3,1,2,0",equity_cap2,14,13
"3,3,2,3,1,2,0",central_full,14,0
"1,2,0,1,1,2,3",bilateral_3pass,3,3
"1,2,0,1,1,2,3",clearinghouse,3,0
"1,2,0,1,1,2,3",public_pool,3,0
"1,2,0,1,1,2,3",subsidized_catch_up,3,0
"1,2,0,1,1,2,3",central_cap2,3,0
"1,2,0,1,1,2,3",equity_cap2,3,0
"1,2,0,1,1,2,3",central_full,3,0
"2,1,0,1,2,2,3",bilateral_3pass,13,13
"2,1,0,1,2,2,3",clearinghouse,13,0
"2,1,0,1,2,2,3",public_pool,13,0
"2,1,0,1,2,2,3",subsidized_catch_up,13,0
"2,1,0,1,2,2,3",central_cap2,13,0
"2,1,0,1,2,2,3",equity_cap2,13,0
"2,1,0,1,2,2,3",central_full,13,0
"1,1,0,1,0,0,5",bilateral_3pass,1,1
"1,1,0,1,0,0,5",clearinghouse,1,0
"1,1,0,1,0,0,5",public_pool,1,0
"1,1,0,1,0,0,5",subsidized_catch_up,1,0
"1,1,0,1,0,0,5",central_cap2,1,0
"1,1,0,1,0,0,5",equity_cap2,1,0
"1,1,0,1,0,0,5",central_full,1,0
"1,1,0,2,1,0,5",bilateral_3pass,1,1
"1,1,0,2,1,0,5",clearinghouse,1,0
"1,1,0,2,1,0,5",public_pool,1,0
"1,1,0,2,1,0,5",subsidized_catch_up,1,0
"1,1,0,2,1,0,5",central_cap2,1,0
"1,1,0,2,1,0,5",equity_cap2,1,0
"1,1,0,2,1,0,5",central_full,1,0
"2,3,2,3,0,1,0",bilateral_3pass,25,0
"2,3,2,3,0,1,0",clearinghouse,25,0
"2,3,2,3,0,1,0",public_pool,25,0
"2,3,2,3,0,1,0",subsidized_catch_up,25,20
"2,3,2,3,0,1,0",central_cap2,25,1
"2,3,2,3,0,1,0",equity_cap2,25,4
"2,3,2,3,0,1,0",central_full,25,0
"2,2,1,1,0,0,5",bilateral_3pass,3,0
"2,2,1,1,0,0,5",clearinghouse,3,0
"2,2,1,1,0,0,5",public_pool,3,0
"2,2,1,1,0,0,5",subsidized_catch_up,3,0
"2,2,1,1,0,0,5",central_cap2,3,0
"2,2,1,1,0,0,5",equity_cap2,3,3
"2,2,1,1,0,0,5",central_full,3,0
"3,2,1,1,2,1,5",bilateral_3pass,5,5
"3,2,1,1,2,1,5",clearinghouse,5,0
"3,2,1,1,2,1,5",public_pool,5,0
"3,2,1,1,2,1,5",subsidized_catch_up,5,0
"3,2,1,1,2,1,5",central_cap2,5,0
"3,2,1,1,2,1,5",equity_cap2,5,0
"3,2,1,1,2,1,5",central_full,5,0
"3,1,1,1,0,2,6",bilateral_3pass,7,7
"3,1,1,1,0,2,6",clearinghouse,7,0
"3,1,1,1,0,2,6",public_pool,7,0
"3,1,1,1,0,2,6",subsidized_catch_up,7,0
"3,1,1,1,0,2,6",central_cap2,7,0
"3,1,1,1,0,2,6",equity_cap2,7,0
"3,1,1,1,0,2,6",central_full,7,0
"3,1,1,2,2,0,5",bilateral_3pass,4,4
"3,1,1,2,2,0,5",clearinghouse,4,0
"3,1,1,2,2,0,5",public_pool,4,0
"3,1,1,2,2,0,5",subsidized_catch_up,4,0
"3,1,1,2,2,0,5",central_cap2,4,0
"3,1,1,2,2,0,5",equity_cap2,4,0
"3,1,1,2,2,0,5",central_full,4,0
"3,2,0,1,1,2,4",bilateral_3pass,1,1
"3,2,0,1,1,2,4",clearinghouse,1,0
"3,2,0,1,1,2,4",public_pool,1,0
"3,2,0,1,1,2,4",subsidized_catch_up,1,0
"3,2,0,1,1,2,4",central_cap2,1,0
"3,2,0,1,1,2,4",equity_cap2,1,0
"3,2,0,1,1,2,4",central_full,1,0
"3,3,1,1,2,1,3",bilateral_3pass,4,0
"3,3,1,1,2,1,3",clearinghouse,4,4
"3,3,1,1,2,1,3",public_pool,4,0
"3,3,1,1,2,1,3",subsidized_catch_up,4,0
"3,3,1,1,2,1,3",central_cap2,4,0
"3,3,1,1,2,1,3",equity_cap2,4,0
"3,3,1,1,2,1,3",central_full,4,0
"0,3,2,2,0,2,0",bilateral_3pass,3,0
"0,3,2,2,0,2,0",clearinghouse,3,0
"0,3,2,2,0,2,0",public_pool,3,0
"0,3,2,2,0,2,0",subsidized_catch_up,3,3
"0,3,2,2,0,2,0",central_cap2,3,0
"0,3,2,2,0,2,0",equity_cap2,3,0
"0,3,2,2,0,2,0",central_full,3,0
"1,1,2,1,2,1,0",bilateral_3pass,2,2
"1,1,2,1,2,1,0",clearinghouse,2,0
"1,1,2,1,2,1,0",public_pool,2,0
"1,1,2,1,2,1,0",subsidized_catch_up,2,0
"1,1,2,1,2,1,0",central_cap2,2,0
"1,1,2,1,2,1,0",equity_cap2,2,0
"1,1,2,1,2,1,0",central_full,2,0
"1,1,1,1,1,1,5",bilateral_3pass,5,5
"1,1,1,1,1,1,5",clearinghouse,5,0
"1,1,1,1,1,1,5",public_pool,5,0
"1,1,1,1,1,1,5",subsidized_catch_up,5,0
"1,1,1,1,1,1,5",central_cap2,5,0
"1,1,1,1,1,1,5",equity_cap2,5,0
"1,1,1,1,1,1,5",central_full,5,0
"3,2,2,3,0,2,2",bilateral_3pass,1,0
"3,2,2,3,0,2,2",clearinghouse,1,0
"3,2,2,3,0,2,2",public_pool,1,0
"3,2,2,3,0,2,2",subsidized_catch_up,1,1
"3,2,2,3,0,2,2",central_cap2,1,0
"3,2,2,3,0,2,2",equity_cap2,1,0
"3,2,2,3,0,2,2",central_full,1,0
"3,1,0,2,1,2,2",bilateral_3pass,1,1
"3,1,0,2,1,2,2",clearinghouse,1,0
"3,1,0,2,1,2,2",public_pool,1,0
"3,1,0,2,1,2,2",subsidized_catch_up,1,0
"3,1,0,2,1,2,2",central_cap2,1,0
"3,1,0,2,1,2,2",equity_cap2,1,0
"3,1,0,2,1,2,2",central_full,1,0
"1,2,2,1,0,0,1",bilateral_3pass,14,0
"1,2,2,1,0,0,1",clearinghouse,14,13
"1,2,2,1,0,0,1",public_pool,14,0
"1,2,2,1,0,0,1",subsidized_catch_up,14,1
"1,2,2,1,0,0,1",central_cap2,14,0
"1,2,2,1,0,0,1",equity_cap2,14,0
"1,2,2,1,0,0,1",central_full,14,0
"3,2,0,1,2,2,3",bilateral_3pass,31,2
"3,2,0,1,2,2,3",clearinghouse,31,28
"3,2,0,1,2,2,3",public_pool,31,0
"3,2,0,1,2,2,3",subsidized_catch_up,31,1
"3,2,0,1,2,2,3",central_cap2,31,0
"3,2,0,1,2,2,3",equity_cap2,31,0
"3,2,0,1,2,2,3",central_full,31,0
"2,2,0,3,2,1,3",bilateral_3pass,13,12
"2,2,0,3,2,1,3",clearinghouse,13,1
"2,2,0,3,2,1,3",public_pool,13,0
"2,2,0,3,2,1,3",subsidized_catch_up,13,0
"2,2,0,3,2,1,3",central_cap2,13,0
"2,2,0,3,2,1,3",equity_cap2,13,0
"2,2,0,3,2,1,3",central_full,13,0
"3,2,1,3,2,1,6",bilateral_3pass,11,1
"3,2,1,3,2,1,6",clearinghouse,11,9
"3,2,1,3,2,1,6",public_pool,11,0
"3,2,1,3,2,1,6",subsidized_catch_up,11,1
"3,2,1,3,2,1,6",central_cap2,11,0
"3,2,1,3,2,1,6",equity_cap2,11,0
"3,2,1,3,2,1,6",central_full,11,0
"3,2,1,1,0,2,2",bilateral_3pass,4,0
"3,2,1,1,0,2,2",clearinghouse,4,0
"3,2,1,1,0,2,2",public_pool,4,4
"3,2,1,1,0,2,2",subsidized_catch_up,4,0
"3,2,1,1,0,2,2",central_cap2,4,0
"3,2,1,1,0,2,2",equity_cap2,4,0
"3,2,1,1,0,2,2",central_full,4,0
"1,2,0,3,0,2,0",bilateral_3pass,5,0
"1,2,0,3,0,2,0",clearinghouse,5,5
"1,2,0,3,0,2,0",public_pool,5,0
"1,2,0,3,0,2,0",subsidized_catch_up,5,0
"1,2,0,3,0,2,0",central_cap2,5,0
"1,2,0,3,0,2,0",equity_cap2,5,0
"1,2,0,3,0,2,0",central_full,5,0
"3,2,1,3,1,0,1",bilateral_3pass,5,0
"3,2,1,3,1,0,1",clearinghouse,5,0
"3,2,1,3,1,0,1",public_pool,5,0
"3,2,1,3,1,0,1",subsidized_catch_up,5,5
"3,2,1,3,1,0,1",central_cap2,5,0
"3,2,1,3,1,0,1",equity_cap2,5,0
"3,2,1,3,1,0,1",central_full,5,0
"1,2,2,1,0,2,5",bilateral_3pass,6,5
"1,2,2,1,0,2,5",clearinghouse,6,1
"1,2,2,1,0,2,5",public_pool,6,0
"1,2,2,1,0,2,5",subsidized_catch_up,6,0
"1,2,2,1,0,2,5",central_cap2,6,0
"1,2,2,1,0,2,5",equity_cap2,6,0
"1,2,2,1,0,2,5",central_full,6,0
"0,2,0,1,0,1,6",bilateral_3pass,1,0
"0,2,0,1,0,1,6",clearinghouse,1,0
"0,2,0,1,0,1,6",public_pool,1,0
"0,2,0,1,0,1,6",subsidized_catch_up,1,1
"0,2,0,1,0,1,6",central_cap2,1,0
"0,2,0,1,0,1,6",equity_cap2,1,0
"0,2,0,1,0,1,6",central_full,1,0
"1,2,2,2,1,1,5",bilateral_3pass,12,1
"1,2,2,2,1,1,5",clearinghouse,12,0
"1,2,2,2,1,1,5",public_pool,12,0
"1,2,2,2,1,1,5",subsidized_catch_up,12,1
"1,2,2,2,1,1,5",central_cap2,12,0
"1,2,2,2,1,1,5",equity_cap2,12,10
"1,2,2,2,1,1,5",central_full,12,0
"1,1,0,3,0,1,5",bilateral_3pass,2,2
"1,1,0,3,0,1,5",clearinghouse,2,0
"1,1,0,3,0,1,5",public_pool,2,0
"1,1,0,3,0,1,5",subsidized_catch_up,2,0
"1,1,0,3,0,1,5",central_cap2,2,0
"1,1,0,3,0,1,5",equity_cap2,2,0
"1,1,0,3,0,1,5",central_full,2,0
"3,1,0,2,1,2,4",bilateral_3pass,2,2
"3,1,0,2,1,2,4",clearinghouse,2,0
"3,1,0,2,1,2,4",public_pool,2,0
"3,1,0,2,1,2,4",subsidized_catch_up,2,0
"3,1,0,2,1,2,4",central_cap2,2,0
"3,1,0,2,1,2,4",equity_cap2,2,0
"3,1,0,2,1,2,4",central_full,2,0
"2,3,0,3,0,0,0",bilateral_3pass,1,0
"2,3,0,3,0,0,0",clearinghouse,1,0
"2,3,0,3,0,0,0",public_pool,1,0
"2,3,0,3,0,0,0",subsidized_catch_up,1,0
"2,3,0,3,0,0,0",central_cap2,1,0
"2,3,0,3,0,0,0",equity_cap2,1,1
"2,3,0,3,0,0,0",central_full,1,0
"2,2,2,2,1,0,5",bilateral_3pass,2,0
"2,2,2,2,1,0,5",clearinghouse,2,0
"2,2,2,2,1,0,5",public_pool,2,0
"2,2,2,2,1,0,5",subsidized_catch_up,2,0
"2,2,2,2,1,0,5",central_cap2,2,0
"2,2,2,2,1,0,5",equity_cap2,2,2
"2,2,2,2,1,0,5",central_full,2,0
"1,2,2,1,2,0,0",bilateral_3pass,3,0
"1,2,2,1,2,0,0",clearinghouse,3,0
"1,2,2,1,2,0,0",public_pool,3,3
"1,2,2,1,2,0,0",subsidized_catch_up,3,0
"1,2,2,1,2,0,0",central_cap2,3,0
"1,2,2,1,2,0,0",equity_cap2,3,0
"1,2,2,1,2,0,0",central_full,3,0
"2,1,2,2,2,0,2",bilateral_3pass,1,1
"2,1,2,2,2,0,2",clearinghouse,1,0
"2,1,2,2,2,0,2",public_pool,1,0
"2,1,2,2,2,0,2",subsidized_catch_up,1,0
"2,1,2,2,2,0,2",central_cap2,1,0
"2,1,2,2,2,0,2",equity_cap2,1,0
"2,1,2,2,2,0,2",central_full,1,0
"0,2,0,0,0,0,4",bilateral_3pass,2,0
"0,2,0,0,0,0,4",clearinghouse,2,1
"0,2,0,0,0,0,4",public_pool,2,0
"0,2,0,0,0,0,4",subsidized_catch_up,2,0
"0,2,0,0,0,0,4",central_cap2,2,1
"0,2,0,0,0,0,4",equity_cap2,2,0
"0,2,0,0,0,0,4",central_full,2,0
"1,2,1,3,2,1,3",bilateral_3pass,4,0
"1,2,1,3,2,1,3",clearinghouse,4,0
"1,2,1,3,2,1,3",public_pool,4,0
"1,2,1,3,2,1,3",subsidized_catch_up,4,4
"1,2,1,3,2,1,3",central_cap2,4,0
"1,2,1,3,2,1,3",equity_cap2,4,0
"1,2,1,3,2,1,3",central_full,4,0
"2,2,1,1,0,2,5",bilateral_3pass,3,0
"2,2,1,1,0,2,5",clearinghouse,3,0
"2,2,1,1,0,2,5",public_pool,3,0
"2,2,1,1,0,2,5",subsidized_catch_up,3,0
"2,2,1,1,0,2,5",central_cap2,3,0
"2,2,1,1,0,2,5",equity_cap2,3,3
"2,2,1,1,0,2,5",central_full,3,0
"2,2,0,2,1,1,1",bilateral_3pass,7,5
"2,2,0,2,1,1,1",clearinghouse,7,1
"2,2,0,2,1,1,1",public_pool,7,0
"2,2,0,2,1,1,1",subsidized_catch_up,7,0
"2,2,0,2,1,1,1",central_cap2,7,1
"2,2,0,2,1,1,1",equity_cap2,7,0
"2,2,0,2,1,1,1",central_full,7,0
"3,2,1,1,2,0,6",bilateral_3pass,1,0
"3,2,1,1,2,0,6",clearinghouse,1,1
"3,2,1,1,2,0,6",public_pool,1,0
"3,2,1,1,2,0,6",subsidized_catch_up,1,0
"3,2,1,1,2,0,6",central_cap2,1,0
"3,2,1,1,2,0,6",equity_cap2,1,0
"3,2,1,1,2,0,6",central_full,1,0
"3,1,0,0,2,2,5",bilateral_3pass,1,1
"3,1,0,0,2,2,5",clearinghouse,1,0
"3,1,0,0,2,2,5",public_pool,1,0
"3,1,0,0,2,2,5",subsidized_catch_up,1,0
"3,1,0,0,2,2,5",central_cap2,1,0
"3,1,0,0,2,2,5",equity_cap2,1,0
"3,1,0,0,2,2,5",central_full,1,0
"2,2,1,3,1,1,4",bilateral_3pass,8,1
"2,2,1,3,1,1,4",clearinghouse,8,7
"2,2,1,3,1,1,4",public_pool,8,0
"2,2,1,3,1,1,4",subsidized_catch_up,8,0
"2,2,1,3,1,1,4",central_cap2,8,0
"2,2,1,3,1,1,4",equity_cap2,8,0
"2,2,1,3,1,1,4",central_full,8,0
"3,2,2,1,0,1,3",bilateral_3pass,2,2
"3,2,2,1,0,1,3",clearinghouse,2,0
"3,2,2,1,0,1,3",public_pool,2,0
"3,2,2,1,0,1,3",subsidized_catch_up,2,0
"3,2,2,1,0,1,3",central_cap2,2,0
"3,2,2,1,0,1,3",equity_cap2,2,0
"3,2,2,1,0,1,3",central_full,2,0
"2,2,2,2,2,2,5",bilateral_3pass,7,0
"2,2,2,2,2,2,5",clearinghouse,7,7
"2,2,2,2,2,2,5",public_pool,7,0
"2,2,2,2,2,2,5",subsidized_catch_up,7,0
"2,2,2,2,2,2,5",central_cap2,7,0
"2,2,2,2,2,2,5",equity_cap2,7,0
"2,2,2,2,2,2,5",central_full,7,0
"2,2,1,3,1,0,2",bilateral_3pass,8,0
"2,2,1,3,1,0,2",clearinghouse,8,0
"2,2,1,3,1,0,2",public_pool,8,8
"2,2,1,3,1,0,2",subsidized_catch_up,8,0
"2,2,1,3,1,0,2",central_cap2,8,0
"2,2,1,3,1,0,2",equity_cap2,8,0
"2,2,1,3,1,0,2",central_full,8,0
"3,2,2,2,0,2,1",bilateral_3pass,3,2
"3,2,2,2,0,2,1",clearinghouse,3,0
"3,2,2,2,0,2,1",public_pool,3,0
"3,2,2,2,0,2,1",subsidized_catch_up,3,0
"3,2,2,2,0,2,1",central_cap2,3,1
"3,2,2,2,0,2,1",equity_cap2,3,0
"3,2,2,2,0,2,1",central_full,3,0
"2,3,1,3,2,2,1",bilateral_3pass,1,0
"2,3,1,3,2,2,1",clearinghouse,1,0
"2,3,1,3,2,2,1",public_pool,1,0
"2,3,1,3,2,2,1",subsidized_catch_up,1,1
"2,3,1,3,2,2,1",central_cap2,1,0
"2,3,1,3,2,2,1",equity_cap2,1,0
"2,3,1,3,2,2,1",central_full,1,0
"3,1,2,1,2,2,6",bilateral_3pass,10,10
"3,1,2,1,2,2,6",clearinghouse,10,0
"3,1,2,1,2,2,6",public_pool,10,0
"3,1,2,1,2,2,6",subsidized_catch_up,10,0
"3,1,2,1,2,2,6",central_cap2,10,0
"3,1,2,1,2,2,6",equity_cap2,10,0
"3,1,2,1,2,2,6",central_full,10,0
"2,2,1,2,1,1,5",bilateral_3pass,14,1
"2,2,1,2,1,1,5",clearinghouse,14,0
"2,2,1,2,1,1,5",public_pool,14,0
"2,2,1,2,1,1,5",subsidized_catch_up,14,12
"2,2,1,2,1,1,5",central_cap2,14,0
"2,2,1,2,1,1,5",equity_cap2,14,1
"2,2,1,2,1,1,5",central_full,14,0
"2,2,2,1,1,2,5",bilateral_3pass,5,5
"2,2,2,1,1,2,5",clearinghouse,5,0
"2,2,2,1,1,2,5",public_pool,5,0
"2,2,2,1,1,2,5",subsidized_catch_up,5,0
"2,2,2,1,1,2,5",central_cap2,5,0
"2,2,2,1,1,2,5",equity_cap2,5,0
"2,2,2,1,1,2,5",central_full,5,0
"2,2,0,2,2,1,1",bilateral_3pass,4,0
"2,2,0,2,2,1,1",clearinghouse,4,4
"2,2,0,2,2,1,1",public_pool,4,0
"2,2,0,2,2,1,1",subsidized_catch_up,4,0
"2,2,0,2,2,1,1",central_cap2,4,0
"2,2,0,2,2,1,1",equity_cap2,4,0
"2,2,0,2,2,1,1",central_full,4,0
"3,3,2,3,2,2,1",bilateral_3pass,2,0
"3,3,2,3,2,2,1",clearinghouse,2,0
"3,3,2,3,2,2,1",public_pool,2,0
"3,3,2,3,2,2,1",subsidized_catch_up,2,0
"3,3,2,3,2,2,1",central_cap2,2,0
"3,3,2,3,2,2,1",equity_cap2,2,0
"3,3,2,3,2,2,1",central_full,2,2
"3,1,2,3,2,2,6",bilateral_3pass,6,6
"3,1,2,3,2,2,6",clearinghouse,6,0
"3,1,2,3,2,2,6",public_pool,6,0
"3,1,2,3,2,2,6",subsidized_catch_up,6,0
"3,1,2,3,2,2,6",central_cap2,6,0
"3,1,2,3,2,2,6",equity_cap2,6,0
"3,1,2,3,2,2,6",central_full,6,0
"1,1,2,2,2,0,0",bilateral_3pass,1,1
"1,1,2,2,2,0,0",clearinghouse,1,0
"1,1,2,2,2,0,0",public_pool,1,0
"1,1,2,2,2,0,0",subsidized_catch_up,1,0
"1,1,2,2,2,0,0",central_cap2,1,0
"1,1,2,2,2,0,0",equity_cap2,1,0
"1,1,2,2,2,0,0",central_full,1,0
"0,2,1,2,0,2,0",bilateral_3pass,4,0
"0,2,1,2,0,2,0",clearinghouse,4,4
"0,2,1,2,0,2,0",public_pool,4,0
"0,2,1,2,0,2,0",subsidized_catch_up,4,0
"0,2,1,2,0,2,0",central_cap2,4,0
"0,2,1,2,0,2,0",equity_cap2,4,0
"0,2,1,2,0,2,0",central_full,4,0
"2,3,2,3,2,2,0",bilateral_3pass,30,1
"2,3,2,3,2,2,0",clearinghouse,30,1
"2,3,2,3,2,2,0",public_pool,30,27
"2,3,2,3,2,2,0",subsidized_catch_up,30,0
"2,3,2,3,2,2,0",central_cap2,30,1
"2,3,2,3,2,2,0",equity_cap2,30,0
"2,3,2,3,2,2,0",central_full,30,0
"1,1,1,3,0,0,6",bilateral_3pass,16,16
"1,1,1,3,0,0,6",clearinghouse,16,0
"1,1,1,3,0,0,6",public_pool,16,0
"1,1,1,3,0,0,6",subsidized_catch_up,16,0
"1,1,1,3,0,0,6",central_cap2,16,0
"1,1,1,3,0,0,6",equity_cap2,16,0
"1,1,1,3,0,0,6",central_full,16,0
"2,1,0,3,0,0,1",bilateral_3pass,1,1
"2,1,0,3,0,0,1",clearinghouse,1,0
"2,1,0,3,0,0,1",public_pool,1,0
"2,1,0,3,0,0,1",subsidized_catch_up,1,0
"2,1,0,3,0,0,1",central_cap2,1,0
"2,1,0,3,0,0,1",equity_cap2,1,0
"2,1,0,3,0,0,1",central_full,1,0
"3,2,0,3,2,1,4",bilateral_3pass,20,0
"3,2,0,3,2,1,4",clearinghouse,20,1
"3,2,0,3,2,1,4",public_pool,20,0
"3,2,0,3,2,1,4",subsidized_catch_up,20,18
"3,2,0,3,2,1,4",central_cap2,20,1
"3,2,0,3,2,1,4",equity_cap2,20,0
"3,2,0,3,2,1,4",central_full,20,0
"3,2,2,3,0,0,0",bilateral_3pass,4,0
"3,2,2,3,0,0,0",clearinghouse,4,4
"3,2,2,3,0,0,0",public_pool,4,0
"3,2,2,3,0,0,0",subsidized_catch_up,4,0
"3,2,2,3,0,0,0",central_cap2,4,0
"3,2,2,3,0,0,0",equity_cap2,4,0
"3,2,2,3,0,0,0",central_full,4,0
"3,1,0,3,0,1,1",bilateral_3pass,4,4
"3,1,0,3,0,1,1",clearinghouse,4,0
"3,1,0,3,0,1,1",public_pool,4,0
"3,1,0,3,0,1,1",subsidized_catch_up,4,0
"3,1,0,3,0,1,1",central_cap2,4,0
"3,1,0,3,0,1,1",equity_cap2,4,0
"3,1,0,3,0,1,1",central_full,4,0
"3,1,1,1,2,1,6",bilateral_3pass,27,27
"3,1,1,1,2,1,6",clearinghouse,27,0
"3,1,1,1,2,1,6",public_pool,27,0
"3,1,1,1,2,1,6",subsidized_catch_up,27,0
"3,1,1,1,2,1,6",central_cap2,27,0
"3,1,1,1,2,1,6",equity_cap2,27,0
"3,1,1,1,2,1,6",central_full,27,0
"3,2,2,2,1,1,5",bilateral_3pass,1,0
"3,2,2,2,1,1,5",clearinghouse,1,0
"3,2,2,2,1,1,5",public_pool,1,0
"3,2,2,2,1,1,5",subsidized_catch_up,1,1
"3,2,2,2,1,1,5",central_cap2,1,0
"3,2,2,2,1,1,5",equity_cap2,1,0
"3,2,2,2,1,1,5",central_full,1,0
"1,2,2,2,2,2,0",bilateral_3pass,4,0
"1,2,2,2,2,2,0",clearinghouse,4,0
"1,2,2,2,2,2,0",public_pool,4,0
"1,2,2,2,2,2,0",subsidized_catch_up,4,4
"1,2,2,2,2,2,0",central_cap2,4,0
"1,2,2,2,2,2,0",equity_cap2,4,0
"1,2,2,2,2,2,0",central_full,4,0
"1,1,2,1,1,1,6",bilateral_3pass,3,3
"1,1,2,1,1,1,6",clearinghouse,3,0
"1,1,2,1,1,1,6",public_pool,3,0
"1,1,2,1,1,1,6",subsidized_catch_up,3,0
"1,1,2,1,1,1,6",central_cap2,3,0
"1,1,2,1,1,1,6",equity_cap2,3,0
"1,1,2,1,1,1,6",central_full,3,0
"3,2,2,1,2,2,6",bilateral_3pass,1,1
"3,2,2,1,2,2,6",clearinghouse,1,0
"3,2,2,1,2,2,6",public_pool,1,0
"3,2,2,1,2,2,6",subsidized_catch_up,1,0
"3,2,2,1,2,2,6",central_cap2,1,0
"3,2,2,1,2,2,6",equity_cap2,1,0
"3,2,2,1,2,2,6",central_full,1,0
"2,1,0,1,1,0,2",bilateral_3pass,1,1
"2,1,0,1,1,0,2",clearinghouse,1,0
"2,1,0,1,1,0,2",public_pool,1,0
"2,1,0,1,1,0,2",subsidized_catch_up,1,0
"2,1,0,1,1,0,2",central_cap2,1,0
"2,1,0,1,1,0,2",equity_cap2,1,0
"2,1,0,1,1,0,2",central_full,1,0
"2,2,1,1,0,1,2",bilateral_3pass,6,0
"2,2,1,1,0,1,2",clearinghouse,6,6
"2,2,1,1,0,1,2",public_pool,6,0
"2,2,1,1,0,1,2",subsidized_catch_up,6,0
"2,2,1,1,0,1,2",central_cap2,6,0
"2,2,1,1,0,1,2",equity_cap2,6,0
"2,2,1,1,0,1,2",central_full,6,0
"2,3,1,2,1,0,0",bilateral_3pass,15,0
"2,3,1,2,1,0,0",clearinghouse,15,0
"2,3,1,2,1,0,0",public_pool,15,0
"2,3,1,2,1,0,0",subsidized_catch_up,15,0
"2,3,1,2,1,0,0",central_cap2,15,15
"2,3,1,2,1,0,0",equity_cap2,15,0
"2,3,1,2,1,0,0",central_full,15,0
"3,3,1,3,2,2,2",bilateral_3pass,4,3
"3,3,1,3,2,2,2",clearinghouse,4,0
"3,3,1,3,2,2,2",public_pool,4,0
"3,3,1,3,2,2,2",subsidized_catch_up,4,0
"3,3,1,3,2,2,2",central_cap2,4,0
"3,3,1,3,2,2,2",equity_cap2,4,1
"3,3,1,3,2,2,2",central_full,4,0
"1,3,1,2,2,1,0",bilateral_3pass,7,6
"1,3,1,2,2,1,0",clearinghouse,7,1
"1,3,1,2,2,1,0",public_pool,7,0
"1,3,1,2,2,1,0",subsidized_catch_up,7,0
"1,3,1,2,2,1,0",central_cap2,7,0
"1,3,1,2,2,1,0",equity_cap2,7,0
"1,3,1,2,2,1,0",central_full,7,0
"2,2,2,3,1,0,1",bilateral_3pass,7,7
"2,2,2,3,1,0,1",clearinghouse,7,0
"2,2,2,3,1,0,1",public_pool,7,0
"2,2,2,3,1,0,1",subsidized_catch_up,7,0
"2,2,2,3,1,0,1",central_cap2,7,0
"2,2,2,3,1,0,1",equity_cap2,7,0
"2,2,2,3,1,0,1",central_full,7,0
"3,1,0,2,0,2,4",bilateral_3pass,1,1
"3,1,0,2,0,2,4",clearinghouse,1,0
"3,1,0,2,0,2,4",public_pool,1,0
"3,1,0,2,0,2,4",subsidized_catch_up,1,0
"3,1,0,2,0,2,4",central_cap2,1,0
"3,1,0,2,0,2,4",equity_cap2,1,0
"3,1,0,2,0,2,4",central_full,1,0
"2,2,1,2,0,1,2",bilateral_3pass,9,0
"2,2,1,2,0,1,2",clearinghouse,9,1
"2,2,1,2,0,1,2",public_pool,9,7
"2,2,1,2,0,1,2",subsidized_catch_up,9,1
"2,2,1,2,0,1,2",central_cap2,9,0
"2,2,1,2,0,1,2",equity_cap2,9,0
"2,2,1,2,0,1,2",central_full,9,0
"2,2,0,3,0,2,3",bilateral_3pass,3,2
"2,2,0,3,0,2,3",clearinghouse,3,1
"2,2,0,3,0,2,3",public_pool,3,0
"2,2,0,3,0,2,3",subsidized_catch_up,3,0
"2,2,0,3,0,2,3",central_cap2,3,0
"2,2,0,3,0,2,3",equity_cap2,3,0
"2,2,0,3,0,2,3",central_full,3,0
"2,2,1,1,0,0,4",bilateral_3pass,1,0
"2,2,1,1,0,0,4",clearinghouse,1,0
"2,2,1,1,0,0,4",public_pool,1,0
"2,2,1,1,0,0,4",subsidized_catch_up,1,1
"2,2,1,1,0,0,4",central_cap2,1,0
"2,2,1,1,0,0,4",equity_cap2,1,0
"2,2,1,1,0,0,4",central_full,1,0
"0,1,0,0,0,0,4",bilateral_3pass,1,1
"0,1,0,0,0,0,4",clearinghouse,1,0
"0,1,0,0,0,0,4",public_pool,1,0
"0,1,0,0,0,0,4",subsidized_catch_up,1,0
"0,1,0,0,0,0,4",central_cap2,1,0
"0,1,0,0,0,0,4",equity_cap2,1,0
"0,1,0,0,0,0,4",central_full,1,0
"3,1,2,3,1,1,2",bilateral_3pass,4,4
"3,1,2,3,1,1,2",clearinghouse,4,0
"3,1,2,3,1,1,2",public_pool,4,0
"3,1,2,3,1,1,2",subsidized_catch_up,4,0
"3,1,2,3,1,1,2",central_cap2,4,0
"3,1,2,3,1,1,2",equity_cap2,4,0
"3,1,2,3,1,1,2",central_full,4,0
"3,3,1,1,0,1,2",bilateral_3pass,1,1
"3,3,1,1,0,1,2",clearinghouse,1,0
"3,3,1,1,0,1,2",public_pool,1,0
"3,3,1,1,0,1,2",subsidized_catch_up,1,0
"3,3,1,1,0,1,2",central_cap2,1,0
"3,3,1,1,0,1,2",equity_cap2,1,0
"3,3,1,1,0,1,2",central_full,1,0
"3,3,2,1,0,1,0",bilateral_3pass,4,1
"3,3,2,1,0,1,0",clearinghouse,4,0
"3,3,2,1,0,1,0",public_pool,4,3
"3,3,2,1,0,1,0",subsidized_catch_up,4,0
"3,3,2,1,0,1,0",central_cap2,4,0
"3,3,2,1,0,1,0",equity_cap2,4,0
"3,3,2,1,0,1,0",central_full,4,0
"3,3,0,1,0,1,0",bilateral_3pass,1,0
"3,3,0,1,0,1,0",clearinghouse,1,0
"3,3,0,1,0,1,0",public_pool,1,0
"3,3,0,1,0,1,0",subsidized_catch_up,1,0
"3,3,0,1,0,1,0",central_cap2,1,0
"3,3,0,1,0,1,0",equity_cap2,1,1
"3,3,0,1,0,1,0",central_full,1,0
"1,2,2,3,0,2,2",bilateral_3pass,3,3
"1,2,2,3,0,2,2",clearinghouse,3,0
"1,2,2,3,0,2,2",public_pool,3,0
"1,2,2,3,0,2,2",subsidized_catch_up,3,0
"1,2,2,3,0,2,2",central_cap2,3,0
"1,2,2,3,0,2,2",equity_cap2,3,0
"1,2,2,3,0,2,2",central_full,3,0
"1,2,2,1,1,0,5",bilateral_3pass,2,0
"1,2,2,1,1,0,5",clearinghouse,2,2
"1,2,2,1,1,0,5",public_pool,2,0
"1,2,2,1,1,0,5",subsidized_catch_up,2,0
"1,2,2,1,1,0,5",central_cap2,2,0
"1,2,2,1,1,0,5",equity_cap2,2,0
"1,2,2,1,1,0,5",central_full,2,0
"3,1,0,1,1,2,4",bilateral_3pass,2,2
"3,1,0,1,1,2,4",clearinghouse,2,0
"3,1,0,1,1,2,4",public_pool,2,0
"3,1,0,1,1,2,4",subsidized_catch_up,2,0
"3,1,0,1,1,2,4",central_cap2,2,0
"3,1,0,1,1,2,4",equity_cap2,2,0
"3,1,0,1,1,2,4",central_full,2,0
"3,2,0,3,2,1,5",bilateral_3pass,6,6
"3,2,0,3,2,1,5",clearinghouse,6,0
"3,2,0,3,2,1,5",public_pool,6,0
"3,2,0,3,2,1,5",subsidized_catch_up,6,0
"3,2,0,3,2,1,5",central_cap2,6,0
"3,2,0,3,2,1,5",equity_cap2,6,0
"3,2,0,3,2,1,5",central_full,6,0
"1,2,1,2,1,2,5",bilateral_3pass,1,0
"1,2,1,2,1,2,5",clearinghouse,1,1
"1,2,1,2,1,2,5",public_pool,1,0
"1,2,1,2,1,2,5",subsidized_catch_up,1,0
"1,2,1,2,1,2,5",central_cap2,1,0
"1,2,1,2,1,2,5",equity_cap2,1,0
"1,2,1,2,1,2,5",central_full,1,0
"1,3,2,1,2,1,0",bilateral_3pass,1,0
"1,3,2,1,2,1,0",clearinghouse,1,1
"1,3,2,1,2,1,0",public_pool,1,0
"1,3,2,1,2,1,0",subsidized_catch_up,1,0
"1,3,2,1,2,1,0",central_cap2,1,0
"1,3,2,1,2,1,0",equity_cap2,1,0
"1,3,2,1,2,1,0",central_full,1,0
"2,2,1,2,2,2,5",bilateral_3pass,7,0
"2,2,1,2,2,2,5",clearinghouse,7,0
"2,2,1,2,2,2,5",public_pool,7,0
"2,2,1,2,2,2,5",subsidized_catch_up,7,0
"2,2,1,2,2,2,5",central_cap2,7,0
"2,2,1,2,2,2,5",equity_cap2,7,7
"2,2,1,2,2,2,5",central_full,7,0
"3,1,1,1,1,0,6",bilateral_3pass,2,2
"3,1,1,1,1,0,6",clearinghouse,2,0
"3,1,1,1,1,0,6",public_pool,2,0
"3,1,1,1,1,0,6",subsidized_catch_up,2,0
"3,1,1,1,1,0,6",central_cap2,2,0
"3,1,1,1,1,0,6",equity_cap2,2,0
"3,1,1,1,1,0,6",central_full,2,0
"3,1,1,3,1,0,6",bilateral_3pass,2,2
"3,1,1,3,1,0,6",clearinghouse,2,0
"3,1,1,3,1,0,6",public_pool,2,0
"3,1,1,3,1,0,6",subsidized_catch_up,2,0
"3,1,1,3,1,0,6",central_cap2,2,0
"3,1,1,3,1,0,6",equity_cap2,2,0
"3,1,1,3,1,0,6",central_full,2,0
"1,3,0,2,0,1,0",bilateral_3pass,10,0
"1,3,0,2,0,1,0",clearinghouse,10,0
"1,3,0,2,0,1,0",public_pool,10,10
"1,3,0,2,0,1,0",subsidized_catch_up,10,0
"1,3,0,2,0,1,0",central_cap2,10,0
"1,3,0,2,0,1,0",equity_cap2,10,0
"1,3,0,2,0,1,0",central_full,10,0
"2,1,0,1,1,1,6",bilateral_3pass,3,3
"2,1,0,1,1,1,6",clearinghouse,3,0
"2,1,0,1,1,1,6",public_pool,3,0
"2,1,0,1,1,1,6",subsidized_catch_up,3,0
"2,1,0,1,1,1,6",central_cap2,3,0
"2,1,0,1,1,1,6",equity_cap2,3,0
"2,1,0,1,1,1,6",central_full,3,0
"1,2,0,3,0,0,1",bilateral_3pass,3,0
"1,2,0,3,0,0,1",clearinghouse,3,0
"1,2,0,3,0,0,1",public_pool,3,0
"1,2,0,3,0,0,1",subsidized_catch_up,3,3
"1,2,0,3,0,0,1",central_cap2,3,0
"1,2,0,3,0,0,1",equity_cap2,3,0
"1,2,0,3,0,0,1",central_full,3,0
"2,1,2,1,2,1,6",bilateral_3pass,7,7
"2,1,2,1,2,1,6",clearinghouse,7,0
"2,1,2,1,2,1,6",public_pool,7,0
"2,1,2,1,2,1,6",subsidized_catch_up,7,0
"2,1,2,1,2,1,6",central_cap2,7,0
"2,1,2,1,2,1,6",equity_cap2,7,0
"2,1,2,1,2,1,6",central_full,7,0
"1,1,1,3,2,1,5",bilateral_3pass,2,2
"1,1,1,3,2,1,5",clearinghouse,2,0
"1,1,1,3,2,1,5",public_pool,2,0
"1,1,1,3,2,1,5",subsidized_catch_up,2,0
"1,1,1,3,2,1,5",central_cap2,2,0
"1,1,1,3,2,1,5",equity_cap2,2,0
"1,1,1,3,2,1,5",central_full,2,0
"2,1,0,2,2,2,5",bilateral_3pass,2,2
"2,1,0,2,2,2,5",clearinghouse,2,0
"2,1,0,2,2,2,5",public_pool,2,0
"2,1,0,2,2,2,5",subsidized_catch_up,2,0
"2,1,0,2,2,2,5",central_cap2,2,0
"2,1,0,2,2,2,5",equity_cap2,2,0
"2,1,0,2,2,2,5",central_full,2,0
"2,2,1,2,1,0,3",bilateral_3pass,21,1
"2,2,1,2,1,0,3",clearinghouse,21,17
"2,2,1,2,1,0,3",public_pool,21,0
"2,2,1,2,1,0,3",subsidized_catch_up,21,2
"2,2,1,2,1,0,3",central_cap2,21,1
"2,2,1,2,1,0,3",equity_cap2,21,0
"2,2,1,2,1,0,3",central_full,21,0
"2,2,0,3,1,0,3",bilateral_3pass,2,0
"2,2,0,3,1,0,3",clearinghouse,2,2
"2,2,0,3,1,0,3",public_pool,2,0
"2,2,0,3,1,0,3",subsidized_catch_up,2,0
"2,2,0,3,1,0,3",central_cap2,2,0
"2,2,0,3,1,0,3",equity_cap2,2,0
"2,2,0,3,1,0,3",central_full,2,0
"2,3,2,1,1,2,2",bilateral_3pass,1,0
"2,3,2,1,1,2,2",clearinghouse,1,1
"2,3,2,1,1,2,2",public_pool,1,0
"2,3,2,1,1,2,2",subsidized_catch_up,1,0
"2,3,2,1,1,2,2",central_cap2,1,0
"2,3,2,1,1,2,2",equity_cap2,1,0
"2,3,2,1,1,2,2",central_full,1,0
"3,1,0,3,1,0,1",bilateral_3pass,3,3
"3,1,0,3,1,0,1",clearinghouse,3,0
"3,1,0,3,1,0,1",public_pool,3,0
"3,1,0,3,1,0,1",subsidized_catch_up,3,0
"3,1,0,3,1,0,1",central_cap2,3,0
"3,1,0,3,1,0,1",equity_cap2,3,0
"3,1,0,3,1,0,1",central_full,3,0
"2,2,2,3,1,1,4",bilateral_3pass,3,2
"2,2,2,3,1,1,4",clearinghouse,3,0
"2,2,2,3,1,1,4",public_pool,3,0
"2,2,2,3,1,1,4",subsidized_catch_up,3,1
"2,2,2,3,1,1,4",central_cap2,3,0
"2,2,2,3,1,1,4",equity_cap2,3,0
"2,2,2,3,1,1,4",central_full,3,0
"3,2,1,2,2,0,1",bilateral_3pass,7,6
"3,2,1,2,2,0,1",clearinghouse,7,0
"3,2,1,2,2,0,1",public_pool,7,0
"3,2,1,2,2,0,1",subsidized_catch_up,7,0
"3,2,1,2,2,0,1",central_cap2,7,1
"3,2,1,2,2,0,1",equity_cap2,7,0
"3,2,1,2,2,0,1",central_full,7,0
"1,2,2,3,1,2,4",bilateral_3pass,3,3
"1,2,2,3,1,2,4",clearinghouse,3,0
"1,2,2,3,1,2,4",public_pool,3,0
"1,2,2,3,1,2,4",subsidized_catch_up,3,0
"1,2,2,3,1,2,4",central_cap2,3,0
"1,2,2,3,1,2,4",equity_cap2,3,0
"1,2,2,3,1,2,4",central_full,3,0
"2,2,0,2,2,2,5",bilateral_3pass,2,0
"2,2,0,2,2,2,5",clearinghouse,2,0
"2,2,0,2,2,2,5",public_pool,2,1
"2,2,0,2,2,2,5",subsidized_catch_up,2,1
"2,2,0,2,2,2,5",central_cap2,2,0
"2,2,0,2,2,2,5",equity_cap2,2,0
"2,2,0,2,2,2,5",central_full,2,0
"2,1,0,2,1,2,2",bilateral_3pass,1,1
"2,1,0,2,1,2,2",clearinghouse,1,0
"2,1,0,2,1,2,2",public_pool,1,0
"2,1,0,2,1,2,2",subsidized_catch_up,1,0
"2,1,0,2,1,2,2",central_cap2,1,0
"2,1,0,2,1,2,2",equity_cap2,1,0
"2,1,0,2,1,2,2",central_full,1,0
"3,2,1,1,1,0,3",bilateral_3pass,5,4
"3,2,1,1,1,0,3",clearinghouse,5,1
"3,2,1,1,1,0,3",public_pool,5,0
"3,2,1,1,1,0,3",subsidized_catch_up,5,0
"3,2,1,1,1,0,3",central_cap2,5,0
"3,2,1,1,1,0,3",equity_cap2,5,0
"3,2,1,1,1,0,3",central_full,5,0
"1,2,2,2,0,0,2",bilateral_3pass,6,4
"1,2,2,2,0,0,2",clearinghouse,6,2
"1,2,2,2,0,0,2",public_pool,6,0
"1,2,2,2,0,0,2",subsidized_catch_up,6,0
"1,2,2,2,0,0,2",central_cap2,6,0
"1,2,2,2,0,0,2",equity_cap2,6,0
"1,2,2,2,0,0,2",central_full,6,0
"2,2,0,1,1,1,1",bilateral_3pass,8,0
"2,2,0,1,1,1,1",clearinghouse,8,4
"2,2,0,1,1,1,1",public_pool,8,0
"2,2,0,1,1,1,1",subsidized_catch_up,8,0
"2,2,0,1,1,1,1",central_cap2,8,0
"2,2,0,1,1,1,1",equity_cap2,8,4
"2,2,0,1,1,1,1",central_full,8,0
"1,1,2,2,1,0,6",bilateral_3pass,8,8
"1,1,2,2,1,0,6",clearinghouse,8,0
"1,1,2,2,1,0,6",public_pool,8,0
"1,1,2,2,1,0,6",subsidized_catch_up,8,0
"1,1,2,2,1,0,6",central_cap2,8,0
"1,1,2,2,1,0,6",equity_cap2,8,0
"1,1,2,2,1,0,6",central_full,8,0
"1,1,1,3,2,2,1",bilateral_3pass,2,2
"1,1,1,3,2,2,1",clearinghouse,2,0
"1,1,1,3,2,2,1",public_pool,2,0
"1,1,1,3,2,2,1",subsidized_catch_up,2,0
"1,1,1,3,2,2,1",central_cap2,2,0
"1,1,1,3,2,2,1",equity_cap2,2,0
"1,1,1,3,2,2,1",central_full,2,0
"2,2,2,3,2,0,1",bilateral_3pass,4,0
"2,2,2,3,2,0,1",clearinghouse,4,0
"2,2,2,3,2,0,1",public_pool,4,0
"2,2,2,3,2,0,1",subsidized_catch_up,4,4
"2,2,2,3,2,0,1",central_cap2,4,0
"2,2,2,3,2,0,1",equity_cap2,4,0
"2,2,2,3,2,0,1",central_full,4,0
"2,2,2,2,0,2,1",bilateral_3pass,18,18
"2,2,2,2,0,2,1",clearinghouse,18,0
"2,2,2,2,0,2,1",public_pool,18,0
"2,2,2,2,0,2,1",subsidized_catch_up,18,0
"2,2,2,2,0,2,1",central_cap2,18,0
"2,2,2,2,0,2,1",equity_cap2,18,0
"2,2,2,2,0,2,1",central_full,18,0
"2,2,1,3,2,2,5",bilateral_3pass,9,0
"2,2,1,3,2,2,5",clearinghouse,9,1
"2,2,1,3,2,2,5",public_pool,9,0
"2,2,1,3,2,2,5",subsidized_catch_up,9,8
"2,2,1,3,2,2,5",central_cap2,9,0
"2,2,1,3,2,2,5",equity_cap2,9,0
"2,2,1,3,2,2,5",central_full,9,0
"1,1,0,1,1,1,2",bilateral_3pass,2,2
"1,1,0,1,1,1,2",clearinghouse,2,0
"1,1,0,1,1,1,2",public_pool,2,0
"1,1,0,1,1,1,2",subsidized_catch_up,2,0
"1,1,0,1,1,1,2",central_cap2,2,0
"1,1,0,1,1,1,2",equity_cap2,2,0
"1,1,0,1,1,1,2",central_full,2,0
"3,2,0,2,1,0,0",bilateral_3pass,4,0
"3,2,0,2,1,0,0",clearinghouse,4,4
"3,2,0,2,1,0,0",public_pool,4,0
"3,2,0,2,1,0,0",subsidized_catch_up,4,0
"3,2,0,2,1,0,0",central_cap2,4,0
"3,2,0,2,1,0,0",equity_cap2,4,0
"3,2,0,2,1,0,0",central_full,4,0
"1,3,0,2,1,0,0",bilateral_3pass,2,0
"1,3,0,2,1,0,0",clearinghouse,2,0
"1,3,0,2,1,0,0",public_pool,2,0
"1,3,0,2,1,0,0",subsidized_catch_up,2,0
"1,3,0,2,1,0,0",central_cap2,2,0
"1,3,0,2,1,0,0",equity_cap2,2,2
"1,3,0,2,1,0,0",central_full,2,0
"1,2,0,2,1,0,5",bilateral_3pass,1,0
"1,2,0,2,1,0,5",clearinghouse,1,0
"1,2,0,2,1,0,5",public_pool,1,0
"1,2,0,2,1,0,5",subsidized_catch_up,1,0
"1,2,0,2,1,0,5",central_cap2,1,0
"1,2,0,2,1,0,5",equity_cap2,1,1
"1,2,0,2,1,0,5",central_full,1,0
"3,2,1,2,1,1,5",bilateral_3pass,2,2
"3,2,1,2,1,1,5",clearinghouse,2,0
"3,2,1,2,1,1,5",public_pool,2,0
"3,2,1,2,1,1,5",subsidized_catch_up,2,0
"3,2,1,2,1,1,5",central_cap2,2,0
"3,2,1,2,1,1,5",equity_cap2,2,0
"3,2,1,2,1,1,5",central_full,2,0
"2,3,1,2,1,2,3",bilateral_3pass,3,0
"2,3,1,2,1,2,3",clearinghouse,3,0
"2,3,1,2,1,2,3",public_pool,3,0
"2,3,1,2,1,2,3",subsidized_catch_up,3,0
"2,3,1,2,1,2,3",central_cap2,3,0
"2,3,1,2,1,2,3",equity_cap2,3,0
"2,3,1,2,1,2,3",central_full,3,3
"1,1,0,3,0,0,5",bilateral_3pass,1,1
"1,1,0,3,0,0,5",clearinghouse,1,0
"1,1,0,3,0,0,5",public_pool,1,0
"1,1,0,3,0,0,5",subsidized_catch_up,1,0
"1,1,0,3,0,0,5",central_cap2,1,0
"1,1,0,3,0,0,5",equity_cap2,1,0
"1,1,0,3,0,0,5",central_full,1,0
"2,2,0,1,0,0,5",bilateral_3pass,1,0
"2,2,0,1,0,0,5",clearinghouse,1,0
"2,2,0,1,0,0,5",public_pool,1,0
"2,2,0,1,0,0,5",subsidized_catch_up,1,1
"2,2,0,1,0,0,5",central_cap2,1,0
"2,2,0,1,0,0,5",equity_cap2,1,0
"2,2,0,1,0,0,5",central_full,1,0
"1,2,1,1,1,1,5",bilateral_3pass,11,0
"1,2,1,1,1,1,5",clearinghouse,11,0
"1,2,1,1,1,1,5",public_pool,11,0
"1,2,1,1,1,1,5",subsidized_catch_up,11,1
"1,2,1,1,1,1,5",central_cap2,11,0
"1,2,1,1,1,1,5",equity_cap2,11,10
"1,2,1,1,1,1,5",central_full,11,0
"1,2,2,1,1,1,5",bilateral_3pass,4,0
"1,2,2,1,1,1,5",clearinghouse,4,0
"1,2,2,1,1,1,5",public_pool,4,0
"1,2,2,1,1,1,5",subsidized_catch_up,4,0
"1,2,2,1,1,1,5",central_cap2,4,0
"1,2,2,1,1,1,5",equity_cap2,4,4
"1,2,2,1,1,1,5",central_full,4,0
"3,3,1,1,2,1,2",bilateral_3pass,2,2
"3,3,1,1,2,1,2",clearinghouse,2,0
"3,3,1,1,2,1,2",public_pool,2,0
"3,3,1,1,2,1,2",subsidized_catch_up,2,0
"3,3,1,1,2,1,2",central_cap2,2,0
"3,3,1,1,2,1,2",equity_cap2,2,0
"3,3,1,1,2,1,2",central_full,2,0
"0,2,0,0,0,0,0",bilateral_3pass,5,0
"0,2,0,0,0,0,0",clearinghouse,5,4
"0,2,0,0,0,0,0",public_pool,5,0
"0,2,0,0,0,0,0",subsidized_catch_up,5,0
"0,2,0,0,0,0,0",central_cap2,5,1
"0,2,0,0,0,0,0",equity_cap2,5,0
"0,2,0,0,0,0,0",central_full,5,0
"2,3,0,1,2,2,0",bilateral_3pass,3,0
"2,3,0,1,2,2,0",clearinghouse,3,0
"2,3,0,1,2,2,0",public_pool,3,2
"2,3,0,1,2,2,0",subsidized_catch_up,3,0
"2,3,0,1,2,2,0",central_cap2,3,0
"2,3,0,1,2,2,0",equity_cap2,3,0
"2,3,0,1,2,2,0",central_full,3,1
"1,3,0,3,1,2,0",bilateral_3pass,3,0
"1,3,0,3,1,2,0",clearinghouse,3,0
"1,3,0,3,1,2,0",public_pool,3,3
"1,3,0,3,1,2,0",subsidized_catch_up,3,0
"1,3,0,3,1,2,0",central_cap2,3,0
"1,3,0,3,1,2,0",equity_cap2,3,0
"1,3,0,3,1,2,0",central_full,3,0
"1,2,2,2,2,1,2",bilateral_3pass,2,0
"1,2,2,2,2,1,2",clearinghouse,2,0
"1,2,2,2,2,1,2",public_pool,2,0
"1,2,2,2,2,1,2",subsidized_catch_up,2,2
"1,2,2,2,2,1,2",central_cap2,2,0
"1,2,2,2,2,1,2",equity_cap2,2,0
"1,2,2,2,2,1,2",central_full,2,0
"1,3,1,2,2,2,0",bilateral_3pass,1,0
"1,3,1,2,2,2,0",clearinghouse,1,0
"1,3,1,2,2,2,0",public_pool,1,0
"1,3,1,2,2,2,0",subsidized_catch_up,1,0
"1,3,1,2,2,2,0",central_cap2,1,0
"1,3,1,2,2,2,0",equity_cap2,1,0
"1,3,1,2,2,2,0",central_full,1,1
"1,1,2,2,2,1,6",bilateral_3pass,2,2
"1,1,2,2,2,1,6",clearinghouse,2,0
"1,1,2,2,2,1,6",public_pool,2,0
"1,1,2,2,2,1,6",subsidized_catch_up,2,0
"1,1,2,2,2,1,6",central_cap2,2,0
"1,1,2,2,2,1,6",equity_cap2,2,0
"1,1,2,2,2,1,6",central_full,2,0
"3,1,2,2,0,2,4",bilateral_3pass,1,1
"3,1,2,2,0,2,4",clearinghouse,1,0
"3,1,2,2,0,2,4",public_pool,1,0
"3,1,2,2,0,2,4",subsidized_catch_up,1,0
"3,1,2,2,0,2,4",central_cap2,1,0
"3,1,2,2,0,2,4",equity_cap2,1,0
"3,1,2,2,0,2,4",central_full,1,0
"1,1,2,3,2,1,4",bilateral_3pass,1,1
"1,1,2,3,2,1,4",clearinghouse,1,0
"1,1,2,3,2,1,4",public_pool,1,0
"1,1,2,3,2,1,4",subsidized_catch_up,1,0
"1,1,2,3,2,1,4",central_cap2,1,0
"1,1,2,3,2,1,4",equity_cap2,1,0
"1,1,2,3,2,1,4",central_full,1,0
"3,2,1,1,2,2,6",bilateral_3pass,4,0
"3,2,1,1,2,2,6",clearinghouse,4,4
"3,2,1,1,2,2,6",public_pool,4,0
"3,2,1,1,2,2,6",subsidized_catch_up,4,0
"3,2,1,1,2,2,6",central_cap2,4,0
"3,2,1,1,2,2,6",equity_cap2,4,0
"3,2,1,1,2,2,6",central_full,4,0
"2,1,0,1,0,1,2",bilateral_3pass,1,1
"2,1,0,1,0,1,2",clearinghouse,1,0
"2,1,0,1,0,1,2",public_pool,1,0
"2,1,0,1,0,1,2",subsidized_catch_up,1,0
"2,1,0,1,0,1,2",central_cap2,1,0
"2,1,0,1,0,1,2",equity_cap2,1,0
"2,1,0,1,0,1,2",central_full,1,0
"2,2,0,2,2,2,2",bilateral_3pass,3,0
"2,2,0,2,2,2,2",clearinghouse,3,0
"2,2,0,2,2,2,2",public_pool,3,1
"2,2,0,2,2,2,2",subsidized_catch_up,3,0
"2,2,0,2,2,2,2",central_cap2,3,2
"2,2,0,2,2,2,2",equity_cap2,3,0
"2,2,0,2,2,2,2",central_full,3,0
"2,1,2,1,0,1,6",bilateral_3pass,16,16
"2,1,2,1,0,1,6",clearinghouse,16,0
"2,1,2,1,0,1,6",public_pool,16,0
"2,1,2,1,0,1,6",subsidized_catch_up,16,0
"2,1,2,1,0,1,6",central_cap2,16,0
"2,1,2,1,0,1,6",equity_cap2,16,0
"2,1,2,1,0,1,6",central_full,16,0
"0,2,0,0,0,0,2",bilateral_3pass,4,0
"0,2,0,0,0,0,2",clearinghouse,4,0
"0,2,0,0,0,0,2",public_pool,4,0
"0,2,0,0,0,0,2",subsidized_catch_up,4,0
"0,2,0,0,0,0,2",central_cap2,4,1
"0,2,0,0,0,0,2",equity_cap2,4,3
"0,2,0,0,0,0,2",central_full,4,0
"2,2,2,3,1,2,4",bilateral_3pass,4,0
"2,2,2,3,1,2,4",clearinghouse,4,0
"2,2,2,3,1,2,4",public_pool,4,1
"2,2,2,3,1,2,4",subsidized_catch_up,4,3
"2,2,2,3,1,2,4",central_cap2,4,0
"2,2,2,3,1,2,4",equity_cap2,4,0
"2,2,2,3,1,2,4",central_full,4,0
"1,2,1,3,2,1,4",bilateral_3pass,2,2
"1,2,1,3,2,1,4",clearinghouse,2,0
"1,2,1,3,2,1,4",public_pool,2,0
"1,2,1,3,2,1,4",subsidized_catch_up,2,0
"1,2,1,3,2,1,4",central_cap2,2,0
"1,2,1,3,2,1,4",equity_cap2,2,0
"1,2,1,3,2,1,4",central_full,2,0
"2,2,1,2,2,0,4",bilateral_3pass,1,1
"2,2,1,2,2,0,4",clearinghouse,1,0
"2,2,1,2,2,0,4",public_pool,1,0
"2,2,1,2,2,0,4",subsidized_catch_up,1,0
"2,2,1,2,2,0,4",central_cap2,1,0
"2,2,1,2,2,0,4",equity_cap2,1,0
"2,2,1,2,2,0,4",central_full,1,0
"3,3,0,0,1,2,0",bilateral_3pass,2,0
"3,3,0,0,1,2,0",clearinghouse,2,2
"3,3,0,0,1,2,0",public_pool,2,0
"3,3,0,0,1,2,0",subsidized_catch_up,2,0
"3,3,0,0,1,2,0",central_cap2,2,0
"3,3,0,0,1,2,0",equity_cap2,2,0
"3,3,0,0,1,2,0",central_full,2,0
"2,2,0,1,0,2,3",bilateral_3pass,4,0
"2,2,0,1,0,2,3",clearinghouse,4,0
"2,2,0,1,0,2,3",public_pool,4,0
"2,2,0,1,0,2,3",subsidized_catch_up,4,4
"2,2,0,1,0,2,3",central_cap2,4,0
"2,2,0,1,0,2,3",equity_cap2,4,0
"2,2,0,1,0,2,3",central_full,4,0
"2,1,0,0,2,1,1",bilateral_3pass,1,1
"2,1,0,0,2,1,1",clearinghouse,1,0
"2,1,0,0,2,1,1",public_pool,1,0
"2,1,0,0,2,1,1",subsidized_catch_up,1,0
"2,1,0,0,2,1,1",central_cap2,1,0
"2,1,0,0,2,1,1",equity_cap2,1,0
"2,1,0,0,2,1,1",central_full,1,0
"2,3,2,1,2,0,0",bilateral_3pass,16,15
"2,3,2,1,2,0,0",clearinghouse,16,1
"2,3,2,1,2,0,0",public_pool,16,0
"2,3,2,1,2,0,0",subsidized_catch_up,16,0
"2,3,2,1,2,0,0",central_cap2,16,0
"2,3,2,1,2,0,0",equity_cap2,16,0
"2,3,2,1,2,0,0",central_full,16,0
"2,3,2,1,2,1,1",bilateral_3pass,1,0
"2,3,2,1,2,1,1",clearinghouse,1,1
"2,3,2,1,2,1,1",public_pool,1,0
"2,3,2,1,2,1,1",subsidized_catch_up,1,0
"2,3,2,1,2,1,1",central_cap2,1,0
"2,3,2,1,2,1,1",equity_cap2,1,0
"2,3,2,1,2,1,1",central_full,1,0
"2,3,2,2,2,1,1",bilateral_3pass,1,0
"2,3,2,2,2,1,1",clearinghouse,1,0
"2,3,2,2,2,1,1",public_pool,1,0
"2,3,2,2,2,1,1",subsidized_catch_up,1,1
"2,3,2,2,2,1,1",central_cap2,1,0
"2,3,2,2,2,1,1",equity_cap2,1,0
"2,3,2,2,2,1,1",central_full,1,0
"3,1,2,2,2,0,6",bilateral_3pass,2,2
"3,1,2,2,2,0,6",clearinghouse,2,0
"3,1,2,2,2,0,6",public_pool,2,0
"3,1,2,2,2,0,6",subsidized_catch_up,2,0
"3,1,2,2,2,0,6",central_cap2,2,0
"3,1,2,2,2,0,6",equity_cap2,2,0
"3,1,2,2,2,0,6",central_full,2,0
"2,2,0,2,1,2,3",bilateral_3pass,7,0
"2,2,0,2,1,2,3",clearinghouse,7,6
"2,2,0,2,1,2,3",public_pool,7,0
"2,2,0,2,1,2,3",subsidized_catch_up,7,1
"2,2,0,2,1,2,3",central_cap2,7,0
"2,2,0,2,1,2,3",equity_cap2,7,0
"2,2,0,2,1,2,3",central_full,7,0
"1,2,1,3,2,2,2",bilateral_3pass,3,0
"1,2,1,3,2,2,2",clearinghouse,3,0
"1,2,1,3,2,2,2",public_pool,3,1
"1,2,1,3,2,2,2",subsidized_catch_up,3,2
"1,2,1,3,2,2,2",central_cap2,3,0
"1,2,1,3,2,2,2",equity_cap2,3,0
"1,2,1,3,2,2,2",central_full,3,0
"0,2,0,3,0,1,5",bilateral_3pass,2,0
"0,2,0,3,0,1,5",clearinghouse,2,0
"0,2,0,3,0,1,5",public_pool,2,1
"0,2,0,3,0,1,5",subsidized_catch_up,2,1
"0,2,0,3,0,1,5",central_cap2,2,0
"0,2,0,3,0,1,5",equity_cap2,2,0
"0,2,0,3,0,1,5",central_full,2,0
"2,2,2,3,2,2,5",bilateral_3pass,4,4
"2,2,2,3,2,2,5",clearinghouse,4,0
"2,2,2,3,2,2,5",public_pool,4,0
"2,2,2,3,2,2,5",subsidized_catch_up,4,0
"2,2,2,3,2,2,5",central_cap2,4,0
"2,2,2,3,2,2,5",equity_cap2,4,0
"2,2,2,3,2,2,5",central_full,4,0
"1,1,2,2,1,1,6",bilateral_3pass,7,7
"1,1,2,2,1,1,6",clearinghouse,7,0
"1,1,2,2,1,1,6",public_pool,7,0
"1,1,2,2,1,1,6",subsidized_catch_up,7,0
"1,1,2,2,1,1,6",central_cap2,7,0
"1,1,2,2,1,1,6",equity_cap2,7,0
"1,1,2,2,1,1,6",central_full,7,0
"3,2,0,2,2,1,5",bilateral_3pass,1,0
"3,2,0,2,2,1,5",clearinghouse,1,0
"3,2,0,2,2,1,5",public_pool,1,0
"3,2,0,2,2,1,5",subsidized_catch_up,1,1
"3,2,0,2,2,1,5",central_cap2,1,0
"3,2,0,2,2,1,5",equity_cap2,1,0
"3,2,0,2,2,1,5",central_full,1,0
"2,3,0,2,2,1,0",bilateral_3pass,7,0
"2,3,0,2,2,1,0",clearinghouse,7,7
"2,3,0,2,2,1,0",public_pool,7,0
"2,3,0,2,2,1,0",subsidized_catch_up,7,0
"2,3,0,2,2,1,0",central_cap2,7,0
"2,3,0,2,2,1,0",equity_cap2,7,0
"2,3,0,2,2,1,0",central_full,7,0
"0,1,1,3,0,2,0",bilateral_3pass,2,2
"0,1,1,3,0,2,0",clearinghouse,2,0
"0,1,1,3,0,2,0",public_pool,2,0
"0,1,1,3,0,2,0",subsidized_catch_up,2,0
"0,1,1,3,0,2,0",central_cap2,2,0
"0,1,1,3,0,2,0",equity_cap2,2,0
"0,1,1,3,0,2,0",central_full,2,0
"2,2,0,3,1,0,1",bilateral_3pass,2,0
"2,2,0,3,1,0,1",clearinghouse,2,2
"2,2,0,3,1,0,1",public_pool,2,0
"2,2,0,3,1,0,1",subsidized_catch_up,2,0
"2,2,0,3,1,0,1",central_cap2,2,0
"2,2,0,3,1,0,1",equity_cap2,2,0
"2,2,0,3,1,0,1",central_full,2,0
"2,3,0,3,1,1,0",bilateral_3pass,18,1
"2,3,0,3,1,1,0",clearinghouse,18,0
"2,3,0,3,1,1,0",public_pool,18,0
"2,3,0,3,1,1,0",subsidized_catch_up,18,15
"2,3,0,3,1,1,0",central_cap2,18,2
"2,3,0,3,1,1,0",equity_cap2,18,0
"2,3,0,3,1,1,0",central_full,18,0
"2,2,2,1,0,0,5",bilateral_3pass,3,3
"2,2,2,1,0,0,5",clearinghouse,3,0
"2,2,2,1,0,0,5",public_pool,3,0
"2,2,2,1,0,0,5",subsidized_catch_up,3,0
"2,2,2,1,0,0,5",central_cap2,3,0
"2,2,2,1,0,0,5",equity_cap2,3,0
"2,2,2,1,0,0,5",central_full,3,0
"3,1,0,2,1,2,6",bilateral_3pass,4,4
"3,1,0,2,1,2,6",clearinghouse,4,0
"3,1,0,2,1,2,6",public_pool,4,0
"3,1,0,2,1,2,6",subsidized_catch_up,4,0
"3,1,0,2,1,2,6",central_cap2,4,0
"3,1,0,2,1,2,6",equity_cap2,4,0
"3,1,0,2,1,2,6",central_full,4,0
"2,2,1,2,0,1,1",bilateral_3pass,11,1
"2,2,1,2,0,1,1",clearinghouse,11,9
"2,2,1,2,0,1,1",public_pool,11,0
"2,2,1,2,0,1,1",subsidized_catch_up,11,1
"2,2,1,2,0,1,1",central_cap2,11,0
"2,2,1,2,0,1,1",equity_cap2,11,0
"2,2,1,2,0,1,1",central_full,11,0
"1,1,2,3,1,1,6",bilateral_3pass,19,19
"1,1,2,3,1,1,6",clearinghouse,19,0
"1,1,2,3,1,1,6",public_pool,19,0
"1,1,2,3,1,1,6",subsidized_catch_up,19,0
"1,1,2,3,1,1,6",central_cap2,19,0
"1,1,2,3,1,1,6",equity_cap2,19,0
"1,1,2,3,1,1,6",central_full,19,0
"2,3,2,3,1,2,0",bilateral_3pass,41,2
"2,3,2,3,1,2,0",clearinghouse,41,38
"2,3,2,3,1,2,0",public_pool,41,0
"2,3,2,3,1,2,0",subsidized_catch_up,41,0
"2,3,2,3,1,2,0",central_cap2,41,0
"2,3,2,3,1,2,0",equity_cap2,41,1
"2,3,2,3,1,2,0",central_full,41,0
"3,2,2,3,1,1,2",bilateral_3pass,7,1
"3,2,2,3,1,1,2",clearinghouse,7,1
"3,2,2,3,1,1,2",public_pool,7,5
"3,2,2,3,1,1,2",subsidized_catch_up,7,0
"3,2,2,3,1,1,2",central_cap2,7,0
"3,2,2,3,1,1,2",equity_cap2,7,0
"3,2,2,3,1,1,2",central_full,7,0
"2,2,1,1,0,1,5",bilateral_3pass,2,0
"2,2,1,1,0,1,5",clearinghouse,2,0
"2,2,1,1,0,1,5",public_pool,2,0
"2,2,1,1,0,1,5",subsidized_catch_up,2,2
"2,2,1,1,0,1,5",central_cap2,2,0
"2,2,1,1,0,1,5",equity_cap2,2,0
"2,2,1,1,0,1,5",central_full,2,0
"2,1,1,3,1,0,6",bilateral_3pass,5,5
"2,1,1,3,1,0,6",clearinghouse,5,0
"2,1,1,3,1,0,6",public_pool,5,0
"2,1,1,3,1,0,6",subsidized_catch_up,5,0
"2,1,1,3,1,0,6",central_cap2,5,0
"2,1,1,3,1,0,6",equity_cap2,5,0
"2,1,1,3,1,0,6",central_full,5,0
"2,1,0,1,0,2,5",bilateral_3pass,2,2
"2,1,0,1,0,2,5",clearinghouse,2,0
"2,1,0,1,0,2,5",public_pool,2,0
"2,1,0,1,0,2,5",subsidized_catch_up,2,0
"2,1,0,1,0,2,5",central_cap2,2,0
"2,1,0,1,0,2,5",equity_cap2,2,0
"2,1,0,1,0,2,5",central_full,2,0
"1,2,1,2,1,0,2",bilateral_3pass,4,0
"1,2,1,2,1,0,2",clearinghouse,4,0
"1,2,1,2,1,0,2",public_pool,4,4
"1,2,1,2,1,0,2",subsidized_catch_up,4,0
"1,2,1,2,1,0,2",central_cap2,4,0
"1,2,1,2,1,0,2",equity_cap2,4,0
"1,2,1,2,1,0,2",central_full,4,0
"2,3,1,3,0,0,0",bilateral_3pass,6,0
"2,3,1,3,0,0,0",clearinghouse,6,0
"2,3,1,3,0,0,0",public_pool,6,0
"2,3,1,3,0,0,0",subsidized_catch_up,6,6
"2,3,1,3,0,0,0",central_cap2,6,0
"2,3,1,3,0,0,0",equity_cap2,6,0
"2,3,1,3,0,0,0",central_full,6,0
"3,1,0,2,0,2,6",bilateral_3pass,1,1
"3,1,0,2,0,2,6",clearinghouse,1,0
"3,1,0,2,0,2,6",public_pool,1,0
"3,1,0,2,0,2,6",subsidized_catch_up,1,0
"3,1,0,2,0,2,6",central_cap2,1,0
"3,1,0,2,0,2,6",equity_cap2,1,0
"3,1,0,2,0,2,6",central_full,1,0
"2,3,2,2,1,0,0",bilateral_3pass,15,13
"2,3,2,2,1,0,0",clearinghouse,15,0
"2,3,2,2,1,0,0",public_pool,15,1
"2,3,2,2,1,0,0",subsidized_catch_up,15,0
"2,3,2,2,1,0,0",central_cap2,15,1
"2,3,2,2,1,0,0",equity_cap2,15,0
"2,3,2,2,1,0,0",central_full,15,0
"3,1,0,2,0,2,0",bilateral_3pass,2,2
"3,1,0,2,0,2,0",clearinghouse,2,0
"3,1,0,2,0,2,0",public_pool,2,0
"3,1,0,2,0,2,0",subsidized_catch_up,2,0
"3,1,0,2,0,2,0",central_cap2,2,0
"3,1,0,2,0,2,0",equity_cap2,2,0
"3,1,0,2,0,2,0",central_full,2,0
"2,2,2,1,1,0,4",bilateral_3pass,5,0
"2,2,2,1,1,0,4",clearinghouse,5,0
"2,2,2,1,1,0,4",public_pool,5,0
"2,2,2,1,1,0,4",subsidized_catch_up,5,5
"2,2,2,1,1,0,4",central_cap2,5,0
"2,2,2,1,1,0,4",equity_cap2,5,0
"2,2,2,1,1,0,4",central_full,5,0
"2,1,0,2,2,0,4",bilateral_3pass,2,2
"2,1,0,2,2,0,4",clearinghouse,2,0
"2,1,0,2,2,0,4",public_pool,2,0
"2,1,0,2,2,0,4",subsidized_catch_up,2,0
"2,1,0,2,2,0,4",central_cap2,2,0
"2,1,0,2,2,0,4",equity_cap2,2,0
"2,1,0,2,2,0,4",central_full,2,0
"3,3,0,2,1,1,0",bilateral_3pass,8,1
"3,3,0,2,1,1,0",clearinghouse,8,0
"3,3,0,2,1,1,0",public_pool,8,0
"3,3,0,2,1,1,0",subsidized_catch_up,8,0
"3,3,0,2,1,1,0",central_cap2,8,0
"3,3,0,2,1,1,0",equity_cap2,8,0
"3,3,0,2,1,1,0",central_full,8,7
"2,1,0,2,1,1,6",bilateral_3pass,5,5
"2,1,0,2,1,1,6",clearinghouse,5,0
"2,1,0,2,1,1,6",public_pool,5,0
"2,1,0,2,1,1,6",subsidized_catch_up,5,0
"2,1,0,2,1,1,6",central_cap2,5,0
"2,1,0,2,1,1,6",equity_cap2,5,0
"2,1,0,2,1,1,6",central_full,5,0
"1,1,2,3,1,2,4",bilateral_3pass,2,2
"1,1,2,3,1,2,4",clearinghouse,2,0
"1,1,2,3,1,2,4",public_pool,2,0
"1,1,2,3,1,2,4",subsidized_catch_up,2,0
"1,1,2,3,1,2,4",central_cap2,2,0
"1,1,2,3,1,2,4",equity_cap2,2,0
"1,1,2,3,1,2,4",central_full,2,0
"3,2,1,1,1,0,2",bilateral_3pass,1,1
"3,2,1,1,1,0,2",clearinghouse,1,0
"3,2,1,1,1,0,2",public_pool,1,0
"3,2,1,1,1,0,2",subsidized_catch_up,1,0
"3,2,1,1,1,0,2",central_cap2,1,0
"3,2,1,1,1,0,2",equity_cap2,1,0
"3,2,1,1,1,0,2",central_full,1,0
"1,2,1,3,0,2,1",bilateral_3pass,32,2
"1,2,1,3,0,2,1",clearinghouse,32,27
"1,2,1,3,0,2,1",public_pool,32,1
"1,2,1,3,0,2,1",subsidized_catch_up,32,1
"1,2,1,3,0,2,1",central_cap2,32,1
"1,2,1,3,0,2,1",equity_cap2,32,0
"1,2,1,3,0,2,1",central_full,32,0
"3,1,0,0,1,1,3",bilateral_3pass,1,1
"3,1,0,0,1,1,3",clearinghouse,1,0
"3,1,0,0,1,1,3",public_pool,1,0
"3,1,0,0,1,1,3",subsidized_catch_up,1,0
"3,1,0,0,1,1,3",central_cap2,1,0
"3,1,0,0,1,1,3",equity_cap2,1,0
"3,1,0,0,1,1,3",central_full,1,0
"3,1,2,2,1,0,4",bilateral_3pass,1,1
"3,1,2,2,1,0,4",clearinghouse,1,0
"3,1,2,2,1,0,4",public_pool,1,0
"3,1,2,2,1,0,4",subsidized_catch_up,1,0
"3,1,2,2,1,0,4",central_cap2,1,0
"3,1,2,2,1,0,4",equity_cap2,1,0
"3,1,2,2,1,0,4",central_full,1,0
"2,2,0,2,1,1,3",bilateral_3pass,18,17
"2,2,0,2,1,1,3",clearinghouse,18,0
"2,2,0,2,1,1,3",public_pool,18,1
"2,2,0,2,1,1,3",subsidized_catch_up,18,0
"2,2,0,2,1,1,3",central_cap2,18,0
"2,2,0,2,1,1,3",equity_cap2,18,0
"2,2,0,2,1,1,3",central_full,18,0
"2,2,0,3,2,1,2",bilateral_3pass,3,0
"2,2,0,3,2,1,2",clearinghouse,3,0
"2,2,0,3,2,1,2",public_pool,3,0
"2,2,0,3,2,1,2",subsidized_catch_up,3,3
"2,2,0,3,2,1,2",central_cap2,3,0
"2,2,0,3,2,1,2",equity_cap2,3,0
"2,2,0,3,2,1,2",central_full,3,0
"1,3,0,2,2,1,0",bilateral_3pass,1,0
"1,3,0,2,2,1,0",clearinghouse,1,0
"1,3,0,2,2,1,0",public_pool,1,0
"1,3,0,2,2,1,0",subsidized_catch_up,1,0
"1,3,0,2,2,1,0",central_cap2,1,0
"1,3,0,2,2,1,0",equity_cap2,1,0
"1,3,0,2,2,1,0",central_full,1,1
"2,1,1,1,2,1,6",bilateral_3pass,16,16
"2,1,1,1,2,1,6",clearinghouse,16,0
"2,1,1,1,2,1,6",public_pool,16,0
"2,1,1,1,2,1,6",subsidized_catch_up,16,0
"2,1,1,1,2,1,6",central_cap2,16,0
"2,1,1,1,2,1,6",equity_cap2,16,0
"2,1,1,1,2,1,6",central_full,16,0
"3,1,2,1,1,2,2",bilateral_3pass,1,1
"3,1,2,1,1,2,2",clearinghouse,1,0
"3,1,2,1,1,2,2",public_pool,1,0
"3,1,2,1,1,2,2",subsidized_catch_up,1,0
"3,1,2,1,1,2,2",central_cap2,1,0
"3,1,2,1,1,2,2",equity_cap2,1,0
"3,1,2,1,1,2,2",central_full,1,0
"2,1,2,2,2,0,6",bilateral_3pass,2,2
"2,1,2,2,2,0,6",clearinghouse,2,0
"2,1,2,2,2,0,6",public_pool,2,0
"2,1,2,2,2,0,6",subsidized_catch_up,2,0
"2,1,2,2,2,0,6",central_cap2,2,0
"2,1,2,2,2,0,6",equity_cap2,2,0
"2,1,2,2,2,0,6",central_full,2,0
"3,2,1,1,1,1,4",bilateral_3pass,3,0
"3,2,1,1,1,1,4",clearinghouse,3,3
"3,2,1,1,1,1,4",public_pool,3,0
"3,2,1,1,1,1,4",subsidized_catch_up,3,0
"3,2,1,1,1,1,4",central_cap2,3,0
"3,2,1,1,1,1,4",equity_cap2,3,0
"3,2,1,1,1,1,4",central_full,3,0
"1,1,0,1,0,0,4",bilateral_3pass,1,1
"1,1,0,1,0,0,4",clearinghouse,1,0
"1,1,0,1,0,0,4",public_pool,1,0
"1,1,0,1,0,0,4",subsidized_catch_up,1,0
"1,1,0,1,0,0,4",central_cap2,1,0
"1,1,0,1,0,0,4",equity_cap2,1,0
"1,1,0,1,0,0,4",central_full,1,0
"2,1,1,3,2,1,6",bilateral_3pass,6,6
"2,1,1,3,2,1,6",clearinghouse,6,0
"2,1,1,3,2,1,6",public_pool,6,0
"2,1,1,3,2,1,6",subsidized_catch_up,6,0
"2,1,1,3,2,1,6",central_cap2,6,0
"2,1,1,3,2,1,6",equity_cap2,6,0
"2,1,1,3,2,1,6",central_full,6,0
"2,2,1,3,2,0,4",bilateral_3pass,4,0
"2,2,1,3,2,0,4",clearinghouse,4,0
"2,2,1,3,2,0,4",public_pool,4,0
"2,2,1,3,2,0,4",subsidized_catch_up,4,4
"2,2,1,3,2,0,4",central_cap2,4,0
"2,2,1,3,2,0,4",equity_cap2,4,0
"2,2,1,3,2,0,4",central_full,4,0
"2,2,1,2,0,1,6",bilateral_3pass,1,0
"2,2,1,2,0,1,6",clearinghouse,1,1
"2,2,1,2,0,1,6",public_pool,1,0
"2,2,1,2,0,1,6",subsidized_catch_up,1,0
"2,2,1,2,0,1,6",central_cap2,1,0
"2,2,1,2,0,1,6",equity_cap2,1,0
"2,2,1,2,0,1,6",central_full,1,0
"1,3,2,3,0,1,1",bilateral_3pass,1,0
"1,3,2,3,0,1,1",clearinghouse,1,0
"1,3,2,3,0,1,1",public_pool,1,0
"1,3,2,3,0,1,1",subsidized_catch_up,1,0
"1,3,2,3,0,1,1",central_cap2,1,0
"1,3,2,3,0,1,1",equity_cap2,1,1
"1,3,2,3,0,1,1",central_full,1,0
"1,1,0,2,1,2,6",bilateral_3pass,1,1
"1,1,0,2,1,2,6",clearinghouse,1,0
"1,1,0,2,1,2,6",public_pool,1,0
"1,1,0,2,1,2,6",subsidized_catch_up,1,0
"1,1,0,2,1,2,6",central_cap2,1,0
"1,1,0,2,1,2,6",equity_cap2,1,0
"1,1,0,2,1,2,6",central_full,1,0
"1,3,1,1,2,1,0",bilateral_3pass,3,0
"1,3,1,1,2,1,0",clearinghouse,3,0
"1,3,1,1,2,1,0",public_pool,3,3
"1,3,1,1,2,1,0",subsidized_catch_up,3,0
"1,3,1,1,2,1,0",central_cap2,3,0
"1,3,1,1,2,1,0",equity_cap2,3,0
"1,3,1,1,2,1,0",central_full,3,0
"1,2,0,2,1,1,5",bilateral_3pass,4,0
"1,2,0,2,1,1,5",clearinghouse,4,0
"1,2,0,2,1,1,5",public_pool,4,0
"1,2,0,2,1,1,5",subsidized_catch_up,4,0
"1,2,0,2,1,1,5",central_cap2,4,0
"1,2,0,2,1,1,5",equity_cap2,4,4
"1,2,0,2,1,1,5",central_full,4,0
"1,2,1,1,0,2,5",bilateral_3pass,5,0
"1,2,1,1,0,2,5",clearinghouse,5,5
"1,2,1,1,0,2,5",public_pool,5,0
"1,2,1,1,0,2,5",subsidized_catch_up,5,0
"1,2,1,1,0,2,5",central_cap2,5,0
"1,2,1,1,0,2,5",equity_cap2,5,0
"1,2,1,1,0,2,5",central_full,5,0
"3,3,1,2,1,1,3",bilateral_3pass,1,0
"3,3,1,2,1,1,3",clearinghouse,1,0
"3,3,1,2,1,1,3",public_pool,1,0
"3,3,1,2,1,1,3",subsidized_catch_up,1,0
"3,3,1,2,1,1,3",central_cap2,1,1
"3,3,1,2,1,1,3",equity_cap2,1,0
"3,3,1,2,1,1,3",central_full,1,0
"3,2,0,3,1,2,4",bilateral_3pass,4,4
"3,2,0,3,1,2,4",clearinghouse,4,0
"3,2,0,3,1,2,4",public_pool,4,0
"3,2,0,3,1,2,4",subsidized_catch_up,4,0
"3,2,0,3,1,2,4",central_cap2,4,0
"3,2,0,3,1,2,4",equity_cap2,4,0
"3,2,0,3,1,2,4",central_full,4,0
"2,1,1,3,0,0,6",bilateral_3pass,4,4
"2,1,1,3,0,0,6",clearinghouse,4,0
"2,1,1,3,0,0,6",public_pool,4,0
"2,1,1,3,0,0,6",subsidized_catch_up,4,0
"2,1,1,3,0,0,6",central_cap2,4,0
"2,1,1,3,0,0,6",equity_cap2,4,0
"2,1,1,3,0,0,6",central_full,4,0
"2,1,0,2,1,1,2",bilateral_3pass,3,3
"2,1,0,2,1,1,2",clearinghouse,3,0
"2,1,0,2,1,1,2",public_pool,3,0
"2,1,0,2,1,1,2",subsidized_catch_up,3,0
"2,1,0,2,1,1,2",central_cap2,3,0
"2,1,0,2,1,1,2",equity_cap2,3,0
"2,1,0,2,1,1,2",central_full,3,0
"2,2,1,2,0,1,5",bilateral_3pass,4,0
"2,2,1,2,0,1,5",clearinghouse,4,0
"2,2,1,2,0,1,5",public_pool,4,0
"2,2,1,2,0,1,5",subsidized_catch_up,4,0
"2,2,1,2,0,1,5",central_cap2,4,0
"2,2,1,2,0,1,5",equity_cap2,4,4
"2,2,1,2,0,1,5",central_full,4,0
"3,3,1,3,2,2,1",bilateral_3pass,5,0
"3,3,1,3,2,2,1",clearinghouse,5,0
"3,3,1,3,2,2,1",public_pool,5,0
"3,3,1,3,2,2,1",subsidized_catch_up,5,0
"3,3,1,3,2,2,1",central_cap2,5,5
"3,3,1,3,2,2,1",equity_cap2,5,0
"3,3,1,3,2,2,1",central_full,5,0
"2,2,2,1,2,0,1",bilateral_3pass,7,0
"2,2,2,1,2,0,1",clearinghouse,7,7
"2,2,2,1,2,0,1",public_pool,7,0
"2,2,2,1,2,0,1",subsidized_catch_up,7,0
"2,2,2,1,2,0,1",central_cap2,7,0
"2,2,2,1,2,0,1",equity_cap2,7,0
"2,2,2,1,2,0,1",central_full,7,0
"3,2,0,1,0,2,3",bilateral_3pass,1,0
"3,2,0,1,0,2,3",clearinghouse,1,0
"3,2,0,1,0,2,3",public_pool,1,0
"3,2,0,1,0,2,3",subsidized_catch_up,1,1
"3,2,0,1,0,2,3",central_cap2,1,0
"3,2,0,1,0,2,3",equity_cap2,1,0
"3,2,0,1,0,2,3",central_full,1,0
"1,2,2,3,0,0,5",bilateral_3pass,7,0
"1,2,2,3,0,0,5",clearinghouse,7,7
"1,2,2,3,0,0,5",public_pool,7,0
"1,2,2,3,0,0,5",subsidized_catch_up,7,0
"1,2,2,3,0,0,5",central_cap2,7,0
"1,2,2,3,0,0,5",equity_cap2,7,0
"1,2,2,3,0,0,5",central_full,7,0
"1,2,1,3,2,2,1",bilateral_3pass,4,0
"1,2,1,3,2,2,1",clearinghouse,4,0
"1,2,1,3,2,2,1",public_pool,4,1
"1,2,1,3,2,2,1",subsidized_catch_up,4,3
"1,2,1,3,2,2,1",central_cap2,4,0
"1,2,1,3,2,2,1",equity_cap2,4,0
"1,2,1,3,2,2,1",central_full,4,0
"2,2,1,1,0,0,3",bilateral_3pass,12,0
"2,2,1,1,0,0,3",clearinghouse,12,12
"2,2,1,1,0,0,3",public_pool,12,0
"2,2,1,1,0,0,3",subsidized_catch_up,12,0
"2,2,1,1,0,0,3",central_cap2,12,0
"2,2,1,1,0,0,3",equity_cap2,12,0
"2,2,1,1,0,0,3",central_full,12,0
"1,2,1,2,1,0,5",bilateral_3pass,3,0
"1,2,1,2,1,0,5",clearinghouse,3,0
"1,2,1,2,1,0,5",public_pool,3,0
"1,2,1,2,1,0,5",subsidized_catch_up,3,0
"1,2,1,2,1,0,5",central_cap2,3,0
"1,2,1,2,1,0,5",equity_cap2,3,3
"1,2,1,2,1,0,5",central_full,3,0
"2,3,0,2,0,1,0",bilateral_3pass,1,0
"2,3,0,2,0,1,0",clearinghouse,1,0
"2,3,0,2,0,1,0",public_pool,1,1
"2,3,0,2,0,1,0",subsidized_catch_up,1,0
"2,3,0,2,0,1,0",central_cap2,1,0
"2,3,0,2,0,1,0",equity_cap2,1,0
"2,3,0,2,0,1,0",central_full,1,0
"2,1,0,3,0,2,3",bilateral_3pass,1,1
"2,1,0,3,0,2,3",clearinghouse,1,0
"2,1,0,3,0,2,3",public_pool,1,0
"2,1,0,3,0,2,3",subsidized_catch_up,1,0
"2,1,0,3,0,2,3",central_cap2,1,0
"2,1,0,3,0,2,3",equity_cap2,1,0
"2,1,0,3,0,2,3",central_full,1,0
"0,2,0,3,0,1,2",bilateral_3pass,1,0
"0,2,0,3,0,1,2",clearinghouse,1,0
"0,2,0,3,0,1,2",public_pool,1,1
"0,2,0,3,0,1,2",subsidized_catch_up,1,0
"0,2,0,3,0,1,2",central_cap2,1,0
"0,2,0,3,0,1,2",equity_cap2,1,0
"0,2,0,3,0,1,2",central_full,1,0
"2,1,2,2,1,2,6",bilateral_3pass,4,4
"2,1,2,2,1,2,6",clearinghouse,4,0
"2,1,2,2,1,2,6",public_pool,4,0
"2,1,2,2,1,2,6",subsidized_catch_up,4,0
"2,1,2,2,1,2,6",central_cap2,4,0
"2,1,2,2,1,2,6",equity_cap2,4,0
"2,1,2,2,1,2,6",central_full,4,0
"2,1,1,2,0,2,6",bilateral_3pass,3,3
"2,1,1,2,0,2,6",clearinghouse,3,0
"2,1,1,2,0,2,6",public_pool,3,0
"2,1,1,2,0,2,6",subsidized_catch_up,3,0
"2,1,1,2,0,2,6",central_cap2,3,0
"2,1,1,2,0,2,6",equity_cap2,3,0
"2,1,1,2,0,2,6",central_full,3,0
"3,2,0,1,2,2,5",bilateral_3pass,2,0
"3,2,0,1,2,2,5",clearinghouse,2,2
"3,2,0,1,2,2,5",public_pool,2,0
"3,2,0,1,2,2,5",subsidized_catch_up,2,0
"3,2,0,1,2,2,5",central_cap2,2,0
"3,2,0,1,2,2,5",equity_cap2,2,0
"3,2,0,1,2,2,5",central_full,2,0
"2,1,0,2,2,1,4",bilateral_3pass,3,3
"2,1,0,2,2,1,4",clearinghouse,3,0
"2,1,0,2,2,1,4",public_pool,3,0
"2,1,0,2,2,1,4",subsidized_catch_up,3,0
"2,1,0,2,2,1,4",central_cap2,3,0
"2,1,0,2,2,1,4",equity_cap2,3,0
"2,1,0,2,2,1,4",central_full,3,0
"3,3,2,3,1,1,0",bilateral_3pass,11,0
"3,3,2,3,1,1,0",clearinghouse,11,0
"3,3,2,3,1,1,0",public_pool,11,3
"3,3,2,3,1,1,0",subsidized_catch_up,11,0
"3,3,2,3,1,1,0",central_cap2,11,0
"3,3,2,3,1,1,0",equity_cap2,11,0
"3,3,2,3,1,1,0",central_full,11,8
"3,2,0,2,0,0,0",bilateral_3pass,1,0
"3,2,0,2,0,0,0",clearinghouse,1,1
"3,2,0,2,0,0,0",public_pool,1,0
"3,2,0,2,0,0,0",subsidized_catch_up,1,0
"3,2,0,2,0,0,0",central_cap2,1,0
"3,2,0,2,0,0,0",equity_cap2,1,0
"3,2,0,2,0,0,0",central_full,1,0
"2,3,0,3,1,2,0",bilateral_3pass,3,0
"2,3,0,3,1,2,0",clearinghouse,3,3
"2,3,0,3,1,2,0",public_pool,3,0
"2,3,0,3,1,2,0",subsidized_catch_up,3,0
"2,3,0,3,1,2,0",central_cap2,3,0
"2,3,0,3,1,2,0",equity_cap2,3,0
"2,3,0,3,1,2,0",central_full,3,0
"2,1,1,2,0,2,5",bilateral_3pass,2,2
"2,1,1,2,0,2,5",clearinghouse,2,0
"2,1,1,2,0,2,5",public_pool,2,0
"2,1,1,2,0,2,5",subsidized_catch_up,2,0
"2,1,1,2,0,2,5",central_cap2,2,0
"2,1,1,2,0,2,5",equity_cap2,2,0
"2,1,1,2,0,2,5",central_full,2,0
"3,1,0,1,0,2,1",bilateral_3pass,2,2
"3,1,0,1,0,2,1",clearinghouse,2,0
"3,1,0,1,0,2,1",public_pool,2,0
"3,1,0,1,0,2,1",subsidized_catch_up,2,0
"3,1,0,1,0,2,1",central_cap2,2,0
"3,1,0,1,0,2,1",equity_cap2,2,0
"3,1,0,1,0,2,1",central_full,2,0
"2,2,2,2,0,2,4",bilateral_3pass,2,0
"2,2,2,2,0,2,4",clearinghouse,2,0
"2,2,2,2,0,2,4",public_pool,2,0
"2,2,2,2,0,2,4",subsidized_catch_up,2,0
"2,2,2,2,0,2,4",central_cap2,2,2
"2,2,2,2,0,2,4",equity_cap2,2,0
"2,2,2,2,0,2,4",central_full,2,0
"3,1,1,2,1,0,5",bilateral_3pass,1,1
"3,1,1,2,1,0,5",clearinghouse,1,0
"3,1,1,2,1,0,5",public_pool,1,0
"3,1,1,2,1,0,5",subsidized_catch_up,1,0
"3,1,1,2,1,0,5",central_cap2,1,0
"3,1,1,2,1,0,5",equity_cap2,1,0
"3,1,1,2,1,0,5",central_full,1,0
"1,1,0,1,2,1,1",bilateral_3pass,1,1
"1,1,0,1,2,1,1",clearinghouse,1,0
"1,1,0,1,2,1,1",public_pool,1,0
"1,1,0,1,2,1,1",subsidized_catch_up,1,0
"1,1,0,1,2,1,1",central_cap2,1,0
"1,1,0,1,2,1,1",equity_cap2,1,0
"1,1,0,1,2,1,1",central_full,1,0
"2,3,1,1,0,0,0",bilateral_3pass,14,2
"2,3,1,1,0,0,0",clearinghouse,14,0
"2,3,1,1,0,0,0",public_pool,14,0
"2,3,1,1,0,0,0",subsidized_catch_up,14,12
"2,3,1,1,0,0,0",central_cap2,14,0
"2,3,1,1,0,0,0",equity_cap2,14,0
"2,3,1,1,0,0,0",central_full,14,0
"2,3,0,2,0,0,0",bilateral_3pass,2,0
"2,3,0,2,0,0,0",clearinghouse,2,0
"2,3,0,2,0,0,0",public_pool,2,0
"2,3,0,2,0,0,0",subsidized_catch_up,2,0
"2,3,0,2,0,0,0",central_cap2,2,2
"2,3,0,2,0,0,0",equity_cap2,2,0
"2,3,0,2,0,0,0",central_full,2,0
"3,2,2,2,2,2,4",bilateral_3pass,7,7
"3,2,2,2,2,2,4",clearinghouse,7,0
"3,2,2,2,2,2,4",public_pool,7,0
"3,2,2,2,2,2,4",subsidized_catch_up,7,0
"3,2,2,2,2,2,4",central_cap2,7,0
"3,2,2,2,2,2,4",equity_cap2,7,0
"3,2,2,2,2,2,4",central_full,7,0
"1,2,1,3,1,2,5",bilateral_3pass,3,0
"1,2,1,3,1,2,5",clearinghouse,3,2
"1,2,1,3,1,2,5",public_pool,3,0
"1,2,1,3,1,2,5",subsidized_catch_up,3,0
"1,2,1,3,1,2,5",central_cap2,3,0
"1,2,1,3,1,2,5",equity_cap2,3,1
"1,2,1,3,1,2,5",central_full,3,0
"1,3,0,3,2,1,0",bilateral_3pass,1,1
"1,3,0,3,2,1,0",clearinghouse,1,0
"1,3,0,3,2,1,0",public_pool,1,0
"1,3,0,3,2,1,0",subsidized_catch_up,1,0
"1,3,0,3,2,1,0",central_cap2,1,0
"1,3,0,3,2,1,0",equity_cap2,1,0
"1,3,0,3,2,1,0",central_full,1,0
"2,3,1,1,1,0,3",bilateral_3pass,1,0
"2,3,1,1,1,0,3",clearinghouse,1,0
"2,3,1,1,1,0,3",public_pool,1,0
"2,3,1,1,1,0,3",subsidized_catch_up,1,0
"2,3,1,1,1,0,3",central_cap2,1,0
"2,3,1,1,1,0,3",equity_cap2,1,0
"2,3,1,1,1,0,3",central_full,1,1
"3,3,1,1,1,2,2",bilateral_3pass,1,0
"3,3,1,1,1,2,2",clearinghouse,1,1
"3,3,1,1,1,2,2",public_pool,1,0
"3,3,1,1,1,2,2",subsidized_catch_up,1,0
"3,3,1,1,1,2,2",central_cap2,1,0
"3,3,1,1,1,2,2",equity_cap2,1,0
"3,3,1,1,1,2,2",central_full,1,0
"3,3,1,1,0,2,0",bilateral_3pass,8,0
"3,3,1,1,0,2,0",clearinghouse,8,5
"3,3,1,1,0,2,0",public_pool,8,0
"3,3,1,1,0,2,0",subsidized_catch_up,8,3
"3,3,1,1,0,2,0",central_cap2,8,0
"3,3,1,1,0,2,0",equity_cap2,8,0
"3,3,1,1,0,2,0",central_full,8,0
"1,2,2,3,2,2,2",bilateral_3pass,2,0
"1,2,2,3,2,2,2",clearinghouse,2,2
"1,2,2,3,2,2,2",public_pool,2,0
"1,2,2,3,2,2,2",subsidized_catch_up,2,0
"1,2,2,3,2,2,2",central_cap2,2,0
"1,2,2,3,2,2,2",equity_cap2,2,0
"1,2,2,3,2,2,2",central_full,2,0
"3,2,1,2,2,0,4",bilateral_3pass,5,0
"3,2,1,2,2,0,4",clearinghouse,5,0
"3,2,1,2,2,0,4",public_pool,5,0
"3,2,1,2,2,0,4",subsidized_catch_up,5,5
"3,2,1,2,2,0,4",central_cap2,5,0
"3,2,1,2,2,0,4",equity_cap2,5,0
"3,2,1,2,2,0,4",central_full,5,0
"2,2,1,1,1,1,6",bilateral_3pass,1,1
"2,2,1,1,1,1,6",clearinghouse,1,0
"2,2,1,1,1,1,6",public_pool,1,0
"2,2,1,1,1,1,6",subsidized_catch_up,1,0
"2,2,1,1,1,1,6",central_cap2,1,0
"2,2,1,1,1,1,6",equity_cap2,1,0
"2,2,1,1,1,1,6",central_full,1,0
"3,1,1,2,0,2,6",bilateral_3pass,2,2
"3,1,1,2,0,2,6",clearinghouse,2,0
"3,1,1,2,0,2,6",public_pool,2,0
"3,1,1,2,0,2,6",subsidized_catch_up,2,0
"3,1,1,2,0,2,6",central_cap2,2,0
"3,1,1,2,0,2,6",equity_cap2,2,0
"3,1,1,2,0,2,6",central_full,2,0
"2,1,2,1,0,0,6",bilateral_3pass,8,8
"2,1,2,1,0,0,6",clearinghouse,8,0
"2,1,2,1,0,0,6",public_pool,8,0
"2,1,2,1,0,0,6",subsidized_catch_up,8,0
"2,1,2,1,0,0,6",central_cap2,8,0
"2,1,2,1,0,0,6",equity_cap2,8,0
"2,1,2,1,0,0,6",central_full,8,0
"1,2,0,3,0,2,1",bilateral_3pass,3,0
"1,2,0,3,0,2,1",clearinghouse,3,3
"1,2,0,3,0,2,1",public_pool,3,0
"1,2,0,3,0,2,1",subsidized_catch_up,3,0
"1,2,0,3,0,2,1",central_cap2,3,0
"1,2,0,3,0,2,1",equity_cap2,3,0
"1,2,0,3,0,2,1",central_full,3,0
"0,3,0,0,0,0,1",bilateral_3pass,1,0
"0,3,0,0,0,0,1",clearinghouse,1,0
"0,3,0,0,0,0,1",public_pool,1,0
"0,3,0,0,0,0,1",subsidized_catch_up,1,0
"0,3,0,0,0,0,1",central_cap2,1,0
"0,3,0,0,0,0,1",equity_cap2,1,1
"0,3,0,0,0,0,1",central_full,1,0
"2,1,2,2,1,1,6",bilateral_3pass,16,16
"2,1,2,2,1,1,6",clearinghouse,16,0
"2,1,2,2,1,1,6",public_pool,16,0
"2,1,2,2,1,1,6",subsidized_catch_up,16,0
"2,1,2,2,1,1,6",central_cap2,16,0
"2,1,2,2,1,1,6",equity_cap2,16,0
"2,1,2,2,1,1,6",central_full,16,0
"2,2,0,3,0,1,1",bilateral_3pass,2,0
"2,2,0,3,0,1,1",clearinghouse,2,0
"2,2,0,3,0,1,1",public_pool,2,0
"2,2,0,3,0,1,1",subsidized_catch_up,2,2
"2,2,0,3,0,1,1",central_cap2,2,0
"2,2,0,3,0,1,1",equity_cap2,2,0
"2,2,0,3,0,1,1",central_full,2,0
"3,2,1,2,0,1,1",bilateral_3pass,2,0
"3,2,1,2,0,1,1",clearinghouse,2,0
"3,2,1,2,0,1,1",public_pool,2,0
"3,2,1,2,0,1,1",subsidized_catch_up,2,2
"3,2,1,2,0,1,1",central_cap2,2,0
"3,2,1,2,0,1,1",equity_cap2,2,0
"3,2,1,2,0,1,1",central_full,2,0
"1,2,2,2,1,2,2",bilateral_3pass,3,0
"1,2,2,2,1,2,2",clearinghouse,3,0
"1,2,2,2,1,2,2",public_pool,3,0
"1,2,2,2,1,2,2",subsidized_catch_up,3,3
"1,2,2,2,1,2,2",central_cap2,3,0
"1,2,2,2,1,2,2",equity_cap2,3,0
"1,2,2,2,1,2,2",central_full,3,0
"2,1,1,3,0,0,2",bilateral_3pass,4,4
"2,1,1,3,0,0,2",clearinghouse,4,0
"2,1,1,3,0,0,2",public_pool,4,0
"2,1,1,3,0,0,2",subsidized_catch_up,4,0
"2,1,1,3,0,0,2",central_cap2,4,0
"2,1,1,3,0,0,2",equity_cap2,4,0
"2,1,1,3,0,0,2",central_full,4,0
"3,1,1,1,1,1,6",bilateral_3pass,17,17
"3,1,1,1,1,1,6",clearinghouse,17,0
"3,1,1,1,1,1,6",public_pool,17,0
"3,1,1,1,1,1,6",subsidized_catch_up,17,0
"3,1,1,1,1,1,6",central_cap2,17,0
"3,1,1,1,1,1,6",equity_cap2,17,0
"3,1,1,1,1,1,6",central_full,17,0
"1,1,1,1,2,1,6",bilateral_3pass,1,1
"1,1,1,1,2,1,6",clearinghouse,1,0
"1,1,1,1,2,1,6",public_pool,1,0
"1,1,1,1,2,1,6",subsidized_catch_up,1,0
"1,1,1,1,2,1,6",central_cap2,1,0
"1,1,1,1,2,1,6",equity_cap2,1,0
"1,1,1,1,2,1,6",central_full,1,0
"2,1,0,3,1,2,6",bilateral_3pass,1,1
"2,1,0,3,1,2,6",clearinghouse,1,0
"2,1,0,3,1,2,6",public_pool,1,0
"2,1,0,3,1,2,6",subsidized_catch_up,1,0
"2,1,0,3,1,2,6",central_cap2,1,0
"2,1,0,3,1,2,6",equity_cap2,1,0
"2,1,0,3,1,2,6",central_full,1,0
"3,2,2,3,1,1,1",bilateral_3pass,6,1
"3,2,2,3,1,1,1",clearinghouse,6,4
"3,2,2,3,1,1,1",public_pool,6,0
"3,2,2,3,1,1,1",subsidized_catch_up,6,0
"3,2,2,3,1,1,1",central_cap2,6,0
"3,2,2,3,1,1,1",equity_cap2,6,1
"3,2,2,3,1,1,1",central_full,6,0
"3,1,0,2,2,1,6",bilateral_3pass,3,3
"3,1,0,2,2,1,6",clearinghouse,3,0
"3,1,0,2,2,1,6",public_pool,3,0
"3,1,0,2,2,1,6",subsidized_catch_up,3,0
"3,1,0,2,2,1,6",central_cap2,3,0
"3,1,0,2,2,1,6",equity_cap2,3,0
"3,1,0,2,2,1,6",central_full,3,0
"3,1,0,1,0,2,3",bilateral_3pass,3,3
"3,1,0,1,0,2,3",clearinghouse,3,0
"3,1,0,1,0,2,3",public_pool,3,0
"3,1,0,1,0,2,3",subsidized_catch_up,3,0
"3,1,0,1,0,2,3",central_cap2,3,0
"3,1,0,1,0,2,3",equity_cap2,3,0
"3,1,0,1,0,2,3",central_full,3,0
"2,1,1,2,0,0,5",bilateral_3pass,4,4
"2,1,1,2,0,0,5",clearinghouse,4,0
"2,1,1,2,0,0,5",public_pool,4,0
"2,1,1,2,0,0,5",subsidized_catch_up,4,0
"2,1,1,2,0,0,5",central_cap2,4,0
"2,1,1,2,0,0,5",equity_cap2,4,0
"2,1,1,2,0,0,5",central_full,4,0
"3,2,2,1,1,0,3",bilateral_3pass,6,6
"3,2,2,1,1,0,3",clearinghouse,6,0
"3,2,2,1,1,0,3",public_pool,6,0
"3,2,2,1,1,0,3",subsidized_catch_up,6,0
"3,2,2,1,1,0,3",central_cap2,6,0
"3,2,2,1,1,0,3",equity_cap2,6,0
"3,2,2,1,1,0,3",central_full,6,0
"1,1,1,1,2,1,4",bilateral_3pass,1,1
"1,1,1,1,2,1,4",clearinghouse,1,0
"1,1,1,1,2,1,4",public_pool,1,0
"1,1,1,1,2,1,4",subsidized_catch_up,1,0
"1,1,1,1,2,1,4",central_cap2,1,0
"1,1,1,1,2,1,4",equity_cap2,1,0
"1,1,1,1,2,1,4",central_full,1,0
"3,1,2,3,2,0,6",bilateral_3pass,3,3
"3,1,2,3,2,0,6",clearinghouse,3,0
"3,1,2,3,2,0,6",public_pool,3,0
"3,1,2,3,2,0,6",subsidized_catch_up,3,0
"3,1,2,3,2,0,6",central_cap2,3,0
"3,1,2,3,2,0,6",equity_cap2,3,0
"3,1,2,3,2,0,6",central_full,3,0
"1,2,2,1,1,1,2",bilateral_3pass,3,0
"1,2,2,1,1,1,2",clearinghouse,3,3
"1,2,2,1,1,1,2",public_pool,3,0
"1,2,2,1,1,1,2",subsidized_catch_up,3,0
"1,2,2,1,1,1,2",central_cap2,3,0
"1,2,2,1,1,1,2",equity_cap2,3,0
"1,2,2,1,1,1,2",central_full,3,0
"2,2,2,1,0,0,1",bilateral_3pass,11,0
"2,2,2,1,0,0,1",clearinghouse,11,10
"2,2,2,1,0,0,1",public_pool,11,0
"2,2,2,1,0,0,1",subsidized_catch_up,11,1
"2,2,2,1,0,0,1",central_cap2,11,0
"2,2,2,1,0,0,1",equity_cap2,11,0
"2,2,2,1,0,0,1",central_full,11,0
"2,2,2,2,1,1,5",bilateral_3pass,7,1
"2,2,2,2,1,1,5",clearinghouse,7,5
"2,2,2,2,1,1,5",public_pool,7,0
"2,2,2,2,1,1,5",subsidized_catch_up,7,0
"2,2,2,2,1,1,5",central_cap2,7,0
"2,2,2,2,1,1,5",equity_cap2,7,1
"2,2,2,2,1,1,5",central_full,7,0
"3,3,2,1,2,2,2",bilateral_3pass,1,0
"3,3,2,1,2,2,2",clearinghouse,1,0
"3,3,2,1,2,2,2",public_pool,1,0
"3,3,2,1,2,2,2",subsidized_catch_up,1,1
"3,3,2,1,2,2,2",central_cap2,1,0
"3,3,2,1,2,2,2",equity_cap2,1,0
"3,3,2,1,2,2,2",central_full,1,0
"1,2,1,3,1,0,4",bilateral_3pass,1,1
"1,2,1,3,1,0,4",clearinghouse,1,0
"1,2,1,3,1,0,4",public_pool,1,0
"1,2,1,3,1,0,4",subsidized_catch_up,1,0
"1,2,1,3,1,0,4",central_cap2,1,0
"1,2,1,3,1,0,4",equity_cap2,1,0
"1,2,1,3,1,0,4",central_full,1,0
"2,2,0,1,1,0,1",bilateral_3pass,1,1
"2,2,0,1,1,0,1",clearinghouse,1,0
"2,2,0,1,1,0,1",public_pool,1,0
"2,2,0,1,1,0,1",subsidized_catch_up,1,0
"2,2,0,1,1,0,1",central_cap2,1,0
"2,2,0,1,1,0,1",equity_cap2,1,0
"2,2,0,1,1,0,1",central_full,1,0
"2,1,1,2,0,0,2",bilateral_3pass,1,1
"2,1,1,2,0,0,2",clearinghouse,1,0
"2,1,1,2,0,0,2",public_pool,1,0
"2,1,1,2,0,0,2",subsidized_catch_up,1,0
"2,1,1,2,0,0,2",central_cap2,1,0
"2,1,1,2,0,0,2",equity_cap2,1,0
"2,1,1,2,0,0,2",central_full,1,0
"1,1,1,1,0,2,4",bilateral_3pass,1,1
"1,1,1,1,0,2,4",clearinghouse,1,0
"1,1,1,1,0,2,4",public_pool,1,0
"1,1,1,1,0,2,4",subsidized_catch_up,1,0
"1,1,1,1,0,2,4",central_cap2,1,0
"1,1,1,1,0,2,4",equity_cap2,1,0
"1,1,1,1,0,2,4",central_full,1,0
"2,1,0,1,2,1,5",bilateral_3pass,2,2
"2,1,0,1,2,1,5",clearinghouse,2,0
"2,1,0,1,2,1,5",public_pool,2,0
"2,1,0,1,2,1,5",subsidized_catch_up,2,0
"2,1,0,1,2,1,5",central_cap2,2,0
"2,1,0,1,2,1,5",equity_cap2,2,0
"2,1,0,1,2,1,5",central_full,2,0
"1,3,2,3,0,2,3",bilateral_3pass,1,0
"1,3,2,3,0,2,3",clearinghouse,1,0
"1,3,2,3,0,2,3",public_pool,1,0
"1,3,2,3,0,2,3",subsidized_catch_up,1,0
"1,3,2,3,0,2,3",central_cap2,1,0
"1,3,2,3,0,2,3",equity_cap2,1,0
"1,3,2,3,0,2,3",central_full,1,1
"2,1,2,2,0,1,6",bilateral_3pass,3,3
"2,1,2,2,0,1,6",clearinghouse,3,0
"2,1,2,2,0,1,6",public_pool,3,0
"2,1,2,2,0,1,6",subsidized_catch_up,3,0
"2,1,2,2,0,1,6",central_cap2,3,0
"2,1,2,2,0,1,6",equity_cap2,3,0
"2,1,2,2,0,1,6",central_full,3,0
"2,2,0,2,1,1,5",bilateral_3pass,1,0
"2,2,0,2,1,1,5",clearinghouse,1,0
"2,2,0,2,1,1,5",public_pool,1,0
"2,2,0,2,1,1,5",subsidized_catch_up,1,0
"2,2,0,2,1,1,5",central_cap2,1,1
"2,2,0,2,1,1,5",equity_cap2,1,0
"2,2,0,2,1,1,5",central_full,1,0
"1,2,0,2,2,0,0",bilateral_3pass,1,1
"1,2,0,2,2,0,0",clearinghouse,1,0
"1,2,0,2,2,0,0",public_pool,1,0
"1,2,0,2,2,0,0",subsidized_catch_up,1,0
"1,2,0,2,2,0,0",central_cap2,1,0
"1,2,0,2,2,0,0",equity_cap2,1,0
"1,2,0,2,2,0,0",central_full,1,0
"2,2,0,2,0,2,1",bilateral_3pass,3,0
"2,2,0,2,0,2,1",clearinghouse,3,0
"2,2,0,2,0,2,1",public_pool,3,0
"2,2,0,2,0,2,1",subsidized_catch_up,3,3
"2,2,0,2,0,2,1",central_cap2,3,0
"2,2,0,2,0,2,1",equity_cap2,3,0
"2,2,0,2,0,2,1",central_full,3,0
"1,1,2,1,2,0,5",bilateral_3pass,2,2
"1,1,2,1,2,0,5",clearinghouse,2,0
"1,1,2,1,2,0,5",public_pool,2,0
"1,1,2,1,2,0,5",subsidized_catch_up,2,0
"1,1,2,1,2,0,5",central_cap2,2,0
"1,1,2,1,2,0,5",equity_cap2,2,0
"1,1,2,1,2,0,5",central_full,2,0
"3,1,0,2,2,2,6",bilateral_3pass,7,7
"3,1,0,2,2,2,6",clearinghouse,7,0
"3,1,0,2,2,2,6",public_pool,7,0
"3,1,0,2,2,2,6",subsidized_catch_up,7,0
"3,1,0,2,2,2,6",central_cap2,7,0
"3,1,0,2,2,2,6",equity_cap2,7,0
"3,1,0,2,2,2,6",central_full,7,0
"1,2,0,2,2,2,1",bilateral_3pass,1,0
"1,2,0,2,2,2,1",clearinghouse,1,0
"1,2,0,2,2,2,1",public_pool,1,0
"1,2,0,2,2,2,1",subsidized_catch_up,1,1
"1,2,0,2,2,2,1",central_cap2,1,0
"1,2,0,2,2,2,1",equity_cap2,1,0
"1,2,0,2,2,2,1",central_full,1,0
"2,3,0,2,1,2,0",bilateral_3pass,7,0
"2,3,0,2,1,2,0",clearinghouse,7,0
"2,3,0,2,1,2,0",public_pool,7,0
"2,3,0,2,1,2,0",subsidized_catch_up,7,0
"2,3,0,2,1,2,0",central_cap2,7,0
"2,3,0,2,1,2,0",equity_cap2,7,7
"2,3,0,2,1,2,0",central_full,7,0
"2,2,2,1,0,1,5",bilateral_3pass,5,0
"2,2,2,1,0,1,5",clearinghouse,5,0
"2,2,2,1,0,1,5",public_pool,5,0
"2,2,2,1,0,1,5",subsidized_catch_up,5,0
"2,2,2,1,0,1,5",central_cap2,5,0
"2,2,2,1,0,1,5",equity_cap2,5,5
"2,2,2,1,0,1,5",central_full,5,0
"0,1,1,3,0,2,1",bilateral_3pass,1,0
"0,1,1,3,0,2,1",clearinghouse,1,1
"0,1,1,3,0,2,1",public_pool,1,0
"0,1,1,3,0,2,1",subsidized_catch_up,1,0
"0,1,1,3,0,2,1",central_cap2,1,0
"0,1,1,3,0,2,1",equity_cap2,1,0
"0,1,1,3,0,2,1",central_full,1,0
"2,2,1,3,2,0,1",bilateral_3pass,6,0
"2,2,1,3,2,0,1",clearinghouse,6,6
"2,2,1,3,2,0,1",public_pool,6,0
"2,2,1,3,2,0,1",subsidized_catch_up,6,0
"2,2,1,3,2,0,1",central_cap2,6,0
"2,2,1,3,2,0,1",equity_cap2,6,0
"2,2,1,3,2,0,1",central_full,6,0
"1,2,2,2,1,0,2",bilateral_3pass,2,2
"1,2,2,2,1,0,2",clearinghouse,2,0
"1,2,2,2,1,0,2",public_pool,2,0
"1,2,2,2,1,0,2",subsidized_catch_up,2,0
"1,2,2,2,1,0,2",central_cap2,2,0
"1,2,2,2,1,0,2",equity_cap2,2,0
"1,2,2,2,1,0,2",central_full,2,0
"1,2,0,1,0,0,1",bilateral_3pass,7,0
"1,2,0,1,0,0,1",clearinghouse,7,6
"1,2,0,1,0,0,1",public_pool,7,0
"1,2,0,1,0,0,1",subsidized_catch_up,7,0
"1,2,0,1,0,0,1",central_cap2,7,1
"1,2,0,1,0,0,1",equity_cap2,7,0
"1,2,0,1,0,0,1",central_full,7,0
"3,2,0,0,2,2,1",bilateral_3pass,3,0
"3,2,0,0,2,2,1",clearinghouse,3,3
"3,2,0,0,2,2,1",public_pool,3,0
"3,2,0,0,2,2,1",subsidized_catch_up,3,0
"3,2,0,0,2,2,1",central_cap2,3,0
"3,2,0,0,2,2,1",equity_cap2,3,0
"3,2,0,0,2,2,1",central_full,3,0
"1,1,1,3,2,2,0",bilateral_3pass,3,3
"1,1,1,3,2,2,0",clearinghouse,3,0
"1,1,1,3,2,2,0",public_pool,3,0
"1,1,1,3,2,2,0",subsidized_catch_up,3,0
"1,1,1,3,2,2,0",central_cap2,3,0
"1,1,1,3,2,2,0",equity_cap2,3,0
"1,1,1,3,2,2,0",central_full,3,0
"0,1,2,3,0,2,0",bilateral_3pass,2,2
"0,1,2,3,0,2,0",clearinghouse,2,0
"0,1,2,3,0,2,0",public_pool,2,0
"0,1,2,3,0,2,0",subsidized_catch_up,2,0
"0,1,2,3,0,2,0",central_cap2,2,0
"0,1,2,3,0,2,0",equity_cap2,2,0
"0,1,2,3,0,2,0",central_full,2,0
"2,1,2,1,1,0,6",bilateral_3pass,16,16
"2,1,2,1,1,0,6",clearinghouse,16,0
"2,1,2,1,1,0,6",public_pool,16,0
"2,1,2,1,1,0,6",subsidized_catch_up,16,0
"2,1,2,1,1,0,6",central_cap2,16,0
"2,1,2,1,1,0,6",equity_cap2,16,0
"2,1,2,1,1,0,6",central_full,16,0
"2,1,0,2,2,2,4",bilateral_3pass,1,1
"2,1,0,2,2,2,4",clearinghouse,1,0
"2,1,0,2,2,2,4",public_pool,1,0
"2,1,0,2,2,2,4",subsidized_catch_up,1,0
"2,1,0,2,2,2,4",central_cap2,1,0
"2,1,0,2,2,2,4",equity_cap2,1,0
"2,1,0,2,2,2,4",central_full,1,0
"1,1,1,2,2,2,5",bilateral_3pass,1,1
"1,1,1,2,2,2,5",clearinghouse,1,0
"1,1,1,2,2,2,5",public_pool,1,0
"1,1,1,2,2,2,5",subsidized_catch_up,1,0
"1,1,1,2,2,2,5",central_cap2,1,0
"1,1,1,2,2,2,5",equity_cap2,1,0
"1,1,1,2,2,2,5",central_full,1,0
"2,3,2,3,0,2,0",bilateral_3pass,1,0
"2,3,2,3,0,2,0",clearinghouse,1,0
"2,3,2,3,0,2,0",public_pool,1,0
"2,3,2,3,0,2,0",subsidized_catch_up,1,0
"2,3,2,3,0,2,0",central_cap2,1,0
"2,3,2,3,0,2,0",equity_cap2,1,1
"2,3,2,3,0,2,0",central_full,1,0
"3,1,0,1,1,0,3",bilateral_3pass,4,4
"3,1,0,1,1,0,3",clearinghouse,4,0
"3,1,0,1,1,0,3",public_pool,4,0
"3,1,0,1,1,0,3",subsidized_catch_up,4,0
"3,1,0,1,1,0,3",central_cap2,4,0
"3,1,0,1,1,0,3",equity_cap2,4,0
"3,1,0,1,1,0,3",central_full,4,0
"1,2,2,1,1,2,5",bilateral_3pass,2,0
"1,2,2,1,1,2,5",clearinghouse,2,0
"1,2,2,1,1,2,5",public_pool,2,0
"1,2,2,1,1,2,5",subsidized_catch_up,2,2
"1,2,2,1,1,2,5",central_cap2,2,0
"1,2,2,1,1,2,5",equity_cap2,2,0
"1,2,2,1,1,2,5",central_full,2,0
"3,2,2,3,2,2,5",bilateral_3pass,3,2
"3,2,2,3,2,2,5",clearinghouse,3,0
"3,2,2,3,2,2,5",public_pool,3,0
"3,2,2,3,2,2,5",subsidized_catch_up,3,1
"3,2,2,3,2,2,5",central_cap2,3,0
"3,2,2,3,2,2,5",equity_cap2,3,0
"3,2,2,3,2,2,5",central_full,3,0
"1,1,2,1,2,2,3",bilateral_3pass,1,1
"1,1,2,1,2,2,3",clearinghouse,1,0
"1,1,2,1,2,2,3",public_pool,1,0
"1,1,2,1,2,2,3",subsidized_catch_up,1,0
"1,1,2,1,2,2,3",central_cap2,1,0
"1,1,2,1,2,2,3",equity_cap2,1,0
"1,1,2,1,2,2,3",central_full,1,0
"3,1,2,3,0,1,3",bilateral_3pass,4,1
"3,1,2,3,0,1,3",clearinghouse,4,0
"3,1,2,3,0,1,3",public_pool,4,0
"3,1,2,3,0,1,3",subsidized_catch_up,4,3
"3,1,2,3,0,1,3",central_cap2,4,0
"3,1,2,3,0,1,3",equity_cap2,4,0
"3,1,2,3,0,1,3",central_full,4,0
"1,1,2,1,1,0,6",bilateral_3pass,9,9
"1,1,2,1,1,0,6",clearinghouse,9,0
"1,1,2,1,1,0,6",public_pool,9,0
"1,1,2,1,1,0,6",subsidized_catch_up,9,0
"1,1,2,1,1,0,6",central_cap2,9,0
"1,1,2,1,1,0,6",equity_cap2,9,0
"1,1,2,1,1,0,6",central_full,9,0
"1,2,1,3,0,2,2",bilateral_3pass,3,0
"1,2,1,3,0,2,2",clearinghouse,3,0
"1,2,1,3,0,2,2",public_pool,3,3
"1,2,1,3,0,2,2",subsidized_catch_up,3,0
"1,2,1,3,0,2,2",central_cap2,3,0
"1,2,1,3,0,2,2",equity_cap2,3,0
"1,2,1,3,0,2,2",central_full,3,0
"0,3,0,3,0,1,1",bilateral_3pass,1,0
"0,3,0,3,0,1,1",clearinghouse,1,0
"0,3,0,3,0,1,1",public_pool,1,0
"0,3,0,3,0,1,1",subsidized_catch_up,1,1
"0,3,0,3,0,1,1",central_cap2,1,0
"0,3,0,3,0,1,1",equity_cap2,1,0
"0,3,0,3,0,1,1",central_full,1,0
"2,1,0,0,1,1,3",bilateral_3pass,1,0
"2,1,0,0,1,1,3",clearinghouse,1,0
"2,1,0,0,1,1,3",public_pool,1,0
"2,1,0,0,1,1,3",subsidized_catch_up,1,1
"2,1,0,0,1,1,3",central_cap2,1,0
"2,1,0,0,1,1,3",equity_cap2,1,0
"2,1,0,0,1,1,3",central_full,1,0
"2,2,2,1,1,2,4",bilateral_3pass,4,4
"2,2,2,1,1,2,4",clearinghouse,4,0
"2,2,2,1,1,2,4",public_pool,4,0
"2,2,2,1,1,2,4",subsidized_catch_up,4,0
"2,2,2,1,1,2,4",central_cap2,4,0
"2,2,2,1,1,2,4",equity_cap2,4,0
"2,2,2,1,1,2,4",central_full,4,0
"2,2,2,2,2,0,2",bilateral_3pass,2,0
"2,2,2,2,2,0,2",clearinghouse,2,0
"2,2,2,2,2,0,2",public_pool,2,2
"2,2,2,2,2,0,2",subsidized_catch_up,2,0
"2,2,2,2,2,0,2",central_cap2,2,0
"2,2,2,2,2,0,2",equity_cap2,2,0
"2,2,2,2,2,0,2",central_full,2,0
"3,1,1,1,0,0,1",bilateral_3pass,1,0
"3,1,1,1,0,0,1",clearinghouse,1,1
"3,1,1,1,0,0,1",public_pool,1,0
"3,1,1,1,0,0,1",subsidized_catch_up,1,0
"3,1,1,1,0,0,1",central_cap2,1,0
"3,1,1,1,0,0,1",equity_cap2,1,0
"3,1,1,1,0,0,1",central_full,1,0
"3,2,0,3,2,0,4",bilateral_3pass,1,0
"3,2,0,3,2,0,4",clearinghouse,1,1
"3,2,0,3,2,0,4",public_pool,1,0
"3,2,0,3,2,0,4",subsidized_catch_up,1,0
"3,2,0,3,2,0,4",central_cap2,1,0
"3,2,0,3,2,0,4",equity_cap2,1,0
"3,2,0,3,2,0,4",central_full,1,0
"2,1,2,1,1,2,6",bilateral_3pass,6,6
"2,1,2,1,1,2,6",clearinghouse,6,0
"2,1,2,1,1,2,6",public_pool,6,0
"2,1,2,1,1,2,6",subsidized_catch_up,6,0
"2,1,2,1,1,2,6",central_cap2,6,0
"2,1,2,1,1,2,6",equity_cap2,6,0
"2,1,2,1,1,2,6",central_full,6,0
"2,3,0,3,0,1,0",bilateral_3pass,6,0
"2,3,0,3,0,1,0",clearinghouse,6,0
"2,3,0,3,0,1,0",public_pool,6,0
"2,3,0,3,0,1,0",subsidized_catch_up,6,6
"2,3,0,3,0,1,0",central_cap2,6,0
"2,3,0,3,0,1,0",equity_cap2,6,0
"2,3,0,3,0,1,0",central_full,6,0
"1,1,0,3,1,0,2",bilateral_3pass,1,1
"1,1,0,3,1,0,2",clearinghouse,1,0
"1,1,0,3,1,0,2",public_pool,1,0
"1,1,0,3,1,0,2",subsidized_catch_up,1,0
"1,1,0,3,1,0,2",central_cap2,1,0
"1,1,0,3,1,0,2",equity_cap2,1,0
"1,1,0,3,1,0,2",central_full,1,0
"2,3,1,2,0,0,0",bilateral_3pass,6,0
"2,3,1,2,0,0,0",clearinghouse,6,0
"2,3,1,2,0,0,0",public_pool,6,0
"2,3,1,2,0,0,0",subsidized_catch_up,6,5
"2,3,1,2,0,0,0",central_cap2,6,0
"2,3,1,2,0,0,0",equity_cap2,6,1
"2,3,1,2,0,0,0",central_full,6,0
"3,2,1,2,0,2,1",bilateral_3pass,3,3
"3,2,1,2,0,2,1",clearinghouse,3,0
"3,2,1,2,0,2,1",public_pool,3,0
"3,2,1,2,0,2,1",subsidized_catch_up,3,0
"3,2,1,2,0,2,1",central_cap2,3,0
"3,2,1,2,0,2,1",equity_cap2,3,0
"3,2,1,2,0,2,1",central_full,3,0
"3,2,0,3,1,1,2",bilateral_3pass,4,4
"3,2,0,3,1,1,2",clearinghouse,4,0
"3,2,0,3,1,1,2",public_pool,4,0
"3,2,0,3,1,1,2",subsidized_catch_up,4,0
"3,2,0,3,1,1,2",central_cap2,4,0
"3,2,0,3,1,1,2",equity_cap2,4,0
"3,2,0,3,1,1,2",central_full,4,0
"3,1,2,2,1,0,5",bilateral_3pass,1,1
"3,1,2,2,1,0,5",clearinghouse,1,0
"3,1,2,2,1,0,5",public_pool,1,0
"3,1,2,2,1,0,5",subsidized_catch_up,1,0
"3,1,2,2,1,0,5",central_cap2,1,0
"3,1,2,2,1,0,5",equity_cap2,1,0
"3,1,2,2,1,0,5",central_full,1,0
"1,3,0,3,1,0,0",bilateral_3pass,3,0
"1,3,0,3,1,0,0",clearinghouse,3,0
"1,3,0,3,1,0,0",public_pool,3,0
"1,3,0,3,1,0,0",subsidized_catch_up,3,0
"1,3,0,3,1,0,0",central_cap2,3,0
"1,3,0,3,1,0,0",equity_cap2,3,3
"1,3,0,3,1,0,0",central_full,3,0
"2,2,0,2,2,1,5",bilateral_3pass,2,0
"2,2,0,2,2,1,5",clearinghouse,2,0
"2,2,0,2,2,1,5",public_pool,2,0
"2,2,0,2,2,1,5",subsidized_catch_up,2,0
"2,2,0,2,2,1,5",central_cap2,2,0
"2,2,0,2,2,1,5",equity_cap2,2,2
"2,2,0,2,2,1,5",central_full,2,0
"2,2,0,1,1,2,1",bilateral_3pass,6,6
"2,2,0,1,1,2,1",clearinghouse,6,0
"2,2,0,1,1,2,1",public_pool,6,0
"2,2,0,1,1,2,1",subsidized_catch_up,6,0
"2,2,0,1,1,2,1",central_cap2,6,0
"2,2,0,1,1,2,1",equity_cap2,6,0
"2,2,0,1,1,2,1",central_full,6,0
"2,3,2,2,1,1,3",bilateral_3pass,1,0
"2,3,2,2,1,1,3",clearinghouse,1,0
"2,3,2,2,1,1,3",public_pool,1,1
"2,3,2,2,1,1,3",subsidized_catch_up,1,0
"2,3,2,2,1,1,3",central_cap2,1,0
"2,3,2,2,1,1,3",equity_cap2,1,0
"2,3,2,2,1,1,3",central_full,1,0
"2,3,1,2,1,2,2",bilateral_3pass,1,0
"2,3,1,2,1,2,2",clearinghouse,1,0
"2,3,1,2,1,2,2",public_pool,1,0
"2,3,1,2,1,2,2",subsidized_catch_up,1,1
"2,3,1,2,1,2,2",central_cap2,1,0
"2,3,1,2,1,2,2",equity_cap2,1,0
"2,3,1,2,1,2,2",central_full,1,0
"0,1,2,2,0,2,3",bilateral_3pass,1,0
"0,1,2,2,0,2,3",clearinghouse,1,0
"0,1,2,2,0,2,3",public_pool,1,0
"0,1,2,2,0,2,3",subsidized_catch_up,1,1
"0,1,2,2,0,2,3",central_cap2,1,0
"0,1,2,2,0,2,3",equity_cap2,1,0
"0,1,2,2,0,2,3",central_full,1,0
"3,3,2,2,0,1,0",bilateral_3pass,1,0
"3,3,2,2,0,1,0",clearinghouse,1,0
"3,3,2,2,0,1,0",public_pool,1,0
"3,3,2,2,0,1,0",subsidized_catch_up,1,1
"3,3,2,2,0,1,0",central_cap2,1,0
"3,3,2,2,0,1,0",equity_cap2,1,0
"3,3,2,2,0,1,0",central_full,1,0
"1,2,2,2,1,0,3",bilateral_3pass,6,6
"1,2,2,2,1,0,3",clearinghouse,6,0
"1,2,2,2,1,0,3",public_pool,6,0
"1,2,2,2,1,0,3",subsidized_catch_up,6,0
"1,2,2,2,1,0,3",central_cap2,6,0
"1,2,2,2,1,0,3",equity_cap2,6,0
"1,2,2,2,1,0,3",central_full,6,0
"2,2,1,1,2,2,5",bilateral_3pass,10,0
"2,2,1,1,2,2,5",clearinghouse,10,0
"2,2,1,1,2,2,5",public_pool,10,0
"2,2,1,1,2,2,5",subsidized_catch_up,10,0
"2,2,1,1,2,2,5",central_cap2,10,0
"2,2,1,1,2,2,5",equity_cap2,10,10
"2,2,1,1,2,2,5",central_full,10,0
"3,2,0,0,2,2,5",bilateral_3pass,2,0
"3,2,0,0,2,2,5",clearinghouse,2,2
"3,2,0,0,2,2,5",public_pool,2,0
"3,2,0,0,2,2,5",subsidized_catch_up,2,0
"3,2,0,0,2,2,5",central_cap2,2,0
"3,2,0,0,2,2,5",equity_cap2,2,0
"3,2,0,0,2,2,5",central_full,2,0
"3,1,2,1,0,0,1",bilateral_3pass,3,3
"3,1,2,1,0,0,1",clearinghouse,3,0
"3,1,2,1,0,0,1",public_pool,3,0
"3,1,2,1,0,0,1",subsidized_catch_up,3,0
"3,1,2,1,0,0,1",central_cap2,3,0
"3,1,2,1,0,0,1",equity_cap2,3,0
"3,1,2,1,0,0,1",central_full,3,0
"1,1,2,3,1,2,6",bilateral_3pass,3,3
"1,1,2,3,1,2,6",clearinghouse,3,0
"1,1,2,3,1,2,6",public_pool,3,0
"1,1,2,3,1,2,6",subsidized_catch_up,3,0
"1,1,2,3,1,2,6",central_cap2,3,0
"1,1,2,3,1,2,6",equity_cap2,3,0
"1,1,2,3,1,2,6",central_full,3,0
"2,2,0,1,1,2,2",bilateral_3pass,2,0
"2,2,0,1,1,2,2",clearinghouse,2,0
"2,2,0,1,1,2,2",public_pool,2,2
"2,2,0,1,1,2,2",subsidized_catch_up,2,0
"2,2,0,1,1,2,2",central_cap2,2,0
"2,2,0,1,1,2,2",equity_cap2,2,0
"2,2,0,1,1,2,2",central_full,2,0
"2,1,2,1,2,2,6",bilateral_3pass,3,3
"2,1,2,1,2,2,6",clearinghouse,3,0
"2,1,2,1,2,2,6",public_pool,3,0
"2,1,2,1,2,2,6",subsidized_catch_up,3,0
"2,1,2,1,2,2,6",central_cap2,3,0
"2,1,2,1,2,2,6",equity_cap2,3,0
"2,1,2,1,2,2,6",central_full,3,0
"3,2,1,2,1,2,5",bilateral_3pass,4,0
"3,2,1,2,1,2,5",clearinghouse,4,0
"3,2,1,2,1,2,5",public_pool,4,0
"3,2,1,2,1,2,5",subsidized_catch_up,4,0
"3,2,1,2,1,2,5",central_cap2,4,0
"3,2,1,2,1,2,5",equity_cap2,4,4
"3,2,1,2,1,2,5",central_full,4,0
"2,2,2,2,0,0,1",bilateral_3pass,5,0
"2,2,2,2,0,0,1",clearinghouse,5,0
"2,2,2,2,0,0,1",public_pool,5,0
"2,2,2,2,0,0,1",subsidized_catch_up,5,5
"2,2,2,2,0,0,1",central_cap2,5,0
"2,2,2,2,0,0,1",equity_cap2,5,0
"2,2,2,2,0,0,1",central_full,5,0
"1,2,2,2,1,0,4",bilateral_3pass,1,0
"1,2,2,2,1,0,4",clearinghouse,1,1
"1,2,2,2,1,0,4",public_pool,1,0
"1,2,2,2,1,0,4",subsidized_catch_up,1,0
"1,2,2,2,1,0,4",central_cap2,1,0
"1,2,2,2,1,0,4",equity_cap2,1,0
"1,2,2,2,1,0,4",central_full,1,0
"1,3,0,2,0,0,0",bilateral_3pass,3,1
"1,3,0,2,0,0,0",clearinghouse,3,0
"1,3,0,2,0,0,0",public_pool,3,0
"1,3,0,2,0,0,0",subsidized_catch_up,3,0
"1,3,0,2,0,0,0",central_cap2,3,0
"1,3,0,2,0,0,0",equity_cap2,3,0
"1,3,0,2,0,0,0",central_full,3,2
"3,2,0,3,2,0,1",bilateral_3pass,2,0
"3,2,0,3,2,0,1",clearinghouse,2,2
"3,2,0,3,2,0,1",public_pool,2,0
"3,2,0,3,2,0,1",subsidized_catch_up,2,0
"3,2,0,3,2,0,1",central_cap2,2,0
"3,2,0,3,2,0,1",equity_cap2,2,0
"3,2,0,3,2,0,1",central_full,2,0
"2,2,0,2,0,1,5",bilateral_3pass,1,1
"2,2,0,2,0,1,5",clearinghouse,1,0
"2,2,0,2,0,1,5",public_pool,1,0
"2,2,0,2,0,1,5",subsidized_catch_up,1,0
"2,2,0,2,0,1,5",central_cap2,1,0
"2,2,0,2,0,1,5",equity_cap2,1,0
"2,2,0,2,0,1,5",central_full,1,0
"2,2,0,2,1,0,4",bilateral_3pass,1,0
"2,2,0,2,1,0,4",clearinghouse,1,0
"2,2,0,2,1,0,4",public_pool,1,0
"2,2,0,2,1,0,4",subsidized_catch_up,1,0
"2,2,0,2,1,0,4",central_cap2,1,1
"2,2,0,2,1,0,4",equity_cap2,1,0
"2,2,0,2,1,0,4",central_full,1,0
"3,2,1,3,0,2,2",bilateral_3pass,3,3
"3,2,1,3,0,2,2",clearinghouse,3,0
"3,2,1,3,0,2,2",public_pool,3,0
"3,2,1,3,0,2,2",subsidized_catch_up,3,0
"3,2,1,3,0,2,2",central_cap2,3,0
"3,2,1,3,0,2,2",equity_cap2,3,0
"3,2,1,3,0,2,2",central_full,3,0
"1,1,0,3,1,0,6",bilateral_3pass,1,1
"1,1,0,3,1,0,6",clearinghouse,1,0
"1,1,0,3,1,0,6",public_pool,1,0
"1,1,0,3,1,0,6",subsidized_catch_up,1,0
"1,1,0,3,1,0,6",central_cap2,1,0
"1,1,0,3,1,0,6",equity_cap2,1,0
"1,1,0,3,1,0,6",central_full,1,0
"2,2,1,3,2,2,6",bilateral_3pass,1,0
"2,2,1,3,2,2,6",clearinghouse,1,0
"2,2,1,3,2,2,6",public_pool,1,0
"2,2,1,3,2,2,6",subsidized_catch_up,1,1
"2,2,1,3,2,2,6",central_cap2,1,0
"2,2,1,3,2,2,6",equity_cap2,1,0
"2,2,1,3,2,2,6",central_full,1,0
"3,2,1,1,0,2,4",bilateral_3pass,1,0
"3,2,1,1,0,2,4",clearinghouse,1,0
"3,2,1,1,0,2,4",public_pool,1,0
"3,2,1,1,0,2,4",subsidized_catch_up,1,0
"3,2,1,1,0,2,4",central_cap2,1,1
"3,2,1,1,0,2,4",equity_cap2,1,0
"3,2,1,1,0,2,4",central_full,1,0
"3,3,0,3,2,1,1",bilateral_3pass,1,0
"3,3,0,3,2,1,1",clearinghouse,1,0
"3,3,0,3,2,1,1",public_pool,1,1
"3,3,0,3,2,1,1",subsidized_catch_up,1,0
"3,3,0,3,2,1,1",central_cap2,1,0
"3,3,0,3,2,1,1",equity_cap2,1,0
"3,3,0,3,2,1,1",central_full,1,0
"3,2,2,3,2,0,2",bilateral_3pass,3,0
"3,2,2,3,2,0,2",clearinghouse,3,1
"3,2,2,3,2,0,2",public_pool,3,0
"3,2,2,3,2,0,2",subsidized_catch_up,3,2
"3,2,2,3,2,0,2",central_cap2,3,0
"3,2,2,3,2,0,2",equity_cap2,3,0
"3,2,2,3,2,0,2",central_full,3,0
"2,2,0,3,2,2,1",bilateral_3pass,4,1
"2,2,0,3,2,2,1",clearinghouse,4,1
"2,2,0,3,2,2,1",public_pool,4,0
"2,2,0,3,2,2,1",subsidized_catch_up,4,0
"2,2,0,3,2,2,1",central_cap2,4,2
"2,2,0,3,2,2,1",equity_cap2,4,0
"2,2,0,3,2,2,1",central_full,4,0
"2,2,2,2,0,1,6",bilateral_3pass,2,2
"2,2,2,2,0,1,6",clearinghouse,2,0
"2,2,2,2,0,1,6",public_pool,2,0
"2,2,2,2,0,1,6",subsidized_catch_up,2,0
"2,2,2,2,0,1,6",central_cap2,2,0
"2,2,2,2,0,1,6",equity_cap2,2,0
"2,2,2,2,0,1,6",central_full,2,0
"3,3,1,3,0,2,0",bilateral_3pass,7,0
"3,3,1,3,0,2,0",clearinghouse,7,0
"3,3,1,3,0,2,0",public_pool,7,0
"3,3,1,3,0,2,0",subsidized_catch_up,7,6
"3,3,1,3,0,2,0",central_cap2,7,1
"3,3,1,3,0,2,0",equity_cap2,7,0
"3,3,1,3,0,2,0",central_full,7,0
"3,2,0,2,0,2,3",bilateral_3pass,1,0
"3,2,0,2,0,2,3",clearinghouse,1,0
"3,2,0,2,0,2,3",public_pool,1,1
"3,2,0,2,0,2,3",subsidized_catch_up,1,0
"3,2,0,2,0,2,3",central_cap2,1,0
"3,2,0,2,0,2,3",equity_cap2,1,0
"3,2,0,2,0,2,3",central_full,1,0
"3,1,2,3,2,1,6",bilateral_3pass,9,9
"3,1,2,3,2,1,6",clearinghouse,9,0
"3,1,2,3,2,1,6",public_pool,9,0
"3,1,2,3,2,1,6",subsidized_catch_up,9,0
"3,1,2,3,2,1,6",central_cap2,9,0
"3,1,2,3,2,1,6",equity_cap2,9,0
"3,1,2,3,2,1,6",central_full,9,0
"2,1,0,3,1,1,6",bilateral_3pass,3,3
"2,1,0,3,1,1,6",clearinghouse,3,0
"2,1,0,3,1,1,6",public_pool,3,0
"2,1,0,3,1,1,6",subsidized_catch_up,3,0
"2,1,0,3,1,1,6",central_cap2,3,0
"2,1,0,3,1,1,6",equity_cap2,3,0
"2,1,0,3,1,1,6",central_full,3,0
"3,1,2,1,1,1,6",bilateral_3pass,4,4
"3,1,2,1,1,1,6",clearinghouse,4,0
"3,1,2,1,1,1,6",public_pool,4,0
"3,1,2,1,1,1,6",subsidized_catch_up,4,0
"3,1,2,1,1,1,6",central_cap2,4,0
"3,1,2,1,1,1,6",equity_cap2,4,0
"3,1,2,1,1,1,6",central_full,4,0
"3,1,0,2,1,0,3",bilateral_3pass,1,1
"3,1,0,2,1,0,3",clearinghouse,1,0
"3,1,0,2,1,0,3",public_pool,1,0
"3,1,0,2,1,0,3",subsidized_catch_up,1,0
"3,1,0,2,1,0,3",central_cap2,1,0
"3,1,0,2,1,0,3",equity_cap2,1,0
"3,1,0,2,1,0,3",central_full,1,0
"2,2,0,1,2,1,1",bilateral_3pass,7,0
"2,2,0,1,2,1,1",clearinghouse,7,7
"2,2,0,1,2,1,1",public_pool,7,0
"2,2,0,1,2,1,1",subsidized_catch_up,7,0
"2,2,0,1,2,1,1",central_cap2,7,0
"2,2,0,1,2,1,1",equity_cap2,7,0
"2,2,0,1,2,1,1",central_full,7,0
"1,2,2,2,0,0,4",bilateral_3pass,1,0
"1,2,2,2,0,0,4",clearinghouse,1,1
"1,2,2,2,0,0,4",public_pool,1,0
"1,2,2,2,0,0,4",subsidized_catch_up,1,0
"1,2,2,2,0,0,4",central_cap2,1,0
"1,2,2,2,0,0,4",equity_cap2,1,0
"1,2,2,2,0,0,4",central_full,1,0
"2,2,2,3,0,0,3",bilateral_3pass,7,0
"2,2,2,3,0,0,3",clearinghouse,7,0
"2,2,2,3,0,0,3",public_pool,7,0
"2,2,2,3,0,0,3",subsidized_catch_up,7,4
"2,2,2,3,0,0,3",central_cap2,7,0
"2,2,2,3,0,0,3",equity_cap2,7,3
"2,2,2,3,0,0,3",central_full,7,0
"3,1,1,3,0,0,3",bilateral_3pass,5,2
"3,1,1,3,0,0,3",clearinghouse,5,0
"3,1,1,3,0,0,3",public_pool,5,0
"3,1,1,3,0,0,3",subsidized_catch_up,5,3
"3,1,1,3,0,0,3",central_cap2,5,0
"3,1,1,3,0,0,3",equity_cap2,5,0
"3,1,1,3,0,0,3",central_full,5,0
"3,1,0,1,0,0,3",bilateral_3pass,1,1
"3,1,0,1,0,0,3",clearinghouse,1,0
"3,1,0,1,0,0,3",public_pool,1,0
"3,1,0,1,0,0,3",subsidized_catch_up,1,0
"3,1,0,1,0,0,3",central_cap2,1,0
"3,1,0,1,0,0,3",equity_cap2,1,0
"3,1,0,1,0,0,3",central_full,1,0
"0,1,0,2,0,1,2",bilateral_3pass,1,1
"0,1,0,2,0,1,2",clearinghouse,1,0
"0,1,0,2,0,1,2",public_pool,1,0
"0,1,0,2,0,1,2",subsidized_catch_up,1,0
"0,1,0,2,0,1,2",central_cap2,1,0
"0,1,0,2,0,1,2",equity_cap2,1,0
"0,1,0,2,0,1,2",central_full,1,0
"2,3,0,2,0,2,0",bilateral_3pass,1,0
"2,3,0,2,0,2,0",clearinghouse,1,0
"2,3,0,2,0,2,0",public_pool,1,0
"2,3,0,2,0,2,0",subsidized_catch_up,1,0
"2,3,0,2,0,2,0",central_cap2,1,1
"2,3,0,2,0,2,0",equity_cap2,1,0
"2,3,0,2,0,2,0",central_full,1,0
"2,2,1,3,0,0,5",bilateral_3pass,1,0
"2,2,1,3,0,0,5",clearinghouse,1,0
"2,2,1,3,0,0,5",public_pool,1,1
"2,2,1,3,0,0,5",subsidized_catch_up,1,0
"2,2,1,3,0,0,5",central_cap2,1,0
"2,2,1,3,0,0,5",equity_cap2,1,0
"2,2,1,3,0,0,5",central_full,1,0
"1,2,2,3,2,2,1",bilateral_3pass,2,2
"1,2,2,3,2,2,1",clearinghouse,2,0
"1,2,2,3,2,2,1",public_pool,2,0
"1,2,2,3,2,2,1",subsidized_catch_up,2,0
"1,2,2,3,2,2,1",central_cap2,2,0
"1,2,2,3,2,2,1",equity_cap2,2,0
"1,2,2,3,2,2,1",central_full,2,0
"3,2,1,1,2,0,3",bilateral_3pass,16,1
"3,2,1,1,2,0,3",clearinghouse,16,15
"3,2,1,1,2,0,3",public_pool,16,0
"3,2,1,1,2,0,3",subsidized_catch_up,16,0
"3,2,1,1,2,0,3",central_cap2,16,0
"3,2,1,1,2,0,3",equity_cap2,16,0
"3,2,1,1,2,0,3",central_full,16,0
"3,3,1,3,0,1,0",bilateral_3pass,2,0
"3,3,1,3,0,1,0",clearinghouse,2,0
"3,3,1,3,0,1,0",public_pool,2,0
"3,3,1,3,0,1,0",subsidized_catch_up,2,1
"3,3,1,3,0,1,0",central_cap2,2,0
"3,3,1,3,0,1,0",equity_cap2,2,1
"3,3,1,3,0,1,0",central_full,2,0
"3,2,0,3,1,1,5",bilateral_3pass,1,0
"3,2,0,3,1,1,5",clearinghouse,1,0
"3,2,0,3,1,1,5",public_pool,1,0
"3,2,0,3,1,1,5",subsidized_catch_up,1,1
"3,2,0,3,1,1,5",central_cap2,1,0
"3,2,0,3,1,1,5",equity_cap2,1,0
"3,2,0,3,1,1,5",central_full,1,0
"3,2,0,3,1,2,6",bilateral_3pass,1,0
"3,2,0,3,1,2,6",clearinghouse,1,1
"3,2,0,3,1,2,6",public_pool,1,0
"3,2,0,3,1,2,6",subsidized_catch_up,1,0
"3,2,0,3,1,2,6",central_cap2,1,0
"3,2,0,3,1,2,6",equity_cap2,1,0
"3,2,0,3,1,2,6",central_full,1,0
"3,1,1,1,2,0,6",bilateral_3pass,6,6
"3,1,1,1,2,0,6",clearinghouse,6,0
"3,1,1,1,2,0,6",public_pool,6,0
"3,1,1,1,2,0,6",subsidized_catch_up,6,0
"3,1,1,1,2,0,6",central_cap2,6,0
"3,1,1,1,2,0,6",equity_cap2,6,0
"3,1,1,1,2,0,6",central_full,6,0
"3,2,2,3,1,0,3",bilateral_3pass,3,3
"3,2,2,3,1,0,3",clearinghouse,3,0
"3,2,2,3,1,0,3",public_pool,3,0
"3,2,2,3,1,0,3",subsidized_catch_up,3,0
"3,2,2,3,1,0,3",central_cap2,3,0
"3,2,2,3,1,0,3",equity_cap2,3,0
"3,2,2,3,1,0,3",central_full,3,0
"0,2,0,2,0,1,2",bilateral_3pass,2,0
"0,2,0,2,0,1,2",clearinghouse,2,1
"0,2,0,2,0,1,2",public_pool,2,0
"0,2,0,2,0,1,2",subsidized_catch_up,2,1
"0,2,0,2,0,1,2",central_cap2,2,0
"0,2,0,2,0,1,2",equity_cap2,2,0
"0,2,0,2,0,1,2",central_full,2,0
"3,2,1,3,2,2,6",bilateral_3pass,2,0
"3,2,1,3,2,2,6",clearinghouse,2,1
"3,2,1,3,2,2,6",public_pool,2,0
"3,2,1,3,2,2,6",subsidized_catch_up,2,0
"3,2,1,3,2,2,6",central_cap2,2,1
"3,2,1,3,2,2,6",equity_cap2,2,0
"3,2,1,3,2,2,6",central_full,2,0
"2,2,1,1,2,0,1",bilateral_3pass,7,0
"2,2,1,1,2,0,1",clearinghouse,7,0
"2,2,1,1,2,0,1",public_pool,7,0
"2,2,1,1,2,0,1",subsidized_catch_up,7,7
"2,2,1,1,2,0,1",central_cap2,7,0
"2,2,1,1,2,0,1",equity_cap2,7,0
"2,2,1,1,2,0,1",central_full,7,0
"2,1,1,3,2,2,6",bilateral_3pass,4,4
"2,1,1,3,2,2,6",clearinghouse,4,0
"2,1,1,3,2,2,6",public_pool,4,0
"2,1,1,3,2,2,6",subsidized_catch_up,4,0
"2,1,1,3,2,2,6",central_cap2,4,0
"2,1,1,3,2,2,6",equity_cap2,4,0
"2,1,1,3,2,2,6",central_full,4,0
"1,2,1,2,1,1,2",bilateral_3pass,7,0
"1,2,1,2,1,1,2",clearinghouse,7,0
"1,2,1,2,1,1,2",public_pool,7,0
"1,2,1,2,1,1,2",subsidized_catch_up,7,7
"1,2,1,2,1,1,2",central_cap2,7,0
"1,2,1,2,1,1,2",equity_cap2,7,0
"1,2,1,2,1,1,2",central_full,7,0
"2,1,0,3,2,1,5",bilateral_3pass,1,1
"2,1,0,3,2,1,5",clearinghouse,1,0
"2,1,0,3,2,1,5",public_pool,1,0
"2,1,0,3,2,1,5",subsidized_catch_up,1,0
"2,1,0,3,2,1,5",central_cap2,1,0
"2,1,0,3,2,1,5",equity_cap2,1,0
"2,1,0,3,2,1,5",central_full,1,0
"3,3,1,2,2,2,1",bilateral_3pass,2,0
"3,3,1,2,2,2,1",clearinghouse,2,0
"3,3,1,2,2,2,1",public_pool,2,2
"3,3,1,2,2,2,1",subsidized_catch_up,2,0
"3,3,1,2,2,2,1",central_cap2,2,0
"3,3,1,2,2,2,1",equity_cap2,2,0
"3,3,1,2,2,2,1",central_full,2,0
"3,3,1,1,2,2,3",bilateral_3pass,2,0
"3,3,1,1,2,2,3",clearinghouse,2,0
"3,3,1,1,2,2,3",public_pool,2,1
"3,3,1,1,2,2,3",subsidized_catch_up,2,0
"3,3,1,1,2,2,3",central_cap2,2,0
"3,3,1,1,2,2,3",equity_cap2,2,0
"3,3,1,1,2,2,3",central_full,2,1
"1,1,1,3,2,0,6",bilateral_3pass,1,1
"1,1,1,3,2,0,6",clearinghouse,1,0
"1,1,1,3,2,0,6",public_pool,1,0
"1,1,1,3,2,0,6",subsidized_catch_up,1,0
"1,1,1,3,2,0,6",central_cap2,1,0
"1,1,1,3,2,0,6",equity_cap2,1,0
"1,1,1,3,2,0,6",central_full,1,0
"3,1,1,3,0,2,1",bilateral_3pass,15,13
"3,1,1,3,0,2,1",clearinghouse,15,2
"3,1,1,3,0,2,1",public_pool,15,0
"3,1,1,3,0,2,1",subsidized_catch_up,15,0
"3,1,1,3,0,2,1",central_cap2,15,0
"3,1,1,3,0,2,1",equity_cap2,15,0
"3,1,1,3,0,2,1",central_full,15,0
"2,3,0,2,1,0,0",bilateral_3pass,3,0
"2,3,0,2,1,0,0",clearinghouse,3,0
"2,3,0,2,1,0,0",public_pool,3,0
"2,3,0,2,1,0,0",subsidized_catch_up,3,0
"2,3,0,2,1,0,0",central_cap2,3,0
"2,3,0,2,1,0,0",equity_cap2,3,3
"2,3,0,2,1,0,0",central_full,3,0
"1,2,0,1,1,0,2",bilateral_3pass,1,0
"1,2,0,1,1,0,2",clearinghouse,1,0
"1,2,0,1,1,0,2",public_pool,1,1
"1,2,0,1,1,0,2",subsidized_catch_up,1,0
"1,2,0,1,1,0,2",central_cap2,1,0
"1,2,0,1,1,0,2",equity_cap2,1,0
"1,2,0,1,1,0,2",central_full,1,0
"1,2,2,2,1,2,5",bilateral_3pass,1,0
"1,2,2,2,1,2,5",clearinghouse,1,0
"1,2,2,2,1,2,5",public_pool,1,0
"1,2,2,2,1,2,5",subsidized_catch_up,1,0
"1,2,2,2,1,2,5",central_cap2,1,1
"1,2,2,2,1,2,5",equity_cap2,1,0
"1,2,2,2,1,2,5",central_full,1,0
"2,1,2,3,0,0,6",bilateral_3pass,2,2
"2,1,2,3,0,0,6",clearinghouse,2,0
"2,1,2,3,0,0,6",public_pool,2,0
"2,1,2,3,0,0,6",subsidized_catch_up,2,0
"2,1,2,3,0,0,6",central_cap2,2,0
"2,1,2,3,0,0,6",equity_cap2,2,0
"2,1,2,3,0,0,6",central_full,2,0
"2,1,0,3,0,0,3",bilateral_3pass,2,2
"2,1,0,3,0,0,3",clearinghouse,2,0
"2,1,0,3,0,0,3",public_pool,2,0
"2,1,0,3,0,0,3",subsidized_catch_up,2,0
"2,1,0,3,0,0,3",central_cap2,2,0
"2,1,0,3,0,0,3",equity_cap2,2,0
"2,1,0,3,0,0,3",central_full,2,0
"1,3,1,2,0,2,3",bilateral_3pass,1,0
"1,3,1,2,0,2,3",clearinghouse,1,0
"1,3,1,2,0,2,3",public_pool,1,0
"1,3,1,2,0,2,3",subsidized_catch_up,1,0
"1,3,1,2,0,2,3",central_cap2,1,0
"1,3,1,2,0,2,3",equity_cap2,1,1
"1,3,1,2,0,2,3",central_full,1,0
"0,3,0,1,0,1,3",bilateral_3pass,1,0
"0,3,0,1,0,1,3",clearinghouse,1,0
"0,3,0,1,0,1,3",public_pool,1,0
"0,3,0,1,0,1,3",subsidized_catch_up,1,0
"0,3,0,1,0,1,3",central_cap2,1,0
"0,3,0,1,0,1,3",equity_cap2,1,1
"0,3,0,1,0,1,3",central_full,1,0
"3,2,2,3,2,0,6",bilateral_3pass,1,1
"3,2,2,3,2,0,6",clearinghouse,1,0
"3,2,2,3,2,0,6",public_pool,1,0
"3,2,2,3,2,0,6",subsidized_catch_up,1,0
"3,2,2,3,2,0,6",central_cap2,1,0
"3,2,2,3,2,0,6",equity_cap2,1,0
"3,2,2,3,2,0,6",central_full,1,0
"1,3,1,2,2,0,0",bilateral_3pass,2,0
"1,3,1,2,2,0,0",clearinghouse,2,0
"1,3,1,2,2,0,0",public_pool,2,2
"1,3,1,2,2,0,0",subsidized_catch_up,2,0
"1,3,1,2,2,0,0",central_cap2,2,0
"1,3,1,2,2,0,0",equity_cap2,2,0
"1,3,1,2,2,0,0",central_full,2,0
"2,1,0,0,1,1,1",bilateral_3pass,1,1
"2,1,0,0,1,1,1",clearinghouse,1,0
"2,1,0,0,1,1,1",public_pool,1,0
"2,1,0,0,1,1,1",subsidized_catch_up,1,0
"2,1,0,0,1,1,1",central_cap2,1,0
"2,1,0,0,1,1,1",equity_cap2,1,0
"2,1,0,0,1,1,1",central_full,1,0
"3,2,2,1,1,2,6",bilateral_3pass,1,0
"3,2,2,1,1,2,6",clearinghouse,1,1
"3,2,2,1,1,2,6",public_pool,1,0
"3,2,2,1,1,2,6",subsidized_catch_up,1,0
"3,2,2,1,1,2,6",central_cap2,1,0
"3,2,2,1,1,2,6",equity_cap2,1,0
"3,2,2,1,1,2,6",central_full,1,0
"3,1,2,1,2,0,6",bilateral_3pass,1,1
"3,1,2,1,2,0,6",clearinghouse,1,0
"3,1,2,1,2,0,6",public_pool,1,0
"3,1,2,1,2,0,6",subsidized_catch_up,1,0
"3,1,2,1,2,0,6",central_cap2,1,0
"3,1,2,1,2,0,6",equity_cap2,1,0
"3,1,2,1,2,0,6",central_full,1,0
"0,1,1,2,0,2,0",bilateral_3pass,1,1
"0,1,1,2,0,2,0",clearinghouse,1,0
"0,1,1,2,0,2,0",public_pool,1,0
"0,1,1,2,0,2,0",subsidized_catch_up,1,0
"0,1,1,2,0,2,0",central_cap2,1,0
"0,1,1,2,0,2,0",equity_cap2,1,0
"0,1,1,2,0,2,0",central_full,1,0
"3,1,1,1,0,0,6",bilateral_3pass,1,1
"3,1,1,1,0,0,6",clearinghouse,1,0
"3,1,1,1,0,0,6",public_pool,1,0
"3,1,1,1,0,0,6",subsidized_catch_up,1,0
"3,1,1,1,0,0,6",central_cap2,1,0
"3,1,1,1,0,0,6",equity_cap2,1,0
"3,1,1,1,0,0,6",central_full,1,0
"2,2,1,3,0,0,4",bilateral_3pass,2,0
"2,2,1,3,0,0,4",clearinghouse,2,0
"2,2,1,3,0,0,4",public_pool,2,0
"2,2,1,3,0,0,4",subsidized_catch_up,2,0
"2,2,1,3,0,0,4",central_cap2,2,2
"2,2,1,3,0,0,4",equity_cap2,2,0
"2,2,1,3,0,0,4",central_full,2,0
"2,1,0,3,1,0,4",bilateral_3pass,1,1
"2,1,0,3,1,0,4",clearinghouse,1,0
"2,1,0,3,1,0,4",public_pool,1,0
"2,1,0,3,1,0,4",subsidized_catch_up,1,0
"2,1,0,3,1,0,4",central_cap2,1,0
"2,1,0,3,1,0,4",equity_cap2,1,0
"2,1,0,3,1,0,4",central_full,1,0
"2,1,1,3,0,2,6",bilateral_3pass,3,3
"2,1,1,3,0,2,6",clearinghouse,3,0
"2,1,1,3,0,2,6",public_pool,3,0
"2,1,1,3,0,2,6",subsidized_catch_up,3,0
"2,1,1,3,0,2,6",central_cap2,3,0
"2,1,1,3,0,2,6",equity_cap2,3,0
"2,1,1,3,0,2,6",central_full,3,0
"3,1,1,2,0,2,5",bilateral_3pass,1,1
"3,1,1,2,0,2,5",clearinghouse,1,0
"3,1,1,2,0,2,5",public_pool,1,0
"3,1,1,2,0,2,5",subsidized_catch_up,1,0
"3,1,1,2,0,2,5",central_cap2,1,0
"3,1,1,2,0,2,5",equity_cap2,1,0
"3,1,1,2,0,2,5",central_full,1,0
"3,1,0,2,0,2,1",bilateral_3pass,3,3
"3,1,0,2,0,2,1",clearinghouse,3,0
"3,1,0,2,0,2,1",public_pool,3,0
"3,1,0,2,0,2,1",subsidized_catch_up,3,0
"3,1,0,2,0,2,1",central_cap2,3,0
"3,1,0,2,0,2,1",equity_cap2,3,0
"3,1,0,2,0,2,1",central_full,3,0
"3,3,1,2,2,1,3",bilateral_3pass,1,0
"3,3,1,2,2,1,3",clearinghouse,1,0
"3,3,1,2,2,1,3",public_pool,1,0
"3,3,1,2,2,1,3",subsidized_catch_up,1,0
"3,3,1,2,2,1,3",central_cap2,1,1
"3,3,1,2,2,1,3",equity_cap2,1,0
"3,3,1,2,2,1,3",central_full,1,0
"2,3,1,2,0,2,0",bilateral_3pass,14,0
"2,3,1,2,0,2,0",clearinghouse,14,0
"2,3,1,2,0,2,0",public_pool,14,0
"2,3,1,2,0,2,0",subsidized_catch_up,14,0
"2,3,1,2,0,2,0",central_cap2,14,0
"2,3,1,2,0,2,0",equity_cap2,14,14
"2,3,1,2,0,2,0",central_full,14,0
"2,2,2,3,0,2,5",bilateral_3pass,1,1
"2,2,2,3,0,2,5",clearinghouse,1,0
"2,2,2,3,0,2,5",public_pool,1,0
"2,2,2,3,0,2,5",subsidized_catch_up,1,0
"2,2,2,3,0,2,5",central_cap2,1,0
"2,2,2,3,0,2,5",equity_cap2,1,0
"2,2,2,3,0,2,5",central_full,1,0
"3,2,1,2,2,2,6",bilateral_3pass,5,4
"3,2,1,2,2,2,6",clearinghouse,5,0
"3,2,1,2,2,2,6",public_pool,5,0
"3,2,1,2,2,2,6",subsidized_catch_up,5,1
"3,2,1,2,2,2,6",central_cap2,5,0
"3,2,1,2,2,2,6",equity_cap2,5,0
"3,2,1,2,2,2,6",central_full,5,0
"2,2,2,2,1,2,6",bilateral_3pass,1,1
"2,2,2,2,1,2,6",clearinghouse,1,0
"2,2,2,2,1,2,6",public_pool,1,0
"2,2,2,2,1,2,6",subsidized_catch_up,1,0
"2,2,2,2,1,2,6",central_cap2,1,0
"2,2,2,2,1,2,6",equity_cap2,1,0
"2,2,2,2,1,2,6",central_full,1,0
"1,1,1,3,2,1,6",bilateral_3pass,3,3
"1,1,1,3,2,1,6",clearinghouse,3,0
"1,1,1,3,2,1,6",public_pool,3,0
"1,1,1,3,2,1,6",subsidized_catch_up,3,0
"1,1,1,3,2,1,6",central_cap2,3,0
"1,1,1,3,2,1,6",equity_cap2,3,0
"1,1,1,3,2,1,6",central_full,3,0
"3,3,0,1,1,2,0",bilateral_3pass,13,0
"3,3,0,1,1,2,0",clearinghouse,13,0
"3,3,0,1,1,2,0",public_pool,13,0
"3,3,0,1,1,2,0",subsidized_catch_up,13,13
"3,3,0,1,1,2,0",central_cap2,13,0
"3,3,0,1,1,2,0",equity_cap2,13,0
"3,3,0,1,1,2,0",central_full,13,0
"3,2,2,1,1,2,4",bilateral_3pass,2,0
"3,2,2,1,1,2,4",clearinghouse,2,0
"3,2,2,1,1,2,4",public_pool,2,0
"3,2,2,1,1,2,4",subsidized_catch_up,2,0
"3,2,2,1,1,2,4",central_cap2,2,2
"3,2,2,1,1,2,4",equity_cap2,2,0
"3,2,2,1,1,2,4",central_full,2,0
"3,1,0,0,1,2,1",bilateral_3pass,2,2
"3,1,0,0,1,2,1",clearinghouse,2,0
"3,1,0,0,1,2,1",public_pool,2,0
"3,1,0,0,1,2,1",subsidized_catch_up,2,0
"3,1,0,0,1,2,1",central_cap2,2,0
"3,1,0,0,1,2,1",equity_cap2,2,0
"3,1,0,0,1,2,1",central_full,2,0
"2,2,0,2,0,0,1",bilateral_3pass,2,0
"2,2,0,2,0,0,1",clearinghouse,2,2
"2,2,0,2,0,0,1",public_pool,2,0
"2,2,0,2,0,0,1",subsidized_catch_up,2,0
"2,2,0,2,0,0,1",central_cap2,2,0
"2,2,0,2,0,0,1",equity_cap2,2,0
"2,2,0,2,0,0,1",central_full,2,0
"1,2,0,3,1,1,4",bilateral_3pass,1,0
"1,2,0,3,1,1,4",clearinghouse,1,0
"1,2,0,3,1,1,4",public_pool,1,0
"1,2,0,3,1,1,4",subsidized_catch_up,1,0
"1,2,0,3,1,1,4",central_cap2,1,1
"1,2,0,3,1,1,4",equity_cap2,1,0
"1,2,0,3,1,1,4",central_full,1,0
"1,2,0,3,1,0,2",bilateral_3pass,1,0
"1,2,0,3,1,0,2",clearinghouse,1,1
"1,2,0,3,1,0,2",public_pool,1,0
"1,2,0,3,1,0,2",subsidized_catch_up,1,0
"1,2,0,3,1,0,2",central_cap2,1,0
"1,2,0,3,1,0,2",equity_cap2,1,0
"1,2,0,3,1,0,2",central_full,1,0
"3,2,1,1,0,2,3",bilateral_3pass,5,5
"3,2,1,1,0,2,3",clearinghouse,5,0
"3,2,1,1,0,2,3",public_pool,5,0
"3,2,1,1,0,2,3",subsidized_catch_up,5,0
"3,2,1,1,0,2,3",central_cap2,5,0
"3,2,1,1,0,2,3",equity_cap2,5,0
"3,2,1,1,0,2,3",central_full,5,0
"2,2,2,1,2,2,5",bilateral_3pass,6,0
"2,2,2,1,2,2,5",clearinghouse,6,6
"2,2,2,1,2,2,5",public_pool,6,0
"2,2,2,1,2,2,5",subsidized_catch_up,6,0
"2,2,2,1,2,2,5",central_cap2,6,0
"2,2,2,1,2,2,5",equity_cap2,6,0
"2,2,2,1,2,2,5",central_full,6,0
"2,3,0,0,2,2,0",bilateral_3pass,1,0
"2,3,0,0,2,2,0",clearinghouse,1,0
"2,3,0,0,2,2,0",public_pool,1,0
"2,3,0,0,2,2,0",subsidized_catch_up,1,0
"2,3,0,0,2,2,0",central_cap2,1,0
"2,3,0,0,2,2,0",equity_cap2,1,1
"2,3,0,0,2,2,0",central_full,1,0
"3,2,1,3,1,0,3",bilateral_3pass,6,1
"3,2,1,3,1,0,3",clearinghouse,6,5
"3,2,1,3,1,0,3",public_pool,6,0
"3,2,1,3,1,0,3",subsidized_catch_up,6,0
"3,2,1,3,1,0,3",central_cap2,6,0
"3,2,1,3,1,0,3",equity_cap2,6,0
"3,2,1,3,1,0,3",central_full,6,0
"1,2,0,2,0,2,0",bilateral_3pass,3,0
"1,2,0,2,0,2,0",clearinghouse,3,3
"1,2,0,2,0,2,0",public_pool,3,0
"1,2,0,2,0,2,0",subsidized_catch_up,3,0
"1,2,0,2,0,2,0",central_cap2,3,0
"1,2,0,2,0,2,0",equity_cap2,3,0
"1,2,0,2,0,2,0",central_full,3,0
"3,1,2,2,2,0,2",bilateral_3pass,3,3
"3,1,2,2,2,0,2",clearinghouse,3,0
"3,1,2,2,2,0,2",public_pool,3,0
"3,1,2,2,2,0,2",subsidized_catch_up,3,0
"3,1,2,2,2,0,2",central_cap2,3,0
"3,1,2,2,2,0,2",equity_cap2,3,0
"3,1,2,2,2,0,2",central_full,3,0
"1,2,2,2,1,0,1",bilateral_3pass,9,0
"1,2,2,2,1,0,1",clearinghouse,9,0
"1,2,2,2,1,0,1",public_pool,9,0
"1,2,2,2,1,0,1",subsidized_catch_up,9,9
"1,2,2,2,1,0,1",central_cap2,9,0
"1,2,2,2,1,0,1",equity_cap2,9,0
"1,2,2,2,1,0,1",central_full,9,0
"3,1,0,3,1,0,6",bilateral_3pass,1,1
"3,1,0,3,1,0,6",clearinghouse,1,0
"3,1,0,3,1,0,6",public_pool,1,0
"3,1,0,3,1,0,6",subsidized_catch_up,1,0
"3,1,0,3,1,0,6",central_cap2,1,0
"3,1,0,3,1,0,6",equity_cap2,1,0
"3,1,0,3,1,0,6",central_full,1,0
"2,1,0,3,2,1,6",bilateral_3pass,1,1
"2,1,0,3,2,1,6",clearinghouse,1,0
"2,1,0,3,2,1,6",public_pool,1,0
"2,1,0,3,2,1,6",subsidized_catch_up,1,0
"2,1,0,3,2,1,6",central_cap2,1,0
"2,1,0,3,2,1,6",equity_cap2,1,0
"2,1,0,3,2,1,6",central_full,1,0
"1,1,2,3,0,2,6",bilateral_3pass,1,1
"1,1,2,3,0,2,6",clearinghouse,1,0
"1,1,2,3,0,2,6",public_pool,1,0
"1,1,2,3,0,2,6",subsidized_catch_up,1,0
"1,1,2,3,0,2,6",central_cap2,1,0
"1,1,2,3,0,2,6",equity_cap2,1,0
"1,1,2,3,0,2,6",central_full,1,0
"3,2,2,3,0,0,3",bilateral_3pass,2,0
"3,2,2,3,0,0,3",clearinghouse,2,2
"3,2,2,3,0,0,3",public_pool,2,0
"3,2,2,3,0,0,3",subsidized_catch_up,2,0
"3,2,2,3,0,0,3",central_cap2,2,0
"3,2,2,3,0,0,3",equity_cap2,2,0
"3,2,2,3,0,0,3",central_full,2,0
"3,3,2,3,0,1,0",bilateral_3pass,1,0
"3,3,2,3,0,1,0",clearinghouse,1,0
"3,3,2,3,0,1,0",public_pool,1,1
"3,3,2,3,0,1,0",subsidized_catch_up,1,0
"3,3,2,3,0,1,0",central_cap2,1,0
"3,3,2,3,0,1,0",equity_cap2,1,0
"3,3,2,3,0,1,0",central_full,1,0
"3,2,0,3,0,2,2",bilateral_3pass,2,2
"3,2,0,3,0,2,2",clearinghouse,2,0
"3,2,0,3,0,2,2",public_pool,2,0
"3,2,0,3,0,2,2",subsidized_catch_up,2,0
"3,2,0,3,0,2,2",central_cap2,2,0
"3,2,0,3,0,2,2",equity_cap2,2,0
"3,2,0,3,0,2,2",central_full,2,0
"0,1,0,0,0,0,1",bilateral_3pass,7,7
"0,1,0,0,0,0,1",clearinghouse,7,0
"0,1,0,0,0,0,1",public_pool,7,0
"0,1,0,0,0,0,1",subsidized_catch_up,7,0
"0,1,0,0,0,0,1",central_cap2,7,0
"0,1,0,0,0,0,1",equity_cap2,7,0
"0,1,0,0,0,0,1",central_full,7,0
"2,1,0,3,0,0,5",bilateral_3pass,1,1
"2,1,0,3,0,0,5",clearinghouse,1,0
"2,1,0,3,0,0,5",public_pool,1,0
"2,1,0,3,0,0,5",subsidized_catch_up,1,0
"2,1,0,3,0,0,5",central_cap2,1,0
"2,1,0,3,0,0,5",equity_cap2,1,0
"2,1,0,3,0,0,5",central_full,1,0
"2,1,1,2,0,1,6",bilateral_3pass,4,4
"2,1,1,2,0,1,6",clearinghouse,4,0
"2,1,1,2,0,1,6",public_pool,4,0
"2,1,1,2,0,1,6",subsidized_catch_up,4,0
"2,1,1,2,0,1,6",central_cap2,4,0
"2,1,1,2,0,1,6",equity_cap2,4,0
"2,1,1,2,0,1,6",central_full,4,0
"3,2,0,1,2,2,6",bilateral_3pass,2,0
"3,2,0,1,2,2,6",clearinghouse,2,2
"3,2,0,1,2,2,6",public_pool,2,0
"3,2,0,1,2,2,6",subsidized_catch_up,2,0
"3,2,0,1,2,2,6",central_cap2,2,0
"3,2,0,1,2,2,6",equity_cap2,2,0
"3,2,0,1,2,2,6",central_full,2,0
"2,2,1,3,0,1,2",bilateral_3pass,6,4
"2,2,1,3,0,1,2",clearinghouse,6,0
"2,2,1,3,0,1,2",public_pool,6,1
"2,2,1,3,0,1,2",subsidized_catch_up,6,0
"2,2,1,3,0,1,2",central_cap2,6,0
"2,2,1,3,0,1,2",equity_cap2,6,1
"2,2,1,3,0,1,2",central_full,6,0
"2,2,2,2,2,1,4",bilateral_3pass,2,0
"2,2,2,2,2,1,4",clearinghouse,2,0
"2,2,2,2,2,1,4",public_pool,2,0
"2,2,2,2,2,1,4",subsidized_catch_up,2,2
"2,2,2,2,2,1,4",central_cap2,2,0
"2,2,2,2,2,1,4",equity_cap2,2,0
"2,2,2,2,2,1,4",central_full,2,0
"1,2,1,2,2,1,4",bilateral_3pass,1,0
"1,2,1,2,2,1,4",clearinghouse,1,0
"1,2,1,2,2,1,4",public_pool,1,0
"1,2,1,2,2,1,4",subsidized_catch_up,1,1
"1,2,1,2,2,1,4",central_cap2,1,0
"1,2,1,2,2,1,4",equity_cap2,1,0
"1,2,1,2,2,1,4",central_full,1,0
"2,2,0,1,2,1,3",bilateral_3pass,5,0
"2,2,0,1,2,1,3",clearinghouse,5,4
"2,2,0,1,2,1,3",public_pool,5,1
"2,2,0,1,2,1,3",subsidized_catch_up,5,0
"2,2,0,1,2,1,3",central_cap2,5,0
"2,2,0,1,2,1,3",equity_cap2,5,0
"2,2,0,1,2,1,3",central_full,5,0
"2,3,0,1,0,0,0",bilateral_3pass,2,0
"2,3,0,1,0,0,0",clearinghouse,2,0
"2,3,0,1,0,0,0",public_pool,2,0
"2,3,0,1,0,0,0",subsidized_catch_up,2,0
"2,3,0,1,0,0,0",central_cap2,2,0
"2,3,0,1,0,0,0",equity_cap2,2,2
"2,3,0,1,0,0,0",central_full,2,0
"3,2,1,2,0,1,2",bilateral_3pass,1,0
"3,2,1,2,0,1,2",clearinghouse,1,0
"3,2,1,2,0,1,2",public_pool,1,0
"3,2,1,2,0,1,2",subsidized_catch_up,1,0
"3,2,1,2,0,1,2",central_cap2,1,1
"3,2,1,2,0,1,2",equity_cap2,1,0
"3,2,1,2,0,1,2",central_full,1,0
"3,1,2,2,0,1,4",bilateral_3pass,1,1
"3,1,2,2,0,1,4",clearinghouse,1,0
"3,1,2,2,0,1,4",public_pool,1,0
"3,1,2,2,0,1,4",subsidized_catch_up,1,0
"3,1,2,2,0,1,4",central_cap2,1,0
"3,1,2,2,0,1,4",equity_cap2,1,0
"3,1,2,2,0,1,4",central_full,1,0
"3,2,1,2,1,1,6",bilateral_3pass,1,0
"3,2,1,2,1,1,6",clearinghouse,1,0
"3,2,1,2,1,1,6",public_pool,1,0
"3,2,1,2,1,1,6",subsidized_catch_up,1,1
"3,2,1,2,1,1,6",central_cap2,1,0
"3,2,1,2,1,1,6",equity_cap2,1,0
"3,2,1,2,1,1,6",central_full,1,0
"2,1,1,2,2,0,6",bilateral_3pass,2,2
"2,1,1,2,2,0,6",clearinghouse,2,0
"2,1,1,2,2,0,6",public_pool,2,0
"2,1,1,2,2,0,6",subsidized_catch_up,2,0
"2,1,1,2,2,0,6",central_cap2,2,0
"2,1,1,2,2,0,6",equity_cap2,2,0
"2,1,1,2,2,0,6",central_full,2,0
"2,3,2,3,1,2,3",bilateral_3pass,2,0
"2,3,2,3,1,2,3",clearinghouse,2,0
"2,3,2,3,1,2,3",public_pool,2,0
"2,3,2,3,1,2,3",subsidized_catch_up,2,0
"2,3,2,3,1,2,3",central_cap2,2,0
"2,3,2,3,1,2,3",equity_cap2,2,0
"2,3,2,3,1,2,3",central_full,2,2
"3,1,0,1,2,2,6",bilateral_3pass,7,7
"3,1,0,1,2,2,6",clearinghouse,7,0
"3,1,0,1,2,2,6",public_pool,7,0
"3,1,0,1,2,2,6",subsidized_catch_up,7,0
"3,1,0,1,2,2,6",central_cap2,7,0
"3,1,0,1,2,2,6",equity_cap2,7,0
"3,1,0,1,2,2,6",central_full,7,0
"2,1,2,2,0,0,2",bilateral_3pass,1,1
"2,1,2,2,0,0,2",clearinghouse,1,0
"2,1,2,2,0,0,2",public_pool,1,0
"2,1,2,2,0,0,2",subsidized_catch_up,1,0
"2,1,2,2,0,0,2",central_cap2,1,0
"2,1,2,2,0,0,2",equity_cap2,1,0
"2,1,2,2,0,0,2",central_full,1,0
"2,1,2,2,0,2,6",bilateral_3pass,3,3
"2,1,2,2,0,2,6",clearinghouse,3,0
"2,1,2,2,0,2,6",public_pool,3,0
"2,1,2,2,0,2,6",subsidized_catch_up,3,0
"2,1,2,2,0,2,6",central_cap2,3,0
"2,1,2,2,0,2,6",equity_cap2,3,0
"2,1,2,2,0,2,6",central_full,3,0
"3,2,0,1,0,2,1",bilateral_3pass,1,1
"3,2,0,1,0,2,1",clearinghouse,1,0
"3,2,0,1,0,2,1",public_pool,1,0
"3,2,0,1,0,2,1",subsidized_catch_up,1,0
"3,2,0,1,0,2,1",central_cap2,1,0
"3,2,0,1,0,2,1",equity_cap2,1,0
"3,2,0,1,0,2,1",central_full,1,0
"3,3,1,3,2,1,1",bilateral_3pass,4,0
"3,3,1,3,2,1,1",clearinghouse,4,0
"3,3,1,3,2,1,1",public_pool,4,3
"3,3,1,3,2,1,1",subsidized_catch_up,4,1
"3,3,1,3,2,1,1",central_cap2,4,0
"3,3,1,3,2,1,1",equity_cap2,4,0
"3,3,1,3,2,1,1",central_full,4,0
"1,2,1,2,2,2,4",bilateral_3pass,1,1
"1,2,1,2,2,2,4",clearinghouse,1,0
"1,2,1,2,2,2,4",public_pool,1,0
"1,2,1,2,2,2,4",subsidized_catch_up,1,0
"1,2,1,2,2,2,4",central_cap2,1,0
"1,2,1,2,2,2,4",equity_cap2,1,0
"1,2,1,2,2,2,4",central_full,1,0
"3,1,2,2,1,2,6",bilateral_3pass,3,3
"3,1,2,2,1,2,6",clearinghouse,3,0
"3,1,2,2,1,2,6",public_pool,3,0
"3,1,2,2,1,2,6",subsidized_catch_up,3,0
"3,1,2,2,1,2,6",central_cap2,3,0
"3,1,2,2,1,2,6",equity_cap2,3,0
"3,1,2,2,1,2,6",central_full,3,0
"1,1,2,2,2,2,0",bilateral_3pass,2,2
"1,1,2,2,2,2,0",clearinghouse,2,0
"1,1,2,2,2,2,0",public_pool,2,0
"1,1,2,2,2,2,0",subsidized_catch_up,2,0
"1,1,2,2,2,2,0",central_cap2,2,0
"1,1,2,2,2,2,0",equity_cap2,2,0
"1,1,2,2,2,2,0",central_full,2,0
"1,2,1,2,0,2,4",bilateral_3pass,1,0
"1,2,1,2,0,2,4",clearinghouse,1,0
"1,2,1,2,0,2,4",public_pool,1,0
"1,2,1,2,0,2,4",subsidized_catch_up,1,1
"1,2,1,2,0,2,4",central_cap2,1,0
"1,2,1,2,0,2,4",equity_cap2,1,0
"1,2,1,2,0,2,4",central_full,1,0
"2,2,0,2,2,1,3",bilateral_3pass,5,0
"2,2,0,2,2,1,3",clearinghouse,5,4
"2,2,0,2,2,1,3",public_pool,5,1
"2,2,0,2,2,1,3",subsidized_catch_up,5,0
"2,2,0,2,2,1,3",central_cap2,5,0
"2,2,0,2,2,1,3",equity_cap2,5,0
"2,2,0,2,2,1,3",central_full,5,0
"2,2,1,1,2,2,6",bilateral_3pass,1,0
"2,2,1,1,2,2,6",clearinghouse,1,0
"2,2,1,1,2,2,6",public_pool,1,0
"2,2,1,1,2,2,6",subsidized_catch_up,1,1
"2,2,1,1,2,2,6",central_cap2,1,0
"2,2,1,1,2,2,6",equity_cap2,1,0
"2,2,1,1,2,2,6",central_full,1,0
"1,1,1,1,1,2,6",bilateral_3pass,4,4
"1,1,1,1,1,2,6",clearinghouse,4,0
"1,1,1,1,1,2,6",public_pool,4,0
"1,1,1,1,1,2,6",subsidized_catch_up,4,0
"1,1,1,1,1,2,6",central_cap2,4,0
"1,1,1,1,1,2,6",equity_cap2,4,0
"1,1,1,1,1,2,6",central_full,4,0
"2,2,2,1,2,1,5",bilateral_3pass,4,0
"2,2,2,1,2,1,5",clearinghouse,4,0
"2,2,2,1,2,1,5",public_pool,4,3
"2,2,2,1,2,1,5",subsidized_catch_up,4,0
"2,2,2,1,2,1,5",central_cap2,4,0
"2,2,2,1,2,1,5",equity_cap2,4,1
"2,2,2,1,2,1,5",central_full,4,0
"1,2,2,3,2,0,1",bilateral_3pass,1,0
"1,2,2,3,2,0,1",clearinghouse,1,0
"1,2,2,3,2,0,1",public_pool,1,0
"1,2,2,3,2,0,1",subsidized_catch_up,1,1
"1,2,2,3,2,0,1",central_cap2,1,0
"1,2,2,3,2,0,1",equity_cap2,1,0
"1,2,2,3,2,0,1",central_full,1,0
"3,3,1,3,2,1,3",bilateral_3pass,6,0
"3,3,1,3,2,1,3",clearinghouse,6,0
"3,3,1,3,2,1,3",public_pool,6,0
"3,3,1,3,2,1,3",subsidized_catch_up,6,0
"3,3,1,3,2,1,3",central_cap2,6,6
"3,3,1,3,2,1,3",equity_cap2,6,0
"3,3,1,3,2,1,3",central_full,6,0
"2,3,1,3,2,0,0",bilateral_3pass,9,9
"2,3,1,3,2,0,0",clearinghouse,9,0
"2,3,1,3,2,0,0",public_pool,9,0
"2,3,1,3,2,0,0",subsidized_catch_up,9,0
"2,3,1,3,2,0,0",central_cap2,9,0
"2,3,1,3,2,0,0",equity_cap2,9,0
"2,3,1,3,2,0,0",central_full,9,0
"3,3,1,1,0,1,0",bilateral_3pass,5,4
"3,3,1,1,0,1,0",clearinghouse,5,1
"3,3,1,1,0,1,0",public_pool,5,0
"3,3,1,1,0,1,0",subsidized_catch_up,5,0
"3,3,1,1,0,1,0",central_cap2,5,0
"3,3,1,1,0,1,0",equity_cap2,5,0
"3,3,1,1,0,1,0",central_full,5,0
"1,3,1,3,2,0,0",bilateral_3pass,1,0
"1,3,1,3,2,0,0",clearinghouse,1,0
"1,3,1,3,2,0,0",public_pool,1,1
"1,3,1,3,2,0,0",subsidized_catch_up,1,0
"1,3,1,3,2,0,0",central_cap2,1,0
"1,3,1,3,2,0,0",equity_cap2,1,0
"1,3,1,3,2,0,0",central_full,1,0
"2,2,0,1,0,1,3",bilateral_3pass,2,0
"2,2,0,1,0,1,3",clearinghouse,2,0
"2,2,0,1,0,1,3",public_pool,2,0
"2,2,0,1,0,1,3",subsidized_catch_up,2,1
"2,2,0,1,0,1,3",central_cap2,2,1
"2,2,0,1,0,1,3",equity_cap2,2,0
"2,2,0,1,0,1,3",central_full,2,0
"1,2,0,1,0,2,4",bilateral_3pass,1,0
"1,2,0,1,0,2,4",clearinghouse,1,0
"1,2,0,1,0,2,4",public_pool,1,0
"1,2,0,1,0,2,4",subsidized_catch_up,1,0
"1,2,0,1,0,2,4",central_cap2,1,1
"1,2,0,1,0,2,4",equity_cap2,1,0
"1,2,0,1,0,2,4",central_full,1,0
"1,3,0,0,1,1,0",bilateral_3pass,1,1
"1,3,0,0,1,1,0",clearinghouse,1,0
"1,3,0,0,1,1,0",public_pool,1,0
"1,3,0,0,1,1,0",subsidized_catch_up,1,0
"1,3,0,0,1,1,0",central_cap2,1,0
"1,3,0,0,1,1,0",equity_cap2,1,0
"1,3,0,0,1,1,0",central_full,1,0
"2,2,2,2,1,1,6",bilateral_3pass,1,0
"2,2,2,2,1,1,6",clearinghouse,1,0
"2,2,2,2,1,1,6",public_pool,1,0
"2,2,2,2,1,1,6",subsidized_catch_up,1,1
"2,2,2,2,1,1,6",central_cap2,1,0
"2,2,2,2,1,1,6",equity_cap2,1,0
"2,2,2,2,1,1,6",central_full,1,0
"1,2,1,2,0,0,4",bilateral_3pass,1,0
"1,2,1,2,0,0,4",clearinghouse,1,1
"1,2,1,2,0,0,4",public_pool,1,0
"1,2,1,2,0,0,4",subsidized_catch_up,1,0
"1,2,1,2,0,0,4",central_cap2,1,0
"1,2,1,2,0,0,4",equity_cap2,1,0
"1,2,1,2,0,0,4",central_full,1,0
"1,1,0,2,0,1,6",bilateral_3pass,2,2
"1,1,0,2,0,1,6",clearinghouse,2,0
"1,1,0,2,0,1,6",public_pool,2,0
"1,1,0,2,0,1,6",subsidized_catch_up,2,0
"1,1,0,2,0,1,6",central_cap2,2,0
"1,1,0,2,0,1,6",equity_cap2,2,0
"1,1,0,2,0,1,6",central_full,2,0
"3,2,0,0,2,2,4",bilateral_3pass,2,2
"3,2,0,0,2,2,4",clearinghouse,2,0
"3,2,0,0,2,2,4",public_pool,2,0
"3,2,0,0,2,2,4",subsidized_catch_up,2,0
"3,2,0,0,2,2,4",central_cap2,2,0
"3,2,0,0,2,2,4",equity_cap2,2,0
"3,2,0,0,2,2,4",central_full,2,0
"1,1,1,2,2,1,2",bilateral_3pass,1,1
"1,1,1,2,2,1,2",clearinghouse,1,0
"1,1,1,2,2,1,2",public_pool,1,0
"1,1,1,2,2,1,2",subsidized_catch_up,1,0
"1,1,1,2,2,1,2",central_cap2,1,0
"1,1,1,2,2,1,2",equity_cap2,1,0
"1,1,1,2,2,1,2",central_full,1,0
"3,2,0,0,2,1,1",bilateral_3pass,1,0
"3,2,0,0,2,1,1",clearinghouse,1,1
"3,2,0,0,2,1,1",public_pool,1,0
"3,2,0,0,2,1,1",subsidized_catch_up,1,0
"3,2,0,0,2,1,1",central_cap2,1,0
"3,2,0,0,2,1,1",equity_cap2,1,0
"3,2,0,0,2,1,1",central_full,1,0
"1,2,1,2,2,0,3",bilateral_3pass,2,0
"1,2,1,2,2,0,3",clearinghouse,2,2
"1,2,1,2,2,0,3",public_pool,2,0
"1,2,1,2,2,0,3",subsidized_catch_up,2,0
"1,2,1,2,2,0,3",central_cap2,2,0
"1,2,1,2,2,0,3",equity_cap2,2,0
"1,2,1,2,2,0,3",central_full,2,0
"2,1,0,2,0,0,1",bilateral_3pass,1,1
"2,1,0,2,0,0,1",clearinghouse,1,0
"2,1,0,2,0,0,1",public_pool,1,0
"2,1,0,2,0,0,1",subsidized_catch_up,1,0
"2,1,0,2,0,0,1",central_cap2,1,0
"2,1,0,2,0,0,1",equity_cap2,1,0
"2,1,0,2,0,0,1",central_full,1,0
"3,2,0,1,1,1,3",bilateral_3pass,5,0
"3,2,0,1,1,1,3",clearinghouse,5,5
"3,2,0,1,1,1,3",public_pool,5,0
"3,2,0,1,1,1,3",subsidized_catch_up,5,0
"3,2,0,1,1,1,3",central_cap2,5,0
"3,2,0,1,1,1,3",equity_cap2,5,0
"3,2,0,1,1,1,3",central_full,5,0
"2,2,0,2,2,2,1",bilateral_3pass,1,0
"2,2,0,2,2,2,1",clearinghouse,1,1
"2,2,0,2,2,2,1",public_pool,1,0
"2,2,0,2,2,2,1",subsidized_catch_up,1,0
"2,2,0,2,2,2,1",central_cap2,1,0
"2,2,0,2,2,2,1",equity_cap2,1,0
"2,2,0,2,2,2,1",central_full,1,0
"3,2,1,3,0,1,2",bilateral_3pass,3,3
"3,2,1,3,0,1,2",clearinghouse,3,0
"3,2,1,3,0,1,2",public_pool,3,0
"3,2,1,3,0,1,2",subsidized_catch_up,3,0
"3,2,1,3,0,1,2",central_cap2,3,0
"3,2,1,3,0,1,2",equity_cap2,3,0
"3,2,1,3,0,1,2",central_full,3,0
"3,3,1,1,1,0,0",bilateral_3pass,4,0
"3,3,1,1,1,0,0",clearinghouse,4,0
"3,3,1,1,1,0,0",public_pool,4,0
"3,3,1,1,1,0,0",subsidized_catch_up,4,0
"3,3,1,1,1,0,0",central_cap2,4,4
"3,3,1,1,1,0,0",equity_cap2,4,0
"3,3,1,1,1,0,0",central_full,4,0
"3,2,1,2,1,0,4",bilateral_3pass,2,2
"3,2,1,2,1,0,4",clearinghouse,2,0
"3,2,1,2,1,0,4",public_pool,2,0
"3,2,1,2,1,0,4",subsidized_catch_up,2,0
"3,2,1,2,1,0,4",central_cap2,2,0
"3,2,1,2,1,0,4",equity_cap2,2,0
"3,2,1,2,1,0,4",central_full,2,0
"3,2,1,2,0,1,3",bilateral_3pass,3,0
"3,2,1,2,0,1,3",clearinghouse,3,3
"3,2,1,2,0,1,3",public_pool,3,0
"3,2,1,2,0,1,3",subsidized_catch_up,3,0
"3,2,1,2,0,1,3",central_cap2,3,0
"3,2,1,2,0,1,3",equity_cap2,3,0
"3,2,1,2,0,1,3",central_full,3,0
"3,3,0,2,2,0,0",bilateral_3pass,1,0
"3,3,0,2,2,0,0",clearinghouse,1,0
"3,3,0,2,2,0,0",public_pool,1,0
"3,3,0,2,2,0,0",subsidized_catch_up,1,0
"3,3,0,2,2,0,0",central_cap2,1,1
"3,3,0,2,2,0,0",equity_cap2,1,0
"3,3,0,2,2,0,0",central_full,1,0
"2,2,0,1,1,0,3",bilateral_3pass,4,0
"2,2,0,1,1,0,3",clearinghouse,4,4
"2,2,0,1,1,0,3",public_pool,4,0
"2,2,0,1,1,0,3",subsidized_catch_up,4,0
"2,2,0,1,1,0,3",central_cap2,4,0
"2,2,0,1,1,0,3",equity_cap2,4,0
"2,2,0,1,1,0,3",central_full,4,0
"2,2,1,3,0,1,5",bilateral_3pass,2,0
"2,2,1,3,0,1,5",clearinghouse,2,0
"2,2,1,3,0,1,5",public_pool,2,0
"2,2,1,3,0,1,5",subsidized_catch_up,2,2
"2,2,1,3,0,1,5",central_cap2,2,0
"2,2,1,3,0,1,5",equity_cap2,2,0
"2,2,1,3,0,1,5",central_full,2,0
"1,2,1,2,1,2,2",bilateral_3pass,1,0
"1,2,1,2,1,2,2",clearinghouse,1,0
"1,2,1,2,1,2,2",public_pool,1,1
"1,2,1,2,1,2,2",subsidized_catch_up,1,0
"1,2,1,2,1,2,2",central_cap2,1,0
"1,2,1,2,1,2,2",equity_cap2,1,0
"1,2,1,2,1,2,2",central_full,1,0
"2,2,0,1,2,1,4",bilateral_3pass,2,0
"2,2,0,1,2,1,4",clearinghouse,2,0
"2,2,0,1,2,1,4",public_pool,2,0
"2,2,0,1,2,1,4",subsidized_catch_up,2,0
"2,2,0,1,2,1,4",central_cap2,2,2
"2,2,0,1,2,1,4",equity_cap2,2,0
"2,2,0,1,2,1,4",central_full,2,0
"1,2,2,2,2,1,1",bilateral_3pass,1,0
"1,2,2,2,2,1,1",clearinghouse,1,1
"1,2,2,2,2,1,1",public_pool,1,0
"1,2,2,2,2,1,1",subsidized_catch_up,1,0
"1,2,2,2,2,1,1",central_cap2,1,0
"1,2,2,2,2,1,1",equity_cap2,1,0
"1,2,2,2,2,1,1",central_full,1,0
"1,1,0,2,1,1,6",bilateral_3pass,2,2
"1,1,0,2,1,1,6",clearinghouse,2,0
"1,1,0,2,1,1,6",public_pool,2,0
"1,1,0,2,1,1,6",subsidized_catch_up,2,0
"1,1,0,2,1,1,6",central_cap2,2,0
"1,1,0,2,1,1,6",equity_cap2,2,0
"1,1,0,2,1,1,6",central_full,2,0
"3,2,0,3,2,0,5",bilateral_3pass,1,0
"3,2,0,3,2,0,5",clearinghouse,1,0
"3,2,0,3,2,0,5",public_pool,1,0
"3,2,0,3,2,0,5",subsidized_catch_up,1,0
"3,2,0,3,2,0,5",central_cap2,1,0
"3,2,0,3,2,0,5",equity_cap2,1,1
"3,2,0,3,2,0,5",central_full,1,0
"1,2,1,2,1,1,5",bilateral_3pass,5,0
"1,2,1,2,1,1,5",clearinghouse,5,0
"1,2,1,2,1,1,5",public_pool,5,0
"1,2,1,2,1,1,5",subsidized_catch_up,5,0
"1,2,1,2,1,1,5",central_cap2,5,0
"1,2,1,2,1,1,5",equity_cap2,5,5
"1,2,1,2,1,1,5",central_full,5,0
"1,2,1,3,0,2,5",bilateral_3pass,3,0
"1,2,1,3,0,2,5",clearinghouse,3,0
"1,2,1,3,0,2,5",public_pool,3,0
"1,2,1,3,0,2,5",subsidized_catch_up,3,0
"1,2,1,3,0,2,5",central_cap2,3,0
"1,2,1,3,0,2,5",equity_cap2,3,3
"1,2,1,3,0,2,5",central_full,3,0
"3,1,2,2,1,0,2",bilateral_3pass,1,1
"3,1,2,2,1,0,2",clearinghouse,1,0
"3,1,2,2,1,0,2",public_pool,1,0
"3,1,2,2,1,0,2",subsidized_catch_up,1,0
"3,1,2,2,1,0,2",central_cap2,1,0
"3,1,2,2,1,0,2",equity_cap2,1,0
"3,1,2,2,1,0,2",central_full,1,0
"3,1,1,1,0,1,6",bilateral_3pass,1,1
"3,1,1,1,0,1,6",clearinghouse,1,0
"3,1,1,1,0,1,6",public_pool,1,0
"3,1,1,1,0,1,6",subsidized_catch_up,1,0
"3,1,1,1,0,1,6",central_cap2,1,0
"3,1,1,1,0,1,6",equity_cap2,1,0
"3,1,1,1,0,1,6",central_full,1,0
"2,2,0,2,0,2,3",bilateral_3pass,3,3
"2,2,0,2,0,2,3",clearinghouse,3,0
"2,2,0,2,0,2,3",public_pool,3,0
"2,2,0,2,0,2,3",subsidized_catch_up,3,0
"2,2,0,2,0,2,3",central_cap2,3,0
"2,2,0,2,0,2,3",equity_cap2,3,0
"2,2,0,2,0,2,3",central_full,3,0
"3,2,1,2,1,2,4",bilateral_3pass,2,0
"3,2,1,2,1,2,4",clearinghouse,2,0
"3,2,1,2,1,2,4",public_pool,2,0
"3,2,1,2,1,2,4",subsidized_catch_up,2,0
"3,2,1,2,1,2,4",central_cap2,2,2
"3,2,1,2,1,2,4",equity_cap2,2,0
"3,2,1,2,1,2,4",central_full,2,0
"2,1,2,3,0,1,6",bilateral_3pass,2,2
"2,1,2,3,0,1,6",clearinghouse,2,0
"2,1,2,3,0,1,6",public_pool,2,0
"2,1,2,3,0,1,6",subsidized_catch_up,2,0
"2,1,2,3,0,1,6",central_cap2,2,0
"2,1,2,3,0,1,6",equity_cap2,2,0
"2,1,2,3,0,1,6",central_full,2,0
"3,2,1,3,0,1,4",bilateral_3pass,1,0
"3,2,1,3,0,1,4",clearinghouse,1,0
"3,2,1,3,0,1,4",public_pool,1,0
"3,2,1,3,0,1,4",subsidized_catch_up,1,1
"3,2,1,3,0,1,4",central_cap2,1,0
"3,2,1,3,0,1,4",equity_cap2,1,0
"3,2,1,3,0,1,4",central_full,1,0
"3,1,1,1,0,0,3",bilateral_3pass,1,1
"3,1,1,1,0,0,3",clearinghouse,1,0
"3,1,1,1,0,0,3",public_pool,1,0
"3,1,1,1,0,0,3",subsidized_catch_up,1,0
"3,1,1,1,0,0,3",central_cap2,1,0
"3,1,1,1,0,0,3",equity_cap2,1,0
"3,1,1,1,0,0,3",central_full,1,0
"2,2,0,3,1,1,2",bilateral_3pass,6,0
"2,2,0,3,1,1,2",clearinghouse,6,0
"2,2,0,3,1,1,2",public_pool,6,0
"2,2,0,3,1,1,2",subsidized_catch_up,6,6
"2,2,0,3,1,1,2",central_cap2,6,0
"2,2,0,3,1,1,2",equity_cap2,6,0
"2,2,0,3,1,1,2",central_full,6,0
"1,1,1,2,1,2,5",bilateral_3pass,1,1
"1,1,1,2,1,2,5",clearinghouse,1,0
"1,1,1,2,1,2,5",public_pool,1,0
"1,1,1,2,1,2,5",subsidized_catch_up,1,0
"1,1,1,2,1,2,5",central_cap2,1,0
"1,1,1,2,1,2,5",equity_cap2,1,0
"1,1,1,2,1,2,5",central_full,1,0
"2,1,2,1,0,2,6",bilateral_3pass,2,2
"2,1,2,1,0,2,6",clearinghouse,2,0
"2,1,2,1,0,2,6",public_pool,2,0
"2,1,2,1,0,2,6",subsidized_catch_up,2,0
"2,1,2,1,0,2,6",central_cap2,2,0
"2,1,2,1,0,2,6",equity_cap2,2,0
"2,1,2,1,0,2,6",central_full,2,0
"1,2,0,1,0,2,3",bilateral_3pass,1,1
"1,2,0,1,0,2,3",clearinghouse,1,0
"1,2,0,1,0,2,3",public_pool,1,0
"1,2,0,1,0,2,3",subsidized_catch_up,1,0
"1,2,0,1,0,2,3",central_cap2,1,0
"1,2,0,1,0,2,3",equity_cap2,1,0
"1,2,0,1,0,2,3",central_full,1,0
"3,3,0,0,2,2,0",bilateral_3pass,4,0
"3,3,0,0,2,2,0",clearinghouse,4,0
"3,3,0,0,2,2,0",public_pool,4,0
"3,3,0,0,2,2,0",subsidized_catch_up,4,4
"3,3,0,0,2,2,0",central_cap2,4,0
"3,3,0,0,2,2,0",equity_cap2,4,0
"3,3,0,0,2,2,0",central_full,4,0
"2,2,1,1,2,0,4",bilateral_3pass,3,3
"2,2,1,1,2,0,4",clearinghouse,3,0
"2,2,1,1,2,0,4",public_pool,3,0
"2,2,1,1,2,0,4",subsidized_catch_up,3,0
"2,2,1,1,2,0,4",central_cap2,3,0
"2,2,1,1,2,0,4",equity_cap2,3,0
"2,2,1,1,2,0,4",central_full,3,0
"3,2,2,1,2,1,5",bilateral_3pass,2,2
"3,2,2,1,2,1,5",clearinghouse,2,0
"3,2,2,1,2,1,5",public_pool,2,0
"3,2,2,1,2,1,5",subsidized_catch_up,2,0
"3,2,2,1,2,1,5",central_cap2,2,0
"3,2,2,1,2,1,5",equity_cap2,2,0
"3,2,2,1,2,1,5",central_full,2,0
"3,3,1,3,2,0,3",bilateral_3pass,2,0
"3,3,1,3,2,0,3",clearinghouse,2,0
"3,3,1,3,2,0,3",public_pool,2,0
"3,3,1,3,2,0,3",subsidized_catch_up,2,0
"3,3,1,3,2,0,3",central_cap2,2,0
"3,3,1,3,2,0,3",equity_cap2,2,2
"3,3,1,3,2,0,3",central_full,2,0
"1,1,1,1,1,1,6",bilateral_3pass,13,13
"1,1,1,1,1,1,6",clearinghouse,13,0
"1,1,1,1,1,1,6",public_pool,13,0
"1,1,1,1,1,1,6",subsidized_catch_up,13,0
"1,1,1,1,1,1,6",central_cap2,13,0
"1,1,1,1,1,1,6",equity_cap2,13,0
"1,1,1,1,1,1,6",central_full,13,0
"1,2,1,3,1,2,4",bilateral_3pass,4,0
"1,2,1,3,1,2,4",clearinghouse,4,0
"1,2,1,3,1,2,4",public_pool,4,0
"1,2,1,3,1,2,4",subsidized_catch_up,4,4
"1,2,1,3,1,2,4",central_cap2,4,0
"1,2,1,3,1,2,4",equity_cap2,4,0
"1,2,1,3,1,2,4",central_full,4,0
"1,2,0,3,1,0,5",bilateral_3pass,1,1
"1,2,0,3,1,0,5",clearinghouse,1,0
"1,2,0,3,1,0,5",public_pool,1,0
"1,2,0,3,1,0,5",subsidized_catch_up,1,0
"1,2,0,3,1,0,5",central_cap2,1,0
"1,2,0,3,1,0,5",equity_cap2,1,0
"1,2,0,3,1,0,5",central_full,1,0
"3,3,1,3,0,0,0",bilateral_3pass,1,1
"3,3,1,3,0,0,0",clearinghouse,1,0
"3,3,1,3,0,0,0",public_pool,1,0
"3,3,1,3,0,0,0",subsidized_catch_up,1,0
"3,3,1,3,0,0,0",central_cap2,1,0
"3,3,1,3,0,0,0",equity_cap2,1,0
"3,3,1,3,0,0,0",central_full,1,0
"3,2,2,2,2,2,5",bilateral_3pass,2,1
"3,2,2,2,2,2,5",clearinghouse,2,1
"3,2,2,2,2,2,5",public_pool,2,0
"3,2,2,2,2,2,5",subsidized_catch_up,2,0
"3,2,2,2,2,2,5",central_cap2,2,0
"3,2,2,2,2,2,5",equity_cap2,2,0
"3,2,2,2,2,2,5",central_full,2,0
"3,3,1,2,2,1,2",bilateral_3pass,2,0
"3,3,1,2,2,1,2",clearinghouse,2,0
"3,3,1,2,2,1,2",public_pool,2,2
"3,3,1,2,2,1,2",subsidized_catch_up,2,0
"3,3,1,2,2,1,2",central_cap2,2,0
"3,3,1,2,2,1,2",equity_cap2,2,0
"3,3,1,2,2,1,2",central_full,2,0
"2,1,0,2,1,2,6",bilateral_3pass,1,1
"2,1,0,2,1,2,6",clearinghouse,1,0
"2,1,0,2,1,2,6",public_pool,1,0
"2,1,0,2,1,2,6",subsidized_catch_up,1,0
"2,1,0,2,1,2,6",central_cap2,1,0
"2,1,0,2,1,2,6",equity_cap2,1,0
"2,1,0,2,1,2,6",central_full,1,0
"2,2,1,3,0,1,6",bilateral_3pass,1,0
"2,2,1,3,0,1,6",clearinghouse,1,0
"2,2,1,3,0,1,6",public_pool,1,0
"2,2,1,3,0,1,6",subsidized_catch_up,1,1
"2,2,1,3,0,1,6",central_cap2,1,0
"2,2,1,3,0,1,6",equity_cap2,1,0
"2,2,1,3,0,1,6",central_full,1,0
"1,2,2,2,1,2,4",bilateral_3pass,2,0
"1,2,2,2,1,2,4",clearinghouse,2,0
"1,2,2,2,1,2,4",public_pool,2,0
"1,2,2,2,1,2,4",subsidized_catch_up,2,2
"1,2,2,2,1,2,4",central_cap2,2,0
"1,2,2,2,1,2,4",equity_cap2,2,0
"1,2,2,2,1,2,4",central_full,2,0
"3,2,1,3,1,2,6",bilateral_3pass,2,2
"3,2,1,3,1,2,6",clearinghouse,2,0
"3,2,1,3,1,2,6",public_pool,2,0
"3,2,1,3,1,2,6",subsidized_catch_up,2,0
"3,2,1,3,1,2,6",central_cap2,2,0
"3,2,1,3,1,2,6",equity_cap2,2,0
"3,2,1,3,1,2,6",central_full,2,0
"1,2,1,2,0,0,5",bilateral_3pass,2,0
"1,2,1,2,0,0,5",clearinghouse,2,0
"1,2,1,2,0,0,5",public_pool,2,0
"1,2,1,2,0,0,5",subsidized_catch_up,2,2
"1,2,1,2,0,0,5",central_cap2,2,0
"1,2,1,2,0,0,5",equity_cap2,2,0
"1,2,1,2,0,0,5",central_full,2,0
"1,2,1,3,2,1,2",bilateral_3pass,1,0
"1,2,1,3,2,1,2",clearinghouse,1,1
"1,2,1,3,2,1,2",public_pool,1,0
"1,2,1,3,2,1,2",subsidized_catch_up,1,0
"1,2,1,3,2,1,2",central_cap2,1,0
"1,2,1,3,2,1,2",equity_cap2,1,0
"1,2,1,3,2,1,2",central_full,1,0
"1,2,0,2,1,1,1",bilateral_3pass,3,3
"1,2,0,2,1,1,1",clearinghouse,3,0
"1,2,0,2,1,1,1",public_pool,3,0
"1,2,0,2,1,1,1",subsidized_catch_up,3,0
"1,2,0,2,1,1,1",central_cap2,3,0
"1,2,0,2,1,1,1",equity_cap2,3,0
"1,2,0,2,1,1,1",central_full,3,0
"0,1,1,1,0,2,3",bilateral_3pass,1,0
"0,1,1,1,0,2,3",clearinghouse,1,0
"0,1,1,1,0,2,3",public_pool,1,0
"0,1,1,1,0,2,3",subsidized_catch_up,1,1
"0,1,1,1,0,2,3",central_cap2,1,0
"0,1,1,1,0,2,3",equity_cap2,1,0
"0,1,1,1,0,2,3",central_full,1,0
"2,3,1,2,1,1,2",bilateral_3pass,1,0
"2,3,1,2,1,1,2",clearinghouse,1,0
"2,3,1,2,1,1,2",public_pool,1,0
"2,3,1,2,1,1,2",subsidized_catch_up,1,0
"2,3,1,2,1,1,2",central_cap2,1,0
"2,3,1,2,1,1,2",equity_cap2,1,0
"2,3,1,2,1,1,2",central_full,1,1
"2,2,1,1,0,1,4",bilateral_3pass,3,0
"2,2,1,1,0,1,4",clearinghouse,3,0
"2,2,1,1,0,1,4",public_pool,3,0
"2,2,1,1,0,1,4",subsidized_catch_up,3,3
"2,2,1,1,0,1,4",central_cap2,3,0
"2,2,1,1,0,1,4",equity_cap2,3,0
"2,2,1,1,0,1,4",central_full,3,0
"3,2,2,1,2,1,4",bilateral_3pass,5,0
"3,2,2,1,2,1,4",clearinghouse,5,0
"3,2,2,1,2,1,4",public_pool,5,0
"3,2,2,1,2,1,4",subsidized_catch_up,5,5
"3,2,2,1,2,1,4",central_cap2,5,0
"3,2,2,1,2,1,4",equity_cap2,5,0
"3,2,2,1,2,1,4",central_full,5,0
"3,2,1,1,1,0,4",bilateral_3pass,1,1
"3,2,1,1,1,0,4",clearinghouse,1,0
"3,2,1,1,1,0,4",public_pool,1,0
"3,2,1,1,1,0,4",subsidized_catch_up,1,0
"3,2,1,1,1,0,4",central_cap2,1,0
"3,2,1,1,1,0,4",equity_cap2,1,0
"3,2,1,1,1,0,4",central_full,1,0
"3,2,1,3,1,0,2",bilateral_3pass,5,5
"3,2,1,3,1,0,2",clearinghouse,5,0
"3,2,1,3,1,0,2",public_pool,5,0
"3,2,1,3,1,0,2",subsidized_catch_up,5,0
"3,2,1,3,1,0,2",central_cap2,5,0
"3,2,1,3,1,0,2",equity_cap2,5,0
"3,2,1,3,1,0,2",central_full,5,0
"2,3,1,1,1,1,2",bilateral_3pass,2,2
"2,3,1,1,1,1,2",clearinghouse,2,0
"2,3,1,1,1,1,2",public_pool,2,0
"2,3,1,1,1,1,2",subsidized_catch_up,2,0
"2,3,1,1,1,1,2",central_cap2,2,0
"2,3,1,1,1,1,2",equity_cap2,2,0
"2,3,1,1,1,1,2",central_full,2,0
"3,1,0,0,2,1,6",bilateral_3pass,1,1
"3,1,0,0,2,1,6",clearinghouse,1,0
"3,1,0,0,2,1,6",public_pool,1,0
"3,1,0,0,2,1,6",subsidized_catch_up,1,0
"3,1,0,0,2,1,6",central_cap2,1,0
"3,1,0,0,2,1,6",equity_cap2,1,0
"3,1,0,0,2,1,6",central_full,1,0
"2,2,0,1,0,1,4",bilateral_3pass,1,0
"2,2,0,1,0,1,4",clearinghouse,1,1
"2,2,0,1,0,1,4",public_pool,1,0
"2,2,0,1,0,1,4",subsidized_catch_up,1,0
"2,2,0,1,0,1,4",central_cap2,1,0
"2,2,0,1,0,1,4",equity_cap2,1,0
"2,2,0,1,0,1,4",central_full,1,0
"1,2,0,3,1,1,5",bilateral_3pass,1,0
"1,2,0,3,1,1,5",clearinghouse,1,0
"1,2,0,3,1,1,5",public_pool,1,0
"1,2,0,3,1,1,5",subsidized_catch_up,1,0
"1,2,0,3,1,1,5",central_cap2,1,0
"1,2,0,3,1,1,5",equity_cap2,1,1
"1,2,0,3,1,1,5",central_full,1,0
"1,2,1,1,2,0,3",bilateral_3pass,1,0
"1,2,1,1,2,0,3",clearinghouse,1,1
"1,2,1,1,2,0,3",public_pool,1,0
"1,2,1,1,2,0,3",subsidized_catch_up,1,0
"1,2,1,1,2,0,3",central_cap2,1,0
"1,2,1,1,2,0,3",equity_cap2,1,0
"1,2,1,1,2,0,3",central_full,1,0
"0,2,0,0,0,1,0",bilateral_3pass,2,0
"0,2,0,0,0,1,0",clearinghouse,2,0
"0,2,0,0,0,1,0",public_pool,2,1
"0,2,0,0,0,1,0",subsidized_catch_up,2,1
"0,2,0,0,0,1,0",central_cap2,2,0
"0,2,0,0,0,1,0",equity_cap2,2,0
"0,2,0,0,0,1,0",central_full,2,0
"3,2,2,1,0,1,5",bilateral_3pass,1,0
"3,2,2,1,0,1,5",clearinghouse,1,0
"3,2,2,1,0,1,5",public_pool,1,0
"3,2,2,1,0,1,5",subsidized_catch_up,1,1
"3,2,2,1,0,1,5",central_cap2,1,0
"3,2,2,1,0,1,5",equity_cap2,1,0
"3,2,2,1,0,1,5",central_full,1,0
"2,1,0,0,2,1,0",bilateral_3pass,2,2
"2,1,0,0,2,1,0",clearinghouse,2,0
"2,1,0,0,2,1,0",public_pool,2,0
"2,1,0,0,2,1,0",subsidized_catch_up,2,0
"2,1,0,0,2,1,0",central_cap2,2,0
"2,1,0,0,2,1,0",equity_cap2,2,0
"2,1,0,0,2,1,0",central_full,2,0
"2,2,1,1,1,0,4",bilateral_3pass,6,6
"2,2,1,1,1,0,4",clearinghouse,6,0
"2,2,1,1,1,0,4",public_pool,6,0
"2,2,1,1,1,0,4",subsidized_catch_up,6,0
"2,2,1,1,1,0,4",central_cap2,6,0
"2,2,1,1,1,0,4",equity_cap2,6,0
"2,2,1,1,1,0,4",central_full,6,0
"3,1,1,2,2,0,6",bilateral_3pass,5,5
"3,1,1,2,2,0,6",clearinghouse,5,0
"3,1,1,2,2,0,6",public_pool,5,0
"3,1,1,2,2,0,6",subsidized_catch_up,5,0
"3,1,1,2,2,0,6",central_cap2,5,0
"3,1,1,2,2,0,6",equity_cap2,5,0
"3,1,1,2,2,0,6",central_full,5,0
"1,1,2,3,2,2,1",bilateral_3pass,2,2
"1,1,2,3,2,2,1",clearinghouse,2,0
"1,1,2,3,2,2,1",public_pool,2,0
"1,1,2,3,2,2,1",subsidized_catch_up,2,0
"1,1,2,3,2,2,1",central_cap2,2,0
"1,1,2,3,2,2,1",equity_cap2,2,0
"1,1,2,3,2,2,1",central_full,2,0
"2,3,2,1,1,1,3",bilateral_3pass,1,0
"2,3,2,1,1,1,3",clearinghouse,1,0
"2,3,2,1,1,1,3",public_pool,1,0
"2,3,2,1,1,1,3",subsidized_catch_up,1,1
"2,3,2,1,1,1,3",central_cap2,1,0
"2,3,2,1,1,1,3",equity_cap2,1,0
"2,3,2,1,1,1,3",central_full,1,0
"1,2,1,2,0,2,5",bilateral_3pass,2,0
"1,2,1,2,0,2,5",clearinghouse,2,0
"1,2,1,2,0,2,5",public_pool,2,0
"1,2,1,2,0,2,5",subsidized_catch_up,2,2
"1,2,1,2,0,2,5",central_cap2,2,0
"1,2,1,2,0,2,5",equity_cap2,2,0
"1,2,1,2,0,2,5",central_full,2,0
"3,2,1,1,1,2,5",bilateral_3pass,5,0
"3,2,1,1,1,2,5",clearinghouse,5,5
"3,2,1,1,1,2,5",public_pool,5,0
"3,2,1,1,1,2,5",subsidized_catch_up,5,0
"3,2,1,1,1,2,5",central_cap2,5,0
"3,2,1,1,1,2,5",equity_cap2,5,0
"3,2,1,1,1,2,5",central_full,5,0
"2,3,1,1,2,2,2",bilateral_3pass,2,0
"2,3,1,1,2,2,2",clearinghouse,2,0
"2,3,1,1,2,2,2",public_pool,2,0
"2,3,1,1,2,2,2",subsidized_catch_up,2,0
"2,3,1,1,2,2,2",central_cap2,2,0
"2,3,1,1,2,2,2",equity_cap2,2,2
"2,3,1,1,2,2,2",central_full,2,0
"2,2,1,2,2,1,5",bilateral_3pass,4,0
"2,2,1,2,2,1,5",clearinghouse,4,4
"2,2,1,2,2,1,5",public_pool,4,0
"2,2,1,2,2,1,5",subsidized_catch_up,4,0
"2,2,1,2,2,1,5",central_cap2,4,0
"2,2,1,2,2,1,5",equity_cap2,4,0
"2,2,1,2,2,1,5",central_full,4,0
"3,1,0,0,0,2,0",bilateral_3pass,1,1
"3,1,0,0,0,2,0",clearinghouse,1,0
"3,1,0,0,0,2,0",public_pool,1,0
"3,1,0,0,0,2,0",subsidized_catch_up,1,0
"3,1,0,0,0,2,0",central_cap2,1,0
"3,1,0,0,0,2,0",equity_cap2,1,0
"3,1,0,0,0,2,0",central_full,1,0
"1,2,2,1,0,0,5",bilateral_3pass,5,0
"1,2,2,1,0,0,5",clearinghouse,5,0
"1,2,2,1,0,0,5",public_pool,5,0
"1,2,2,1,0,0,5",subsidized_catch_up,5,5
"1,2,2,1,0,0,5",central_cap2,5,0
"1,2,2,1,0,0,5",equity_cap2,5,0
"1,2,2,1,0,0,5",central_full,5,0
"2,2,0,3,1,2,1",bilateral_3pass,4,0
"2,2,0,3,1,2,1",clearinghouse,4,4
"2,2,0,3,1,2,1",public_pool,4,0
"2,2,0,3,1,2,1",subsidized_catch_up,4,0
"2,2,0,3,1,2,1",central_cap2,4,0
"2,2,0,3,1,2,1",equity_cap2,4,0
"2,2,0,3,1,2,1",central_full,4,0
"2,3,2,3,0,0,0",bilateral_3pass,4,0
"2,3,2,3,0,0,0",clearinghouse,4,0
"2,3,2,3,0,0,0",public_pool,4,0
"2,3,2,3,0,0,0",subsidized_catch_up,4,0
"2,3,2,3,0,0,0",central_cap2,4,0
"2,3,2,3,0,0,0",equity_cap2,4,0
"2,3,2,3,0,0,0",central_full,4,4
"3,2,0,2,2,0,1",bilateral_3pass,2,2
"3,2,0,2,2,0,1",clearinghouse,2,0
"3,2,0,2,2,0,1",public_pool,2,0
"3,2,0,2,2,0,1",subsidized_catch_up,2,0
"3,2,0,2,2,0,1",central_cap2,2,0
"3,2,0,2,2,0,1",equity_cap2,2,0
"3,2,0,2,2,0,1",central_full,2,0
"0,2,0,3,1,0,0",bilateral_3pass,1,0
"0,2,0,3,1,0,0",clearinghouse,1,0
"0,2,0,3,1,0,0",public_pool,1,0
"0,2,0,3,1,0,0",subsidized_catch_up,1,1
"0,2,0,3,1,0,0",central_cap2,1,0
"0,2,0,3,1,0,0",equity_cap2,1,0
"0,2,0,3,1,0,0",central_full,1,0
"1,1,1,2,1,2,6",bilateral_3pass,1,1
"1,1,1,2,1,2,6",clearinghouse,1,0
"1,1,1,2,1,2,6",public_pool,1,0
"1,1,1,2,1,2,6",subsidized_catch_up,1,0
"1,1,1,2,1,2,6",central_cap2,1,0
"1,1,1,2,1,2,6",equity_cap2,1,0
"1,1,1,2,1,2,6",central_full,1,0
"3,1,2,1,1,2,6",bilateral_3pass,5,5
"3,1,2,1,1,2,6",clearinghouse,5,0
"3,1,2,1,1,2,6",public_pool,5,0
"3,1,2,1,1,2,6",subsidized_catch_up,5,0
"3,1,2,1,1,2,6",central_cap2,5,0
"3,1,2,1,1,2,6",equity_cap2,5,0
"3,1,2,1,1,2,6",central_full,5,0
"2,2,2,3,0,1,6",bilateral_3pass,1,1
"2,2,2,3,0,1,6",clearinghouse,1,0
"2,2,2,3,0,1,6",public_pool,1,0
"2,2,2,3,0,1,6",subsidized_catch_up,1,0
"2,2,2,3,0,1,6",central_cap2,1,0
"2,2,2,3,0,1,6",equity_cap2,1,0
"2,2,2,3,0,1,6",central_full,1,0
"1,2,0,3,1,0,3",bilateral_3pass,2,2
"1,2,0,3,1,0,3",clearinghouse,2,0
"1,2,0,3,1,0,3",public_pool,2,0
"1,2,0,3,1,0,3",subsidized_catch_up,2,0
"1,2,0,3,1,0,3",central_cap2,2,0
"1,2,0,3,1,0,3",equity_cap2,2,0
"1,2,0,3,1,0,3",central_full,2,0
"3,1,0,1,0,0,0",bilateral_3pass,1,1
"3,1,0,1,0,0,0",clearinghouse,1,0
"3,1,0,1,0,0,0",public_pool,1,0
"3,1,0,1,0,0,0",subsidized_catch_up,1,0
"3,1,0,1,0,0,0",central_cap2,1,0
"3,1,0,1,0,0,0",equity_cap2,1,0
"3,1,0,1,0,0,0",central_full,1,0
"3,2,1,1,0,1,1",bilateral_3pass,4,4
"3,2,1,1,0,1,1",clearinghouse,4,0
"3,2,1,1,0,1,1",public_pool,4,0
"3,2,1,1,0,1,1",subsidized_catch_up,4,0
"3,2,1,1,0,1,1",central_cap2,4,0
"3,2,1,1,0,1,1",equity_cap2,4,0
"3,2,1,1,0,1,1",central_full,4,0
"2,1,1,1,2,2,6",bilateral_3pass,3,3
"2,1,1,1,2,2,6",clearinghouse,3,0
"2,1,1,1,2,2,6",public_pool,3,0
"2,1,1,1,2,2,6",subsidized_catch_up,3,0
"2,1,1,1,2,2,6",central_cap2,3,0
"2,1,1,1,2,2,6",equity_cap2,3,0
"2,1,1,1,2,2,6",central_full,3,0
"3,1,2,3,0,1,6",bilateral_3pass,1,1
"3,1,2,3,0,1,6",clearinghouse,1,0
"3,1,2,3,0,1,6",public_pool,1,0
"3,1,2,3,0,1,6",subsidized_catch_up,1,0
"3,1,2,3,0,1,6",central_cap2,1,0
"3,1,2,3,0,1,6",equity_cap2,1,0
"3,1,2,3,0,1,6",central_full,1,0
"1,1,1,1,2,0,1",bilateral_3pass,1,1
"1,1,1,1,2,0,1",clearinghouse,1,0
"1,1,1,1,2,0,1",public_pool,1,0
"1,1,1,1,2,0,1",subsidized_catch_up,1,0
"1,1,1,1,2,0,1",central_cap2,1,0
"1,1,1,1,2,0,1",equity_cap2,1,0
"1,1,1,1,2,0,1",central_full,1,0
"2,1,1,1,0,2,6",bilateral_3pass,4,4
"2,1,1,1,0,2,6",clearinghouse,4,0
"2,1,1,1,0,2,6",public_pool,4,0
"2,1,1,1,0,2,6",subsidized_catch_up,4,0
"2,1,1,1,0,2,6",central_cap2,4,0
"2,1,1,1,0,2,6",equity_cap2,4,0
"2,1,1,1,0,2,6",central_full,4,0
"1,3,0,1,1,0,0",bilateral_3pass,1,0
"1,3,0,1,1,0,0",clearinghouse,1,0
"1,3,0,1,1,0,0",public_pool,1,0
"1,3,0,1,1,0,0",subsidized_catch_up,1,0
"1,3,0,1,1,0,0",central_cap2,1,1
"1,3,0,1,1,0,0",equity_cap2,1,0
"1,3,0,1,1,0,0",central_full,1,0
"1,2,1,1,1,0,4",bilateral_3pass,1,0
"1,2,1,1,1,0,4",clearinghouse,1,0
"1,2,1,1,1,0,4",public_pool,1,0
"1,2,1,1,1,0,4",subsidized_catch_up,1,0
"1,2,1,1,1,0,4",central_cap2,1,0
"1,2,1,1,1,0,4",equity_cap2,1,1
"1,2,1,1,1,0,4",central_full,1,0
"3,3,1,1,1,1,1",bilateral_3pass,1,0
"3,3,1,1,1,1,1",clearinghouse,1,0
"3,3,1,1,1,1,1",public_pool,1,1
"3,3,1,1,1,1,1",subsidized_catch_up,1,0
"3,3,1,1,1,1,1",central_cap2,1,0
"3,3,1,1,1,1,1",equity_cap2,1,0
"3,3,1,1,1,1,1",central_full,1,0
"2,2,2,1,0,1,4",bilateral_3pass,1,0
"2,2,2,1,0,1,4",clearinghouse,1,0
"2,2,2,1,0,1,4",public_pool,1,0
"2,2,2,1,0,1,4",subsidized_catch_up,1,0
"2,2,2,1,0,1,4",central_cap2,1,1
"2,2,2,1,0,1,4",equity_cap2,1,0
"2,2,2,1,0,1,4",central_full,1,0
"2,2,1,1,0,2,4",bilateral_3pass,1,0
"2,2,1,1,0,2,4",clearinghouse,1,0
"2,2,1,1,0,2,4",public_pool,1,0
"2,2,1,1,0,2,4",subsidized_catch_up,1,1
"2,2,1,1,0,2,4",central_cap2,1,0
"2,2,1,1,0,2,4",equity_cap2,1,0
"2,2,1,1,0,2,4",central_full,1,0
"3,2,1,3,1,1,4",bilateral_3pass,3,2
"3,2,1,3,1,1,4",clearinghouse,3,0
"3,2,1,3,1,1,4",public_pool,3,0
"3,2,1,3,1,1,4",subsidized_catch_up,3,1
"3,2,1,3,1,1,4",central_cap2,3,0
"3,2,1,3,1,1,4",equity_cap2,3,0
"3,2,1,3,1,1,4",central_full,3,0
"2,1,2,2,1,0,6",bilateral_3pass,6,6
"2,1,2,2,1,0,6",clearinghouse,6,0
"2,1,2,2,1,0,6",public_pool,6,0
"2,1,2,2,1,0,6",subsidized_catch_up,6,0
"2,1,2,2,1,0,6",central_cap2,6,0
"2,1,2,2,1,0,6",equity_cap2,6,0
"2,1,2,2,1,0,6",central_full,6,0
"2,1,0,3,0,2,6",bilateral_3pass,1,1
"2,1,0,3,0,2,6",clearinghouse,1,0
"2,1,0,3,0,2,6",public_pool,1,0
"2,1,0,3,0,2,6",subsidized_catch_up,1,0
"2,1,0,3,0,2,6",central_cap2,1,0
"2,1,0,3,0,2,6",equity_cap2,1,0
"2,1,0,3,0,2,6",central_full,1,0
"2,2,1,2,0,0,5",bilateral_3pass,1,0
"2,2,1,2,0,0,5",clearinghouse,1,1
"2,2,1,2,0,0,5",public_pool,1,0
"2,2,1,2,0,0,5",subsidized_catch_up,1,0
"2,2,1,2,0,0,5",central_cap2,1,0
"2,2,1,2,0,0,5",equity_cap2,1,0
"2,2,1,2,0,0,5",central_full,1,0
"3,1,2,3,1,0,2",bilateral_3pass,1,1
"3,1,2,3,1,0,2",clearinghouse,1,0
"3,1,2,3,1,0,2",public_pool,1,0
"3,1,2,3,1,0,2",subsidized_catch_up,1,0
"3,1,2,3,1,0,2",central_cap2,1,0
"3,1,2,3,1,0,2",equity_cap2,1,0
"3,1,2,3,1,0,2",central_full,1,0
"3,1,0,1,1,2,6",bilateral_3pass,2,2
"3,1,0,1,1,2,6",clearinghouse,2,0
"3,1,0,1,1,2,6",public_pool,2,0
"3,1,0,1,1,2,6",subsidized_catch_up,2,0
"3,1,0,1,1,2,6",central_cap2,2,0
"3,1,0,1,1,2,6",equity_cap2,2,0
"3,1,0,1,1,2,6",central_full,2,0
"1,2,1,1,1,2,5",bilateral_3pass,4,0
"1,2,1,1,1,2,5",clearinghouse,4,0
"1,2,1,1,1,2,5",public_pool,4,0
"1,2,1,1,1,2,5",subsidized_catch_up,4,0
"1,2,1,1,1,2,5",central_cap2,4,0
"1,2,1,1,1,2,5",equity_cap2,4,4
"1,2,1,1,1,2,5",central_full,4,0
"2,2,2,3,1,0,2",bilateral_3pass,6,0
"2,2,2,3,1,0,2",clearinghouse,6,0
"2,2,2,3,1,0,2",public_pool,6,0
"2,2,2,3,1,0,2",subsidized_catch_up,6,6
"2,2,2,3,1,0,2",central_cap2,6,0
"2,2,2,3,1,0,2",equity_cap2,6,0
"2,2,2,3,1,0,2",central_full,6,0
"0,3,0,0,0,0,5",bilateral_3pass,1,0
"0,3,0,0,0,0,5",clearinghouse,1,0
"0,3,0,0,0,0,5",public_pool,1,0
"0,3,0,0,0,0,5",subsidized_catch_up,1,0
"0,3,0,0,0,0,5",central_cap2,1,1
"0,3,0,0,0,0,5",equity_cap2,1,0
"0,3,0,0,0,0,5",central_full,1,0
"2,2,2,2,2,1,5",bilateral_3pass,3,0
"2,2,2,2,2,1,5",clearinghouse,3,0
"2,2,2,2,2,1,5",public_pool,3,0
"2,2,2,2,2,1,5",subsidized_catch_up,3,0
"2,2,2,2,2,1,5",central_cap2,3,0
"2,2,2,2,2,1,5",equity_cap2,3,3
"2,2,2,2,2,1,5",central_full,3,0
"3,3,2,3,2,1,1",bilateral_3pass,1,0
"3,3,2,3,2,1,1",clearinghouse,1,1
"3,3,2,3,2,1,1",public_pool,1,0
"3,3,2,3,2,1,1",subsidized_catch_up,1,0
"3,3,2,3,2,1,1",central_cap2,1,0
"3,3,2,3,2,1,1",equity_cap2,1,0
"3,3,2,3,2,1,1",central_full,1,0
"3,1,2,1,0,0,3",bilateral_3pass,3,3
"3,1,2,1,0,0,3",clearinghouse,3,0
"3,1,2,1,0,0,3",public_pool,3,0
"3,1,2,1,0,0,3",subsidized_catch_up,3,0
"3,1,2,1,0,0,3",central_cap2,3,0
"3,1,2,1,0,0,3",equity_cap2,3,0
"3,1,2,1,0,0,3",central_full,3,0
"3,2,0,3,1,2,5",bilateral_3pass,2,0
"3,2,0,3,1,2,5",clearinghouse,2,2
"3,2,0,3,1,2,5",public_pool,2,0
"3,2,0,3,1,2,5",subsidized_catch_up,2,0
"3,2,0,3,1,2,5",central_cap2,2,0
"3,2,0,3,1,2,5",equity_cap2,2,0
"3,2,0,3,1,2,5",central_full,2,0
"2,2,2,1,0,2,4",bilateral_3pass,3,0
"2,2,2,1,0,2,4",clearinghouse,3,0
"2,2,2,1,0,2,4",public_pool,3,0
"2,2,2,1,0,2,4",subsidized_catch_up,3,3
"2,2,2,1,0,2,4",central_cap2,3,0
"2,2,2,1,0,2,4",equity_cap2,3,0
"2,2,2,1,0,2,4",central_full,3,0
"3,1,0,2,1,1,6",bilateral_3pass,1,1
"3,1,0,2,1,1,6",clearinghouse,1,0
"3,1,0,2,1,1,6",public_pool,1,0
"3,1,0,2,1,1,6",subsidized_catch_up,1,0
"3,1,0,2,1,1,6",central_cap2,1,0
"3,1,0,2,1,1,6",equity_cap2,1,0
"3,1,0,2,1,1,6",central_full,1,0
"2,2,2,3,1,0,4",bilateral_3pass,4,0
"2,2,2,3,1,0,4",clearinghouse,4,0
"2,2,2,3,1,0,4",public_pool,4,0
"2,2,2,3,1,0,4",subsidized_catch_up,4,0
"2,2,2,3,1,0,4",central_cap2,4,4
"2,2,2,3,1,0,4",equity_cap2,4,0
"2,2,2,3,1,0,4",central_full,4,0
"2,1,0,3,0,2,2",bilateral_3pass,1,1
"2,1,0,3,0,2,2",clearinghouse,1,0
"2,1,0,3,0,2,2",public_pool,1,0
"2,1,0,3,0,2,2",subsidized_catch_up,1,0
"2,1,0,3,0,2,2",central_cap2,1,0
"2,1,0,3,0,2,2",equity_cap2,1,0
"2,1,0,3,0,2,2",central_full,1,0
"3,2,2,1,0,2,1",bilateral_3pass,3,0
"3,2,2,1,0,2,1",clearinghouse,3,3
"3,2,2,1,0,2,1",public_pool,3,0
"3,2,2,1,0,2,1",subsidized_catch_up,3,0
"3,2,2,1,0,2,1",central_cap2,3,0
"3,2,2,1,0,2,1",equity_cap2,3,0
"3,2,2,1,0,2,1",central_full,3,0
"2,2,0,3,1,0,4",bilateral_3pass,2,0
"2,2,0,3,1,0,4",clearinghouse,2,0
"2,2,0,3,1,0,4",public_pool,2,0
"2,2,0,3,1,0,4",subsidized_catch_up,2,0
"2,2,0,3,1,0,4",central_cap2,2,2
"2,2,0,3,1,0,4",equity_cap2,2,0
"2,2,0,3,1,0,4",central_full,2,0
"2,1,0,3,0,1,4",bilateral_3pass,1,1
"2,1,0,3,0,1,4",clearinghouse,1,0
"2,1,0,3,0,1,4",public_pool,1,0
"2,1,0,3,0,1,4",subsidized_catch_up,1,0
"2,1,0,3,0,1,4",central_cap2,1,0
"2,1,0,3,0,1,4",equity_cap2,1,0
"2,1,0,3,0,1,4",central_full,1,0
"2,2,0,2,0,1,3",bilateral_3pass,1,1
"2,2,0,2,0,1,3",clearinghouse,1,0
"2,2,0,2,0,1,3",public_pool,1,0
"2,2,0,2,0,1,3",subsidized_catch_up,1,0
"2,2,0,2,0,1,3",central_cap2,1,0
"2,2,0,2,0,1,3",equity_cap2,1,0
"2,2,0,2,0,1,3",central_full,1,0
"1,3,1,1,2,2,0",bilateral_3pass,4,0
"1,3,1,1,2,2,0",clearinghouse,4,0
"1,3,1,1,2,2,0",public_pool,4,4
"1,3,1,1,2,2,0",subsidized_catch_up,4,0
"1,3,1,1,2,2,0",central_cap2,4,0
"1,3,1,1,2,2,0",equity_cap2,4,0
"1,3,1,1,2,2,0",central_full,4,0
"2,3,1,3,2,2,3",bilateral_3pass,1,1
"2,3,1,3,2,2,3",clearinghouse,1,0
"2,3,1,3,2,2,3",public_pool,1,0
"2,3,1,3,2,2,3",subsidized_catch_up,1,0
"2,3,1,3,2,2,3",central_cap2,1,0
"2,3,1,3,2,2,3",equity_cap2,1,0
"2,3,1,3,2,2,3",central_full,1,0
"3,1,0,3,0,2,6",bilateral_3pass,2,2
"3,1,0,3,0,2,6",clearinghouse,2,0
"3,1,0,3,0,2,6",public_pool,2,0
"3,1,0,3,0,2,6",subsidized_catch_up,2,0
"3,1,0,3,0,2,6",central_cap2,2,0
"3,1,0,3,0,2,6",equity_cap2,2,0
"3,1,0,3,0,2,6",central_full,2,0
"1,3,0,3,0,0,0",bilateral_3pass,3,0
"1,3,0,3,0,0,0",clearinghouse,3,0
"1,3,0,3,0,0,0",public_pool,3,3
"1,3,0,3,0,0,0",subsidized_catch_up,3,0
"1,3,0,3,0,0,0",central_cap2,3,0
"1,3,0,3,0,0,0",equity_cap2,3,0
"1,3,0,3,0,0,0",central_full,3,0
"3,2,2,2,1,0,3",bilateral_3pass,4,0
"3,2,2,2,1,0,3",clearinghouse,4,0
"3,2,2,2,1,0,3",public_pool,4,0
"3,2,2,2,1,0,3",subsidized_catch_up,4,4
"3,2,2,2,1,0,3",central_cap2,4,0
"3,2,2,2,1,0,3",equity_cap2,4,0
"3,2,2,2,1,0,3",central_full,4,0
"3,1,0,1,2,0,4",bilateral_3pass,1,1
"3,1,0,1,2,0,4",clearinghouse,1,0
"3,1,0,1,2,0,4",public_pool,1,0
"3,1,0,1,2,0,4",subsidized_catch_up,1,0
"3,1,0,1,2,0,4",central_cap2,1,0
"3,1,0,1,2,0,4",equity_cap2,1,0
"3,1,0,1,2,0,4",central_full,1,0
"2,2,1,1,0,2,6",bilateral_3pass,1,0
"2,2,1,1,0,2,6",clearinghouse,1,0
"2,2,1,1,0,2,6",public_pool,1,0
"2,2,1,1,0,2,6",subsidized_catch_up,1,1
"2,2,1,1,0,2,6",central_cap2,1,0
"2,2,1,1,0,2,6",equity_cap2,1,0
"2,2,1,1,0,2,6",central_full,1,0
"3,1,0,1,0,1,3",bilateral_3pass,2,2
"3,1,0,1,0,1,3",clearinghouse,2,0
"3,1,0,1,0,1,3",public_pool,2,0
"3,1,0,1,0,1,3",subsidized_catch_up,2,0
"3,1,0,1,0,1,3",central_cap2,2,0
"3,1,0,1,0,1,3",equity_cap2,2,0
"3,1,0,1,0,1,3",central_full,2,0
"3,3,0,2,1,0,0",bilateral_3pass,1,1
"3,3,0,2,1,0,0",clearinghouse,1,0
"3,3,0,2,1,0,0",public_pool,1,0
"3,3,0,2,1,0,0",subsidized_catch_up,1,0
"3,3,0,2,1,0,0",central_cap2,1,0
"3,3,0,2,1,0,0",equity_cap2,1,0
"3,3,0,2,1,0,0",central_full,1,0
"2,2,1,1,2,0,5",bilateral_3pass,1,1
"2,2,1,1,2,0,5",clearinghouse,1,0
"2,2,1,1,2,0,5",public_pool,1,0
"2,2,1,1,2,0,5",subsidized_catch_up,1,0
"2,2,1,1,2,0,5",central_cap2,1,0
"2,2,1,1,2,0,5",equity_cap2,1,0
"2,2,1,1,2,0,5",central_full,1,0
"2,2,1,1,0,0,6",bilateral_3pass,1,0
"2,2,1,1,0,0,6",clearinghouse,1,1
"2,2,1,1,0,0,6",public_pool,1,0
"2,2,1,1,0,0,6",subsidized_catch_up,1,0
"2,2,1,1,0,0,6",central_cap2,1,0
"2,2,1,1,0,0,6",equity_cap2,1,0
"2,2,1,1,0,0,6",central_full,1,0
"1,2,0,1,1,1,1",bilateral_3pass,4,0
"1,2,0,1,1,1,1",clearinghouse,4,3
"1,2,0,1,1,1,1",public_pool,4,0
"1,2,0,1,1,1,1",subsidized_catch_up,4,0
"1,2,0,1,1,1,1",central_cap2,4,1
"1,2,0,1,1,1,1",equity_cap2,4,0
"1,2,0,1,1,1,1",central_full,4,0
"1,1,0,2,1,1,4",bilateral_3pass,1,1
"1,1,0,2,1,1,4",clearinghouse,1,0
"1,1,0,2,1,1,4",public_pool,1,0
"1,1,0,2,1,1,4",subsidized_catch_up,1,0
"1,1,0,2,1,1,4",central_cap2,1,0
"1,1,0,2,1,1,4",equity_cap2,1,0
"1,1,0,2,1,1,4",central_full,1,0
"3,3,0,2,2,1,2",bilateral_3pass,3,0
"3,3,0,2,2,1,2",clearinghouse,3,0
"3,3,0,2,2,1,2",public_pool,3,0
"3,3,0,2,2,1,2",subsidized_catch_up,3,0
"3,3,0,2,2,1,2",central_cap2,3,0
"3,3,0,2,2,1,2",equity_cap2,3,3
"3,3,0,2,2,1,2",central_full,3,0
"3,2,2,1,2,0,5",bilateral_3pass,2,0
"3,2,2,1,2,0,5",clearinghouse,2,0
"3,2,2,1,2,0,5",public_pool,2,0
"3,2,2,1,2,0,5",subsidized_catch_up,2,2
"3,2,2,1,2,0,5",central_cap2,2,0
"3,2,2,1,2,0,5",equity_cap2,2,0
"3,2,2,1,2,0,5",central_full,2,0
"3,2,1,2,1,0,2",bilateral_3pass,1,0
"3,2,1,2,1,0,2",clearinghouse,1,0
"3,2,1,2,1,0,2",public_pool,1,0
"3,2,1,2,1,0,2",subsidized_catch_up,1,1
"3,2,1,2,1,0,2",central_cap2,1,0
"3,2,1,2,1,0,2",equity_cap2,1,0
"3,2,1,2,1,0,2",central_full,1,0
"2,2,1,2,1,0,2",bilateral_3pass,1,0
"2,2,1,2,1,0,2",clearinghouse,1,0
"2,2,1,2,1,0,2",public_pool,1,1
"2,2,1,2,1,0,2",subsidized_catch_up,1,0
"2,2,1,2,1,0,2",central_cap2,1,0
"2,2,1,2,1,0,2",equity_cap2,1,0
"2,2,1,2,1,0,2",central_full,1,0
"2,2,2,2,0,1,4",bilateral_3pass,4,4
"2,2,2,2,0,1,4",clearinghouse,4,0
"2,2,2,2,0,1,4",public_pool,4,0
"2,2,2,2,0,1,4",subsidized_catch_up,4,0
"2,2,2,2,0,1,4",central_cap2,4,0
"2,2,2,2,0,1,4",equity_cap2,4,0
"2,2,2,2,0,1,4",central_full,4,0
"3,3,1,2,2,2,3",bilateral_3pass,2,0
"3,3,1,2,2,2,3",clearinghouse,2,0
"3,3,1,2,2,2,3",public_pool,2,1
"3,3,1,2,2,2,3",subsidized_catch_up,2,0
"3,3,1,2,2,2,3",central_cap2,2,0
"3,3,1,2,2,2,3",equity_cap2,2,1
"3,3,1,2,2,2,3",central_full,2,0
"2,2,1,3,0,2,5",bilateral_3pass,1,1
"2,2,1,3,0,2,5",clearinghouse,1,0
"2,2,1,3,0,2,5",public_pool,1,0
"2,2,1,3,0,2,5",subsidized_catch_up,1,0
"2,2,1,3,0,2,5",central_cap2,1,0
"2,2,1,3,0,2,5",equity_cap2,1,0
"2,2,1,3,0,2,5",central_full,1,0
"2,2,0,3,2,2,4",bilateral_3pass,1,0
"2,2,0,3,2,2,4",clearinghouse,1,0
"2,2,0,3,2,2,4",public_pool,1,0
"2,2,0,3,2,2,4",subsidized_catch_up,1,0
"2,2,0,3,2,2,4",central_cap2,1,0
"2,2,0,3,2,2,4",equity_cap2,1,1
"2,2,0,3,2,2,4",central_full,1,0
"1,1,1,1,2,2,3",bilateral_3pass,1,1
"1,1,1,1,2,2,3",clearinghouse,1,0
"1,1,1,1,2,2,3",public_pool,1,0
"1,1,1,1,2,2,3",subsidized_catch_up,1,0
"1,1,1,1,2,2,3",central_cap2,1,0
"1,1,1,1,2,2,3",equity_cap2,1,0
"1,1,1,1,2,2,3",central_full,1,0
"1,2,1,2,1,2,4",bilateral_3pass,1,1
"1,2,1,2,1,2,4",clearinghouse,1,0
"1,2,1,2,1,2,4",public_pool,1,0
"1,2,1,2,1,2,4",subsidized_catch_up,1,0
"1,2,1,2,1,2,4",central_cap2,1,0
"1,2,1,2,1,2,4",equity_cap2,1,0
"1,2,1,2,1,2,4",central_full,1,0
"3,1,2,2,2,0,4",bilateral_3pass,1,1
"3,1,2,2,2,0,4",clearinghouse,1,0
"3,1,2,2,2,0,4",public_pool,1,0
"3,1,2,2,2,0,4",subsidized_catch_up,1,0
"3,1,2,2,2,0,4",central_cap2,1,0
"3,1,2,2,2,0,4",equity_cap2,1,0
"3,1,2,2,2,0,4",central_full,1,0
"1,1,0,1,1,2,1",bilateral_3pass,3,3
"1,1,0,1,1,2,1",clearinghouse,3,0
"1,1,0,1,1,2,1",public_pool,3,0
"1,1,0,1,1,2,1",subsidized_catch_up,3,0
"1,1,0,1,1,2,1",central_cap2,3,0
"1,1,0,1,1,2,1",equity_cap2,3,0
"1,1,0,1,1,2,1",central_full,3,0
"3,3,1,1,2,0,3",bilateral_3pass,1,0
"3,3,1,1,2,0,3",clearinghouse,1,0
"3,3,1,1,2,0,3",public_pool,1,0
"3,3,1,1,2,0,3",subsidized_catch_up,1,1
"3,3,1,1,2,0,3",central_cap2,1,0
"3,3,1,1,2,0,3",equity_cap2,1,0
"3,3,1,1,2,0,3",central_full,1,0
"3,3,2,1,2,0,3",bilateral_3pass,1,1
"3,3,2,1,2,0,3",clearinghouse,1,0
"3,3,2,1,2,0,3",public_pool,1,0
"3,3,2,1,2,0,3",subsidized_catch_up,1,0
"3,3,2,1,2,0,3",central_cap2,1,0
"3,3,2,1,2,0,3",equity_cap2,1,0
"3,3,2,1,2,0,3",central_full,1,0
"1,2,1,2,2,1,1",bilateral_3pass,3,0
"1,2,1,2,2,1,1",clearinghouse,3,1
"1,2,1,2,2,1,1",public_pool,3,0
"1,2,1,2,2,1,1",subsidized_catch_up,3,0
"1,2,1,2,2,1,1",central_cap2,3,0
"1,2,1,2,2,1,1",equity_cap2,3,2
"1,2,1,2,2,1,1",central_full,3,0
"1,2,1,3,2,1,1",bilateral_3pass,2,1
"1,2,1,3,2,1,1",clearinghouse,2,0
"1,2,1,3,2,1,1",public_pool,2,0
"1,2,1,3,2,1,1",subsidized_catch_up,2,0
"1,2,1,3,2,1,1",central_cap2,2,0
"1,2,1,3,2,1,1",equity_cap2,2,1
"1,2,1,3,2,1,1",central_full,2,0
"1,2,1,2,1,1,4",bilateral_3pass,2,2
"1,2,1,2,1,1,4",clearinghouse,2,0
"1,2,1,2,1,1,4",public_pool,2,0
"1,2,1,2,1,1,4",subsidized_catch_up,2,0
"1,2,1,2,1,1,4",central_cap2,2,0
"1,2,1,2,1,1,4",equity_cap2,2,0
"1,2,1,2,1,1,4",central_full,2,0
"3,2,0,3,1,0,2",bilateral_3pass,1,0
"3,2,0,3,1,0,2",clearinghouse,1,1
"3,2,0,3,1,0,2",public_pool,1,0
"3,2,0,3,1,0,2",subsidized_catch_up,1,0
"3,2,0,3,1,0,2",central_cap2,1,0
"3,2,0,3,1,0,2",equity_cap2,1,0
"3,2,0,3,1,0,2",central_full,1,0
"2,2,0,1,1,1,4",bilateral_3pass,2,0
"2,2,0,1,1,1,4",clearinghouse,2,2
"2,2,0,1,1,1,4",public_pool,2,0
"2,2,0,1,1,1,4",subsidized_catch_up,2,0
"2,2,0,1,1,1,4",central_cap2,2,0
"2,2,0,1,1,1,4",equity_cap2,2,0
"2,2,0,1,1,1,4",central_full,2,0
"2,2,0,1,2,2,1",bilateral_3pass,3,0
"2,2,0,1,2,2,1",clearinghouse,3,3
"2,2,0,1,2,2,1",public_pool,3,0
"2,2,0,1,2,2,1",subsidized_catch_up,3,0
"2,2,0,1,2,2,1",central_cap2,3,0
"2,2,0,1,2,2,1",equity_cap2,3,0
"2,2,0,1,2,2,1",central_full,3,0
"3,3,1,2,0,1,0",bilateral_3pass,2,0
"3,3,1,2,0,1,0",clearinghouse,2,0
"3,3,1,2,0,1,0",public_pool,2,0
"3,3,1,2,0,1,0",subsidized_catch_up,2,0
"3,3,1,2,0,1,0",central_cap2,2,2
"3,3,1,2,0,1,0",equity_cap2,2,0
"3,3,1,2,0,1,0",central_full,2,0
"3,2,1,1,0,0,4",bilateral_3pass,1,0
"3,2,1,1,0,0,4",clearinghouse,1,0
"3,2,1,1,0,0,4",public_pool,1,0
"3,2,1,1,0,0,4",subsidized_catch_up,1,0
"3,2,1,1,0,0,4",central_cap2,1,1
"3,2,1,1,0,0,4",equity_cap2,1,0
"3,2,1,1,0,0,4",central_full,1,0
"3,2,0,1,2,0,4",bilateral_3pass,1,1
"3,2,0,1,2,0,4",clearinghouse,1,0
"3,2,0,1,2,0,4",public_pool,1,0
"3,2,0,1,2,0,4",subsidized_catch_up,1,0
"3,2,0,1,2,0,4",central_cap2,1,0
"3,2,0,1,2,0,4",equity_cap2,1,0
"3,2,0,1,2,0,4",central_full,1,0
"3,2,2,1,0,0,2",bilateral_3pass,1,0
"3,2,2,1,0,0,2",clearinghouse,1,0
"3,2,2,1,0,0,2",public_pool,1,1
"3,2,2,1,0,0,2",subsidized_catch_up,1,0
"3,2,2,1,0,0,2",central_cap2,1,0
"3,2,2,1,0,0,2",equity_cap2,1,0
"3,2,2,1,0,0,2",central_full,1,0
"0,1,2,1,0,2,0",bilateral_3pass,3,3
"0,1,2,1,0,2,0",clearinghouse,3,0
"0,1,2,1,0,2,0",public_pool,3,0
"0,1,2,1,0,2,0",subsidized_catch_up,3,0
"0,1,2,1,0,2,0",central_cap2,3,0
"0,1,2,1,0,2,0",equity_cap2,3,0
"0,1,2,1,0,2,0",central_full,3,0
"1,1,1,2,2,2,2",bilateral_3pass,1,1
"1,1,1,2,2,2,2",clearinghouse,1,0
"1,1,1,2,2,2,2",public_pool,1,0
"1,1,1,2,2,2,2",subsidized_catch_up,1,0
"1,1,1,2,2,2,2",central_cap2,1,0
"1,1,1,2,2,2,2",equity_cap2,1,0
"1,1,1,2,2,2,2",central_full,1,0
"0,1,0,0,0,1,3",bilateral_3pass,1,1
"0,1,0,0,0,1,3",clearinghouse,1,0
"0,1,0,0,0,1,3",public_pool,1,0
"0,1,0,0,0,1,3",subsidized_catch_up,1,0
"0,1,0,0,0,1,3",central_cap2,1,0
"0,1,0,0,0,1,3",equity_cap2,1,0
"0,1,0,0,0,1,3",central_full,1,0
"3,1,0,2,0,1,5",bilateral_3pass,1,1
"3,1,0,2,0,1,5",clearinghouse,1,0
"3,1,0,2,0,1,5",public_pool,1,0
"3,1,0,2,0,1,5",subsidized_catch_up,1,0
"3,1,0,2,0,1,5",central_cap2,1,0
"3,1,0,2,0,1,5",equity_cap2,1,0
"3,1,0,2,0,1,5",central_full,1,0
"3,3,0,2,0,2,0",bilateral_3pass,2,0
"3,3,0,2,0,2,0",clearinghouse,2,0
"3,3,0,2,0,2,0",public_pool,2,0
"3,3,0,2,0,2,0",subsidized_catch_up,2,0
"3,3,0,2,0,2,0",central_cap2,2,2
"3,3,0,2,0,2,0",equity_cap2,2,0
"3,3,0,2,0,2,0",central_full,2,0
"2,1,1,3,1,2,6",bilateral_3pass,5,5
"2,1,1,3,1,2,6",clearinghouse,5,0
"2,1,1,3,1,2,6",public_pool,5,0
"2,1,1,3,1,2,6",subsidized_catch_up,5,0
"2,1,1,3,1,2,6",central_cap2,5,0
"2,1,1,3,1,2,6",equity_cap2,5,0
"2,1,1,3,1,2,6",central_full,5,0
"0,2,0,2,0,1,6",bilateral_3pass,1,1
"0,2,0,2,0,1,6",clearinghouse,1,0
"0,2,0,2,0,1,6",public_pool,1,0
"0,2,0,2,0,1,6",subsidized_catch_up,1,0
"0,2,0,2,0,1,6",central_cap2,1,0
"0,2,0,2,0,1,6",equity_cap2,1,0
"0,2,0,2,0,1,6",central_full,1,0
"3,1,1,3,0,0,1",bilateral_3pass,1,1
"3,1,1,3,0,0,1",clearinghouse,1,0
"3,1,1,3,0,0,1",public_pool,1,0
"3,1,1,3,0,0,1",subsidized_catch_up,1,0
"3,1,1,3,0,0,1",central_cap2,1,0
"3,1,1,3,0,0,1",equity_cap2,1,0
"3,1,1,3,0,0,1",central_full,1,0
"2,3,0,3,1,0,0",bilateral_3pass,2,2
"2,3,0,3,1,0,0",clearinghouse,2,0
"2,3,0,3,1,0,0",public_pool,2,0
"2,3,0,3,1,0,0",subsidized_catch_up,2,0
"2,3,0,3,1,0,0",central_cap2,2,0
"2,3,0,3,1,0,0",equity_cap2,2,0
"2,3,0,3,1,0,0",central_full,2,0
"3,3,1,3,1,1,3",bilateral_3pass,1,0
"3,3,1,3,1,1,3",clearinghouse,1,0
"3,3,1,3,1,1,3",public_pool,1,0
"3,3,1,3,1,1,3",subsidized_catch_up,1,0
"3,3,1,3,1,1,3",central_cap2,1,0
"3,3,1,3,1,1,3",equity_cap2,1,1
"3,3,1,3,1,1,3",central_full,1,0
"3,2,0,2,1,2,5",bilateral_3pass,2,0
"3,2,0,2,1,2,5",clearinghouse,2,0
"3,2,0,2,1,2,5",public_pool,2,0
"3,2,0,2,1,2,5",subsidized_catch_up,2,2
"3,2,0,2,1,2,5",central_cap2,2,0
"3,2,0,2,1,2,5",equity_cap2,2,0
"3,2,0,2,1,2,5",central_full,2,0
"2,2,2,3,2,0,5",bilateral_3pass,2,2
"2,2,2,3,2,0,5",clearinghouse,2,0
"2,2,2,3,2,0,5",public_pool,2,0
"2,2,2,3,2,0,5",subsidized_catch_up,2,0
"2,2,2,3,2,0,5",central_cap2,2,0
"2,2,2,3,2,0,5",equity_cap2,2,0
"2,2,2,3,2,0,5",central_full,2,0
"3,3,1,1,2,2,1",bilateral_3pass,3,0
"3,3,1,1,2,2,1",clearinghouse,3,0
"3,3,1,1,2,2,1",public_pool,3,0
"3,3,1,1,2,2,1",subsidized_catch_up,3,3
"3,3,1,1,2,2,1",central_cap2,3,0
"3,3,1,1,2,2,1",equity_cap2,3,0
"3,3,1,1,2,2,1",central_full,3,0
"2,2,2,1,1,1,6",bilateral_3pass,4,4
"2,2,2,1,1,1,6",clearinghouse,4,0
"2,2,2,1,1,1,6",public_pool,4,0
"2,2,2,1,1,1,6",subsidized_catch_up,4,0
"2,2,2,1,1,1,6",central_cap2,4,0
"2,2,2,1,1,1,6",equity_cap2,4,0
"2,2,2,1,1,1,6",central_full,4,0
"3,1,0,2,0,2,3",bilateral_3pass,3,3
"3,1,0,2,0,2,3",clearinghouse,3,0
"3,1,0,2,0,2,3",public_pool,3,0
"3,1,0,2,0,2,3",subsidized_catch_up,3,0
"3,1,0,2,0,2,3",central_cap2,3,0
"3,1,0,2,0,2,3",equity_cap2,3,0
"3,1,0,2,0,2,3",central_full,3,0
"3,2,1,3,2,0,6",bilateral_3pass,2,0
"3,2,1,3,2,0,6",clearinghouse,2,2
"3,2,1,3,2,0,6",public_pool,2,0
"3,2,1,3,2,0,6",subsidized_catch_up,2,0
"3,2,1,3,2,0,6",central_cap2,2,0
"3,2,1,3,2,0,6",equity_cap2,2,0
"3,2,1,3,2,0,6",central_full,2,0
"3,2,2,2,1,1,2",bilateral_3pass,2,0
"3,2,2,2,1,1,2",clearinghouse,2,2
"3,2,2,2,1,1,2",public_pool,2,0
"3,2,2,2,1,1,2",subsidized_catch_up,2,0
"3,2,2,2,1,1,2",central_cap2,2,0
"3,2,2,2,1,1,2",equity_cap2,2,0
"3,2,2,2,1,1,2",central_full,2,0
"1,2,2,3,2,1,2",bilateral_3pass,1,0
"1,2,2,3,2,1,2",clearinghouse,1,1
"1,2,2,3,2,1,2",public_pool,1,0
"1,2,2,3,2,1,2",subsidized_catch_up,1,0
"1,2,2,3,2,1,2",central_cap2,1,0
"1,2,2,3,2,1,2",equity_cap2,1,0
"1,2,2,3,2,1,2",central_full,1,0
"2,1,1,2,2,2,6",bilateral_3pass,2,2
"2,1,1,2,2,2,6",clearinghouse,2,0
"2,1,1,2,2,2,6",public_pool,2,0
"2,1,1,2,2,2,6",subsidized_catch_up,2,0
"2,1,1,2,2,2,6",central_cap2,2,0
"2,1,1,2,2,2,6",equity_cap2,2,0
"2,1,1,2,2,2,6",central_full,2,0
"3,2,0,3,2,1,6",bilateral_3pass,2,0
"3,2,0,3,2,1,6",clearinghouse,2,2
"3,2,0,3,2,1,6",public_pool,2,0
"3,2,0,3,2,1,6",subsidized_catch_up,2,0
"3,2,0,3,2,1,6",central_cap2,2,0
"3,2,0,3,2,1,6",equity_cap2,2,0
"3,2,0,3,2,1,6",central_full,2,0
"1,1,2,3,2,1,6",bilateral_3pass,1,1
"1,1,2,3,2,1,6",clearinghouse,1,0
"1,1,2,3,2,1,6",public_pool,1,0
"1,1,2,3,2,1,6",subsidized_catch_up,1,0
"1,1,2,3,2,1,6",central_cap2,1,0
"1,1,2,3,2,1,6",equity_cap2,1,0
"1,1,2,3,2,1,6",central_full,1,0
"2,2,2,3,0,2,1",bilateral_3pass,8,0
"2,2,2,3,0,2,1",clearinghouse,8,5
"2,2,2,3,0,2,1",public_pool,8,3
"2,2,2,3,0,2,1",subsidized_catch_up,8,0
"2,2,2,3,0,2,1",central_cap2,8,0
"2,2,2,3,0,2,1",equity_cap2,8,0
"2,2,2,3,0,2,1",central_full,8,0
"1,2,1,1,1,0,5",bilateral_3pass,3,0
"1,2,1,1,1,0,5",clearinghouse,3,0
"1,2,1,1,1,0,5",public_pool,3,0
"1,2,1,1,1,0,5",subsidized_catch_up,3,3
"1,2,1,1,1,0,5",central_cap2,3,0
"1,2,1,1,1,0,5",equity_cap2,3,0
"1,2,1,1,1,0,5",central_full,3,0
"3,3,2,3,1,0,0",bilateral_3pass,2,0
"3,3,2,3,1,0,0",clearinghouse,2,0
"3,3,2,3,1,0,0",public_pool,2,2
"3,3,2,3,1,0,0",subsidized_catch_up,2,0
"3,3,2,3,1,0,0",central_cap2,2,0
"3,3,2,3,1,0,0",equity_cap2,2,0
"3,3,2,3,1,0,0",central_full,2,0
"2,1,1,3,0,1,6",bilateral_3pass,3,3
"2,1,1,3,0,1,6",clearinghouse,3,0
"2,1,1,3,0,1,6",public_pool,3,0
"2,1,1,3,0,1,6",subsidized_catch_up,3,0
"2,1,1,3,0,1,6",central_cap2,3,0
"2,1,1,3,0,1,6",equity_cap2,3,0
"2,1,1,3,0,1,6",central_full,3,0
"2,3,0,3,0,2,0",bilateral_3pass,1,0
"2,3,0,3,0,2,0",clearinghouse,1,0
"2,3,0,3,0,2,0",public_pool,1,0
"2,3,0,3,0,2,0",subsidized_catch_up,1,0
"2,3,0,3,0,2,0",central_cap2,1,1
"2,3,0,3,0,2,0",equity_cap2,1,0
"2,3,0,3,0,2,0",central_full,1,0
"2,3,2,3,2,1,2",bilateral_3pass,1,1
"2,3,2,3,2,1,2",clearinghouse,1,0
"2,3,2,3,2,1,2",public_pool,1,0
"2,3,2,3,2,1,2",subsidized_catch_up,1,0
"2,3,2,3,2,1,2",central_cap2,1,0
"2,3,2,3,2,1,2",equity_cap2,1,0
"2,3,2,3,2,1,2",central_full,1,0
"3,2,2,2,2,1,6",bilateral_3pass,1,1
"3,2,2,2,2,1,6",clearinghouse,1,0
"3,2,2,2,2,1,6",public_pool,1,0
"3,2,2,2,2,1,6",subsidized_catch_up,1,0
"3,2,2,2,2,1,6",central_cap2,1,0
"3,2,2,2,2,1,6",equity_cap2,1,0
"3,2,2,2,2,1,6",central_full,1,0
"0,2,1,1,0,2,5",bilateral_3pass,1,0
"0,2,1,1,0,2,5",clearinghouse,1,0
"0,2,1,1,0,2,5",public_pool,1,0
"0,2,1,1,0,2,5",subsidized_catch_up,1,0
"0,2,1,1,0,2,5",central_cap2,1,0
"0,2,1,1,0,2,5",equity_cap2,1,1
"0,2,1,1,0,2,5",central_full,1,0
"3,2,2,3,2,1,6",bilateral_3pass,2,0
"3,2,2,3,2,1,6",clearinghouse,2,2
"3,2,2,3,2,1,6",public_pool,2,0
"3,2,2,3,2,1,6",subsidized_catch_up,2,0
"3,2,2,3,2,1,6",central_cap2,2,0
"3,2,2,3,2,1,6",equity_cap2,2,0
"3,2,2,3,2,1,6",central_full,2,0
"2,2,2,2,0,0,5",bilateral_3pass,2,0
"2,2,2,2,0,0,5",clearinghouse,2,2
"2,2,2,2,0,0,5",public_pool,2,0
"2,2,2,2,0,0,5",subsidized_catch_up,2,0
"2,2,2,2,0,0,5",central_cap2,2,0
"2,2,2,2,0,0,5",equity_cap2,2,0
"2,2,2,2,0,0,5",central_full,2,0
"1,1,0,3,0,0,6",bilateral_3pass,2,2
"1,1,0,3,0,0,6",clearinghouse,2,0
"1,1,0,3,0,0,6",public_pool,2,0
"1,1,0,3,0,0,6",subsidized_catch_up,2,0
"1,1,0,3,0,0,6",central_cap2,2,0
"1,1,0,3,0,0,6",equity_cap2,2,0
"1,1,0,3,0,0,6",central_full,2,0
"1,1,0,2,1,0,6",bilateral_3pass,1,1
"1,1,0,2,1,0,6",clearinghouse,1,0
"1,1,0,2,1,0,6",public_pool,1,0
"1,1,0,2,1,0,6",subsidized_catch_up,1,0
"1,1,0,2,1,0,6",central_cap2,1,0
"1,1,0,2,1,0,6",equity_cap2,1,0
"1,1,0,2,1,0,6",central_full,1,0
"3,1,1,3,0,1,6",bilateral_3pass,2,2
"3,1,1,3,0,1,6",clearinghouse,2,0
"3,1,1,3,0,1,6",public_pool,2,0
"3,1,1,3,0,1,6",subsidized_catch_up,2,0
"3,1,1,3,0,1,6",central_cap2,2,0
"3,1,1,3,0,1,6",equity_cap2,2,0
"3,1,1,3,0,1,6",central_full,2,0
"3,1,1,2,0,1,6",bilateral_3pass,1,1
"3,1,1,2,0,1,6",clearinghouse,1,0
"3,1,1,2,0,1,6",public_pool,1,0
"3,1,1,2,0,1,6",subsidized_catch_up,1,0
"3,1,1,2,0,1,6",central_cap2,1,0
"3,1,1,2,0,1,6",equity_cap2,1,0
"3,1,1,2,0,1,6",central_full,1,0
"0,1,2,2,0,2,0",bilateral_3pass,4,4
"0,1,2,2,0,2,0",clearinghouse,4,0
"0,1,2,2,0,2,0",public_pool,4,0
"0,1,2,2,0,2,0",subsidized_catch_up,4,0
"0,1,2,2,0,2,0",central_cap2,4,0
"0,1,2,2,0,2,0",equity_cap2,4,0
"0,1,2,2,0,2,0",central_full,4,0
"3,2,2,3,2,0,4",bilateral_3pass,2,0
"3,2,2,3,2,0,4",clearinghouse,2,2
"3,2,2,3,2,0,4",public_pool,2,0
"3,2,2,3,2,0,4",subsidized_catch_up,2,0
"3,2,2,3,2,0,4",central_cap2,2,0
"3,2,2,3,2,0,4",equity_cap2,2,0
"3,2,2,3,2,0,4",central_full,2,0
"1,1,0,1,1,2,2",bilateral_3pass,1,1
"1,1,0,1,1,2,2",clearinghouse,1,0
"1,1,0,1,1,2,2",public_pool,1,0
"1,1,0,1,1,2,2",subsidized_catch_up,1,0
"1,1,0,1,1,2,2",central_cap2,1,0
"1,1,0,1,1,2,2",equity_cap2,1,0
"1,1,0,1,1,2,2",central_full,1,0
"2,2,0,1,0,0,2",bilateral_3pass,1,0
"2,2,0,1,0,0,2",clearinghouse,1,0
"2,2,0,1,0,0,2",public_pool,1,1
"2,2,0,1,0,0,2",subsidized_catch_up,1,0
"2,2,0,1,0,0,2",central_cap2,1,0
"2,2,0,1,0,0,2",equity_cap2,1,0
"2,2,0,1,0,0,2",central_full,1,0
"2,3,2,3,2,2,3",bilateral_3pass,1,0
"2,3,2,3,2,2,3",clearinghouse,1,0
"2,3,2,3,2,2,3",public_pool,1,0
"2,3,2,3,2,2,3",subsidized_catch_up,1,0
"2,3,2,3,2,2,3",central_cap2,1,1
"2,3,2,3,2,2,3",equity_cap2,1,0
"2,3,2,3,2,2,3",central_full,1,0
"2,2,2,2,2,2,4",bilateral_3pass,1,0
"2,2,2,2,2,2,4",clearinghouse,1,0
"2,2,2,2,2,2,4",public_pool,1,0
"2,2,2,2,2,2,4",subsidized_catch_up,1,1
"2,2,2,2,2,2,4",central_cap2,1,0
"2,2,2,2,2,2,4",equity_cap2,1,0
"2,2,2,2,2,2,4",central_full,1,0
"3,1,2,2,2,2,6",bilateral_3pass,4,4
"3,1,2,2,2,2,6",clearinghouse,4,0
"3,1,2,2,2,2,6",public_pool,4,0
"3,1,2,2,2,2,6",subsidized_catch_up,4,0
"3,1,2,2,2,2,6",central_cap2,4,0
"3,1,2,2,2,2,6",equity_cap2,4,0
"3,1,2,2,2,2,6",central_full,4,0
"3,3,1,1,2,0,1",bilateral_3pass,1,0
"3,3,1,1,2,0,1",clearinghouse,1,0
"3,3,1,1,2,0,1",public_pool,1,0
"3,3,1,1,2,0,1",subsidized_catch_up,1,1
"3,3,1,1,2,0,1",central_cap2,1,0
"3,3,1,1,2,0,1",equity_cap2,1,0
"3,3,1,1,2,0,1",central_full,1,0
"2,3,1,3,1,2,3",bilateral_3pass,2,0
"2,3,1,3,1,2,3",clearinghouse,2,0
"2,3,1,3,1,2,3",public_pool,2,1
"2,3,1,3,1,2,3",subsidized_catch_up,2,0
"2,3,1,3,1,2,3",central_cap2,2,0
"2,3,1,3,1,2,3",equity_cap2,2,1
"2,3,1,3,1,2,3",central_full,2,0
"3,2,1,3,1,0,5",bilateral_3pass,1,0
"3,2,1,3,1,0,5",clearinghouse,1,1
"3,2,1,3,1,0,5",public_pool,1,0
"3,2,1,3,1,0,5",subsidized_catch_up,1,0
"3,2,1,3,1,0,5",central_cap2,1,0
"3,2,1,3,1,0,5",equity_cap2,1,0
"3,2,1,3,1,0,5",central_full,1,0
"3,1,2,1,0,1,6",bilateral_3pass,1,1
"3,1,2,1,0,1,6",clearinghouse,1,0
"3,1,2,1,0,1,6",public_pool,1,0
"3,1,2,1,0,1,6",subsidized_catch_up,1,0
"3,1,2,1,0,1,6",central_cap2,1,0
"3,1,2,1,0,1,6",equity_cap2,1,0
"3,1,2,1,0,1,6",central_full,1,0
"1,2,2,3,2,1,4",bilateral_3pass,1,0
"1,2,2,3,2,1,4",clearinghouse,1,0
"1,2,2,3,2,1,4",public_pool,1,0
"1,2,2,3,2,1,4",subsidized_catch_up,1,1
"1,2,2,3,2,1,4",central_cap2,1,0
"1,2,2,3,2,1,4",equity_cap2,1,0
"1,2,2,3,2,1,4",central_full,1,0
"2,2,1,1,1,0,5",bilateral_3pass,1,1
"2,2,1,1,1,0,5",clearinghouse,1,0
"2,2,1,1,1,0,5",public_pool,1,0
"2,2,1,1,1,0,5",subsidized_catch_up,1,0
"2,2,1,1,1,0,5",central_cap2,1,0
"2,2,1,1,1,0,5",equity_cap2,1,0
"2,2,1,1,1,0,5",central_full,1,0
"3,1,2,3,1,2,6",bilateral_3pass,4,4
"3,1,2,3,1,2,6",clearinghouse,4,0
"3,1,2,3,1,2,6",public_pool,4,0
"3,1,2,3,1,2,6",subsidized_catch_up,4,0
"3,1,2,3,1,2,6",central_cap2,4,0
"3,1,2,3,1,2,6",equity_cap2,4,0
"3,1,2,3,1,2,6",central_full,4,0
"2,2,2,1,1,2,6",bilateral_3pass,1,0
"2,2,2,1,1,2,6",clearinghouse,1,0
"2,2,2,1,1,2,6",public_pool,1,0
"2,2,2,1,1,2,6",subsidized_catch_up,1,1
"2,2,2,1,1,2,6",central_cap2,1,0
"2,2,2,1,1,2,6",equity_cap2,1,0
"2,2,2,1,1,2,6",central_full,1,0
"2,2,0,2,2,0,3",bilateral_3pass,1,1
"2,2,0,2,2,0,3",clearinghouse,1,0
"2,2,0,2,2,0,3",public_pool,1,0
"2,2,0,2,2,0,3",subsidized_catch_up,1,0
"2,2,0,2,2,0,3",central_cap2,1,0
"2,2,0,2,2,0,3",equity_cap2,1,0
"2,2,0,2,2,0,3",central_full,1,0
"3,2,2,3,1,2,5",bilateral_3pass,1,0
"3,2,2,3,1,2,5",clearinghouse,1,1
"3,2,2,3,1,2,5",public_pool,1,0
"3,2,2,3,1,2,5",subsidized_catch_up,1,0
"3,2,2,3,1,2,5",central_cap2,1,0
"3,2,2,3,1,2,5",equity_cap2,1,0
"3,2,2,3,1,2,5",central_full,1,0
"1,1,0,3,2,0,0",bilateral_3pass,2,2
"1,1,0,3,2,0,0",clearinghouse,2,0
"1,1,0,3,2,0,0",public_pool,2,0
"1,1,0,3,2,0,0",subsidized_catch_up,2,0
"1,1,0,3,2,0,0",central_cap2,2,0
"1,1,0,3,2,0,0",equity_cap2,2,0
"1,1,0,3,2,0,0",central_full,2,0
"3,2,1,3,0,1,5",bilateral_3pass,1,1
"3,2,1,3,0,1,5",clearinghouse,1,0
"3,2,1,3,0,1,5",public_pool,1,0
"3,2,1,3,0,1,5",subsidized_catch_up,1,0
"3,2,1,3,0,1,5",central_cap2,1,0
"3,2,1,3,0,1,5",equity_cap2,1,0
"3,2,1,3,0,1,5",central_full,1,0
"2,2,0,2,0,0,3",bilateral_3pass,1,0
"2,2,0,2,0,0,3",clearinghouse,1,0
"2,2,0,2,0,0,3",public_pool,1,0
"2,2,0,2,0,0,3",subsidized_catch_up,1,0
"2,2,0,2,0,0,3",central_cap2,1,0
"2,2,0,2,0,0,3",equity_cap2,1,1
"2,2,0,2,0,0,3",central_full,1,0
"3,2,2,3,1,1,5",bilateral_3pass,1,0
"3,2,2,3,1,1,5",clearinghouse,1,0
"3,2,2,3,1,1,5",public_pool,1,0
"3,2,2,3,1,1,5",subsidized_catch_up,1,1
"3,2,2,3,1,1,5",central_cap2,1,0
"3,2,2,3,1,1,5",equity_cap2,1,0
"3,2,2,3,1,1,5",central_full,1,0
"2,1,1,2,2,1,6",bilateral_3pass,1,1
"2,1,1,2,2,1,6",clearinghouse,1,0
"2,1,1,2,2,1,6",public_pool,1,0
"2,1,1,2,2,1,6",subsidized_catch_up,1,0
"2,1,1,2,2,1,6",central_cap2,1,0
"2,1,1,2,2,1,6",equity_cap2,1,0
"2,1,1,2,2,1,6",central_full,1,0
"2,2,0,3,0,2,1",bilateral_3pass,2,0
"2,2,0,3,0,2,1",clearinghouse,2,0
"2,2,0,3,0,2,1",public_pool,2,2
"2,2,0,3,0,2,1",subsidized_catch_up,2,0
"2,2,0,3,0,2,1",central_cap2,2,0
"2,2,0,3,0,2,1",equity_cap2,2,0
"2,2,0,3,0,2,1",central_full,2,0
"3,2,2,2,1,0,1",bilateral_3pass,1,1
"3,2,2,2,1,0,1",clearinghouse,1,0
"3,2,2,2,1,0,1",public_pool,1,0
"3,2,2,2,1,0,1",subsidized_catch_up,1,0
"3,2,2,2,1,0,1",central_cap2,1,0
"3,2,2,2,1,0,1",equity_cap2,1,0
"3,2,2,2,1,0,1",central_full,1,0
"0,2,1,3,0,2,0",bilateral_3pass,3,0
"0,2,1,3,0,2,0",clearinghouse,3,0
"0,2,1,3,0,2,0",public_pool,3,0
"0,2,1,3,0,2,0",subsidized_catch_up,3,3
"0,2,1,3,0,2,0",central_cap2,3,0
"0,2,1,3,0,2,0",equity_cap2,3,0
"0,2,1,3,0,2,0",central_full,3,0
"2,2,1,1,0,0,2",bilateral_3pass,1,0
"2,2,1,1,0,0,2",clearinghouse,1,0
"2,2,1,1,0,0,2",public_pool,1,0
"2,2,1,1,0,0,2",subsidized_catch_up,1,1
"2,2,1,1,0,0,2",central_cap2,1,0
"2,2,1,1,0,0,2",equity_cap2,1,0
"2,2,1,1,0,0,2",central_full,1,0
"3,1,2,3,1,1,6",bilateral_3pass,1,1
"3,1,2,3,1,1,6",clearinghouse,1,0
"3,1,2,3,1,1,6",public_pool,1,0
"3,1,2,3,1,1,6",subsidized_catch_up,1,0
"3,1,2,3,1,1,6",central_cap2,1,0
"3,1,2,3,1,1,6",equity_cap2,1,0
"3,1,2,3,1,1,6",central_full,1,0
"3,2,2,1,0,2,3",bilateral_3pass,3,0
"3,2,2,1,0,2,3",clearinghouse,3,0
"3,2,2,1,0,2,3",public_pool,3,0
"3,2,2,1,0,2,3",subsidized_catch_up,3,3
"3,2,2,1,0,2,3",central_cap2,3,0
"3,2,2,1,0,2,3",equity_cap2,3,0
"3,2,2,1,0,2,3",central_full,3,0
"3,2,2,2,0,1,3",bilateral_3pass,2,0
"3,2,2,2,0,1,3",clearinghouse,2,0
"3,2,2,2,0,1,3",public_pool,2,0
"3,2,2,2,0,1,3",subsidized_catch_up,2,2
"3,2,2,2,0,1,3",central_cap2,2,0
"3,2,2,2,0,1,3",equity_cap2,2,0
"3,2,2,2,0,1,3",central_full,2,0
"3,2,0,2,2,0,2",bilateral_3pass,1,0
"3,2,0,2,2,0,2",clearinghouse,1,0
"3,2,0,2,2,0,2",public_pool,1,0
"3,2,0,2,2,0,2",subsidized_catch_up,1,1
"3,2,0,2,2,0,2",central_cap2,1,0
"3,2,0,2,2,0,2",equity_cap2,1,0
"3,2,0,2,2,0,2",central_full,1,0
"1,2,2,3,2,0,5",bilateral_3pass,1,1
"1,2,2,3,2,0,5",clearinghouse,1,0
"1,2,2,3,2,0,5",public_pool,1,0
"1,2,2,3,2,0,5",subsidized_catch_up,1,0
"1,2,2,3,2,0,5",central_cap2,1,0
"1,2,2,3,2,0,5",equity_cap2,1,0
"1,2,2,3,2,0,5",central_full,1,0
"1,2,2,2,2,1,3",bilateral_3pass,1,0
"1,2,2,2,2,1,3",clearinghouse,1,1
"1,2,2,2,2,1,3",public_pool,1,0
"1,2,2,2,2,1,3",subsidized_catch_up,1,0
"1,2,2,2,2,1,3",central_cap2,1,0
"1,2,2,2,2,1,3",equity_cap2,1,0
"1,2,2,2,2,1,3",central_full,1,0
"1,1,0,3,2,1,1",bilateral_3pass,1,1
"1,1,0,3,2,1,1",clearinghouse,1,0
"1,1,0,3,2,1,1",public_pool,1,0
"1,1,0,3,2,1,1",subsidized_catch_up,1,0
"1,1,0,3,2,1,1",central_cap2,1,0
"1,1,0,3,2,1,1",equity_cap2,1,0
"1,1,0,3,2,1,1",central_full,1,0
"1,2,2,1,1,2,3",bilateral_3pass,1,0
"1,2,2,1,1,2,3",clearinghouse,1,1
"1,2,2,1,1,2,3",public_pool,1,0
"1,2,2,1,1,2,3",subsidized_catch_up,1,0
"1,2,2,1,1,2,3",central_cap2,1,0
"1,2,2,1,1,2,3",equity_cap2,1,0
"1,2,2,1,1,2,3",central_full,1,0
"3,3,2,3,2,2,3",bilateral_3pass,3,0
"3,3,2,3,2,2,3",clearinghouse,3,0
"3,3,2,3,2,2,3",public_pool,3,0
"3,3,2,3,2,2,3",subsidized_catch_up,3,0
"3,3,2,3,2,2,3",central_cap2,3,0
"3,3,2,3,2,2,3",equity_cap2,3,3
"3,3,2,3,2,2,3",central_full,3,0
"1,2,1,1,2,0,1",bilateral_3pass,1,1
"1,2,1,1,2,0,1",clearinghouse,1,0
"1,2,1,1,2,0,1",public_pool,1,0
"1,2,1,1,2,0,1",subsidized_catch_up,1,0
"1,2,1,1,2,0,1",central_cap2,1,0
"1,2,1,1,2,0,1",equity_cap2,1,0
"1,2,1,1,2,0,1",central_full,1,0
"3,2,2,3,0,1,3",bilateral_3pass,1,0
"3,2,2,3,0,1,3",clearinghouse,1,0
"3,2,2,3,0,1,3",public_pool,1,1
"3,2,2,3,0,1,3",subsidized_catch_up,1,0
"3,2,2,3,0,1,3",central_cap2,1,0
"3,2,2,3,0,1,3",equity_cap2,1,0
"3,2,2,3,0,1,3",central_full,1,0
"3,1,1,2,1,1,2",bilateral_3pass,1,1
"3,1,1,2,1,1,2",clearinghouse,1,0
"3,1,1,2,1,1,2",public_pool,1,0
"3,1,1,2,1,1,2",subsidized_catch_up,1,0
"3,1,1,2,1,1,2",central_cap2,1,0
"3,1,1,2,1,1,2",equity_cap2,1,0
"3,1,1,2,1,1,2",central_full,1,0
"1,2,2,1,2,1,5",bilateral_3pass,1,0
"1,2,2,1,2,1,5",clearinghouse,1,0
"1,2,2,1,2,1,5",public_pool,1,0
"1,2,2,1,2,1,5",subsidized_catch_up,1,1
"1,2,2,1,2,1,5",central_cap2,1,0
"1,2,2,1,2,1,5",equity_cap2,1,0
"1,2,2,1,2,1,5",central_full,1,0
"3,2,1,2,1,1,4",bilateral_3pass,3,0
"3,2,1,2,1,1,4",clearinghouse,3,0
"3,2,1,2,1,1,4",public_pool,3,0
"3,2,1,2,1,1,4",subsidized_catch_up,3,3
"3,2,1,2,1,1,4",central_cap2,3,0
"3,2,1,2,1,1,4",equity_cap2,3,0
"3,2,1,2,1,1,4",central_full,3,0
"2,2,0,2,0,1,1",bilateral_3pass,2,2
"2,2,0,2,0,1,1",clearinghouse,2,0
"2,2,0,2,0,1,1",public_pool,2,0
"2,2,0,2,0,1,1",subsidized_catch_up,2,0
"2,2,0,2,0,1,1",central_cap2,2,0
"2,2,0,2,0,1,1",equity_cap2,2,0
"2,2,0,2,0,1,1",central_full,2,0
"1,1,1,1,2,0,6",bilateral_3pass,1,1
"1,1,1,1,2,0,6",clearinghouse,1,0
"1,1,1,1,2,0,6",public_pool,1,0
"1,1,1,1,2,0,6",subsidized_catch_up,1,0
"1,1,1,1,2,0,6",central_cap2,1,0
"1,1,1,1,2,0,6",equity_cap2,1,0
"1,1,1,1,2,0,6",central_full,1,0
"0,1,0,3,1,0,0",bilateral_3pass,1,1
"0,1,0,3,1,0,0",clearinghouse,1,0
"0,1,0,3,1,0,0",public_pool,1,0
"0,1,0,3,1,0,0",subsidized_catch_up,1,0
"0,1,0,3,1,0,0",central_cap2,1,0
"0,1,0,3,1,0,0",equity_cap2,1,0
"0,1,0,3,1,0,0",central_full,1,0
"1,2,1,3,2,1,5",bilateral_3pass,1,0
"1,2,1,3,2,1,5",clearinghouse,1,1
"1,2,1,3,2,1,5",public_pool,1,0
"1,2,1,3,2,1,5",subsidized_catch_up,1,0
"1,2,1,3,2,1,5",central_cap2,1,0
"1,2,1,3,2,1,5",equity_cap2,1,0
"1,2,1,3,2,1,5",central_full,1,0
"3,2,1,3,0,1,1",bilateral_3pass,2,0
"3,2,1,3,0,1,1",clearinghouse,2,0
"3,2,1,3,0,1,1",public_pool,2,0
"3,2,1,3,0,1,1",subsidized_catch_up,2,2
"3,2,1,3,0,1,1",central_cap2,2,0
"3,2,1,3,0,1,1",equity_cap2,2,0
"3,2,1,3,0,1,1",central_full,2,0
"2,2,0,1,2,0,4",bilateral_3pass,1,0
"2,2,0,1,2,0,4",clearinghouse,1,0
"2,2,0,1,2,0,4",public_pool,1,0
"2,2,0,1,2,0,4",subsidized_catch_up,1,1
"2,2,0,1,2,0,4",central_cap2,1,0
"2,2,0,1,2,0,4",equity_cap2,1,0
"2,2,0,1,2,0,4",central_full,1,0
"2,2,1,1,0,1,6",bilateral_3pass,1,1
"2,2,1,1,0,1,6",clearinghouse,1,0
"2,2,1,1,0,1,6",public_pool,1,0
"2,2,1,1,0,1,6",subsidized_catch_up,1,0
"2,2,1,1,0,1,6",central_cap2,1,0
"2,2,1,1,0,1,6",equity_cap2,1,0
"2,2,1,1,0,1,6",central_full,1,0
"3,2,2,2,2,0,4",bilateral_3pass,1,1
"3,2,2,2,2,0,4",clearinghouse,1,0
"3,2,2,2,2,0,4",public_pool,1,0
"3,2,2,2,2,0,4",subsidized_catch_up,1,0
"3,2,2,2,2,0,4",central_cap2,1,0
"3,2,2,2,2,0,4",equity_cap2,1,0
"3,2,2,2,2,0,4",central_full,1,0
"2,2,2,1,0,1,6",bilateral_3pass,2,0
"2,2,2,1,0,1,6",clearinghouse,2,2
"2,2,2,1,0,1,6",public_pool,2,0
"2,2,2,1,0,1,6",subsidized_catch_up,2,0
"2,2,2,1,0,1,6",central_cap2,2,0
"2,2,2,1,0,1,6",equity_cap2,2,0
"2,2,2,1,0,1,6",central_full,2,0
"1,1,1,2,2,0,3",bilateral_3pass,1,0
"1,1,1,2,2,0,3",clearinghouse,1,0
"1,1,1,2,2,0,3",public_pool,1,0
"1,1,1,2,2,0,3",subsidized_catch_up,1,1
"1,1,1,2,2,0,3",central_cap2,1,0
"1,1,1,2,2,0,3",equity_cap2,1,0
"1,1,1,2,2,0,3",central_full,1,0
"3,3,0,3,2,2,1",bilateral_3pass,2,0
"3,3,0,3,2,2,1",clearinghouse,2,0
"3,3,0,3,2,2,1",public_pool,2,0
"3,3,0,3,2,2,1",subsidized_catch_up,2,0
"3,3,0,3,2,2,1",central_cap2,2,0
"3,3,0,3,2,2,1",equity_cap2,2,0
"3,3,0,3,2,2,1",central_full,2,2
"2,2,0,1,1,2,6",bilateral_3pass,1,1
"2,2,0,1,1,2,6",clearinghouse,1,0
"2,2,0,1,1,2,6",public_pool,1,0
"2,2,0,1,1,2,6",subsidized_catch_up,1,0
"2,2,0,1,1,2,6",central_cap2,1,0
"2,2,0,1,1,2,6",equity_cap2,1,0
"2,2,0,1,1,2,6",central_full,1,0
"2,1,0,3,1,2,4",bilateral_3pass,1,1
"2,1,0,3,1,2,4",clearinghouse,1,0
"2,1,0,3,1,2,4",public_pool,1,0
"2,1,0,3,1,2,4",subsidized_catch_up,1,0
"2,1,0,3,1,2,4",central_cap2,1,0
"2,1,0,3,1,2,4",equity_cap2,1,0
"2,1,0,3,1,2,4",central_full,1,0
"1,2,1,1,2,2,1",bilateral_3pass,3,0
"1,2,1,1,2,2,1",clearinghouse,3,3
"1,2,1,1,2,2,1",public_pool,3,0
"1,2,1,1,2,2,1",subsidized_catch_up,3,0
"1,2,1,1,2,2,1",central_cap2,3,0
"1,2,1,1,2,2,1",equity_cap2,3,0
"1,2,1,1,2,2,1",central_full,3,0
"3,2,1,1,1,2,6",bilateral_3pass,2,2
"3,2,1,1,1,2,6",clearinghouse,2,0
"3,2,1,1,1,2,6",public_pool,2,0
"3,2,1,1,1,2,6",subsidized_catch_up,2,0
"3,2,1,1,1,2,6",central_cap2,2,0
"3,2,1,1,1,2,6",equity_cap2,2,0
"3,2,1,1,1,2,6",central_full,2,0
"3,2,0,0,1,2,1",bilateral_3pass,1,0
"3,2,0,0,1,2,1",clearinghouse,1,1
"3,2,0,0,1,2,1",public_pool,1,0
"3,2,0,0,1,2,1",subsidized_catch_up,1,0
"3,2,0,0,1,2,1",central_cap2,1,0
"3,2,0,0,1,2,1",equity_cap2,1,0
"3,2,0,0,1,2,1",central_full,1,0
"2,3,0,1,0,1,0",bilateral_3pass,2,0
"2,3,0,1,0,1,0",clearinghouse,2,0
"2,3,0,1,0,1,0",public_pool,2,0
"2,3,0,1,0,1,0",subsidized_catch_up,2,0
"2,3,0,1,0,1,0",central_cap2,2,0
"2,3,0,1,0,1,0",equity_cap2,2,2
"2,3,0,1,0,1,0",central_full,2,0
"3,3,2,2,0,2,0",bilateral_3pass,1,0
"3,3,2,2,0,2,0",clearinghouse,1,0
"3,3,2,2,0,2,0",public_pool,1,0
"3,3,2,2,0,2,0",subsidized_catch_up,1,0
"3,3,2,2,0,2,0",central_cap2,1,0
"3,3,2,2,0,2,0",equity_cap2,1,1
"3,3,2,2,0,2,0",central_full,1,0
"2,2,0,0,2,1,2",bilateral_3pass,1,0
"2,2,0,0,2,1,2",clearinghouse,1,0
"2,2,0,0,2,1,2",public_pool,1,1
"2,2,0,0,2,1,2",subsidized_catch_up,1,0
"2,2,0,0,2,1,2",central_cap2,1,0
"2,2,0,0,2,1,2",equity_cap2,1,0
"2,2,0,0,2,1,2",central_full,1,0
"2,3,0,1,0,2,0",bilateral_3pass,3,3
"2,3,0,1,0,2,0",clearinghouse,3,0
"2,3,0,1,0,2,0",public_pool,3,0
"2,3,0,1,0,2,0",subsidized_catch_up,3,0
"2,3,0,1,0,2,0",central_cap2,3,0
"2,3,0,1,0,2,0",equity_cap2,3,0
"2,3,0,1,0,2,0",central_full,3,0
"2,2,0,3,0,1,2",bilateral_3pass,1,0
"2,2,0,3,0,1,2",clearinghouse,1,1
"2,2,0,3,0,1,2",public_pool,1,0
"2,2,0,3,0,1,2",subsidized_catch_up,1,0
"2,2,0,3,0,1,2",central_cap2,1,0
"2,2,0,3,0,1,2",equity_cap2,1,0
"2,2,0,3,0,1,2",central_full,1,0
"2,1,0,1,2,2,6",bilateral_3pass,1,1
"2,1,0,1,2,2,6",clearinghouse,1,0
"2,1,0,1,2,2,6",public_pool,1,0
"2,1,0,1,2,2,6",subsidized_catch_up,1,0
"2,1,0,1,2,2,6",central_cap2,1,0
"2,1,0,1,2,2,6",equity_cap2,1,0
"2,1,0,1,2,2,6",central_full,1,0
"3,2,2,3,0,2,3",bilateral_3pass,1,1
"3,2,2,3,0,2,3",clearinghouse,1,0
"3,2,2,3,0,2,3",public_pool,1,0
"3,2,2,3,0,2,3",subsidized_catch_up,1,0
"3,2,2,3,0,2,3",central_cap2,1,0
"3,2,2,3,0,2,3",equity_cap2,1,0
"3,2,2,3,0,2,3",central_full,1,0
"2,2,1,1,2,1,6",bilateral_3pass,1,0
"2,2,1,1,2,1,6",clearinghouse,1,0
"2,2,1,1,2,1,6",public_pool,1,0
"2,2,1,1,2,1,6",subsidized_catch_up,1,1
"2,2,1,1,2,1,6",central_cap2,1,0
"2,2,1,1,2,1,6",equity_cap2,1,0
"2,2,1,1,2,1,6",central_full,1,0
"1,2,2,3,0,2,5",bilateral_3pass,2,2
"1,2,2,3,0,2,5",clearinghouse,2,0
"1,2,2,3,0,2,5",public_pool,2,0
"1,2,2,3,0,2,5",subsidized_catch_up,2,0
"1,2,2,3,0,2,5",central_cap2,2,0
"1,2,2,3,0,2,5",equity_cap2,2,0
"1,2,2,3,0,2,5",central_full,2,0
"3,3,1,2,1,1,1",bilateral_3pass,1,0
"3,3,1,2,1,1,1",clearinghouse,1,0
"3,3,1,2,1,1,1",public_pool,1,1
"3,3,1,2,1,1,1",subsidized_catch_up,1,0
"3,3,1,2,1,1,1",central_cap2,1,0
"3,3,1,2,1,1,1",equity_cap2,1,0
"3,3,1,2,1,1,1",central_full,1,0
"2,3,1,1,1,2,2",bilateral_3pass,1,0
"2,3,1,1,1,2,2",clearinghouse,1,0
"2,3,1,1,1,2,2",public_pool,1,0
"2,3,1,1,1,2,2",subsidized_catch_up,1,0
"2,3,1,1,1,2,2",central_cap2,1,0
"2,3,1,1,1,2,2",equity_cap2,1,0
"2,3,1,1,1,2,2",central_full,1,1
"2,2,0,2,0,2,2",bilateral_3pass,1,1
"2,2,0,2,0,2,2",clearinghouse,1,0
"2,2,0,2,0,2,2",public_pool,1,0
"2,2,0,2,0,2,2",subsidized_catch_up,1,0
"2,2,0,2,0,2,2",central_cap2,1,0
"2,2,0,2,0,2,2",equity_cap2,1,0
"2,2,0,2,0,2,2",central_full,1,0
"2,3,2,3,1,1,3",bilateral_3pass,1,0
"2,3,2,3,1,1,3",clearinghouse,1,0
"2,3,2,3,1,1,3",public_pool,1,0
"2,3,2,3,1,1,3",subsidized_catch_up,1,0
"2,3,2,3,1,1,3",central_cap2,1,0
"2,3,2,3,1,1,3",equity_cap2,1,1
"2,3,2,3,1,1,3",central_full,1,0
"2,1,0,2,1,0,6",bilateral_3pass,1,1
"2,1,0,2,1,0,6",clearinghouse,1,0
"2,1,0,2,1,0,6",public_pool,1,0
"2,1,0,2,1,0,6",subsidized_catch_up,1,0
"2,1,0,2,1,0,6",central_cap2,1,0
"2,1,0,2,1,0,6",equity_cap2,1,0
"2,1,0,2,1,0,6",central_full,1,0
"2,1,2,3,1,2,6",bilateral_3pass,2,2
"2,1,2,3,1,2,6",clearinghouse,2,0
"2,1,2,3,1,2,6",public_pool,2,0
"2,1,2,3,1,2,6",subsidized_catch_up,2,0
"2,1,2,3,1,2,6",central_cap2,2,0
"2,1,2,3,1,2,6",equity_cap2,2,0
"2,1,2,3,1,2,6",central_full,2,0
"1,3,0,3,2,0,0",bilateral_3pass,1,0
"1,3,0,3,2,0,0",clearinghouse,1,0
"1,3,0,3,2,0,0",public_pool,1,0
"1,3,0,3,2,0,0",subsidized_catch_up,1,1
"1,3,0,3,2,0,0",central_cap2,1,0
"1,3,0,3,2,0,0",equity_cap2,1,0
"1,3,0,3,2,0,0",central_full,1,0
"1,1,1,3,1,2,6",bilateral_3pass,3,3
"1,1,1,3,1,2,6",clearinghouse,3,0
"1,1,1,3,1,2,6",public_pool,3,0
"1,1,1,3,1,2,6",subsidized_catch_up,3,0
"1,1,1,3,1,2,6",central_cap2,3,0
"1,1,1,3,1,2,6",equity_cap2,3,0
"1,1,1,3,1,2,6",central_full,3,0
"2,2,0,2,2,1,2",bilateral_3pass,1,1
"2,2,0,2,2,1,2",clearinghouse,1,0
"2,2,0,2,2,1,2",public_pool,1,0
"2,2,0,2,2,1,2",subsidized_catch_up,1,0
"2,2,0,2,2,1,2",central_cap2,1,0
"2,2,0,2,2,1,2",equity_cap2,1,0
"2,2,0,2,2,1,2",central_full,1,0
"1,1,0,1,0,0,6",bilateral_3pass,1,1
"1,1,0,1,0,0,6",clearinghouse,1,0
"1,1,0,1,0,0,6",public_pool,1,0
"1,1,0,1,0,0,6",subsidized_catch_up,1,0
"1,1,0,1,0,0,6",central_cap2,1,0
"1,1,0,1,0,0,6",equity_cap2,1,0
"1,1,0,1,0,0,6",central_full,1,0
"2,1,0,2,2,0,3",bilateral_3pass,1,1
"2,1,0,2,2,0,3",clearinghouse,1,0
"2,1,0,2,2,0,3",public_pool,1,0
"2,1,0,2,2,0,3",subsidized_catch_up,1,0
"2,1,0,2,2,0,3",central_cap2,1,0
"2,1,0,2,2,0,3",equity_cap2,1,0
"2,1,0,2,2,0,3",central_full,1,0
"2,2,0,2,1,2,5",bilateral_3pass,1,0
"2,2,0,2,1,2,5",clearinghouse,1,1
"2,2,0,2,1,2,5",public_pool,1,0
"2,2,0,2,1,2,5",subsidized_catch_up,1,0
"2,2,0,2,1,2,5",central_cap2,1,0
"2,2,0,2,1,2,5",equity_cap2,1,0
"2,2,0,2,1,2,5",central_full,1,0
"3,3,1,2,2,1,1",bilateral_3pass,2,0
"3,3,1,2,2,1,1",clearinghouse,2,0
"3,3,1,2,2,1,1",public_pool,2,0
"3,3,1,2,2,1,1",subsidized_catch_up,2,2
"3,3,1,2,2,1,1",central_cap2,2,0
"3,3,1,2,2,1,1",equity_cap2,2,0
"3,3,1,2,2,1,1",central_full,2,0
"2,1,0,3,0,1,5",bilateral_3pass,1,1
"2,1,0,3,0,1,5",clearinghouse,1,0
"2,1,0,3,0,1,5",public_pool,1,0
"2,1,0,3,0,1,5",subsidized_catch_up,1,0
"2,1,0,3,0,1,5",central_cap2,1,0
"2,1,0,3,0,1,5",equity_cap2,1,0
"2,1,0,3,0,1,5",central_full,1,0
"3,1,0,2,2,0,4",bilateral_3pass,1,1
"3,1,0,2,2,0,4",clearinghouse,1,0
"3,1,0,2,2,0,4",public_pool,1,0
"3,1,0,2,2,0,4",subsidized_catch_up,1,0
"3,1,0,2,2,0,4",central_cap2,1,0
"3,1,0,2,2,0,4",equity_cap2,1,0
"3,1,0,2,2,0,4",central_full,1,0
"3,2,0,0,2,0,0",bilateral_3pass,2,0
"3,2,0,0,2,0,0",clearinghouse,2,2
"3,2,0,0,2,0,0",public_pool,2,0
"3,2,0,0,2,0,0",subsidized_catch_up,2,0
"3,2,0,0,2,0,0",central_cap2,2,0
"3,2,0,0,2,0,0",equity_cap2,2,0
"3,2,0,0,2,0,0",central_full,2,0
"1,1,0,1,1,2,3",bilateral_3pass,1,0
"1,1,0,1,1,2,3",clearinghouse,1,0
"1,1,0,1,1,2,3",public_pool,1,0
"1,1,0,1,1,2,3",subsidized_catch_up,1,1
"1,1,0,1,1,2,3",central_cap2,1,0
"1,1,0,1,1,2,3",equity_cap2,1,0
"1,1,0,1,1,2,3",central_full,1,0
"1,1,0,1,1,0,1",bilateral_3pass,1,1
"1,1,0,1,1,0,1",clearinghouse,1,0
"1,1,0,1,1,0,1",public_pool,1,0
"1,1,0,1,1,0,1",subsidized_catch_up,1,0
"1,1,0,1,1,0,1",central_cap2,1,0
"1,1,0,1,1,0,1",equity_cap2,1,0
"1,1,0,1,1,0,1",central_full,1,0
"3,2,2,1,1,0,2",bilateral_3pass,2,0
"3,2,2,1,1,0,2",clearinghouse,2,0
"3,2,2,1,1,0,2",public_pool,2,2
"3,2,2,1,1,0,2",subsidized_catch_up,2,0
"3,2,2,1,1,0,2",central_cap2,2,0
"3,2,2,1,1,0,2",equity_cap2,2,0
"3,2,2,1,1,0,2",central_full,2,0
"3,3,1,1,2,1,1",bilateral_3pass,6,6
"3,3,1,1,2,1,1",clearinghouse,6,0
"3,3,1,1,2,1,1",public_pool,6,0
"3,3,1,1,2,1,1",subsidized_catch_up,6,0
"3,3,1,1,2,1,1",central_cap2,6,0
"3,3,1,1,2,1,1",equity_cap2,6,0
"3,3,1,1,2,1,1",central_full,6,0
"2,3,0,1,2,0,0",bilateral_3pass,1,0
"2,3,0,1,2,0,0",clearinghouse,1,0
"2,3,0,1,2,0,0",public_pool,1,0
"2,3,0,1,2,0,0",subsidized_catch_up,1,0
"2,3,0,1,2,0,0",central_cap2,1,0
"2,3,0,1,2,0,0",equity_cap2,1,1
"2,3,0,1,2,0,0",central_full,1,0
"3,2,0,1,2,1,5",bilateral_3pass,1,0
"3,2,0,1,2,1,5",clearinghouse,1,0
"3,2,0,1,2,1,5",public_pool,1,0
"3,2,0,1,2,1,5",subsidized_catch_up,1,0
"3,2,0,1,2,1,5",central_cap2,1,0
"3,2,0,1,2,1,5",equity_cap2,1,1
"3,2,0,1,2,1,5",central_full,1,0
"1,2,1,3,2,0,5",bilateral_3pass,1,0
"1,2,1,3,2,0,5",clearinghouse,1,0
"1,2,1,3,2,0,5",public_pool,1,0
"1,2,1,3,2,0,5",subsidized_catch_up,1,1
"1,2,1,3,2,0,5",central_cap2,1,0
"1,2,1,3,2,0,5",equity_cap2,1,0
"1,2,1,3,2,0,5",central_full,1,0
"2,3,1,1,2,2,1",bilateral_3pass,2,0
"2,3,1,1,2,2,1",clearinghouse,2,0
"2,3,1,1,2,2,1",public_pool,2,0
"2,3,1,1,2,2,1",subsidized_catch_up,2,0
"2,3,1,1,2,2,1",central_cap2,2,0
"2,3,1,1,2,2,1",equity_cap2,2,0
"2,3,1,1,2,2,1",central_full,2,2
"2,2,0,3,2,0,3",bilateral_3pass,1,1
"2,2,0,3,2,0,3",clearinghouse,1,0
"2,2,0,3,2,0,3",public_pool,1,0
"2,2,0,3,2,0,3",subsidized_catch_up,1,0
"2,2,0,3,2,0,3",central_cap2,1,0
"2,2,0,3,2,0,3",equity_cap2,1,0
"2,2,0,3,2,0,3",central_full,1,0
"3,3,1,2,0,2,0",bilateral_3pass,2,0
"3,3,1,2,0,2,0",clearinghouse,2,0
"3,3,1,2,0,2,0",public_pool,2,0
"3,3,1,2,0,2,0",subsidized_catch_up,2,2
"3,3,1,2,0,2,0",central_cap2,2,0
"3,3,1,2,0,2,0",equity_cap2,2,0
"3,3,1,2,0,2,0",central_full,2,0
"3,3,1,3,1,2,2",bilateral_3pass,1,0
"3,3,1,3,1,2,2",clearinghouse,1,0
"3,3,1,3,1,2,2",public_pool,1,0
"3,3,1,3,1,2,2",subsidized_catch_up,1,1
"3,3,1,3,1,2,2",central_cap2,1,0
"3,3,1,3,1,2,2",equity_cap2,1,0
"3,3,1,3,1,2,2",central_full,1,0
"2,2,1,2,2,0,2",bilateral_3pass,1,0
"2,2,1,2,2,0,2",clearinghouse,1,1
"2,2,1,2,2,0,2",public_pool,1,0
"2,2,1,2,2,0,2",subsidized_catch_up,1,0
"2,2,1,2,2,0,2",central_cap2,1,0
"2,2,1,2,2,0,2",equity_cap2,1,0
"2,2,1,2,2,0,2",central_full,1,0
"2,1,1,2,1,2,6",bilateral_3pass,2,2
"2,1,1,2,1,2,6",clearinghouse,2,0
"2,1,1,2,1,2,6",public_pool,2,0
"2,1,1,2,1,2,6",subsidized_catch_up,2,0
"2,1,1,2,1,2,6",central_cap2,2,0
"2,1,1,2,1,2,6",equity_cap2,2,0
"2,1,1,2,1,2,6",central_full,2,0
"3,2,0,2,1,0,3",bilateral_3pass,1,1
"3,2,0,2,1,0,3",clearinghouse,1,0
"3,2,0,2,1,0,3",public_pool,1,0
"3,2,0,2,1,0,3",subsidized_catch_up,1,0
"3,2,0,2,1,0,3",central_cap2,1,0
"3,2,0,2,1,0,3",equity_cap2,1,0
"3,2,0,2,1,0,3",central_full,1,0
"2,2,2,2,2,0,1",bilateral_3pass,2,2
"2,2,2,2,2,0,1",clearinghouse,2,0
"2,2,2,2,2,0,1",public_pool,2,0
"2,2,2,2,2,0,1",subsidized_catch_up,2,0
"2,2,2,2,2,0,1",central_cap2,2,0
"2,2,2,2,2,0,1",equity_cap2,2,0
"2,2,2,2,2,0,1",central_full,2,0
"0,1,0,0,0,0,0",bilateral_3pass,1,1
"0,1,0,0,0,0,0",clearinghouse,1,0
"0,1,0,0,0,0,0",public_pool,1,0
"0,1,0,0,0,0,0",subsidized_catch_up,1,0
"0,1,0,0,0,0,0",central_cap2,1,0
"0,1,0,0,0,0,0",equity_cap2,1,0
"0,1,0,0,0,0,0",central_full,1,0
"2,3,2,2,0,0,0",bilateral_3pass,1,0
"2,3,2,2,0,0,0",clearinghouse,1,0
"2,3,2,2,0,0,0",public_pool,1,1
"2,3,2,2,0,0,0",subsidized_catch_up,1,0
"2,3,2,2,0,0,0",central_cap2,1,0
"2,3,2,2,0,0,0",equity_cap2,1,0
"2,3,2,2,0,0,0",central_full,1,0
"2,2,2,1,2,1,6",bilateral_3pass,1,0
"2,2,2,1,2,1,6",clearinghouse,1,0
"2,2,2,1,2,1,6",public_pool,1,0
"2,2,2,1,2,1,6",subsidized_catch_up,1,1
"2,2,2,1,2,1,6",central_cap2,1,0
"2,2,2,1,2,1,6",equity_cap2,1,0
"2,2,2,1,2,1,6",central_full,1,0
"1,2,0,2,1,0,3",bilateral_3pass,1,0
"1,2,0,2,1,0,3",clearinghouse,1,1
"1,2,0,2,1,0,3",public_pool,1,0
"1,2,0,2,1,0,3",subsidized_catch_up,1,0
"1,2,0,2,1,0,3",central_cap2,1,0
"1,2,0,2,1,0,3",equity_cap2,1,0
"1,2,0,2,1,0,3",central_full,1,0
"3,3,1,3,0,2,2",bilateral_3pass,1,1
"3,3,1,3,0,2,2",clearinghouse,1,0
"3,3,1,3,0,2,2",public_pool,1,0
"3,3,1,3,0,2,2",subsidized_catch_up,1,0
"3,3,1,3,0,2,2",central_cap2,1,0
"3,3,1,3,0,2,2",equity_cap2,1,0
"3,3,1,3,0,2,2",central_full,1,0
"2,2,0,1,0,0,3",bilateral_3pass,2,0
"2,2,0,1,0,0,3",clearinghouse,2,2
"2,2,0,1,0,0,3",public_pool,2,0
"2,2,0,1,0,0,3",subsidized_catch_up,2,0
"2,2,0,1,0,0,3",central_cap2,2,0
"2,2,0,1,0,0,3",equity_cap2,2,0
"2,2,0,1,0,0,3",central_full,2,0
"2,2,0,3,1,1,4",bilateral_3pass,1,0
"2,2,0,3,1,1,4",clearinghouse,1,1
"2,2,0,3,1,1,4",public_pool,1,0
"2,2,0,3,1,1,4",subsidized_catch_up,1,0
"2,2,0,3,1,1,4",central_cap2,1,0
"2,2,0,3,1,1,4",equity_cap2,1,0
"2,2,0,3,1,1,4",central_full,1,0
"2,3,2,1,2,0,2",bilateral_3pass,1,0
"2,3,2,1,2,0,2",clearinghouse,1,0
"2,3,2,1,2,0,2",public_pool,1,0
"2,3,2,1,2,0,2",subsidized_catch_up,1,1
"2,3,2,1,2,0,2",central_cap2,1,0
"2,3,2,1,2,0,2",equity_cap2,1,0
"2,3,2,1,2,0,2",central_full,1,0
"2,3,1,2,2,1,2",bilateral_3pass,1,0
"2,3,1,2,2,1,2",clearinghouse,1,1
"2,3,1,2,2,1,2",public_pool,1,0
"2,3,1,2,2,1,2",subsidized_catch_up,1,0
"2,3,1,2,2,1,2",central_cap2,1,0
"2,3,1,2,2,1,2",equity_cap2,1,0
"2,3,1,2,2,1,2",central_full,1,0
"1,2,0,3,0,0,2",bilateral_3pass,1,1
"1,2,0,3,0,0,2",clearinghouse,1,0
"1,2,0,3,0,0,2",public_pool,1,0
"1,2,0,3,0,0,2",subsidized_catch_up,1,0
"1,2,0,3,0,0,2",central_cap2,1,0
"1,2,0,3,0,0,2",equity_cap2,1,0
"1,2,0,3,0,0,2",central_full,1,0
"3,2,0,2,2,1,4",bilateral_3pass,1,0
"3,2,0,2,2,1,4",clearinghouse,1,0
"3,2,0,2,2,1,4",public_pool,1,0
"3,2,0,2,2,1,4",subsidized_catch_up,1,1
"3,2,0,2,2,1,4",central_cap2,1,0
"3,2,0,2,2,1,4",equity_cap2,1,0
"3,2,0,2,2,1,4",central_full,1,0
"1,1,0,2,2,2,6",bilateral_3pass,1,1
"1,1,0,2,2,2,6",clearinghouse,1,0
"1,1,0,2,2,2,6",public_pool,1,0
"1,1,0,2,2,2,6",subsidized_catch_up,1,0
"1,1,0,2,2,2,6",central_cap2,1,0
"1,1,0,2,2,2,6",equity_cap2,1,0
"1,1,0,2,2,2,6",central_full,1,0
"3,2,1,2,0,1,4",bilateral_3pass,1,0
"3,2,1,2,0,1,4",clearinghouse,1,1
"3,2,1,2,0,1,4",public_pool,1,0
"3,2,1,2,0,1,4",subsidized_catch_up,1,0
"3,2,1,2,0,1,4",central_cap2,1,0
"3,2,1,2,0,1,4",equity_cap2,1,0
"3,2,1,2,0,1,4",central_full,1,0
"1,2,2,1,1,1,4",bilateral_3pass,1,0
"1,2,2,1,1,1,4",clearinghouse,1,0
"1,2,2,1,1,1,4",public_pool,1,0
"1,2,2,1,1,1,4",subsidized_catch_up,1,1
"1,2,2,1,1,1,4",central_cap2,1,0
"1,2,2,1,1,1,4",equity_cap2,1,0
"1,2,2,1,1,1,4",central_full,1,0
"3,2,2,3,0,1,2",bilateral_3pass,1,0
"3,2,2,3,0,1,2",clearinghouse,1,0
"3,2,2,3,0,1,2",public_pool,1,0
"3,2,2,3,0,1,2",subsidized_catch_up,1,1
"3,2,2,3,0,1,2",central_cap2,1,0
"3,2,2,3,0,1,2",equity_cap2,1,0
"3,2,2,3,0,1,2",central_full,1,0
"3,2,1,1,0,1,4",bilateral_3pass,1,0
"3,2,1,1,0,1,4",clearinghouse,1,0
"3,2,1,1,0,1,4",public_pool,1,0
"3,2,1,1,0,1,4",subsidized_catch_up,1,0
"3,2,1,1,0,1,4",central_cap2,1,1
"3,2,1,1,0,1,4",equity_cap2,1,0
"3,2,1,1,0,1,4",central_full,1,0
"2,3,1,1,1,1,3",bilateral_3pass,1,0
"2,3,1,1,1,1,3",clearinghouse,1,0
"2,3,1,1,1,1,3",public_pool,1,1
"2,3,1,1,1,1,3",subsidized_catch_up,1,0
"2,3,1,1,1,1,3",central_cap2,1,0
"2,3,1,1,1,1,3",equity_cap2,1,0
"2,3,1,1,1,1,3",central_full,1,0
"1,2,0,2,1,0,1",bilateral_3pass,1,0
"1,2,0,2,1,0,1",clearinghouse,1,1
"1,2,0,2,1,0,1",public_pool,1,0
"1,2,0,2,1,0,1",subsidized_catch_up,1,0
"1,2,0,2,1,0,1",central_cap2,1,0
"1,2,0,2,1,0,1",equity_cap2,1,0
"1,2,0,2,1,0,1",central_full,1,0
"2,2,1,3,0,0,2",bilateral_3pass,1,0
"2,2,1,3,0,0,2",clearinghouse,1,0
"2,2,1,3,0,0,2",public_pool,1,1
"2,2,1,3,0,0,2",subsidized_catch_up,1,0
"2,2,1,3,0,0,2",central_cap2,1,0
"2,2,1,3,0,0,2",equity_cap2,1,0
"2,2,1,3,0,0,2",central_full,1,0
"2,2,0,0,2,1,1",bilateral_3pass,1,1
"2,2,0,0,2,1,1",clearinghouse,1,0
"2,2,0,0,2,1,1",public_pool,1,0
"2,2,0,0,2,1,1",subsidized_catch_up,1,0
"2,2,0,0,2,1,1",central_cap2,1,0
"2,2,0,0,2,1,1",equity_cap2,1,0
"2,2,0,0,2,1,1",central_full,1,0
"2,2,2,1,1,0,6",bilateral_3pass,1,1
"2,2,2,1,1,0,6",clearinghouse,1,0
"2,2,2,1,1,0,6",public_pool,1,0
"2,2,2,1,1,0,6",subsidized_catch_up,1,0
"2,2,2,1,1,0,6",central_cap2,1,0
"2,2,2,1,1,0,6",equity_cap2,1,0
"2,2,2,1,1,0,6",central_full,1,0
"3,2,2,2,2,2,6",bilateral_3pass,1,0
"3,2,2,2,2,2,6",clearinghouse,1,0
"3,2,2,2,2,2,6",public_pool,1,0
"3,2,2,2,2,2,6",subsidized_catch_up,1,1
"3,2,2,2,2,2,6",central_cap2,1,0
"3,2,2,2,2,2,6",equity_cap2,1,0
"3,2,2,2,2,2,6",central_full,1,0
"2,2,2,3,1,0,6",bilateral_3pass,1,1
"2,2,2,3,1,0,6",clearinghouse,1,0
"2,2,2,3,1,0,6",public_pool,1,0
"2,2,2,3,1,0,6",subsidized_catch_up,1,0
"2,2,2,3,1,0,6",central_cap2,1,0
"2,2,2,3,1,0,6",equity_cap2,1,0
"2,2,2,3,1,0,6",central_full,1,0
"3,1,1,2,0,0,3",bilateral_3pass,1,1
"3,1,1,2,0,0,3",clearinghouse,1,0
"3,1,1,2,0,0,3",public_pool,1,0
"3,1,1,2,0,0,3",subsidized_catch_up,1,0
"3,1,1,2,0,0,3",central_cap2,1,0
"3,1,1,2,0,0,3",equity_cap2,1,0
"3,1,1,2,0,0,3",central_full,1,0
"1,1,2,2,1,2,2",bilateral_3pass,1,1
"1,1,2,2,1,2,2",clearinghouse,1,0
"1,1,2,2,1,2,2",public_pool,1,0
"1,1,2,2,1,2,2",subsidized_catch_up,1,0
"1,1,2,2,1,2,2",central_cap2,1,0
"1,1,2,2,1,2,2",equity_cap2,1,0
"1,1,2,2,1,2,2",central_full,1,0
"3,2,0,0,0,2,0",bilateral_3pass,1,0
"3,2,0,0,0,2,0",clearinghouse,1,0
"3,2,0,0,0,2,0",public_pool,1,0
"3,2,0,0,0,2,0",subsidized_catch_up,1,1
"3,2,0,0,0,2,0",central_cap2,1,0
"3,2,0,0,0,2,0",equity_cap2,1,0
"3,2,0,0,0,2,0",central_full,1,0
"2,2,2,1,2,2,6",bilateral_3pass,1,0
"2,2,2,1,2,2,6",clearinghouse,1,0
"2,2,2,1,2,2,6",public_pool,1,0
"2,2,2,1,2,2,6",subsidized_catch_up,1,1
"2,2,2,1,2,2,6",central_cap2,1,0
"2,2,2,1,2,2,6",equity_cap2,1,0
"2,2,2,1,2,2,6",central_full,1,0
"3,2,1,3,1,0,4",bilateral_3pass,1,0
"3,2,1,3,1,0,4",clearinghouse,1,0
"3,2,1,3,1,0,4",public_pool,1,0
"3,2,1,3,1,0,4",subsidized_catch_up,1,1
"3,2,1,3,1,0,4",central_cap2,1,0
"3,2,1,3,1,0,4",equity_cap2,1,0
"3,2,1,3,1,0,4",central_full,1,0
"1,1,0,1,0,2,3",bilateral_3pass,1,1
"1,1,0,1,0,2,3",clearinghouse,1,0
"1,1,0,1,0,2,3",public_pool,1,0
"1,1,0,1,0,2,3",subsidized_catch_up,1,0
"1,1,0,1,0,2,3",central_cap2,1,0
"1,1,0,1,0,2,3",equity_cap2,1,0
"1,1,0,1,0,2,3",central_full,1,0
"2,3,0,2,2,0,0",bilateral_3pass,1,0
"2,3,0,2,2,0,0",clearinghouse,1,0
"2,3,0,2,2,0,0",public_pool,1,1
"2,3,0,2,2,0,0",subsidized_catch_up,1,0
"2,3,0,2,2,0,0",central_cap2,1,0
"2,3,0,2,2,0,0",equity_cap2,1,0
"2,3,0,2,2,0,0",central_full,1,0
"1,1,1,2,2,1,6",bilateral_3pass,1,1
"1,1,1,2,2,1,6",clearinghouse,1,0
"1,1,1,2,2,1,6",public_pool,1,0
"1,1,1,2,2,1,6",subsidized_catch_up,1,0
"1,1,1,2,2,1,6",central_cap2,1,0
"1,1,1,2,2,1,6",equity_cap2,1,0
"1,1,1,2,2,1,6",central_full,1,0
"1,1,1,1,2,0,0",bilateral_3pass,1,1
"1,1,1,1,2,0,0",clearinghouse,1,0
"1,1,1,1,2,0,0",public_pool,1,0
"1,1,1,1,2,0,0",subsidized_catch_up,1,0
"1,1,1,1,2,0,0",central_cap2,1,0
"1,1,1,1,2,0,0",equity_cap2,1,0
"1,1,1,1,2,0,0",central_full,1,0
"1,2,2,1,1,2,2",bilateral_3pass,1,0
"1,2,2,1,1,2,2",clearinghouse,1,0
"1,2,2,1,1,2,2",public_pool,1,1
"1,2,2,1,1,2,2",subsidized_catch_up,1,0
"1,2,2,1,1,2,2",central_cap2,1,0
"1,2,2,1,1,2,2",equity_cap2,1,0
"1,2,2,1,1,2,2",central_full,1,0
"3,2,1,2,2,0,6",bilateral_3pass,1,0
"3,2,1,2,2,0,6",clearinghouse,1,0
"3,2,1,2,2,0,6",public_pool,1,0
"3,2,1,2,2,0,6",subsidized_catch_up,1,1
"3,2,1,2,2,0,6",central_cap2,1,0
"3,2,1,2,2,0,6",equity_cap2,1,0
"3,2,1,2,2,0,6",central_full,1,0
"3,3,2,3,0,2,0",bilateral_3pass,1,0
"3,3,2,3,0,2,0",clearinghouse,1,0
"3,3,2,3,0,2,0",public_pool,1,0
"3,3,2,3,0,2,0",subsidized_catch_up,1,1
"3,3,2,3,0,2,0",central_cap2,1,0
"3,3,2,3,0,2,0",equity_cap2,1,0
"3,3,2,3,0,2,0",central_full,1,0
"2,2,0,3,1,1,5",bilateral_3pass,1,0
"2,2,0,3,1,1,5",clearinghouse,1,0
"2,2,0,3,1,1,5",public_pool,1,0
"2,2,0,3,1,1,5",subsidized_catch_up,1,0
"2,2,0,3,1,1,5",central_cap2,1,1
"2,2,0,3,1,1,5",equity_cap2,1,0
"2,2,0,3,1,1,5",central_full,1,0
"3,3,2,2,2,1,2",bilateral_3pass,1,0
"3,3,2,2,2,1,2",clearinghouse,1,0
"3,3,2,2,2,1,2",public_pool,1,1
"3,3,2,2,2,1,2",subsidized_catch_up,1,0
"3,3,2,2,2,1,2",central_cap2,1,0
"3,3,2,2,2,1,2",equity_cap2,1,0
"3,3,2,2,2,1,2",central_full,1,0
"3,2,0,2,2,2,5",bilateral_3pass,1,0
"3,2,0,2,2,2,5",clearinghouse,1,0
"3,2,0,2,2,2,5",public_pool,1,0
"3,2,0,2,2,2,5",subsidized_catch_up,1,0
"3,2,0,2,2,2,5",central_cap2,1,0
"3,2,0,2,2,2,5",equity_cap2,1,1
"3,2,0,2,2,2,5",central_full,1,0
"2,1,0,2,0,1,6",bilateral_3pass,1,1
"2,1,0,2,0,1,6",clearinghouse,1,0
"2,1,0,2,0,1,6",public_pool,1,0
"2,1,0,2,0,1,6",subsidized_catch_up,1,0
"2,1,0,2,0,1,6",central_cap2,1,0
"2,1,0,2,0,1,6",equity_cap2,1,0
"2,1,0,2,0,1,6",central_full,1,0
"2,2,1,2,1,2,6",bilateral_3pass,1,0
"2,2,1,2,1,2,6",clearinghouse,1,1
"2,2,1,2,1,2,6",public_pool,1,0
"2,2,1,2,1,2,6",subsidized_catch_up,1,0
"2,2,1,2,1,2,6",central_cap2,1,0
"2,2,1,2,1,2,6",equity_cap2,1,0
"2,2,1,2,1,2,6",central_full,1,0
"3,1,2,1,0,2,6",bilateral_3pass,1,1
"3,1,2,1,0,2,6",clearinghouse,1,0
"3,1,2,1,0,2,6",public_pool,1,0
"3,1,2,1,0,2,6",subsidized_catch_up,1,0
"3,1,2,1,0,2,6",central_cap2,1,0
"3,1,2,1,0,2,6",equity_cap2,1,0
"3,1,2,1,0,2,6",central_full,1,0
"1,2,2,3,1,1,6",bilateral_3pass,1,1
"1,2,2,3,1,1,6",clearinghouse,1,0
"1,2,2,3,1,1,6",public_pool,1,0
"1,2,2,3,1,1,6",subsidized_catch_up,1,0
"1,2,2,3,1,1,6",central_cap2,1,0
"1,2,2,3,1,1,6",equity_cap2,1,0
"1,2,2,3,1,1,6",central_full,1,0
"3,1,2,3,0,2,5",bilateral_3pass,1,1
"3,1,2,3,0,2,5",clearinghouse,1,0
"3,1,2,3,0,2,5",public_pool,1,0
"3,1,2,3,0,2,5",subsidized_catch_up,1,0
"3,1,2,3,0,2,5",central_cap2,1,0
"3,1,2,3,0,2,5",equity_cap2,1,0
"3,1,2,3,0,2,5",central_full,1,0
"3,1,0,2,1,1,2",bilateral_3pass,1,1
"3,1,0,2,1,1,2",clearinghouse,1,0
"3,1,0,2,1,1,2",public_pool,1,0
"3,1,0,2,1,1,2",subsidized_catch_up,1,0
"3,1,0,2,1,1,2",central_cap2,1,0
"3,1,0,2,1,1,2",equity_cap2,1,0
"3,1,0,2,1,1,2",central_full,1,0
"3,3,0,3,1,0,0",bilateral_3pass,1,1
"3,3,0,3,1,0,0",clearinghouse,1,0
"3,3,0,3,1,0,0",public_pool,1,0
"3,3,0,3,1,0,0",subsidized_catch_up,1,0
"3,3,0,3,1,0,0",central_cap2,1,0
"3,3,0,3,1,0,0",equity_cap2,1,0
"3,3,0,3,1,0,0",central_full,1,0
"3,2,2,2,1,2,4",bilateral_3pass,1,0
"3,2,2,2,1,2,4",clearinghouse,1,1
"3,2,2,2,1,2,4",public_pool,1,0
"3,2,2,2,1,2,4",subsidized_catch_up,1,0
"3,2,2,2,1,2,4",central_cap2,1,0
"3,2,2,2,1,2,4",equity_cap2,1,0
"3,2,2,2,1,2,4",central_full,1,0
"2,2,2,3,0,0,2",bilateral_3pass,1,0
"2,2,2,3,0,0,2",clearinghouse,1,1
"2,2,2,3,0,0,2",public_pool,1,0
"2,2,2,3,0,0,2",subsidized_catch_up,1,0
"2,2,2,3,0,0,2",central_cap2,1,0
"2,2,2,3,0,0,2",equity_cap2,1,0
"2,2,2,3,0,0,2",central_full,1,0
"3,1,0,2,2,0,6",bilateral_3pass,1,1
"3,1,0,2,2,0,6",clearinghouse,1,0
"3,1,0,2,2,0,6",public_pool,1,0
"3,1,0,2,2,0,6",subsidized_catch_up,1,0
"3,1,0,2,2,0,6",central_cap2,1,0
"3,1,0,2,2,0,6",equity_cap2,1,0
"3,1,0,2,2,0,6",central_full,1,0
"0,1,2,2,0,2,1",bilateral_3pass,1,0
"0,1,2,2,0,2,1",clearinghouse,1,1
"0,1,2,2,0,2,1",public_pool,1,0
"0,1,2,2,0,2,1",subsidized_catch_up,1,0
"0,1,2,2,0,2,1",central_cap2,1,0
"0,1,2,2,0,2,1",equity_cap2,1,0
"0,1,2,2,0,2,1",central_full,1,0
"3,1,0,1,1,0,1",bilateral_3pass,1,1
"3,1,0,1,1,0,1",clearinghouse,1,0
"3,1,0,1,1,0,1",public_pool,1,0
"3,1,0,1,1,0,1",subsidized_catch_up,1,0
"3,1,0,1,1,0,1",central_cap2,1,0
"3,1,0,1,1,0,1",equity_cap2,1,0
"3,1,0,1,1,0,1",central_full,1,0
"3,2,2,2,1,2,6",bilateral_3pass,1,0
"3,2,2,2,1,2,6",clearinghouse,1,0
"3,2,2,2,1,2,6",public_pool,1,0
"3,2,2,2,1,2,6",subsidized_catch_up,1,1
"3,2,2,2,1,2,6",central_cap2,1,0
"3,2,2,2,1,2,6",equity_cap2,1,0
"3,2,2,2,1,2,6",central_full,1,0
"3,3,2,1,2,1,1",bilateral_3pass,1,0
"3,3,2,1,2,1,1",clearinghouse,1,1
"3,3,2,1,2,1,1",public_pool,1,0
"3,3,2,1,2,1,1",subsidized_catch_up,1,0
"3,3,2,1,2,1,1",central_cap2,1,0
"3,3,2,1,2,1,1",equity_cap2,1,0
"3,3,2,1,2,1,1",central_full,1,0
"3,3,2,2,2,1,1",bilateral_3pass,1,0
"3,3,2,2,2,1,1",clearinghouse,1,0
"3,3,2,2,2,1,1",public_pool,1,1
"3,3,2,2,2,1,1",subsidized_catch_up,1,0
"3,3,2,2,2,1,1",central_cap2,1,0
"3,3,2,2,2,1,1",equity_cap2,1,0
"3,3,2,2,2,1,1",central_full,1,0
"3,2,1,3,1,1,6",bilateral_3pass,1,0
"3,2,1,3,1,1,6",clearinghouse,1,1
"3,2,1,3,1,1,6",public_pool,1,0
"3,2,1,3,1,1,6",subsidized_catch_up,1,0
"3,2,1,3,1,1,6",central_cap2,1,0
"3,2,1,3,1,1,6",equity_cap2,1,0
"3,2,1,3,1,1,6",central_full,1,0
"3,2,1,3,0,2,6",bilateral_3pass,1,0
"3,2,1,3,0,2,6",clearinghouse,1,0
"3,2,1,3,0,2,6",public_pool,1,0
"3,2,1,3,0,2,6",subsidized_catch_up,1,1
"3,2,1,3,0,2,6",central_cap2,1,0
"3,2,1,3,0,2,6",equity_cap2,1,0
"3,2,1,3,0,2,6",central_full,1,0
"2,1,2,2,0,0,6",bilateral_3pass,1,1
"2,1,2,2,0,0,6",clearinghouse,1,0
"2,1,2,2,0,0,6",public_pool,1,0
"2,1,2,2,0,0,6",subsidized_catch_up,1,0
"2,1,2,2,0,0,6",central_cap2,1,0
"2,1,2,2,0,0,6",equity_cap2,1,0
"2,1,2,2,0,0,6",central_full,1,0
"2,1,0,1,2,0,4",bilateral_3pass,1,1
"2,1,0,1,2,0,4",clearinghouse,1,0
"2,1,0,1,2,0,4",public_pool,1,0
"2,1,0,1,2,0,4",subsidized_catch_up,1,0
"2,1,0,1,2,0,4",central_cap2,1,0
"2,1,0,1,2,0,4",equity_cap2,1,0
"2,1,0,1,2,0,4",central_full,1,0
"3,2,0,1,2,1,6",bilateral_3pass,1,0
"3,2,0,1,2,1,6",clearinghouse,1,1
"3,2,0,1,2,1,6",public_pool,1,0
"3,2,0,1,2,1,6",subsidized_catch_up,1,0
"3,2,0,1,2,1,6",central_cap2,1,0
"3,2,0,1,2,1,6",equity_cap2,1,0
"3,2,0,1,2,1,6",central_full,1,0
"3,3,2,1,2,1,3",bilateral_3pass,1,0
"3,3,2,1,2,1,3",clearinghouse,1,0
"3,3,2,1,2,1,3",public_pool,1,0
"3,3,2,1,2,1,3",subsidized_catch_up,1,0
"3,3,2,1,2,1,3",central_cap2,1,0
"3,3,2,1,2,1,3",equity_cap2,1,0
"3,3,2,1,2,1,3",central_full,1,1
"1,1,0,1,1,1,6",bilateral_3pass,1,1
"1,1,0,1,1,1,6",clearinghouse,1,0
"1,1,0,1,1,1,6",public_pool,1,0
"1,1,0,1,1,1,6",subsidized_catch_up,1,0
"1,1,0,1,1,1,6",central_cap2,1,0
"1,1,0,1,1,1,6",equity_cap2,1,0
"1,1,0,1,1,1,6",central_full,1,0
