episode,seed,scenario,scenario_label,change_round,epsilon,total_reward,mean_absolute_td_error,final_total_score,final_mean_score,final_min_score,bottom_two_mean_score,final_max_score,final_score_gap,final_welfare,final_coordination_capacity,cumulative_capacity_cost,cumulative_workload_units,rounds_bilateral_3pass,rounds_clearinghouse,rounds_public_pool,rounds_subsidized_catch_up,rounds_central_cap2,rounds_equity_cap2,rounds_central_full,policy_name,policy_label,gini_score
,500000,need_based,Need-based,,0.0,24.65,,136,27.2,17,18.0,41,24,24.65,3,25,174,12,3,0,3,0,1,1,learned_q,Learned Q policy,0.18529411764705883
,500000,cooperative,Cooperative,,0.0,20.549999999999997,,122,24.4,9,11.5,39,30,20.549999999999997,4,24,219,12,4,1,2,0,0,1,learned_q,Learned Q policy,0.25901639344262306
,500000,hoarding,Hoarding,,0.0,20.299999999999997,,122,24.4,8,10.0,46,38,20.299999999999997,4,24,91,12,3,0,3,0,1,1,learned_q,Learned Q policy,0.3377049180327869
,500000,mixed,Mixed,,0.0,19.35,,119,23.8,6,12.0,54,48,19.35,1,27,134,12,3,1,2,0,1,1,learned_q,Learned Q policy,0.33613445378151274
,500000,need_based_to_competitive,Need-based → competitive,10.0,0.0,19.950000000000003,,118,23.6,9,11.0,49,40,19.950000000000003,4,24,125,13,1,0,3,0,1,2,learned_q,Learned Q policy,0.311864406779661
,500000,cooperative_to_hoarding,Cooperative → hoarding,10.0,0.0,16.5,,100,20.0,6,11.5,38,32,16.5,3,25,112,12,3,1,3,0,0,1,learned_q,Learned Q policy,0.268
,500001,need_based,Need-based,,0.0,30.25,,160,32.0,25,25.5,43,18,30.25,4,24,158,13,3,0,2,0,0,2,learned_q,Learned Q policy,0.12250000000000005
,500001,cooperative,Cooperative,,0.0,20.1,,124,24.8,6,15.5,36,30,20.1,2,26,189,12,2,1,4,0,1,0,learned_q,Learned Q policy,0.20967741935483875
,500001,hoarding,Hoarding,,0.0,15.299999999999999,,97,19.4,3,8.5,30,27,15.299999999999999,2,26,50,12,2,0,4,0,1,1,learned_q,Learned Q policy,0.27628865979381456
,500001,mixed,Mixed,,0.0,20.9,,116,23.2,14,18.0,33,19,20.9,2,26,115,13,3,0,1,0,1,2,learned_q,Learned Q policy,0.14137931034482754
,500001,need_based_to_competitive,Need-based → competitive,10.0,0.0,23.6,,134,26.8,14,16.5,44,30,23.6,2,26,116,13,2,0,2,0,0,3,learned_q,Learned Q policy,0.22686567164179117
,500001,cooperative_to_hoarding,Cooperative → hoarding,10.0,0.0,19.700000000000003,,113,22.6,11,14.0,34,23,19.700000000000003,3,25,126,13,1,0,4,0,1,1,learned_q,Learned Q policy,0.19469026548672574
,500002,need_based,Need-based,,0.0,17.75,,95,19.0,14,14.0,33,19,17.75,4,24,206,11,2,2,5,0,0,0,learned_q,Learned Q policy,0.17263157894736847
,500002,cooperative,Cooperative,,0.0,21.0,,130,26.0,6,17.0,36,30,21.0,4,24,208,12,4,1,3,0,0,0,learned_q,Learned Q policy,0.1907692307692308
,500002,hoarding,Hoarding,,0.0,17.549999999999997,,107,21.4,6,7.5,43,37,17.549999999999997,3,25,89,11,4,1,2,2,0,0,learned_q,Learned Q policy,0.3551401869158879
,500002,mixed,Mixed,,0.0,20.6,,114,22.8,14,15.5,33,19,20.6,7,21,101,14,0,1,2,2,0,1,learned_q,Learned Q policy,0.18245614035087732
,500002,need_based_to_competitive,Need-based → competitive,10.0,0.0,20.9,,111,22.2,17,17.0,36,19,20.9,5,23,103,13,1,1,4,0,0,1,learned_q,Learned Q policy,0.15495495495495493
,500002,cooperative_to_hoarding,Cooperative → hoarding,10.0,0.0,19.700000000000003,,108,21.6,14,15.5,28,14,19.700000000000003,1,27,149,11,4,1,4,0,0,0,learned_q,Learned Q policy,0.1333333333333333
,500003,need_based,Need-based,,0.0,19.4,,111,22.2,11,14.0,33,22,19.4,3,25,206,12,3,1,2,0,1,1,learned_q,Learned Q policy,0.18738738738738747
,500003,cooperative,Cooperative,,0.0,21.65,,126,25.2,11,15.0,47,36,21.65,4,24,183,13,1,0,3,0,1,2,learned_q,Learned Q policy,0.2507936507936508
,500003,hoarding,Hoarding,,0.0,16.200000000000003,,93,18.6,9,11.5,39,30,16.200000000000003,2,26,65,11,2,0,5,0,1,1,learned_q,Learned Q policy,0.2709677419354839
,500003,mixed,Mixed,,0.0,16.5,,100,20.0,6,9.0,34,28,16.5,3,25,129,12,2,0,4,0,1,1,learned_q,Learned Q policy,0.29600000000000004
,500003,need_based_to_competitive,Need-based → competitive,10.0,0.0,11.850000000000001,,69,13.8,6,7.5,23,17,11.850000000000001,2,26,80,11,4,0,3,0,1,1,learned_q,Learned Q policy,0.24347826086956537
,500003,cooperative_to_hoarding,Cooperative → hoarding,10.0,0.0,14.700000000000001,,88,17.6,6,6.0,34,28,14.700000000000001,2,26,101,11,2,0,4,0,1,2,learned_q,Learned Q policy,0.3772727272727274
,500004,need_based,Need-based,,0.0,18.65,,101,20.2,14,16.5,25,11,18.65,3,25,106,11,2,0,6,0,0,1,learned_q,Learned Q policy,0.10297029702970306
,500004,cooperative,Cooperative,,0.0,21.35,,119,23.8,14,15.5,39,25,21.35,2,26,205,11,4,1,3,1,0,0,learned_q,Learned Q policy,0.20504201680672263
,500004,hoarding,Hoarding,,0.0,20.9,,116,23.2,14,18.0,33,19,20.9,2,26,71,12,1,0,5,0,1,1,learned_q,Learned Q policy,0.14137931034482754
,500004,mixed,Mixed,,0.0,17.75,,100,20.0,11,15.5,25,14,17.75,2,26,122,12,3,0,2,0,1,2,learned_q,Learned Q policy,0.1200000000000001
,500004,need_based_to_competitive,Need-based → competitive,10.0,0.0,23.299999999999997,,122,24.4,20,21.0,28,8,23.299999999999997,3,25,111,12,0,1,5,0,0,2,learned_q,Learned Q policy,0.06885245901639347
,500004,cooperative_to_hoarding,Cooperative → hoarding,10.0,0.0,16.200000000000003,,98,19.6,6,9.0,33,27,16.200000000000003,3,25,137,11,5,0,3,1,0,0,learned_q,Learned Q policy,0.28163265306122454
,500005,need_based,Need-based,,0.0,20.9,,121,24.2,11,14.0,41,30,20.9,5,23,107,12,3,1,4,0,0,0,learned_q,Learned Q policy,0.24132231404958682
,500005,cooperative,Cooperative,,0.0,12.899999999999999,,81,16.2,3,7.0,25,22,12.899999999999999,3,25,125,11,2,1,4,0,2,0,learned_q,Learned Q policy,0.28641975308641987
,500005,hoarding,Hoarding,,0.0,18.450000000000003,,108,21.6,9,10.0,35,26,18.450000000000003,3,25,80,11,0,2,6,0,1,0,learned_q,Learned Q policy,0.2666666666666666
,500005,mixed,Mixed,,0.0,14.549999999999999,,92,18.4,3,7.0,33,30,14.549999999999999,3,25,81,11,3,1,5,0,0,0,learned_q,Learned Q policy,0.31304347826086953
,500005,need_based_to_competitive,Need-based → competitive,10.0,0.0,11.55,,72,14.4,3,7.0,22,19,11.55,3,25,102,11,5,1,3,0,0,0,learned_q,Learned Q policy,0.27222222222222237
,500005,cooperative_to_hoarding,Cooperative → hoarding,10.0,0.0,13.049999999999999,,82,16.4,3,9.0,25,22,13.049999999999999,2,26,94,12,3,1,2,0,2,0,learned_q,Learned Q policy,0.24878048780487805
,500006,need_based,Need-based,,0.0,30.6,,159,31.8,27,28.0,39,12,30.6,3,25,133,12,2,1,4,0,1,0,learned_q,Learned Q policy,0.07044025157232703
,500006,cooperative,Cooperative,,0.0,26.200000000000003,,143,28.6,19,19.5,45,26,26.200000000000003,3,22,195,12,2,2,4,0,0,0,learned_q,Learned Q policy,0.17902097902097913
,500006,hoarding,Hoarding,,0.0,20.450000000000003,,113,22.6,14,14.0,36,22,20.450000000000003,2,26,98,11,1,1,5,2,0,0,learned_q,Learned Q policy,0.2194690265486725
,500006,mixed,Mixed,,0.0,15.950000000000001,,103,20.6,2,9.5,36,34,15.950000000000001,1,27,124,10,4,1,4,0,0,1,learned_q,Learned Q policy,0.3106796116504855
,500006,need_based_to_competitive,Need-based → competitive,10.0,0.0,20.6,,119,23.8,11,12.5,36,25,20.6,4,24,94,12,2,1,5,0,0,0,learned_q,Learned Q policy,0.23193277310924376
,500006,cooperative_to_hoarding,Cooperative → hoarding,10.0,0.0,20.6,,119,23.8,11,12.5,44,33,20.6,4,24,107,11,4,2,3,0,0,0,learned_q,Learned Q policy,0.27563025210084047
,500007,need_based,Need-based,,0.0,25.549999999999997,,137,27.4,20,21.0,36,16,25.549999999999997,2,26,152,13,2,1,2,1,0,1,learned_q,Learned Q policy,0.1284671532846715
,500007,cooperative,Cooperative,,0.0,20.9,,116,23.2,14,14.0,40,26,20.9,4,24,201,12,3,2,3,0,0,0,learned_q,Learned Q policy,0.24482758620689649
,500007,hoarding,Hoarding,,0.0,18.65,,101,20.2,14,14.0,36,22,18.65,3,25,77,11,4,1,3,0,1,0,learned_q,Learned Q policy,0.19801980198019797
,500007,mixed,Mixed,,0.0,23.75,,135,27.0,14,15.5,38,24,23.75,4,24,149,13,1,2,3,0,0,1,learned_q,Learned Q policy,0.1896296296296296
,500007,need_based_to_competitive,Need-based → competitive,10.0,0.0,17.4,,101,20.2,9,11.5,36,27,17.4,2,26,121,12,2,1,4,0,0,1,learned_q,Learned Q policy,0.24554455445544554
,500007,cooperative_to_hoarding,Cooperative → hoarding,10.0,0.0,16.35,,99,19.8,6,8.5,34,28,16.35,4,24,118,11,4,1,4,0,0,0,learned_q,Learned Q policy,0.30707070707070705
,500008,need_based,Need-based,,0.0,21.049999999999997,,117,23.4,14,14.0,36,22,21.049999999999997,2,26,122,12,2,1,3,0,0,2,learned_q,Learned Q policy,0.19829059829059825
,500008,cooperative,Cooperative,,0.0,27.85,,154,30.8,19,22.0,43,24,27.85,6,22,222,13,2,2,2,0,0,1,learned_q,Learned Q policy,0.1610389610389611
,500008,hoarding,Hoarding,,0.0,20.0,,110,22.0,14,15.5,30,16,20.0,6,22,94,12,3,1,3,1,0,0,learned_q,Learned Q policy,0.1454545454545455
,500008,mixed,Mixed,,0.0,21.15,,121,24.2,12,13.0,40,28,21.15,4,24,118,12,2,1,3,1,1,0,learned_q,Learned Q policy,0.23801652892561997
,500008,need_based_to_competitive,Need-based → competitive,10.0,0.0,20.15,,111,22.2,14,14.0,35,21,20.15,6,22,90,13,0,2,4,0,0,1,learned_q,Learned Q policy,0.20540540540540553
,500008,cooperative_to_hoarding,Cooperative → hoarding,10.0,0.0,23.75,,130,26.0,17,18.0,34,17,23.75,6,22,131,12,1,3,3,0,0,1,learned_q,Learned Q policy,0.1384615384615384
,500009,need_based,Need-based,,0.0,25.1,,144,28.8,14,22.0,38,24,25.1,4,24,143,12,3,1,4,0,0,0,learned_q,Learned Q policy,0.13888888888888884
,500009,cooperative,Cooperative,,0.0,22.85,,134,26.8,11,12.5,49,38,22.85,2,26,240,11,2,3,4,0,0,0,learned_q,Learned Q policy,0.28955223880597014
,500009,hoarding,Hoarding,,0.0,16.25,,90,18.0,11,14.5,22,11,16.25,2,26,87,11,1,1,6,0,0,1,learned_q,Learned Q policy,0.10666666666666669
,500009,mixed,Mixed,,0.0,14.600000000000001,,89,17.8,5,8.0,25,20,14.600000000000001,1,27,111,11,4,1,3,0,0,1,learned_q,Learned Q policy,0.24269662921348312
,500009,need_based_to_competitive,Need-based → competitive,10.0,0.0,23.299999999999997,,127,25.4,17,17.0,38,21,23.299999999999997,2,26,111,12,4,1,2,0,1,0,learned_q,Learned Q policy,0.18267716535433065
,500009,cooperative_to_hoarding,Cooperative → hoarding,10.0,0.0,15.299999999999999,,92,18.4,6,8.5,36,30,15.299999999999999,2,26,165,11,0,3,5,0,1,0,learned_q,Learned Q policy,0.32173913043478275
,500010,need_based,Need-based,,0.0,18.15,,111,22.2,6,10.0,41,35,18.15,3,25,125,12,1,1,4,0,1,1,learned_q,Learned Q policy,0.3171171171171172
,500010,cooperative,Cooperative,,0.0,25.4,,141,28.2,17,18.5,38,21,25.4,4,24,212,12,2,2,3,1,0,0,learned_q,Learned Q policy,0.1645390070921986
,500010,hoarding,Hoarding,,0.0,19.799999999999997,,117,23.4,9,11.5,38,29,19.799999999999997,3,25,65,11,2,2,4,1,0,0,learned_q,Learned Q policy,0.2564102564102564
,500010,mixed,Mixed,,0.0,24.35,,139,27.8,14,18.0,44,30,24.35,3,25,96,12,3,1,3,1,0,0,learned_q,Learned Q policy,0.20431654676259003
,500010,need_based_to_competitive,Need-based → competitive,10.0,0.0,17.0,,105,21.0,5,11.0,38,33,17.0,1,27,97,11,3,1,4,0,0,1,learned_q,Learned Q policy,0.29333333333333345
,500010,cooperative_to_hoarding,Cooperative → hoarding,10.0,0.0,20.1,,119,23.8,9,9.0,44,35,20.1,2,26,113,11,3,2,3,0,0,1,learned_q,Learned Q policy,0.32268907563025206
,500011,need_based,Need-based,,0.0,34.650000000000006,,181,36.2,30,32.0,44,14,34.650000000000006,6,22,294,13,0,2,4,1,0,0,learned_q,Learned Q policy,0.07071823204419903
,500011,cooperative,Cooperative,,0.0,19.549999999999997,,107,21.4,14,15.5,32,18,19.549999999999997,6,22,152,13,2,0,2,2,0,1,learned_q,Learned Q policy,0.15327102803738324
,500011,hoarding,Hoarding,,0.0,17.25,,105,21.0,6,12.5,31,25,17.25,2,26,64,12,3,0,3,0,1,1,learned_q,Learned Q policy,0.220952380952381
,500011,mixed,Mixed,,0.0,17.299999999999997,,92,18.4,14,15.5,22,8,17.299999999999997,5,23,89,12,0,0,6,0,1,1,learned_q,Learned Q policy,0.0913043478260871
,500011,need_based_to_competitive,Need-based → competitive,10.0,0.0,28.9,,156,31.2,22,24.5,39,17,28.9,3,25,179,12,1,1,4,2,0,0,learned_q,Learned Q policy,0.11538461538461542
,500011,cooperative_to_hoarding,Cooperative → hoarding,10.0,0.0,18.0,,105,21.0,9,13.5,30,21,18.0,5,23,103,12,2,0,4,2,0,0,learned_q,Learned Q policy,0.1942857142857144
,500012,need_based,Need-based,,0.0,21.9,,131,26.2,9,17.0,39,30,21.9,2,26,238,11,4,2,3,0,0,0,learned_q,Learned Q policy,0.1984732824427482
,500012,cooperative,Cooperative,,0.0,23.299999999999997,,132,26.4,14,15.5,38,24,23.299999999999997,2,26,171,11,4,2,3,0,0,0,learned_q,Learned Q policy,0.20909090909090922
,500012,hoarding,Hoarding,,0.0,21.35,,114,22.8,17,17.0,33,16,21.35,1,27,77,10,4,1,4,1,0,0,learned_q,Learned Q policy,0.15438596491228074
,500012,mixed,Mixed,,0.0,23.799999999999997,,127,25.4,19,21.5,33,14,23.799999999999997,3,25,122,12,2,1,4,1,0,0,learned_q,Learned Q policy,0.09448818897637801
,500012,need_based_to_competitive,Need-based → competitive,10.0,0.0,20.4,,121,24.2,9,15.5,35,26,20.4,2,26,122,11,5,1,3,0,0,0,learned_q,Learned Q policy,0.19173553719008263
,500012,cooperative_to_hoarding,Cooperative → hoarding,10.0,0.0,16.65,,96,19.2,9,11.5,33,24,16.65,3,25,84,10,5,2,3,0,0,0,learned_q,Learned Q policy,0.25
,500013,need_based,Need-based,,0.0,33.349999999999994,,179,35.8,26,29.5,47,21,33.349999999999994,2,26,172,11,5,1,2,1,0,0,learned_q,Learned Q policy,0.10502793296089385
,500013,cooperative,Cooperative,,0.0,31.200000000000003,,163,32.6,27,28.5,39,12,31.200000000000003,6,22,229,12,3,1,4,0,0,0,learned_q,Learned Q policy,0.06871165644171784
,500013,hoarding,Hoarding,,0.0,19.35,,114,22.8,9,15.0,31,22,19.35,2,26,46,11,2,1,4,2,0,0,learned_q,Learned Q policy,0.18947368421052646
,500013,mixed,Mixed,,0.0,22.25,,125,25.0,14,15.5,38,24,22.25,4,24,140,12,5,1,1,0,0,1,learned_q,Learned Q policy,0.19520000000000004
,500013,need_based_to_competitive,Need-based → competitive,10.0,0.0,28.400000000000002,,161,32.2,17,22.5,47,30,28.400000000000002,2,26,125,11,5,1,2,0,1,0,learned_q,Learned Q policy,0.168944099378882
,500013,cooperative_to_hoarding,Cooperative → hoarding,10.0,0.0,27.25,,140,28.0,25,25.0,36,11,27.25,3,25,129,11,1,1,6,1,0,0,learned_q,Learned Q policy,0.0685714285714285
,500014,need_based,Need-based,,0.0,22.5,,125,25.0,15,18.5,31,16,22.5,6,22,128,13,4,0,2,0,0,1,learned_q,Learned Q policy,0.1280000000000001
,500014,cooperative,Cooperative,,0.0,18.200000000000003,,103,20.6,11,13.0,33,22,18.200000000000003,3,25,198,12,4,0,2,1,1,0,learned_q,Learned Q policy,0.2174757281553399
,500014,hoarding,Hoarding,,0.0,14.100000000000001,,79,15.8,9,11.5,25,16,14.100000000000001,3,25,39,12,2,0,4,0,1,1,learned_q,Learned Q policy,0.17721518987341778
,500014,mixed,Mixed,,0.0,16.950000000000003,,103,20.6,6,11.5,41,35,16.950000000000003,5,23,109,13,3,0,3,0,0,1,learned_q,Learned Q policy,0.2912621359223302
,500014,need_based_to_competitive,Need-based → competitive,10.0,0.0,21.049999999999997,,117,23.4,14,15.5,34,20,21.049999999999997,4,24,93,12,3,0,4,0,0,1,learned_q,Learned Q policy,0.18119658119658122
,500014,cooperative_to_hoarding,Cooperative → hoarding,10.0,0.0,12.899999999999999,,76,15.2,6,10.0,22,16,12.899999999999999,3,25,111,12,3,0,3,1,1,0,learned_q,Learned Q policy,0.1842105263157896
,500015,need_based,Need-based,,0.0,23.9,,131,26.2,17,18.5,34,17,23.9,6,22,154,13,2,1,3,0,1,0,learned_q,Learned Q policy,0.14045801526717572
,500015,cooperative,Cooperative,,0.0,16.4,,101,20.2,5,11.5,30,25,16.4,3,25,194,12,4,2,2,0,0,0,learned_q,Learned Q policy,0.22970297029702968
,500015,hoarding,Hoarding,,0.0,20.1,,124,24.8,6,10.5,45,39,20.1,4,24,57,12,1,1,4,1,1,0,learned_q,Learned Q policy,0.33225806451612905
,500015,mixed,Mixed,,0.0,15.299999999999999,,92,18.4,6,10.0,34,28,15.299999999999999,3,25,73,12,2,1,3,2,0,0,learned_q,Learned Q policy,0.27826086956521734
,500015,need_based_to_competitive,Need-based → competitive,10.0,0.0,19.200000000000003,,108,21.6,12,12.5,31,19,19.200000000000003,4,24,80,11,2,3,4,0,0,0,learned_q,Learned Q policy,0.20370370370370372
,500015,cooperative_to_hoarding,Cooperative → hoarding,10.0,0.0,14.700000000000001,,88,17.6,6,6.0,30,24,14.700000000000001,3,25,103,12,2,1,5,0,0,0,learned_q,Learned Q policy,0.32272727272727275
,500016,need_based,Need-based,,0.0,27.200000000000003,,158,31.6,14,20.5,42,28,27.200000000000003,4,24,124,13,1,0,3,0,1,2,learned_q,Learned Q policy,0.1746835443037975
,500016,cooperative,Cooperative,,0.0,25.0,,145,29.0,13,15.0,39,26,25.0,3,25,164,11,4,0,4,0,1,0,learned_q,Learned Q policy,0.2013793103448276
,500016,hoarding,Hoarding,,0.0,19.35,,119,23.8,6,13.0,38,32,19.35,3,25,60,12,4,0,1,0,1,2,learned_q,Learned Q policy,0.24873949579831933
,500016,mixed,Mixed,,0.0,21.6,,124,24.8,12,14.5,40,28,21.6,4,24,121,12,1,0,5,0,1,1,learned_q,Learned Q policy,0.23225806451612918
,500016,need_based_to_competitive,Need-based → competitive,10.0,0.0,21.9,,136,27.2,6,15.5,44,38,21.9,3,25,99,12,2,0,3,0,1,2,learned_q,Learned Q policy,0.24705882352941178
,500016,cooperative_to_hoarding,Cooperative → hoarding,10.0,0.0,23.6,,134,26.8,14,16.0,38,24,23.6,2,26,102,10,4,0,5,0,1,0,learned_q,Learned Q policy,0.19701492537313436
,500017,need_based,Need-based,,0.0,21.049999999999997,,117,23.4,14,15.5,34,20,21.049999999999997,3,25,174,11,3,1,5,0,0,0,learned_q,Learned Q policy,0.170940170940171
,500017,cooperative,Cooperative,,0.0,18.85,,104,20.8,13,13.5,30,17,18.85,4,24,180,12,2,2,4,0,0,0,learned_q,Learned Q policy,0.1923076923076923
,500017,hoarding,Hoarding,,0.0,18.9,,101,20.2,15,16.0,28,13,18.9,3,25,62,11,1,1,6,0,0,1,learned_q,Learned Q policy,0.12277227722772288
,500017,mixed,Mixed,,0.0,20.299999999999997,,107,21.4,17,18.5,25,8,20.299999999999997,3,25,113,11,3,1,5,0,0,0,learned_q,Learned Q policy,0.07102803738317753
,500017,need_based_to_competitive,Need-based → competitive,10.0,0.0,16.65,,96,19.2,9,10.5,36,27,16.65,2,26,111,10,4,1,5,0,0,0,learned_q,Learned Q policy,0.2583333333333333
,500017,cooperative_to_hoarding,Cooperative → hoarding,10.0,0.0,17.0,,90,18.0,14,15.5,20,6,17.0,3,25,133,12,1,2,4,0,0,1,learned_q,Learned Q policy,0.06666666666666665
,500018,need_based,Need-based,,0.0,23.299999999999997,,127,25.4,17,19.5,36,19,23.299999999999997,2,26,242,11,3,2,4,0,0,0,learned_q,Learned Q policy,0.14488188976377958
,500018,cooperative,Cooperative,,0.0,12.149999999999999,,71,14.2,6,6.0,28,22,12.149999999999999,4,24,112,11,3,1,5,0,0,0,learned_q,Learned Q policy,0.3098591549295775
,500018,hoarding,Hoarding,,0.0,16.5,,100,20.0,6,10.0,33,27,16.5,4,24,80,10,3,1,6,0,0,0,learned_q,Learned Q policy,0.26
,500018,mixed,Mixed,,0.0,19.200000000000003,,113,22.6,9,11.5,41,32,19.200000000000003,5,23,134,12,3,1,4,0,0,0,learned_q,Learned Q policy,0.2654867256637168
,500018,need_based_to_competitive,Need-based → competitive,10.0,0.0,21.950000000000003,,118,23.6,17,18.0,33,16,21.950000000000003,1,27,98,10,4,1,5,0,0,0,learned_q,Learned Q policy,0.13559322033898313
,500018,cooperative_to_hoarding,Cooperative → hoarding,10.0,0.0,16.35,,89,17.8,12,13.0,30,18,16.35,5,23,113,13,2,1,3,0,0,1,learned_q,Learned Q policy,0.18426966292134828
,500019,need_based,Need-based,,0.0,24.4,,126,25.2,22,22.0,30,8,24.4,3,25,214,12,1,2,3,1,1,0,learned_q,Learned Q policy,0.06666666666666665
,500019,cooperative,Cooperative,,0.0,22.85,,129,25.8,14,15.5,49,35,22.85,2,26,166,12,3,1,2,0,1,1,learned_q,Learned Q policy,0.24806201550387597
,500019,hoarding,Hoarding,,0.0,18.950000000000003,,103,20.6,14,14.0,25,11,18.950000000000003,3,25,67,11,0,1,7,1,0,0,learned_q,Learned Q policy,0.12815533980582527
,500019,mixed,Mixed,,0.0,19.700000000000003,,103,20.6,17,17.0,25,8,19.700000000000003,4,24,109,13,2,1,2,1,0,1,learned_q,Learned Q policy,0.08155339805825257
,500019,need_based_to_competitive,Need-based → competitive,10.0,0.0,14.700000000000001,,88,17.6,6,10.0,31,25,14.700000000000001,3,25,98,11,2,1,5,1,0,0,learned_q,Learned Q policy,0.25454545454545463
,500019,cooperative_to_hoarding,Cooperative → hoarding,10.0,0.0,16.5,,100,20.0,6,6.0,47,41,16.5,2,26,124,10,3,1,5,0,0,1,learned_q,Learned Q policy,0.42400000000000015
,500020,need_based,Need-based,,0.0,21.049999999999997,,117,23.4,14,17.0,29,15,21.049999999999997,2,26,159,12,2,1,3,2,0,0,learned_q,Learned Q policy,0.1333333333333333
,500020,cooperative,Cooperative,,0.0,21.049999999999997,,122,24.4,11,13.0,36,25,21.049999999999997,1,27,206,10,6,1,3,0,0,0,learned_q,Learned Q policy,0.2163934426229508
,500020,hoarding,Hoarding,,0.0,18.15,,111,22.2,6,10.0,47,41,18.15,1,27,84,10,5,1,4,0,0,0,learned_q,Learned Q policy,0.3423423423423424
,500020,mixed,Mixed,,0.0,16.65,,91,18.2,12,13.0,34,22,16.65,3,25,117,11,2,2,5,0,0,0,learned_q,Learned Q policy,0.20659340659340675
,500020,need_based_to_competitive,Need-based → competitive,10.0,0.0,18.799999999999997,,102,20.4,14,15.5,26,12,18.799999999999997,2,26,128,12,2,1,4,0,0,1,learned_q,Learned Q policy,0.11764705882352944
,500020,cooperative_to_hoarding,Cooperative → hoarding,10.0,0.0,12.600000000000001,,79,15.8,3,5.5,30,27,12.600000000000001,2,26,165,10,4,1,5,0,0,0,learned_q,Learned Q policy,0.3594936708860761
,500021,need_based,Need-based,,0.0,23.1,,139,27.8,9,13.5,41,32,23.1,4,24,134,12,3,0,4,0,0,1,learned_q,Learned Q policy,0.24172661870503598
,500021,cooperative,Cooperative,,0.0,15.149999999999999,,86,17.2,9,11.5,31,22,15.149999999999999,4,24,131,12,2,1,4,1,0,0,learned_q,Learned Q policy,0.21860465116279082
,500021,hoarding,Hoarding,,0.0,19.200000000000003,,118,23.6,6,16.5,29,23,19.200000000000003,3,25,92,13,0,0,4,1,1,1,learned_q,Learned Q policy,0.15932203389830524
,500021,mixed,Mixed,,0.0,23.299999999999997,,137,27.4,11,16.5,43,32,23.299999999999997,5,23,175,13,0,0,5,0,1,1,learned_q,Learned Q policy,0.21897810218978098
,500021,need_based_to_competitive,Need-based → competitive,10.0,0.0,21.9,,136,27.2,6,13.0,49,43,21.9,3,25,88,11,4,0,4,0,0,1,learned_q,Learned Q policy,0.29117647058823537
,500021,cooperative_to_hoarding,Cooperative → hoarding,10.0,0.0,15.600000000000001,,94,18.8,6,10.5,32,26,15.600000000000001,2,26,123,12,2,1,4,1,0,0,learned_q,Learned Q policy,0.25106382978723407
,500022,need_based,Need-based,,0.0,16.65,,96,19.2,9,13.0,31,22,16.65,5,23,143,14,1,1,2,0,0,2,learned_q,Learned Q policy,0.2041666666666666
,500022,cooperative,Cooperative,,0.0,21.35,,124,24.8,11,16.5,36,25,21.35,2,26,237,11,4,2,3,0,0,0,learned_q,Learned Q policy,0.18709677419354853
,500022,hoarding,Hoarding,,0.0,14.549999999999999,,87,17.4,6,10.0,25,19,14.549999999999999,2,26,57,10,3,1,5,1,0,0,learned_q,Learned Q policy,0.21149425287356327
,500022,mixed,Mixed,,0.0,13.2,,78,15.6,6,6.0,26,20,13.2,5,23,77,10,1,1,8,0,0,0,learned_q,Learned Q policy,0.3076923076923077
,500022,need_based_to_competitive,Need-based → competitive,10.0,0.0,15.600000000000001,,94,18.8,6,11.5,26,20,15.600000000000001,2,26,104,12,3,1,3,0,0,1,learned_q,Learned Q policy,0.1957446808510639
,500022,cooperative_to_hoarding,Cooperative → hoarding,10.0,0.0,15.600000000000001,,94,18.8,6,10.0,29,23,15.600000000000001,1,27,127,10,6,2,2,0,0,0,learned_q,Learned Q policy,0.24255319148936172
,500023,need_based,Need-based,,0.0,26.25,,145,29.0,18,20.0,50,32,26.25,3,25,145,12,1,1,4,2,0,0,learned_q,Learned Q policy,0.2068965517241379
,500023,cooperative,Cooperative,,0.0,23.299999999999997,,132,26.4,14,16.5,52,38,23.299999999999997,5,23,206,12,2,1,5,0,0,0,learned_q,Learned Q policy,0.25757575757575757
,500023,hoarding,Hoarding,,0.0,17.4,,106,21.2,6,7.5,44,38,17.4,3,25,93,10,2,2,5,1,0,0,learned_q,Learned Q policy,0.34716981132075486
,500023,mixed,Mixed,,0.0,16.85,,94,18.8,11,12.5,30,19,16.85,6,22,130,13,0,1,5,1,0,0,learned_q,Learned Q policy,0.1957446808510639
,500023,need_based_to_competitive,Need-based → competitive,10.0,0.0,24.35,,134,26.8,17,17.0,49,32,24.35,3,25,160,11,3,1,5,0,0,0,learned_q,Learned Q policy,0.22985074626865676
,500023,cooperative_to_hoarding,Cooperative → hoarding,10.0,0.0,23.9,,141,28.2,11,16.5,52,41,23.9,2,26,138,11,3,1,5,0,0,0,learned_q,Learned Q policy,0.25531914893617036
,500024,need_based,Need-based,,0.0,26.0,,145,29.0,17,19.5,44,27,26.0,4,24,167,12,4,1,3,0,0,0,learned_q,Learned Q policy,0.18482758620689665
,500024,cooperative,Cooperative,,0.0,27.25,,145,29.0,22,23.5,38,16,27.25,4,24,171,12,4,1,1,2,0,0,learned_q,Learned Q policy,0.10206896551724132
,500024,hoarding,Hoarding,,0.0,14.549999999999999,,82,16.4,9,11.0,25,16,14.549999999999999,3,25,61,11,1,1,6,1,0,0,learned_q,Learned Q policy,0.18536585365853653
,500024,mixed,Mixed,,0.0,23.299999999999997,,137,27.4,11,14.0,44,33,23.299999999999997,4,24,129,12,3,1,3,1,0,0,learned_q,Learned Q policy,0.2540145985401461
,500024,need_based_to_competitive,Need-based → competitive,10.0,0.0,22.1,,119,23.8,17,17.0,41,24,22.1,2,26,114,11,4,1,4,0,0,0,learned_q,Learned Q policy,0.19495798319327728
,500024,cooperative_to_hoarding,Cooperative → hoarding,10.0,0.0,20.25,,120,24.0,9,12.5,38,29,20.25,3,25,141,12,3,1,2,1,0,1,learned_q,Learned Q policy,0.24
,500025,need_based,Need-based,,0.0,25.4,,141,28.2,17,18.0,39,22,25.4,6,22,160,12,3,1,4,0,0,0,learned_q,Learned Q policy,0.1645390070921986
,500025,cooperative,Cooperative,,0.0,14.25,,90,18.0,3,7.0,36,33,14.25,2,26,174,11,5,1,3,0,0,0,learned_q,Learned Q policy,0.36444444444444457
,500025,hoarding,Hoarding,,0.0,10.95,,63,12.6,6,6.0,23,17,10.95,4,24,68,10,2,3,5,0,0,0,learned_q,Learned Q policy,0.2666666666666666
,500025,mixed,Mixed,,0.0,17.700000000000003,,98,19.6,12,14.5,25,13,17.700000000000003,2,26,114,11,2,2,5,0,0,0,learned_q,Learned Q policy,0.13877551020408174
,500025,need_based_to_competitive,Need-based → competitive,10.0,0.0,18.9,,116,23.2,6,13.0,31,25,18.9,2,26,106,11,3,1,5,0,0,0,learned_q,Learned Q policy,0.2068965517241379
,500025,cooperative_to_hoarding,Cooperative → hoarding,10.0,0.0,10.899999999999999,,66,13.2,4,5.0,31,27,10.899999999999999,3,25,118,12,3,1,3,0,0,1,learned_q,Learned Q policy,0.37575757575757573
,500026,need_based,Need-based,,0.0,19.65,,111,22.2,12,13.0,30,18,19.65,5,23,121,13,1,1,4,0,0,1,learned_q,Learned Q policy,0.18018018018018012
,500026,cooperative,Cooperative,,0.0,21.65,,121,24.2,14,14.0,41,27,21.65,3,25,195,11,2,2,5,0,0,0,learned_q,Learned Q policy,0.23140495867768607
,500026,hoarding,Hoarding,,0.0,16.35,,94,18.8,9,11.0,33,24,16.35,1,27,63,10,4,1,5,0,0,0,learned_q,Learned Q policy,0.24255319148936172
,500026,mixed,Mixed,,0.0,18.950000000000003,,103,20.6,14,15.5,25,11,18.950000000000003,4,24,108,12,1,2,5,0,0,0,learned_q,Learned Q policy,0.11650485436893199
,500026,need_based_to_competitive,Need-based → competitive,10.0,0.0,21.9,,126,25.2,12,14.5,38,26,21.9,4,24,133,11,2,1,6,0,0,0,learned_q,Learned Q policy,0.2063492063492065
,500026,cooperative_to_hoarding,Cooperative → hoarding,10.0,0.0,13.95,,78,15.6,9,10.5,26,17,13.95,2,26,116,11,2,2,5,0,0,0,learned_q,Learned Q policy,0.19999999999999996
,500027,need_based,Need-based,,0.0,34.650000000000006,,181,36.2,30,31.5,46,16,34.650000000000006,4,24,308,14,0,2,1,0,1,2,learned_q,Learned Q policy,0.08176795580110507
,500027,cooperative,Cooperative,,0.0,23.450000000000003,,133,26.6,14,16.5,52,38,23.450000000000003,4,24,170,12,2,0,4,0,0,2,learned_q,Learned Q policy,0.25263157894736854
,500027,hoarding,Hoarding,,0.0,17.75,,100,20.0,11,12.5,31,20,17.75,3,25,88,12,2,1,3,0,1,1,learned_q,Learned Q policy,0.21199999999999997
,500027,mixed,Mixed,,0.0,26.200000000000003,,138,27.6,22,22.0,36,14,26.200000000000003,3,25,127,14,0,0,2,0,1,3,learned_q,Learned Q policy,0.11304347826086958
,500027,need_based_to_competitive,Need-based → competitive,10.0,0.0,24.65,,136,27.2,17,17.0,50,33,24.65,5,23,133,13,1,0,3,0,1,2,learned_q,Learned Q policy,0.24705882352941178
,500027,cooperative_to_hoarding,Cooperative → hoarding,10.0,0.0,19.549999999999997,,112,22.4,11,12.0,38,27,19.549999999999997,5,23,111,14,1,1,1,0,0,3,learned_q,Learned Q policy,0.25357142857142856
,500028,need_based,Need-based,,0.0,18.15,,111,22.2,6,10.0,42,36,18.15,5,23,150,12,2,1,5,0,0,0,learned_q,Learned Q policy,0.3063063063063063
,500028,cooperative,Cooperative,,0.0,10.2,,58,11.6,6,7.5,20,14,10.2,5,23,180,12,3,1,4,0,0,0,learned_q,Learned Q policy,0.22758620689655173
,500028,hoarding,Hoarding,,0.0,16.200000000000003,,98,19.6,6,10.0,31,25,16.200000000000003,3,25,92,11,3,1,4,1,0,0,learned_q,Learned Q policy,0.2612244897959184
,500028,mixed,Mixed,,0.0,15.75,,95,19.0,6,7.5,39,33,15.75,4,24,135,12,1,1,5,1,0,0,learned_q,Learned Q policy,0.3326315789473684
,500028,need_based_to_competitive,Need-based → competitive,10.0,0.0,18.15,,106,21.2,9,11.5,44,35,18.15,3,25,130,11,4,1,4,0,0,0,learned_q,Learned Q policy,0.3056603773584907
,500028,cooperative_to_hoarding,Cooperative → hoarding,10.0,0.0,11.100000000000001,,64,12.8,6,6.0,29,23,11.100000000000001,2,26,86,12,2,1,4,0,0,1,learned_q,Learned Q policy,0.32499999999999996
,500029,need_based,Need-based,,0.0,26.15,,146,29.2,17,21.0,41,24,26.15,4,24,175,12,3,0,4,1,0,0,learned_q,Learned Q policy,0.16712328767123297
,500029,cooperative,Cooperative,,0.0,23.15,,126,25.2,17,19.5,35,18,23.15,3,25,133,13,2,0,3,0,1,1,learned_q,Learned Q policy,0.1333333333333333
,500029,hoarding,Hoarding,,0.0,16.200000000000003,,93,18.6,9,11.5,35,26,16.200000000000003,3,25,72,12,2,1,3,0,1,1,learned_q,Learned Q policy,0.2451612903225806
,500029,mixed,Mixed,,0.0,14.25,,85,17.0,6,9.0,33,27,14.25,3,25,107,11,3,0,4,0,1,1,learned_q,Learned Q policy,0.2917647058823529
,500029,need_based_to_competitive,Need-based → competitive,10.0,0.0,23.0,,130,26.0,14,18.0,33,19,23.0,4,24,134,12,3,0,4,1,0,0,learned_q,Learned Q policy,0.15076923076923077
,500029,cooperative_to_hoarding,Cooperative → hoarding,10.0,0.0,14.700000000000001,,88,17.6,6,8.5,40,34,14.700000000000001,3,25,116,11,5,0,3,0,1,0,learned_q,Learned Q policy,0.3363636363636364
,500030,need_based,Need-based,,0.0,23.700000000000003,,138,27.6,12,19.5,39,27,23.700000000000003,3,25,129,12,4,0,2,0,1,1,learned_q,Learned Q policy,0.16521739130434776
,500030,cooperative,Cooperative,,0.0,26.299999999999997,,147,29.4,17,18.0,52,35,26.299999999999997,4,24,203,12,3,0,3,1,0,1,learned_q,Learned Q policy,0.2204081632653061
,500030,hoarding,Hoarding,,0.0,15.149999999999999,,86,17.2,9,9.0,29,20,15.149999999999999,3,25,74,12,3,0,3,0,1,1,learned_q,Learned Q policy,0.2604651162790699
,500030,mixed,Mixed,,0.0,21.299999999999997,,132,26.4,6,8.5,47,41,21.299999999999997,1,27,146,11,2,0,5,0,1,1,learned_q,Learned Q policy,0.33939393939393936
,500030,need_based_to_competitive,Need-based → competitive,10.0,0.0,22.4,,126,25.2,14,17.5,33,19,22.4,2,26,101,11,3,0,4,0,1,1,learned_q,Learned Q policy,0.14920634920634934
,500030,cooperative_to_hoarding,Cooperative → hoarding,10.0,0.0,19.35,,119,23.8,6,9.0,49,43,19.35,3,25,164,11,3,0,5,0,0,1,learned_q,Learned Q policy,0.33949579831932786
,500031,need_based,Need-based,,0.0,15.0,,85,17.0,9,11.0,30,21,15.0,3,25,89,10,1,1,7,0,1,0,learned_q,Learned Q policy,0.2211764705882353
,500031,cooperative,Cooperative,,0.0,15.600000000000001,,89,17.8,9,13.0,26,17,15.600000000000001,4,24,159,12,3,1,3,0,0,1,learned_q,Learned Q policy,0.16629213483146077
,500031,hoarding,Hoarding,,0.0,15.450000000000001,,93,18.6,6,8.5,39,33,15.450000000000001,4,24,59,13,2,1,2,1,0,1,learned_q,Learned Q policy,0.3440860215053765
,500031,mixed,Mixed,,0.0,14.100000000000001,,84,16.8,6,10.0,27,21,14.100000000000001,4,24,77,11,1,1,6,1,0,0,learned_q,Learned Q policy,0.22857142857142865
,500031,need_based_to_competitive,Need-based → competitive,10.0,0.0,18.0,,100,20.0,12,12.0,36,24,18.0,1,27,94,11,2,1,5,0,1,0,learned_q,Learned Q policy,0.236
,500031,cooperative_to_hoarding,Cooperative → hoarding,10.0,0.0,18.049999999999997,,97,19.4,14,14.0,29,15,18.049999999999997,3,25,111,12,2,1,4,0,0,1,learned_q,Learned Q policy,0.16082474226804133
,500032,need_based,Need-based,,0.0,21.5,,125,25.0,11,14.5,38,27,21.5,4,24,149,13,1,0,3,0,2,1,learned_q,Learned Q policy,0.21120000000000005
,500032,cooperative,Cooperative,,0.0,23.450000000000003,,138,27.6,11,12.5,42,31,23.450000000000003,5,23,229,13,2,0,3,2,0,0,learned_q,Learned Q policy,0.24927536231884062
,500032,hoarding,Hoarding,,0.0,12.600000000000001,,74,14.8,6,7.5,26,20,12.600000000000001,1,27,76,12,2,0,4,0,1,1,learned_q,Learned Q policy,0.27567567567567575
,500032,mixed,Mixed,,0.0,17.549999999999997,,107,21.4,6,10.0,41,35,17.549999999999997,3,25,124,12,4,0,3,0,0,1,learned_q,Learned Q policy,0.3065420560747665
,500032,need_based_to_competitive,Need-based → competitive,10.0,0.0,15.75,,100,20.0,3,6.0,33,30,15.75,5,23,128,13,1,0,3,0,2,1,learned_q,Learned Q policy,0.32400000000000007
,500032,cooperative_to_hoarding,Cooperative → hoarding,10.0,0.0,20.700000000000003,,123,24.6,9,11.5,45,36,20.700000000000003,3,25,148,12,3,0,4,1,0,0,learned_q,Learned Q policy,0.31219512195121957
,500033,need_based,Need-based,,0.0,27.25,,150,30.0,19,22.0,36,17,27.25,5,23,154,12,4,1,3,0,0,0,learned_q,Learned Q policy,0.11733333333333329
,500033,cooperative,Cooperative,,0.0,22.4,,121,24.2,17,18.0,38,21,22.4,4,24,193,12,3,2,3,0,0,0,learned_q,Learned Q policy,0.15867768595041332
,500033,hoarding,Hoarding,,0.0,18.299999999999997,,107,21.4,9,13.0,36,27,18.299999999999997,2,26,72,10,2,1,3,4,0,0,learned_q,Learned Q policy,0.2429906542056075
,500033,mixed,Mixed,,0.0,25.700000000000003,,143,28.6,17,23.5,36,19,25.700000000000003,4,24,126,12,1,1,5,1,0,0,learned_q,Learned Q policy,0.10629370629370638
,500033,need_based_to_competitive,Need-based → competitive,10.0,0.0,23.0,,135,27.0,11,14.5,43,32,23.0,5,23,154,12,3,2,3,0,0,0,learned_q,Learned Q policy,0.2340740740740741
,500033,cooperative_to_hoarding,Cooperative → hoarding,10.0,0.0,22.549999999999997,,127,25.4,14,14.0,35,21,22.549999999999997,6,22,133,12,3,1,4,0,0,0,learned_q,Learned Q policy,0.19527559055118116
,500034,need_based,Need-based,,0.0,27.75,,150,30.0,21,23.0,47,26,27.75,7,21,154,13,3,1,3,0,0,0,learned_q,Learned Q policy,0.15200000000000014
,500034,cooperative,Cooperative,,0.0,24.4,,146,29.2,10,14.5,49,39,24.4,7,21,242,13,2,1,4,0,0,0,learned_q,Learned Q policy,0.2657534246575344
,500034,hoarding,Hoarding,,0.0,21.200000000000003,,113,22.6,17,17.5,31,14,21.200000000000003,2,26,102,9,4,1,6,0,0,0,learned_q,Learned Q policy,0.13097345132743365
,500034,mixed,Mixed,,0.0,25.1,,144,28.8,14,21.0,36,22,25.1,1,27,124,11,5,2,2,0,0,0,learned_q,Learned Q policy,0.13611111111111107
,500034,need_based_to_competitive,Need-based → competitive,10.0,0.0,25.200000000000003,,138,27.6,18,20.0,44,26,25.200000000000003,2,26,116,10,4,1,5,0,0,0,learned_q,Learned Q policy,0.17101449275362324
,500034,cooperative_to_hoarding,Cooperative → hoarding,10.0,0.0,21.4,,126,25.2,10,13.5,41,31,21.4,3,25,162,11,3,1,5,0,0,0,learned_q,Learned Q policy,0.2571428571428571
,500035,need_based,Need-based,,0.0,33.099999999999994,,174,34.8,28,29.0,51,23,33.099999999999994,5,23,115,12,2,0,3,3,0,0,learned_q,Learned Q policy,0.11724137931034484
,500035,cooperative,Cooperative,,0.0,24.4,,141,28.2,13,17.0,49,36,24.4,2,26,270,12,3,3,1,0,1,0,learned_q,Learned Q policy,0.23829787234042565
,500035,hoarding,Hoarding,,0.0,30.549999999999997,,162,32.4,25,26.0,44,19,30.549999999999997,3,25,106,12,1,0,5,0,1,1,learned_q,Learned Q policy,0.12098765432098779
,500035,mixed,Mixed,,0.0,18.65,,101,20.2,14,15.5,31,17,18.65,4,24,113,13,1,0,3,0,1,2,learned_q,Learned Q policy,0.14653465346534666
,500035,need_based_to_competitive,Need-based → competitive,10.0,0.0,31.900000000000002,,171,34.2,25,27.0,57,32,31.900000000000002,2,26,106,12,0,1,1,3,2,1,learned_q,Learned Q policy,0.1520467836257311
,500035,cooperative_to_hoarding,Cooperative → hoarding,10.0,0.0,24.15,,141,28.2,12,15.5,45,33,24.15,3,25,128,11,2,1,5,0,1,0,learned_q,Learned Q policy,0.23262411347517742
,500036,need_based,Need-based,,0.0,25.75,,140,28.0,19,22.0,37,18,25.75,3,25,160,11,5,1,3,0,0,0,learned_q,Learned Q policy,0.122857142857143
,500036,cooperative,Cooperative,,0.0,10.5,,60,12.0,6,7.5,22,16,10.5,3,25,120,13,2,2,2,0,0,1,learned_q,Learned Q policy,0.2466666666666668
,500036,hoarding,Hoarding,,0.0,16.700000000000003,,88,17.6,14,14.0,27,13,16.700000000000003,2,26,66,11,2,1,4,1,0,1,learned_q,Learned Q policy,0.13181818181818183
,500036,mixed,Mixed,,0.0,18.65,,101,20.2,14,15.5,31,17,18.65,5,23,148,13,1,1,3,1,0,1,learned_q,Learned Q policy,0.14653465346534666
,500036,need_based_to_competitive,Need-based → competitive,10.0,0.0,19.549999999999997,,107,21.4,14,16.5,33,19,19.549999999999997,4,24,129,11,2,1,6,0,0,0,learned_q,Learned Q policy,0.14953271028037385
,500036,cooperative_to_hoarding,Cooperative → hoarding,10.0,0.0,11.850000000000001,,69,13.8,6,7.5,23,17,11.850000000000001,5,23,94,14,1,1,2,0,0,2,learned_q,Learned Q policy,0.24347826086956537
,500037,need_based,Need-based,,0.0,26.299999999999997,,147,29.4,17,17.0,38,21,26.299999999999997,4,24,139,12,4,0,3,1,0,0,learned_q,Learned Q policy,0.17142857142857149
,500037,cooperative,Cooperative,,0.0,21.6,,119,23.8,15,18.5,38,23,21.6,4,24,186,12,2,0,3,0,3,0,learned_q,Learned Q policy,0.15462184873949592
,500037,hoarding,Hoarding,,0.0,24.65,,141,28.2,14,15.5,44,30,24.65,3,25,79,12,1,0,5,0,1,1,learned_q,Learned Q policy,0.2297872340425533
,500037,mixed,Mixed,,0.0,18.75,,115,23.0,6,11.5,36,30,18.75,3,25,92,12,2,0,4,0,1,1,learned_q,Learned Q policy,0.2573913043478262
,500037,need_based_to_competitive,Need-based → competitive,10.0,0.0,22.5,,130,26.0,12,16.0,37,25,22.5,4,24,90,12,5,0,2,1,0,0,learned_q,Learned Q policy,0.20307692307692315
,500037,cooperative_to_hoarding,Cooperative → hoarding,10.0,0.0,14.700000000000001,,83,16.6,9,9.0,26,17,14.700000000000001,2,26,109,11,3,0,5,0,1,0,learned_q,Learned Q policy,0.22650602409638565
,500038,need_based,Need-based,,0.0,22.25,,120,24.0,17,19.5,29,12,22.25,5,23,103,12,2,1,5,0,0,0,learned_q,Learned Q policy,0.09666666666666668
,500038,cooperative,Cooperative,,0.0,17.549999999999997,,107,21.4,6,9.0,33,27,17.549999999999997,3,25,170,12,2,1,4,1,0,0,learned_q,Learned Q policy,0.2654205607476636
,500038,hoarding,Hoarding,,0.0,17.1,,104,20.8,6,9.0,30,24,17.1,2,26,60,10,2,1,6,1,0,0,learned_q,Learned Q policy,0.24615384615384617
,500038,mixed,Mixed,,0.0,21.299999999999997,,122,24.4,12,15.5,42,30,21.299999999999997,5,23,132,13,3,1,2,0,0,1,learned_q,Learned Q policy,0.22295081967213126
,500038,need_based_to_competitive,Need-based → competitive,10.0,0.0,24.1,,129,25.8,19,20.5,34,15,24.1,4,24,88,11,2,1,6,0,0,0,learned_q,Learned Q policy,0.12093023255813962
,500038,cooperative_to_hoarding,Cooperative → hoarding,10.0,0.0,15.5,,95,19.0,5,9.5,26,21,15.5,5,23,101,11,3,1,5,0,0,0,learned_q,Learned Q policy,0.22315789473684222
,500039,need_based,Need-based,,0.0,11.600000000000001,,69,13.8,5,7.0,30,25,11.600000000000001,2,26,80,11,3,1,5,0,0,0,learned_q,Learned Q policy,0.318840579710145
,500039,cooperative,Cooperative,,0.0,16.700000000000003,,93,18.6,11,12.5,32,21,16.700000000000003,4,24,125,12,1,2,4,0,0,1,learned_q,Learned Q policy,0.2021505376344086
,500039,hoarding,Hoarding,,0.0,15.450000000000001,,88,17.6,9,11.0,27,18,15.450000000000001,1,27,44,9,4,1,5,1,0,0,learned_q,Learned Q policy,0.20454545454545459
,500039,mixed,Mixed,,0.0,18.1,,99,19.8,13,13.5,30,17,18.1,3,25,83,11,3,1,4,0,0,1,learned_q,Learned Q policy,0.18181818181818188
,500039,need_based_to_competitive,Need-based → competitive,10.0,0.0,10.5,,60,12.0,6,7.0,23,17,10.5,3,25,73,11,3,1,5,0,0,0,learned_q,Learned Q policy,0.2666666666666666
,500039,cooperative_to_hoarding,Cooperative → hoarding,10.0,0.0,11.7,,68,13.6,6,6.0,25,19,11.7,3,25,79,11,1,2,6,0,0,0,learned_q,Learned Q policy,0.28823529411764715
,500040,need_based,Need-based,,0.0,33.0,,175,35.0,27,30.0,43,16,33.0,2,26,169,12,5,1,1,1,0,0,learned_q,Learned Q policy,0.0822857142857143
,500040,cooperative,Cooperative,,0.0,24.4,,131,26.2,19,22.0,35,16,24.4,3,25,184,12,4,2,2,0,0,0,learned_q,Learned Q policy,0.10381679389312981
,500040,hoarding,Hoarding,,0.0,14.549999999999999,,87,17.4,6,9.0,28,22,14.549999999999999,2,26,39,10,5,1,4,0,0,0,learned_q,Learned Q policy,0.271264367816092
,500040,mixed,Mixed,,0.0,20.450000000000003,,113,22.6,14,15.5,32,18,20.450000000000003,3,25,112,12,0,2,4,0,0,2,learned_q,Learned Q policy,0.1628318584070796
,500040,need_based_to_competitive,Need-based → competitive,10.0,0.0,24.65,,136,27.2,17,19.5,45,28,24.65,4,24,114,12,4,1,3,0,0,0,learned_q,Learned Q policy,0.18823529411764706
,500040,cooperative_to_hoarding,Cooperative → hoarding,10.0,0.0,23.450000000000003,,138,27.6,11,16.5,41,30,23.450000000000003,3,25,95,11,5,1,3,0,0,0,learned_q,Learned Q policy,0.20579710144927543
,500041,need_based,Need-based,,0.0,26.450000000000003,,153,30.6,14,21.5,44,30,26.450000000000003,3,25,339,12,2,3,3,0,0,0,learned_q,Learned Q policy,0.1751633986928105
,500041,cooperative,Cooperative,,0.0,27.1,,144,28.8,22,24.0,38,16,27.1,1,27,203,11,6,1,2,0,0,0,learned_q,Learned Q policy,0.10000000000000009
,500041,hoarding,Hoarding,,0.0,23.6,,129,25.8,17,17.0,44,27,23.6,1,27,57,10,4,1,4,1,0,0,learned_q,Learned Q policy,0.2077519379844961
,500041,mixed,Mixed,,0.0,16.4,,96,19.2,8,9.5,30,22,16.4,2,26,97,10,3,1,6,0,0,0,learned_q,Learned Q policy,0.2416666666666667
,500041,need_based_to_competitive,Need-based → competitive,10.0,0.0,24.75,,140,28.0,15,20.0,38,23,24.75,2,26,134,11,5,2,2,0,0,0,learned_q,Learned Q policy,0.15428571428571436
,500041,cooperative_to_hoarding,Cooperative → hoarding,10.0,0.0,25.15,,136,27.2,19,22.0,36,17,25.15,3,25,139,11,6,1,2,0,0,0,learned_q,Learned Q policy,0.11764705882352944
,500042,need_based,Need-based,,0.0,20.0,,110,22.0,14,14.5,31,17,20.0,1,27,117,10,3,1,6,0,0,0,learned_q,Learned Q policy,0.17818181818181822
,500042,cooperative,Cooperative,,0.0,11.399999999999999,,66,13.2,6,6.0,22,16,11.399999999999999,4,24,122,12,4,1,3,0,0,0,learned_q,Learned Q policy,0.2666666666666666
,500042,hoarding,Hoarding,,0.0,12.149999999999999,,71,14.2,6,7.5,32,26,12.149999999999999,3,25,51,11,1,2,5,1,0,0,learned_q,Learned Q policy,0.3211267605633803
,500042,mixed,Mixed,,0.0,17.85,,114,22.8,3,4.5,55,52,17.85,3,25,110,10,6,1,2,0,0,1,learned_q,Learned Q policy,0.4385964912280702
,500042,need_based_to_competitive,Need-based → competitive,10.0,0.0,16.950000000000003,,98,19.6,9,14.5,25,16,16.950000000000003,4,24,109,12,3,1,4,0,0,0,learned_q,Learned Q policy,0.13877551020408174
,500042,cooperative_to_hoarding,Cooperative → hoarding,10.0,0.0,10.649999999999999,,66,13.2,3,4.5,24,21,10.649999999999999,1,27,93,11,3,1,5,0,0,0,learned_q,Learned Q policy,0.36363636363636376
,500043,need_based,Need-based,,0.0,26.799999999999997,,142,28.4,22,22.0,38,16,26.799999999999997,3,25,149,11,3,1,4,1,0,0,learned_q,Learned Q policy,0.12676056338028174
,500043,cooperative,Cooperative,,0.0,23.35,,124,24.8,19,20.5,39,20,23.35,4,24,179,12,2,1,5,0,0,0,learned_q,Learned Q policy,0.12903225806451624
,500043,hoarding,Hoarding,,0.0,14.399999999999999,,81,16.2,9,11.5,24,15,14.399999999999999,2,26,59,10,2,2,4,1,0,1,learned_q,Learned Q policy,0.16296296296296298
,500043,mixed,Mixed,,0.0,16.200000000000003,,88,17.6,12,12.0,25,13,16.200000000000003,4,24,98,11,4,1,3,1,0,0,learned_q,Learned Q policy,0.17727272727272725
,500043,need_based_to_competitive,Need-based → competitive,10.0,0.0,17.85,,104,20.8,9,13.0,33,24,17.85,3,25,105,10,3,1,6,0,0,0,learned_q,Learned Q policy,0.2153846153846155
,500043,cooperative_to_hoarding,Cooperative → hoarding,10.0,0.0,19.049999999999997,,117,23.4,6,11.5,39,33,19.049999999999997,1,27,121,11,3,1,5,0,0,0,learned_q,Learned Q policy,0.2632478632478632
,500044,need_based,Need-based,,0.0,26.75,,150,30.0,17,21.0,44,27,26.75,4,24,144,11,3,0,5,0,0,1,learned_q,Learned Q policy,0.16533333333333333
,500044,cooperative,Cooperative,,0.0,24.799999999999997,,137,27.4,17,18.5,46,29,24.799999999999997,2,26,226,12,2,0,4,1,0,1,learned_q,Learned Q policy,0.1897810218978102
,500044,hoarding,Hoarding,,0.0,13.95,,78,15.6,9,10.0,22,13,13.95,5,23,67,12,1,0,5,0,1,1,learned_q,Learned Q policy,0.18974358974358974
,500044,mixed,Mixed,,0.0,17.1,,104,20.8,6,11.5,39,33,17.1,1,27,114,11,5,0,3,0,0,1,learned_q,Learned Q policy,0.2730769230769232
,500044,need_based_to_competitive,Need-based → competitive,10.0,0.0,24.65,,136,27.2,17,20.0,38,21,24.65,4,24,118,13,2,0,3,0,0,2,learned_q,Learned Q policy,0.15294117647058836
,500044,cooperative_to_hoarding,Cooperative → hoarding,10.0,0.0,17.700000000000003,,98,19.6,12,13.0,41,29,17.700000000000003,2,25,159,12,3,0,3,0,1,1,learned_q,Learned Q policy,0.2489795918367348
,500045,need_based,Need-based,,0.0,11.45,,68,13.6,5,7.0,26,21,11.45,2,26,74,11,2,0,5,0,0,2,learned_q,Learned Q policy,0.27647058823529425
,500045,cooperative,Cooperative,,0.0,19.35,,119,23.8,6,12.0,35,29,19.35,2,26,117,12,1,1,3,2,0,1,learned_q,Learned Q policy,0.25210084033613445
,500045,hoarding,Hoarding,,0.0,17.25,,100,20.0,9,11.0,36,27,17.25,3,25,72,12,1,0,5,0,1,1,learned_q,Learned Q policy,0.264
,500045,mixed,Mixed,,0.0,13.350000000000001,,79,15.8,6,7.5,27,21,13.350000000000001,5,23,83,12,3,0,2,0,2,1,learned_q,Learned Q policy,0.278481012658228
,500045,need_based_to_competitive,Need-based → competitive,10.0,0.0,9.100000000000001,,59,11.8,1,7.0,17,16,9.100000000000001,5,23,74,12,1,1,4,0,0,2,learned_q,Learned Q policy,0.22372881355932206
,500045,cooperative_to_hoarding,Cooperative → hoarding,10.0,0.0,14.399999999999999,,86,17.2,6,9.0,25,19,14.399999999999999,2,26,93,11,1,1,6,0,0,1,learned_q,Learned Q policy,0.22790697674418614
,500046,need_based,Need-based,,0.0,25.799999999999997,,157,31.4,9,13.0,52,43,25.799999999999997,4,24,171,13,3,1,1,0,0,2,learned_q,Learned Q policy,0.29299363057324834
,500046,cooperative,Cooperative,,0.0,21.200000000000003,,118,23.6,14,17.0,29,15,21.200000000000003,2,26,227,12,2,2,3,0,0,1,learned_q,Learned Q policy,0.12881355932203387
,500046,hoarding,Hoarding,,0.0,19.25,,105,21.0,14,14.0,38,24,19.25,2,26,66,10,3,0,5,0,1,1,learned_q,Learned Q policy,0.21333333333333337
,500046,mixed,Mixed,,0.0,18.65,,106,21.2,11,12.5,33,22,18.65,2,26,87,12,3,0,2,0,2,1,learned_q,Learned Q policy,0.21886792452830184
,500046,need_based_to_competitive,Need-based → competitive,10.0,0.0,24.799999999999997,,142,28.4,14,19.5,44,30,24.799999999999997,5,23,122,13,2,1,2,0,0,2,learned_q,Learned Q policy,0.19154929577464785
,500046,cooperative_to_hoarding,Cooperative → hoarding,10.0,0.0,22.700000000000003,,128,25.6,14,19.5,33,19,22.700000000000003,4,24,160,12,1,1,5,0,0,1,learned_q,Learned Q policy,0.13749999999999996
,500047,need_based,Need-based,,0.0,21.75,,120,24.0,15,16.0,36,21,21.75,3,25,125,12,3,1,2,1,0,1,learned_q,Learned Q policy,0.19999999999999996
,500047,cooperative,Cooperative,,0.0,25.0,,135,27.0,19,19.5,41,22,25.0,5,23,198,13,1,1,3,0,0,2,learned_q,Learned Q policy,0.15407407407407403
,500047,hoarding,Hoarding,,0.0,17.25,,100,20.0,9,10.5,28,19,17.25,2,26,73,11,3,1,4,1,0,0,learned_q,Learned Q policy,0.20799999999999996
,500047,mixed,Mixed,,0.0,17.549999999999997,,102,20.4,9,10.5,47,38,17.549999999999997,2,26,119,12,3,1,2,1,1,0,learned_q,Learned Q policy,0.3176470588235294
,500047,need_based_to_competitive,Need-based → competitive,10.0,0.0,26.9,,146,29.2,20,22.5,38,18,26.9,5,23,110,13,0,1,4,1,0,1,learned_q,Learned Q policy,0.12876712328767126
,500047,cooperative_to_hoarding,Cooperative → hoarding,10.0,0.0,19.25,,105,21.0,14,14.0,38,24,19.25,1,27,170,12,1,1,4,0,0,2,learned_q,Learned Q policy,0.20571428571428574
,500048,need_based,Need-based,,0.0,18.299999999999997,,117,23.4,3,8.5,52,49,18.299999999999997,2,26,123,11,4,0,3,0,1,1,learned_q,Learned Q policy,0.37264957264957266
,500048,cooperative,Cooperative,,0.0,21.700000000000003,,128,25.6,10,14.5,49,39,21.700000000000003,4,24,142,12,2,0,5,0,0,1,learned_q,Learned Q policy,0.26249999999999996
,500048,hoarding,Hoarding,,0.0,15.600000000000001,,89,17.8,9,11.5,33,24,15.600000000000001,2,26,65,12,4,0,2,0,1,1,learned_q,Learned Q policy,0.2292134831460675
,500048,mixed,Mixed,,0.0,20.549999999999997,,117,23.4,12,14.5,40,28,20.549999999999997,1,27,73,12,2,0,3,0,1,2,learned_q,Learned Q policy,0.23589743589743595
,500048,need_based_to_competitive,Need-based → competitive,10.0,0.0,16.5,,100,20.0,6,7.0,44,38,16.5,5,23,95,12,3,0,3,0,1,1,learned_q,Learned Q policy,0.3920000000000001
,500048,cooperative_to_hoarding,Cooperative → hoarding,10.0,0.0,20.450000000000003,,113,22.6,14,14.0,39,25,20.450000000000003,1,27,108,11,2,0,6,0,0,1,learned_q,Learned Q policy,0.22654867256637168
,500049,need_based,Need-based,,0.0,33.95,,183,36.6,26,30.5,44,18,33.95,2,26,166,12,3,0,3,1,0,1,learned_q,Learned Q policy,0.08961748633879796
,500049,cooperative,Cooperative,,0.0,22.700000000000003,,123,24.6,17,19.5,36,19,22.700000000000003,2,26,149,12,1,1,4,1,0,1,learned_q,Learned Q policy,0.1333333333333333
,500049,hoarding,Hoarding,,0.0,18.9,,106,21.2,12,14.5,34,22,18.9,2,26,79,13,2,0,2,0,1,2,learned_q,Learned Q policy,0.1924528301886792
,500049,mixed,Mixed,,0.0,24.5,,135,27.0,17,17.0,38,21,24.5,4,24,125,13,1,0,4,0,1,1,learned_q,Learned Q policy,0.18074074074074087
,500049,need_based_to_competitive,Need-based → competitive,10.0,0.0,29.150000000000002,,161,32.2,20,23.0,46,26,29.150000000000002,3,25,120,12,2,0,4,1,0,1,learned_q,Learned Q policy,0.16149068322981375
,500049,cooperative_to_hoarding,Cooperative → hoarding,10.0,0.0,17.5,,100,20.0,10,12.0,26,16,17.5,2,26,105,11,1,1,6,1,0,0,learned_q,Learned Q policy,0.17200000000000015
,500050,need_based,Need-based,,0.0,39.349999999999994,,204,40.8,35,36.5,55,20,39.349999999999994,2,26,164,12,2,0,3,1,1,1,learned_q,Learned Q policy,0.07843137254901955
,500050,cooperative,Cooperative,,0.0,23.9,,141,28.2,11,15.0,45,34,23.9,4,24,176,11,4,0,3,1,1,0,learned_q,Learned Q policy,0.2638297872340425
,500050,hoarding,Hoarding,,0.0,16.049999999999997,,97,19.4,6,10.0,30,24,16.049999999999997,5,23,89,12,3,1,2,0,1,1,learned_q,Learned Q policy,0.24329896907216497
,500050,mixed,Mixed,,0.0,16.85,,94,18.8,11,11.0,27,16,16.85,3,25,97,12,2,0,3,0,2,1,learned_q,Learned Q policy,0.1957446808510639
,500050,need_based_to_competitive,Need-based → competitive,10.0,0.0,30.549999999999997,,167,33.4,22,24.5,49,27,30.549999999999997,4,24,149,12,2,0,4,0,1,1,learned_q,Learned Q policy,0.15089820359281436
,500050,cooperative_to_hoarding,Cooperative → hoarding,10.0,0.0,22.1,,124,24.8,14,15.5,36,22,22.1,4,24,110,11,4,0,3,1,1,0,learned_q,Learned Q policy,0.18387096774193545
,500051,need_based,Need-based,,0.0,15.0,,95,19.0,3,8.5,35,32,15.0,3,25,149,11,3,1,5,0,0,0,learned_q,Learned Q policy,0.32000000000000006
,500051,cooperative,Cooperative,,0.0,15.299999999999999,,92,18.4,6,6.0,39,33,15.299999999999999,1,27,186,11,4,1,4,0,0,0,learned_q,Learned Q policy,0.3565217391304347
,500051,hoarding,Hoarding,,0.0,13.5,,80,16.0,6,8.5,35,29,13.5,3,25,78,11,1,1,6,1,0,0,learned_q,Learned Q policy,0.32000000000000006
,500051,mixed,Mixed,,0.0,15.5,,85,17.0,11,11.0,25,14,15.5,3,25,95,12,1,1,4,2,0,0,learned_q,Learned Q policy,0.19294117647058817
,500051,need_based_to_competitive,Need-based → competitive,10.0,0.0,13.5,,80,16.0,6,8.5,24,18,13.5,1,27,81,10,2,1,7,0,0,0,learned_q,Learned Q policy,0.2350000000000001
,500051,cooperative_to_hoarding,Cooperative → hoarding,10.0,0.0,20.450000000000003,,113,22.6,14,14.0,33,19,20.450000000000003,1,27,128,11,3,1,5,0,0,0,learned_q,Learned Q policy,0.19115044247787605
,500052,need_based,Need-based,,0.0,22.799999999999997,,137,27.4,9,15.5,47,38,22.799999999999997,6,22,126,12,2,1,5,0,0,0,learned_q,Learned Q policy,0.24817518248175197
,500052,cooperative,Cooperative,,0.0,22.85,,129,25.8,14,16.5,44,30,22.85,1,27,162,11,3,1,3,1,1,0,learned_q,Learned Q policy,0.22015503875969
,500052,hoarding,Hoarding,,0.0,17.4,,101,20.2,9,13.0,33,24,17.4,3,25,70,11,2,1,5,1,0,0,learned_q,Learned Q policy,0.22178217821782176
,500052,mixed,Mixed,,0.0,24.15,,146,29.2,9,17.0,43,34,24.15,4,24,134,12,2,1,4,1,0,0,learned_q,Learned Q policy,0.21643835616438367
,500052,need_based_to_competitive,Need-based → competitive,10.0,0.0,22.25,,120,24.0,17,17.0,45,28,22.25,1,27,72,10,3,1,6,0,0,0,learned_q,Learned Q policy,0.20333333333333337
,500052,cooperative_to_hoarding,Cooperative → hoarding,10.0,0.0,19.950000000000003,,118,23.6,9,13.0,40,31,19.950000000000003,4,24,119,12,1,1,5,0,1,0,learned_q,Learned Q policy,0.2542372881355932
,500053,need_based,Need-based,,0.0,22.200000000000003,,138,27.6,6,11.5,50,44,22.200000000000003,2,26,122,11,2,1,4,0,0,2,learned_q,Learned Q policy,0.3014492753623188
,500053,cooperative,Cooperative,,0.0,11.75,,75,15.0,2,6.5,39,37,11.75,3,25,104,10,2,1,7,0,0,0,learned_q,Learned Q policy,0.40000000000000013
,500053,hoarding,Hoarding,,0.0,18.450000000000003,,113,22.6,6,9.0,52,46,18.450000000000003,3,25,61,12,0,1,3,1,3,0,learned_q,Learned Q policy,0.3610619469026548
,500053,mixed,Mixed,,0.0,14.25,,85,17.0,6,7.5,31,25,14.25,3,25,75,11,2,1,5,1,0,0,learned_q,Learned Q policy,0.32000000000000006
,500053,need_based_to_competitive,Need-based → competitive,10.0,0.0,22.799999999999997,,132,26.4,12,14.5,43,31,22.799999999999997,4,24,120,13,1,1,3,0,0,2,learned_q,Learned Q policy,0.24242424242424243
,500053,cooperative_to_hoarding,Cooperative → hoarding,10.0,0.0,9.95,,63,12.6,2,2.5,30,28,9.95,5,23,118,10,4,3,3,0,0,0,learned_q,Learned Q policy,0.4571428571428573
,500054,need_based,Need-based,,0.0,26.450000000000003,,153,30.6,14,17.5,50,36,26.450000000000003,3,25,123,11,3,1,5,0,0,0,learned_q,Learned Q policy,0.23267973856209156
,500054,cooperative,Cooperative,,0.0,22.85,,129,25.8,14,17.0,38,24,22.85,3,25,191,12,5,2,1,0,0,0,learned_q,Learned Q policy,0.19224806201550382
,500054,hoarding,Hoarding,,0.0,19.200000000000003,,113,22.6,9,12.5,39,30,19.200000000000003,2,26,82,10,4,1,3,1,1,0,learned_q,Learned Q policy,0.2619469026548673
,500054,mixed,Mixed,,0.0,16.950000000000003,,98,19.6,9,13.0,27,18,16.950000000000003,2,26,112,11,2,1,4,0,2,0,learned_q,Learned Q policy,0.17959183673469403
,500054,need_based_to_competitive,Need-based → competitive,10.0,0.0,21.65,,121,24.2,14,16.5,36,22,21.65,2,26,109,11,2,1,6,0,0,0,learned_q,Learned Q policy,0.18181818181818188
,500054,cooperative_to_hoarding,Cooperative → hoarding,10.0,0.0,20.85,,124,24.8,9,16.0,32,23,20.85,2,26,142,12,4,1,2,0,0,1,learned_q,Learned Q policy,0.1709677419354838
,500055,need_based,Need-based,,0.0,26.950000000000003,,143,28.6,22,23.5,39,17,26.950000000000003,4,24,179,12,2,1,5,0,0,0,learned_q,Learned Q policy,0.10909090909090913
,500055,cooperative,Cooperative,,0.0,19.4,,106,21.2,14,15.5,31,17,19.4,2,26,150,12,3,1,3,1,0,0,learned_q,Learned Q policy,0.1584905660377358
,500055,hoarding,Hoarding,,0.0,15.299999999999999,,92,18.4,6,7.5,44,38,15.299999999999999,4,24,82,11,3,1,5,0,0,0,learned_q,Learned Q policy,0.3869565217391304
,500055,mixed,Mixed,,0.0,19.85,,114,22.8,11,14.0,41,30,19.85,3,25,98,10,3,2,5,0,0,0,learned_q,Learned Q policy,0.2315789473684211
,500055,need_based_to_competitive,Need-based → competitive,10.0,0.0,20.549999999999997,,122,24.4,9,13.0,39,30,20.549999999999997,5,23,112,12,1,1,6,0,0,0,learned_q,Learned Q policy,0.2393442622950821
,500055,cooperative_to_hoarding,Cooperative → hoarding,10.0,0.0,12.600000000000001,,74,14.8,6,10.0,26,20,12.600000000000001,1,27,98,10,2,1,7,0,0,0,learned_q,Learned Q policy,0.21621621621621623
,500056,need_based,Need-based,,0.0,26.299999999999997,,152,30.4,14,20.5,47,33,26.299999999999997,4,24,171,12,4,1,3,0,0,0,learned_q,Learned Q policy,0.19210526315789478
,500056,cooperative,Cooperative,,0.0,22.25,,125,25.0,14,18.0,34,20,22.25,1,27,172,11,4,2,3,0,0,0,learned_q,Learned Q policy,0.1472
,500056,hoarding,Hoarding,,0.0,15.0,,90,18.0,6,8.0,33,27,15.0,3,25,71,11,3,1,4,1,0,0,learned_q,Learned Q policy,0.29333333333333345
,500056,mixed,Mixed,,0.0,12.899999999999999,,71,14.2,9,11.5,17,8,12.899999999999999,4,24,134,13,0,1,3,1,0,2,learned_q,Learned Q policy,0.10704225352112684
,500056,need_based_to_competitive,Need-based → competitive,10.0,0.0,22.4,,131,26.2,11,16.5,45,34,22.4,1,27,135,10,6,1,3,0,0,0,learned_q,Learned Q policy,0.22595419847328246
,500056,cooperative_to_hoarding,Cooperative → hoarding,10.0,0.0,14.549999999999999,,87,17.4,6,7.5,34,28,14.549999999999999,2,26,92,10,2,4,4,0,0,0,learned_q,Learned Q policy,0.32643678160919554
,500057,need_based,Need-based,,0.0,20.1,,114,22.8,12,14.5,29,17,20.1,2,26,145,11,3,2,4,0,0,0,learned_q,Learned Q policy,0.1578947368421053
,500057,cooperative,Cooperative,,0.0,20.1,,119,23.8,9,10.5,38,29,20.1,3,25,197,12,4,1,2,1,0,0,learned_q,Learned Q policy,0.2655462184873949
,500057,hoarding,Hoarding,,0.0,20.6,,109,21.8,17,18.0,25,8,20.6,2,26,109,11,2,1,5,1,0,0,learned_q,Learned Q policy,0.08073394495412844
,500057,mixed,Mixed,,0.0,21.65,,126,25.2,11,16.5,38,27,21.65,5,23,123,12,3,1,3,1,0,0,learned_q,Learned Q policy,0.2063492063492065
,500057,need_based_to_competitive,Need-based → competitive,10.0,0.0,17.75,,100,20.0,11,12.0,39,28,17.75,3,25,106,12,3,1,3,0,0,1,learned_q,Learned Q policy,0.264
,500057,cooperative_to_hoarding,Cooperative → hoarding,10.0,0.0,19.65,,111,22.2,12,15.5,33,21,19.65,5,23,170,12,3,2,3,0,0,0,learned_q,Learned Q policy,0.17297297297297298
,500058,need_based,Need-based,,0.0,27.1,,144,28.8,22,22.0,39,17,27.1,3,25,157,12,4,1,2,0,0,1,learned_q,Learned Q policy,0.125
,500058,cooperative,Cooperative,,0.0,24.65,,141,28.2,14,18.0,44,30,24.65,6,22,187,13,4,1,1,1,0,0,learned_q,Learned Q policy,0.21843971631205683
,500058,hoarding,Hoarding,,0.0,13.95,,78,15.6,9,11.5,22,13,13.95,2,26,58,11,2,1,5,0,0,1,learned_q,Learned Q policy,0.15897435897435908
,500058,mixed,Mixed,,0.0,21.049999999999997,,112,22.4,17,18.0,36,19,21.049999999999997,6,22,144,12,1,2,5,0,0,0,learned_q,Learned Q policy,0.1428571428571428
,500058,need_based_to_competitive,Need-based → competitive,10.0,0.0,21.049999999999997,,117,23.4,14,17.0,36,22,21.049999999999997,2,26,127,11,2,1,5,0,0,1,learned_q,Learned Q policy,0.1675213675213676
,500058,cooperative_to_hoarding,Cooperative → hoarding,10.0,0.0,23.450000000000003,,133,26.6,14,15.5,46,32,23.450000000000003,5,22,156,12,5,1,2,0,0,0,learned_q,Learned Q policy,0.23458646616541357
,500059,need_based,Need-based,,0.0,23.0,,130,26.0,14,14.0,39,25,23.0,4,24,146,11,5,1,3,0,0,0,learned_q,Learned Q policy,0.2123076923076923
,500059,cooperative,Cooperative,,0.0,18.299999999999997,,112,22.4,6,10.0,42,36,18.299999999999997,3,25,212,12,5,2,1,0,0,0,learned_q,Learned Q policy,0.2964285714285715
,500059,hoarding,Hoarding,,0.0,21.299999999999997,,127,25.4,9,10.0,38,29,21.299999999999997,2,26,87,10,4,1,5,0,0,0,learned_q,Learned Q policy,0.2614173228346457
,500059,mixed,Mixed,,0.0,18.200000000000003,,98,19.6,14,14.0,39,25,18.200000000000003,3,25,113,11,2,1,6,0,0,0,learned_q,Learned Q policy,0.21632653061224505
,500059,need_based_to_competitive,Need-based → competitive,10.0,0.0,18.0,,110,22.0,6,13.0,34,28,18.0,6,22,110,12,2,1,5,0,0,0,learned_q,Learned Q policy,0.23636363636363633
,500059,cooperative_to_hoarding,Cooperative → hoarding,10.0,0.0,14.850000000000001,,89,17.8,6,7.5,32,26,14.850000000000001,3,25,110,11,6,1,2,0,0,0,learned_q,Learned Q policy,0.30561797752808983
,500060,need_based,Need-based,,0.0,19.049999999999997,,107,21.4,12,15.0,30,18,19.049999999999997,5,23,94,12,3,0,3,1,0,1,learned_q,Learned Q policy,0.16822429906542058
,500060,cooperative,Cooperative,,0.0,11.55,,67,13.4,6,7.5,20,14,11.55,1,27,232,12,3,2,2,0,0,1,learned_q,Learned Q policy,0.22089552238805976
,500060,hoarding,Hoarding,,0.0,18.299999999999997,,107,21.4,9,14.5,31,22,18.299999999999997,2,26,50,11,2,0,5,0,1,1,learned_q,Learned Q policy,0.18317757009345792
,500060,mixed,Mixed,,0.0,17.1,,94,18.8,12,12.0,30,18,17.1,4,24,91,13,2,0,2,0,1,2,learned_q,Learned Q policy,0.1957446808510639
,500060,need_based_to_competitive,Need-based → competitive,10.0,0.0,21.4,,111,22.2,19,19.5,28,9,21.4,4,24,97,10,4,0,5,0,0,1,learned_q,Learned Q policy,0.07207207207207222
,500060,cooperative_to_hoarding,Cooperative → hoarding,10.0,0.0,16.75,,90,18.0,13,15.0,22,9,16.75,3,25,130,11,3,0,5,0,0,1,learned_q,Learned Q policy,0.09777777777777774
,500061,need_based,Need-based,,0.0,18.950000000000003,,108,21.6,11,14.0,31,20,18.950000000000003,4,24,209,13,0,2,3,0,0,2,learned_q,Learned Q policy,0.1962962962962964
,500061,cooperative,Cooperative,,0.0,15.75,,95,19.0,6,8.5,31,25,15.75,4,24,144,12,3,1,3,0,0,1,learned_q,Learned Q policy,0.2694736842105263
,500061,hoarding,Hoarding,,0.0,13.850000000000001,,74,14.8,11,12.0,22,11,13.850000000000001,3,25,57,12,1,0,5,0,1,1,learned_q,Learned Q policy,0.12972972972972974
,500061,mixed,Mixed,,0.0,23.75,,130,26.0,17,17.5,38,21,23.75,5,23,112,12,1,1,5,0,0,1,learned_q,Learned Q policy,0.1661538461538461
,500061,need_based_to_competitive,Need-based → competitive,10.0,0.0,15.0,,95,19.0,3,8.5,32,29,15.0,4,24,90,12,1,1,4,0,0,2,learned_q,Learned Q policy,0.29894736842105263
,500061,cooperative_to_hoarding,Cooperative → hoarding,10.0,0.0,12.899999999999999,,81,16.2,3,4.5,31,28,12.899999999999999,2,26,96,11,2,1,5,0,0,1,learned_q,Learned Q policy,0.3555555555555556
,500062,need_based,Need-based,,0.0,30.700000000000003,,163,32.6,25,25.0,47,22,30.700000000000003,2,26,164,12,4,0,1,0,1,2,learned_q,Learned Q policy,0.13496932515337434
,500062,cooperative,Cooperative,,0.0,28.15,,156,31.2,19,20.5,44,25,28.15,5,23,199,13,2,0,3,0,0,2,learned_q,Learned Q policy,0.17692307692307696
,500062,hoarding,Hoarding,,0.0,18.299999999999997,,107,21.4,9,13.0,34,25,18.299999999999997,5,23,50,13,1,0,3,0,2,1,learned_q,Learned Q policy,0.23551401869158872
,500062,mixed,Mixed,,0.0,22.200000000000003,,133,26.6,9,15.5,42,33,22.200000000000003,6,22,107,12,3,0,4,0,0,1,learned_q,Learned Q policy,0.2315789473684211
,500062,need_based_to_competitive,Need-based → competitive,10.0,0.0,28.1,,154,30.8,20,22.5,45,25,28.1,5,23,134,12,3,1,2,0,1,1,learned_q,Learned Q policy,0.1506493506493507
,500062,cooperative_to_hoarding,Cooperative → hoarding,10.0,0.0,25.4,,141,28.2,17,19.5,46,29,25.4,5,23,145,13,2,0,3,0,0,2,learned_q,Learned Q policy,0.18723404255319154
,500063,need_based,Need-based,,0.0,22.6,,119,23.8,19,19.0,36,17,22.6,2,26,183,11,3,2,3,1,0,0,learned_q,Learned Q policy,0.13781512605042012
,500063,cooperative,Cooperative,,0.0,23.450000000000003,,133,26.6,14,17.5,46,32,23.450000000000003,3,25,193,11,3,1,4,1,0,0,learned_q,Learned Q policy,0.21954887218045127
,500063,hoarding,Hoarding,,0.0,13.649999999999999,,81,16.2,6,6.0,28,22,13.649999999999999,3,25,61,9,4,1,4,2,0,0,learned_q,Learned Q policy,0.32098765432098775
,500063,mixed,Mixed,,0.0,16.799999999999997,,92,18.4,12,13.0,33,21,16.799999999999997,3,25,126,12,2,1,3,2,0,0,learned_q,Learned Q policy,0.20434782608695667
,500063,need_based_to_competitive,Need-based → competitive,10.0,0.0,16.200000000000003,,93,18.6,9,10.0,44,35,16.200000000000003,3,25,104,9,4,2,5,0,0,0,learned_q,Learned Q policy,0.33118279569892484
,500063,cooperative_to_hoarding,Cooperative → hoarding,10.0,0.0,15.149999999999999,,96,19.2,3,4.0,44,41,15.149999999999999,3,25,108,10,2,2,5,0,1,0,learned_q,Learned Q policy,0.4458333333333333
,500064,need_based,Need-based,,0.0,21.200000000000003,,123,24.6,11,14.0,47,36,21.200000000000003,2,26,219,12,4,1,1,1,0,1,learned_q,Learned Q policy,0.2796747967479676
,500064,cooperative,Cooperative,,0.0,24.049999999999997,,137,27.4,14,15.5,36,22,24.049999999999997,3,25,165,12,2,0,5,0,0,1,learned_q,Learned Q policy,0.18102189781021893
,500064,hoarding,Hoarding,,0.0,22.25,,125,25.0,14,17.0,37,23,22.25,2,26,75,11,3,0,4,0,1,1,learned_q,Learned Q policy,0.1856
,500064,mixed,Mixed,,0.0,18.15,,111,22.2,6,12.5,33,27,18.15,3,25,152,12,1,1,4,0,1,1,learned_q,Learned Q policy,0.23423423423423428
,500064,need_based_to_competitive,Need-based → competitive,10.0,0.0,18.6,,114,22.8,6,10.0,41,35,18.6,3,25,91,11,4,2,1,1,0,1,learned_q,Learned Q policy,0.32280701754385976
,500064,cooperative_to_hoarding,Cooperative → hoarding,10.0,0.0,18.0,,115,23.0,3,12.5,33,30,18.0,3,25,114,12,1,0,6,0,0,1,learned_q,Learned Q policy,0.23304347826086969
,500065,need_based,Need-based,,0.0,29.65,,156,31.2,25,25.0,42,17,29.65,1,27,178,11,1,2,5,0,0,1,learned_q,Learned Q policy,0.11025641025641031
,500065,cooperative,Cooperative,,0.0,20.35,,114,22.8,13,13.5,33,20,20.35,3,25,219,12,3,1,2,2,0,0,learned_q,Learned Q policy,0.1929824561403508
,500065,hoarding,Hoarding,,0.0,20.9,,116,23.2,14,15.5,35,21,20.9,4,24,98,10,5,1,4,0,0,0,learned_q,Learned Q policy,0.17931034482758634
,500065,mixed,Mixed,,0.0,15.75,,95,19.0,6,10.0,33,27,15.75,1,27,108,10,3,1,6,0,0,0,learned_q,Learned Q policy,0.2610526315789474
,500065,need_based_to_competitive,Need-based → competitive,10.0,0.0,23.75,,130,26.0,17,19.5,38,21,23.75,1,27,146,10,4,2,4,0,0,0,learned_q,Learned Q policy,0.15692307692307694
,500065,cooperative_to_hoarding,Cooperative → hoarding,10.0,0.0,17.4,,101,20.2,9,10.0,34,25,17.4,2,26,145,11,5,1,3,0,0,0,learned_q,Learned Q policy,0.26534653465346536
,500066,need_based,Need-based,,0.0,27.200000000000003,,158,31.6,14,22.0,41,27,27.200000000000003,2,26,149,11,1,1,5,2,0,0,learned_q,Learned Q policy,0.16455696202531644
,500066,cooperative,Cooperative,,0.0,19.799999999999997,,122,24.4,6,16.0,30,24,19.799999999999997,6,22,197,13,3,1,2,0,0,1,learned_q,Learned Q policy,0.17049180327868863
,500066,hoarding,Hoarding,,0.0,19.549999999999997,,107,21.4,14,14.0,30,16,19.549999999999997,3,25,67,11,2,1,4,1,1,0,learned_q,Learned Q policy,0.17943925233644875
,500066,mixed,Mixed,,0.0,25.549999999999997,,147,29.4,14,19.5,43,29,25.549999999999997,2,26,127,11,4,1,3,1,0,0,learned_q,Learned Q policy,0.198639455782313
,500066,need_based_to_competitive,Need-based → competitive,10.0,0.0,22.25,,120,24.0,17,18.0,39,22,22.25,3,25,95,11,2,1,5,1,0,0,learned_q,Learned Q policy,0.16666666666666674
,500066,cooperative_to_hoarding,Cooperative → hoarding,10.0,0.0,18.299999999999997,,107,21.4,9,11.5,39,30,18.299999999999997,4,24,130,12,2,1,3,1,0,1,learned_q,Learned Q policy,0.2766355140186916
,500067,need_based,Need-based,,0.0,19.049999999999997,,107,21.4,12,16.0,28,16,19.049999999999997,3,25,112,11,3,1,4,0,1,0,learned_q,Learned Q policy,0.1383177570093459
,500067,cooperative,Cooperative,,0.0,16.200000000000003,,98,19.6,6,11.5,29,23,16.200000000000003,4,24,102,11,3,1,5,0,0,0,learned_q,Learned Q policy,0.22857142857142865
,500067,hoarding,Hoarding,,0.0,14.700000000000001,,83,16.6,9,9.0,31,22,14.700000000000001,3,25,56,11,1,1,6,1,0,0,learned_q,Learned Q policy,0.2650602409638554
,500067,mixed,Mixed,,0.0,12.45,,73,14.6,6,9.0,23,17,12.45,2,26,111,12,0,2,4,2,0,0,learned_q,Learned Q policy,0.2136986301369863
,500067,need_based_to_competitive,Need-based → competitive,10.0,0.0,19.5,,110,22.0,12,13.0,33,21,19.5,6,22,82,11,1,1,7,0,0,0,learned_q,Learned Q policy,0.19636363636363652
,500067,cooperative_to_hoarding,Cooperative → hoarding,10.0,0.0,16.200000000000003,,93,18.6,9,11.5,27,18,16.200000000000003,4,24,82,11,3,1,5,0,0,0,learned_q,Learned Q policy,0.2064516129032259
,500068,need_based,Need-based,,0.0,29.150000000000002,,161,32.2,20,22.5,53,33,29.150000000000002,4,24,149,12,2,0,4,0,1,1,learned_q,Learned Q policy,0.18385093167701871
,500068,cooperative,Cooperative,,0.0,28.6,,159,31.8,19,24.5,42,23,28.6,5,23,220,13,3,0,2,0,1,1,learned_q,Learned Q policy,0.1283018867924528
,500068,hoarding,Hoarding,,0.0,24.5,,135,27.0,17,17.5,44,27,24.5,3,25,49,12,2,0,4,0,1,1,learned_q,Learned Q policy,0.1896296296296296
,500068,mixed,Mixed,,0.0,21.15,,121,24.2,12,15.5,35,23,21.15,1,27,104,11,3,0,4,0,1,1,learned_q,Learned Q policy,0.18842975206611579
,500068,need_based_to_competitive,Need-based → competitive,10.0,0.0,27.950000000000003,,153,30.6,20,21.5,50,30,27.950000000000003,3,25,100,12,1,0,5,0,1,1,learned_q,Learned Q policy,0.18823529411764706
,500068,cooperative_to_hoarding,Cooperative → hoarding,10.0,0.0,25.35,,149,29.8,12,18.5,44,32,25.35,2,26,157,11,4,0,3,0,1,1,learned_q,Learned Q policy,0.19865771812080535
,500069,need_based,Need-based,,0.0,21.1,,119,23.8,13,13.5,41,28,21.1,3,25,204,12,2,2,4,0,0,0,learned_q,Learned Q policy,0.238655462184874
,500069,cooperative,Cooperative,,0.0,14.899999999999999,,91,18.2,5,8.0,36,31,14.899999999999999,3,25,211,12,4,1,3,0,0,0,learned_q,Learned Q policy,0.32087912087912085
,500069,hoarding,Hoarding,,0.0,9.149999999999999,,51,10.2,6,6.0,19,13,9.149999999999999,6,22,45,12,0,1,6,1,0,0,learned_q,Learned Q policy,0.2431372549019608
,500069,mixed,Mixed,,0.0,17.9,,101,20.2,11,12.5,37,26,17.9,6,22,108,13,1,1,4,1,0,0,learned_q,Learned Q policy,0.2376237623762376
,500069,need_based_to_competitive,Need-based → competitive,10.0,0.0,16.25,,100,20.0,5,7.0,38,33,16.25,5,23,128,12,3,2,3,0,0,0,learned_q,Learned Q policy,0.3320000000000001
,500069,cooperative_to_hoarding,Cooperative → hoarding,10.0,0.0,14.700000000000001,,88,17.6,6,10.0,31,25,14.700000000000001,2,26,140,12,1,1,5,0,0,1,learned_q,Learned Q policy,0.25454545454545463
,500070,need_based,Need-based,,0.0,13.05,,72,14.4,9,9.0,31,22,13.05,4,24,219,12,3,2,3,0,0,0,learned_q,Learned Q policy,0.26111111111111107
,500070,cooperative,Cooperative,,0.0,11.100000000000001,,64,12.8,6,7.5,17,11,11.100000000000001,3,25,150,11,4,1,4,0,0,0,learned_q,Learned Q policy,0.1875
,500070,hoarding,Hoarding,,0.0,13.5,,70,14.0,12,12.0,20,8,13.5,2,26,69,11,2,1,5,1,0,0,learned_q,Learned Q policy,0.10285714285714298
,500070,mixed,Mixed,,0.0,18.299999999999997,,107,21.4,9,15.5,27,18,18.299999999999997,5,23,110,12,1,1,5,1,0,0,learned_q,Learned Q policy,0.15327102803738324
,500070,need_based_to_competitive,Need-based → competitive,10.0,0.0,12.3,,67,13.4,9,9.0,26,17,12.3,3,25,74,11,4,1,4,0,0,0,learned_q,Learned Q policy,0.23283582089552235
,500070,cooperative_to_hoarding,Cooperative → hoarding,10.0,0.0,10.649999999999999,,61,12.2,6,9.0,15,9,10.649999999999999,1,27,104,11,4,1,3,0,0,1,learned_q,Learned Q policy,0.1311475409836067
,500071,need_based,Need-based,,0.0,27.85,,154,30.8,19,24.5,41,22,27.85,5,23,293,13,1,2,4,0,0,0,learned_q,Learned Q policy,0.12467532467532472
,500071,cooperative,Cooperative,,0.0,16.5,,100,20.0,6,10.0,31,25,16.5,3,25,176,12,3,3,2,0,0,0,learned_q,Learned Q policy,0.264
,500071,hoarding,Hoarding,,0.0,25.549999999999997,,147,29.4,14,15.5,44,30,25.549999999999997,1,27,103,11,1,1,6,0,0,1,learned_q,Learned Q policy,0.2204081632653061
,500071,mixed,Mixed,,0.0,22.4,,126,25.2,14,15.5,39,25,22.4,3,25,125,12,1,3,4,0,0,0,learned_q,Learned Q policy,0.20317460317460312
,500071,need_based_to_competitive,Need-based → competitive,10.0,0.0,19.700000000000003,,108,21.6,14,16.0,26,12,19.700000000000003,4,24,106,13,1,1,4,0,0,1,learned_q,Learned Q policy,0.11481481481481493
,500071,cooperative_to_hoarding,Cooperative → hoarding,10.0,0.0,18.6,,114,22.8,6,12.5,33,27,18.6,2,26,131,11,2,2,5,0,0,0,learned_q,Learned Q policy,0.23859649122807025
,500072,need_based,Need-based,,0.0,22.85,,119,23.8,20,21.0,30,10,22.85,3,25,353,12,4,3,1,0,0,0,learned_q,Learned Q policy,0.07731092436974785
,500072,cooperative,Cooperative,,0.0,20.85,,124,24.8,9,11.5,45,36,20.85,5,23,143,12,4,1,3,0,0,0,learned_q,Learned Q policy,0.28387096774193554
,500072,hoarding,Hoarding,,0.0,24.700000000000003,,128,25.6,22,23.5,31,9,24.700000000000003,3,25,83,11,2,1,5,1,0,0,learned_q,Learned Q policy,0.05625000000000013
,500072,mixed,Mixed,,0.0,27.35,,159,31.8,14,20.5,54,40,27.35,5,23,116,12,3,1,3,1,0,0,learned_q,Learned Q policy,0.21886792452830184
,500072,need_based_to_competitive,Need-based → competitive,10.0,0.0,17.799999999999997,,97,19.4,13,13.5,25,12,17.799999999999997,4,24,91,11,5,1,3,0,0,0,learned_q,Learned Q policy,0.14432989690721665
,500072,cooperative_to_hoarding,Cooperative → hoarding,10.0,0.0,20.450000000000003,,118,23.6,11,14.0,41,30,20.450000000000003,1,27,109,10,3,1,6,0,0,0,learned_q,Learned Q policy,0.2406779661016949
,500073,need_based,Need-based,,0.0,24.700000000000003,,133,26.6,19,20.5,35,16,24.700000000000003,3,25,193,12,2,1,4,0,0,1,learned_q,Learned Q policy,0.12030075187969924
,500073,cooperative,Cooperative,,0.0,24.799999999999997,,142,28.4,14,16.5,52,38,24.799999999999997,2,26,181,12,2,1,3,2,0,0,learned_q,Learned Q policy,0.2591549295774649
,500073,hoarding,Hoarding,,0.0,15.299999999999999,,97,19.4,3,4.5,33,30,15.299999999999999,3,25,57,11,1,0,7,0,0,1,learned_q,Learned Q policy,0.33814432989690735
,500073,mixed,Mixed,,0.0,25.1,,144,28.8,14,16.5,39,25,25.1,3,25,93,12,2,0,4,0,1,1,learned_q,Learned Q policy,0.19166666666666665
,500073,need_based_to_competitive,Need-based → competitive,10.0,0.0,22.1,,124,24.8,14,14.0,35,21,22.1,4,24,131,13,2,0,3,0,0,2,learned_q,Learned Q policy,0.1967741935483871
,500073,cooperative_to_hoarding,Cooperative → hoarding,10.0,0.0,11.399999999999999,,71,14.2,3,4.5,31,28,11.399999999999999,4,24,108,12,2,1,4,1,0,0,learned_q,Learned Q policy,0.3774647887323943
,500074,need_based,Need-based,,0.0,26.6,,149,29.8,17,18.0,47,30,26.6,3,25,166,12,4,1,2,1,0,0,learned_q,Learned Q policy,0.21208053691275164
,500074,cooperative,Cooperative,,0.0,20.1,,124,24.8,6,11.5,41,35,20.1,8,19,211,14,2,1,3,0,0,0,learned_q,Learned Q policy,0.29354838709677433
,500074,hoarding,Hoarding,,0.0,22.85,,134,26.8,11,12.0,38,27,22.85,4,24,95,11,2,3,3,1,0,0,learned_q,Learned Q policy,0.23283582089552235
,500074,mixed,Mixed,,0.0,19.35,,109,21.8,12,13.0,47,35,19.35,3,25,139,12,1,2,3,2,0,0,learned_q,Learned Q policy,0.28623853211009176
,500074,need_based_to_competitive,Need-based → competitive,10.0,0.0,22.1,,124,24.8,14,14.0,36,22,22.1,3,25,111,11,4,1,4,0,0,0,learned_q,Learned Q policy,0.2064516129032259
,500074,cooperative_to_hoarding,Cooperative → hoarding,10.0,0.0,15.899999999999999,,96,19.2,6,7.5,37,31,15.899999999999999,2,26,98,11,4,1,4,0,0,0,learned_q,Learned Q policy,0.3666666666666667
,500075,need_based,Need-based,,0.0,23.75,,130,26.0,17,17.0,36,19,23.75,5,23,159,12,4,1,3,0,0,0,learned_q,Learned Q policy,0.16307692307692312
,500075,cooperative,Cooperative,,0.0,25.1,,144,28.8,14,16.0,44,30,25.1,3,25,155,11,4,1,4,0,0,0,learned_q,Learned Q policy,0.21388888888888902
,500075,hoarding,Hoarding,,0.0,15.899999999999999,,91,18.2,9,10.0,26,17,15.899999999999999,2,26,61,10,4,1,5,0,0,0,learned_q,Learned Q policy,0.20219780219780215
,500075,mixed,Mixed,,0.0,16.200000000000003,,98,19.6,6,7.5,41,35,16.200000000000003,6,22,124,12,2,2,4,0,0,0,learned_q,Learned Q policy,0.3510204081632653
,500075,need_based_to_competitive,Need-based → competitive,10.0,0.0,20.25,,120,24.0,9,13.0,39,30,20.25,3,25,113,10,5,1,4,0,0,0,learned_q,Learned Q policy,0.2533333333333334
,500075,cooperative_to_hoarding,Cooperative → hoarding,10.0,0.0,21.450000000000003,,128,25.6,9,11.5,43,34,21.450000000000003,3,25,126,10,5,1,4,0,0,0,learned_q,Learned Q policy,0.27500000000000013
,500076,need_based,Need-based,,0.0,27.549999999999997,,162,32.4,13,21.5,46,33,27.549999999999997,3,25,137,12,2,1,4,1,0,0,learned_q,Learned Q policy,0.18271604938271602
,500076,cooperative,Cooperative,,0.0,26.450000000000003,,153,30.6,14,20.5,46,32,26.450000000000003,3,25,197,12,2,2,4,0,0,0,learned_q,Learned Q policy,0.19084967320261437
,500076,hoarding,Hoarding,,0.0,24.200000000000003,,138,27.6,14,16.5,44,30,24.200000000000003,1,27,69,11,1,1,6,1,0,0,learned_q,Learned Q policy,0.23188405797101463
,500076,mixed,Mixed,,0.0,19.65,,116,23.2,9,10.0,47,38,19.65,2,26,149,12,1,2,4,0,0,1,learned_q,Learned Q policy,0.31034482758620685
,500076,need_based_to_competitive,Need-based → competitive,10.0,0.0,18.0,,100,20.0,12,13.0,27,15,18.0,5,23,92,12,1,2,5,0,0,0,learned_q,Learned Q policy,0.16400000000000015
,500076,cooperative_to_hoarding,Cooperative → hoarding,10.0,0.0,21.700000000000003,,118,23.6,16,17.5,36,20,21.700000000000003,2,26,109,11,1,1,7,0,0,0,learned_q,Learned Q policy,0.1559322033898305
,500077,need_based,Need-based,,0.0,27.1,,149,29.8,19,20.5,44,25,27.1,4,24,198,11,2,1,5,1,0,0,learned_q,Learned Q policy,0.16644295302013434
,500077,cooperative,Cooperative,,0.0,25.0,,130,26.0,22,23.5,31,9,25.0,6,22,224,14,1,3,1,0,0,1,learned_q,Learned Q policy,0.06153846153846154
,500077,hoarding,Hoarding,,0.0,15.0,,85,17.0,9,9.0,33,24,15.0,1,27,66,9,1,1,8,0,1,0,learned_q,Learned Q policy,0.263529411764706
,500077,mixed,Mixed,,0.0,12.600000000000001,,69,13.8,9,9.0,20,11,12.600000000000001,6,22,84,12,3,1,3,1,0,0,learned_q,Learned Q policy,0.17391304347826098
,500077,need_based_to_competitive,Need-based → competitive,10.0,0.0,23.15,,126,25.2,17,19.5,33,16,23.15,3,25,121,11,1,1,6,0,0,1,learned_q,Learned Q policy,0.11746031746031749
,500077,cooperative_to_hoarding,Cooperative → hoarding,10.0,0.0,16.200000000000003,,98,19.6,6,7.5,30,24,16.200000000000003,2,26,133,12,2,1,4,0,0,1,learned_q,Learned Q policy,0.27755102040816326
,500078,need_based,Need-based,,0.0,29.85,,154,30.8,27,28.5,34,7,29.85,3,25,181,11,2,1,5,0,1,0,learned_q,Learned Q policy,0.04415584415584428
,500078,cooperative,Cooperative,,0.0,25.85,,139,27.8,20,21.0,36,16,25.85,5,23,177,12,3,1,4,0,0,0,learned_q,Learned Q policy,0.12374100719424463
,500078,hoarding,Hoarding,,0.0,17.85,,104,20.8,9,13.0,31,22,17.85,2,26,51,11,3,1,3,1,1,0,learned_q,Learned Q policy,0.19999999999999996
,500078,mixed,Mixed,,0.0,17.0,,95,19.0,11,12.5,30,19,17.0,2,26,100,11,2,1,5,1,0,0,learned_q,Learned Q policy,0.19789473684210535
,500078,need_based_to_competitive,Need-based → competitive,10.0,0.0,20.700000000000003,,113,22.6,15,18.5,28,13,20.700000000000003,1,27,100,11,1,1,5,0,1,1,learned_q,Learned Q policy,0.1026548672566372
,500078,cooperative_to_hoarding,Cooperative → hoarding,10.0,0.0,19.65,,116,23.2,9,14.5,32,23,19.65,3,25,122,11,1,1,7,0,0,0,learned_q,Learned Q policy,0.1965517241379311
,500079,need_based,Need-based,,0.0,27.25,,145,29.0,22,22.5,37,15,27.25,4,24,126,11,3,1,4,1,0,0,learned_q,Learned Q policy,0.1103448275862069
,500079,cooperative,Cooperative,,0.0,18.299999999999997,,107,21.4,9,14.5,31,22,18.299999999999997,6,22,180,13,2,1,4,0,0,0,learned_q,Learned Q policy,0.18317757009345792
,500079,hoarding,Hoarding,,0.0,20.75,,120,24.0,11,12.5,36,25,20.75,3,25,74,11,1,3,4,1,0,0,learned_q,Learned Q policy,0.22999999999999998
,500079,mixed,Mixed,,0.0,18.75,,115,23.0,6,10.0,34,28,18.75,2,26,137,11,3,1,4,0,0,1,learned_q,Learned Q policy,0.2539130434782608
,500079,need_based_to_competitive,Need-based → competitive,10.0,0.0,19.5,,115,23.0,9,17.0,31,22,19.5,5,23,105,11,2,1,6,0,0,0,learned_q,Learned Q policy,0.15304347826086961
,500079,cooperative_to_hoarding,Cooperative → hoarding,10.0,0.0,22.299999999999997,,117,23.4,19,20.0,33,14,22.299999999999997,1,27,126,11,3,1,5,0,0,0,learned_q,Learned Q policy,0.09914529914529924
,500080,need_based,Need-based,,0.0,27.799999999999997,,162,32.4,14,23.5,41,27,27.799999999999997,2,26,181,12,3,2,1,2,0,0,learned_q,Learned Q policy,0.15308641975308657
,500080,cooperative,Cooperative,,0.0,15.75,,100,20.0,3,10.0,30,27,15.75,3,25,142,11,3,1,5,0,0,0,learned_q,Learned Q policy,0.268
,500080,hoarding,Hoarding,,0.0,21.049999999999997,,117,23.4,14,14.5,36,22,21.049999999999997,4,24,53,11,1,1,5,1,1,0,learned_q,Learned Q policy,0.20170940170940166
,500080,mixed,Mixed,,0.0,17.4,,96,19.2,12,13.0,31,19,17.4,5,23,109,12,1,1,5,1,0,0,learned_q,Learned Q policy,0.18333333333333335
,500080,need_based_to_competitive,Need-based → competitive,10.0,0.0,20.25,,120,24.0,9,14.5,38,29,20.25,3,25,99,12,3,1,2,1,0,1,learned_q,Learned Q policy,0.22999999999999998
,500080,cooperative_to_hoarding,Cooperative → hoarding,10.0,0.0,19.4,,111,22.2,11,15.0,31,20,19.4,4,24,100,11,2,1,6,0,0,0,learned_q,Learned Q policy,0.1837837837837839
,500081,need_based,Need-based,,0.0,27.25,,150,30.0,19,23.0,43,24,27.25,3,25,245,13,3,1,0,0,1,2,learned_q,Learned Q policy,0.14400000000000013
,500081,cooperative,Cooperative,,0.0,21.549999999999997,,127,25.4,10,12.0,44,34,21.549999999999997,6,22,252,13,2,1,3,1,0,0,learned_q,Learned Q policy,0.2645669291338584
,500081,hoarding,Hoarding,,0.0,19.549999999999997,,102,20.4,17,17.0,27,10,19.549999999999997,1,27,80,11,2,0,5,0,1,1,learned_q,Learned Q policy,0.0980392156862746
,500081,mixed,Mixed,,0.0,22.700000000000003,,133,26.6,11,18.5,35,24,22.700000000000003,2,26,120,12,3,0,4,0,0,1,learned_q,Learned Q policy,0.16541353383458657
,500081,need_based_to_competitive,Need-based → competitive,10.0,0.0,20.75,,115,23.0,14,15.5,34,20,20.75,2,26,94,12,4,0,1,0,1,2,learned_q,Learned Q policy,0.17739130434782613
,500081,cooperative_to_hoarding,Cooperative → hoarding,10.0,0.0,18.799999999999997,,107,21.4,11,13.0,38,27,18.799999999999997,2,26,143,11,2,0,6,1,0,0,learned_q,Learned Q policy,0.2467289719626169
,500082,need_based,Need-based,,0.0,17.1,,99,19.8,9,11.5,34,25,17.1,4,24,97,11,3,1,5,0,0,0,learned_q,Learned Q policy,0.23838383838383836
,500082,cooperative,Cooperative,,0.0,27.299999999999997,,157,31.4,15,20.0,44,29,27.299999999999997,4,24,228,12,5,1,2,0,0,0,learned_q,Learned Q policy,0.1808917197452229
,500082,hoarding,Hoarding,,0.0,21.75,,115,23.0,18,19.0,33,15,21.75,2,26,78,11,2,1,5,1,0,0,learned_q,Learned Q policy,0.11130434782608689
,500082,mixed,Mixed,,0.0,29.700000000000003,,158,31.6,24,27.0,39,15,29.700000000000003,2,26,125,10,5,1,4,0,0,0,learned_q,Learned Q policy,0.08860759493670889
,500082,need_based_to_competitive,Need-based → competitive,10.0,0.0,23.6,,134,26.8,14,17.0,37,23,23.6,4,24,108,11,3,1,5,0,0,0,learned_q,Learned Q policy,0.18208955223880596
,500082,cooperative_to_hoarding,Cooperative → hoarding,10.0,0.0,22.200000000000003,,133,26.6,9,15.0,42,33,22.200000000000003,4,24,147,11,4,1,4,0,0,0,learned_q,Learned Q policy,0.24360902255639094
,500083,need_based,Need-based,,0.0,25.85,,144,28.8,17,21.5,38,21,25.85,2,26,185,12,3,2,3,0,0,0,learned_q,Learned Q policy,0.1444444444444446
,500083,cooperative,Cooperative,,0.0,19.049999999999997,,117,23.4,6,14.0,33,27,19.049999999999997,3,25,195,12,4,1,2,0,1,0,learned_q,Learned Q policy,0.2153846153846155
,500083,hoarding,Hoarding,,0.0,16.5,,90,18.0,12,12.0,31,19,16.5,5,23,69,12,1,2,4,0,0,1,learned_q,Learned Q policy,0.1955555555555557
,500083,mixed,Mixed,,0.0,22.0,,130,26.0,10,16.0,35,25,22.0,2,26,150,13,0,2,3,0,0,2,learned_q,Learned Q policy,0.18769230769230782
,500083,need_based_to_competitive,Need-based → competitive,10.0,0.0,22.950000000000003,,133,26.6,12,15.5,36,24,22.950000000000003,2,26,155,11,2,2,5,0,0,0,learned_q,Learned Q policy,0.18646616541353378
,500083,cooperative_to_hoarding,Cooperative → hoarding,10.0,0.0,12.149999999999999,,71,14.2,6,9.0,21,15,12.149999999999999,5,23,119,11,2,2,5,0,0,0,learned_q,Learned Q policy,0.19718309859154926
,500084,need_based,Need-based,,0.0,22.549999999999997,,127,25.4,14,17.5,37,23,22.549999999999997,2,26,158,11,1,1,5,2,0,0,learned_q,Learned Q policy,0.18267716535433065
,500084,cooperative,Cooperative,,0.0,21.35,,119,23.8,14,15.5,33,19,21.35,2,26,159,11,5,0,3,0,0,1,learned_q,Learned Q policy,0.18151260504201683
,500084,hoarding,Hoarding,,0.0,17.950000000000003,,103,20.6,10,10.5,47,37,17.950000000000003,5,23,71,12,1,0,5,0,1,1,learned_q,Learned Q policy,0.33009708737864085
,500084,mixed,Mixed,,0.0,15.950000000000001,,83,16.6,14,14.0,24,10,15.950000000000001,1,27,88,12,0,0,4,2,1,1,learned_q,Learned Q policy,0.110843373493976
,500084,need_based_to_competitive,Need-based → competitive,10.0,0.0,20.9,,121,24.2,11,12.5,41,30,20.9,2,26,99,10,3,2,4,1,0,0,learned_q,Learned Q policy,0.24793388429752072
,500084,cooperative_to_hoarding,Cooperative → hoarding,10.0,0.0,19.799999999999997,,117,23.4,9,11.5,36,27,19.799999999999997,3,25,141,12,3,0,4,0,0,1,learned_q,Learned Q policy,0.23931623931623935
,500085,need_based,Need-based,,0.0,27.799999999999997,,162,32.4,14,21.0,54,40,27.799999999999997,3,25,199,12,5,1,1,0,0,1,learned_q,Learned Q policy,0.2098765432098766
,500085,cooperative,Cooperative,,0.0,24.049999999999997,,132,26.4,17,17.0,46,29,24.049999999999997,5,23,190,13,2,0,3,0,0,2,learned_q,Learned Q policy,0.20606060606060606
,500085,hoarding,Hoarding,,0.0,15.299999999999999,,87,17.4,9,10.5,38,29,15.299999999999999,3,25,82,13,1,0,3,0,1,2,learned_q,Learned Q policy,0.27586206896551735
,500085,mixed,Mixed,,0.0,19.049999999999997,,117,23.4,6,14.0,41,35,19.049999999999997,3,25,131,12,2,0,4,1,0,1,learned_q,Learned Q policy,0.252991452991453
,500085,need_based_to_competitive,Need-based → competitive,10.0,0.0,26.450000000000003,,148,29.6,17,18.0,57,40,26.450000000000003,4,24,106,12,4,2,0,0,0,2,learned_q,Learned Q policy,0.2540540540540541
,500085,cooperative_to_hoarding,Cooperative → hoarding,10.0,0.0,18.9,,111,22.2,9,13.0,47,38,18.9,3,25,115,11,3,0,5,0,0,1,learned_q,Learned Q policy,0.2810810810810811
,500086,need_based,Need-based,,0.0,16.299999999999997,,107,21.4,1,7.5,37,36,16.299999999999997,3,25,122,12,2,1,3,0,2,0,learned_q,Learned Q policy,0.3289719626168224
,500086,cooperative,Cooperative,,0.0,21.200000000000003,,118,23.6,14,14.0,45,31,21.200000000000003,6,22,191,12,1,2,4,0,0,1,learned_q,Learned Q policy,0.2677966101694915
,500086,hoarding,Hoarding,,0.0,20.4,,116,23.2,12,13.0,36,24,20.4,4,24,62,11,4,1,4,0,0,0,learned_q,Learned Q policy,0.2206896551724138
,500086,mixed,Mixed,,0.0,20.85,,124,24.8,9,17.0,35,26,20.85,3,25,99,12,1,1,4,2,0,0,learned_q,Learned Q policy,0.18387096774193545
,500086,need_based_to_competitive,Need-based → competitive,10.0,0.0,14.600000000000001,,94,18.8,2,10.5,31,29,14.600000000000001,3,25,77,12,1,1,4,0,2,0,learned_q,Learned Q policy,0.2595744680851064
,500086,cooperative_to_hoarding,Cooperative → hoarding,10.0,0.0,20.549999999999997,,122,24.4,9,10.0,52,43,20.549999999999997,2,26,120,10,3,3,3,0,0,1,learned_q,Learned Q policy,0.3475409836065575
,500087,need_based,Need-based,,0.0,22.4,,131,26.2,11,15.0,44,33,22.4,3,25,243,13,2,1,1,0,1,2,learned_q,Learned Q policy,0.250381679389313
,500087,cooperative,Cooperative,,0.0,20.200000000000003,,113,22.6,13,13.5,34,21,20.200000000000003,4,24,138,10,3,0,6,1,0,0,learned_q,Learned Q policy,0.2053097345132744
,500087,hoarding,Hoarding,,0.0,11.850000000000001,,74,14.8,3,8.0,30,27,11.850000000000001,2,26,61,12,3,0,3,0,1,1,learned_q,Learned Q policy,0.29729729729729737
,500087,mixed,Mixed,,0.0,14.399999999999999,,86,17.2,6,7.5,32,26,14.399999999999999,3,25,86,13,1,0,3,0,1,2,learned_q,Learned Q policy,0.30232558139534893
,500087,need_based_to_competitive,Need-based → competitive,10.0,0.0,15.450000000000001,,93,18.6,6,6.0,34,28,15.450000000000001,4,24,99,13,3,0,1,0,1,2,learned_q,Learned Q policy,0.3354838709677419
,500087,cooperative_to_hoarding,Cooperative → hoarding,10.0,0.0,13.350000000000001,,84,16.8,3,7.0,39,36,13.350000000000001,5,23,109,11,4,0,4,1,0,0,learned_q,Learned Q policy,0.37142857142857144
,500088,need_based,Need-based,,0.0,25.0,,135,27.0,19,19.5,44,25,25.0,1,27,126,12,3,1,3,0,0,1,learned_q,Learned Q policy,0.16888888888888887
,500088,cooperative,Cooperative,,0.0,17.4,,106,21.2,6,14.0,28,22,17.4,3,25,211,12,4,2,2,0,0,0,learned_q,Learned Q policy,0.18867924528301883
,500088,hoarding,Hoarding,,0.0,11.600000000000001,,74,14.8,2,8.0,27,25,11.600000000000001,2,26,64,8,7,1,4,0,0,0,learned_q,Learned Q policy,0.28648648648648645
,500088,mixed,Mixed,,0.0,19.700000000000003,,113,22.6,11,16.0,30,19,19.700000000000003,6,22,132,12,0,1,6,1,0,0,learned_q,Learned Q policy,0.15575221238938064
,500088,need_based_to_competitive,Need-based → competitive,10.0,0.0,18.549999999999997,,107,21.4,10,12.0,39,29,18.549999999999997,3,25,117,13,2,1,3,0,0,1,learned_q,Learned Q policy,0.2654205607476636
,500088,cooperative_to_hoarding,Cooperative → hoarding,10.0,0.0,11.100000000000001,,64,12.8,6,7.5,20,14,11.100000000000001,5,23,110,12,3,1,4,0,0,0,learned_q,Learned Q policy,0.23124999999999996
,500089,need_based,Need-based,,0.0,26.6,,149,29.8,17,23.5,35,18,26.6,5,23,172,13,3,0,2,0,0,2,learned_q,Learned Q policy,0.11006711409395975
,500089,cooperative,Cooperative,,0.0,21.200000000000003,,118,23.6,14,14.0,41,27,21.200000000000003,7,21,236,13,2,1,3,0,0,1,learned_q,Learned Q policy,0.22711864406779658
,500089,hoarding,Hoarding,,0.0,17.1,,104,20.8,6,10.5,39,33,17.1,1,27,52,10,4,0,5,0,0,1,learned_q,Learned Q policy,0.2807692307692309
,500089,mixed,Mixed,,0.0,17.1,,104,20.8,6,10.0,34,28,17.1,3,25,96,11,3,0,5,0,0,1,learned_q,Learned Q policy,0.27692307692307705
,500089,need_based_to_competitive,Need-based → competitive,10.0,0.0,22.5,,135,27.0,9,18.0,38,29,22.5,4,24,125,12,4,0,3,0,0,1,learned_q,Learned Q policy,0.1837037037037037
,500089,cooperative_to_hoarding,Cooperative → hoarding,10.0,0.0,15.899999999999999,,96,19.2,6,10.0,32,26,15.899999999999999,4,24,131,11,3,0,5,0,0,1,learned_q,Learned Q policy,0.28333333333333344
,500090,need_based,Need-based,,0.0,28.25,,165,33.0,14,23.5,49,35,28.25,2,26,153,10,4,1,5,0,0,0,learned_q,Learned Q policy,0.17454545454545456
,500090,cooperative,Cooperative,,0.0,24.15,,146,29.2,9,19.5,44,35,24.15,3,25,160,11,2,1,6,0,0,0,learned_q,Learned Q policy,0.19999999999999996
,500090,hoarding,Hoarding,,0.0,19.35,,119,23.8,6,11.5,39,33,19.35,1,27,79,10,4,1,4,1,0,0,learned_q,Learned Q policy,0.2655462184873949
,500090,mixed,Mixed,,0.0,16.200000000000003,,93,18.6,9,10.0,39,30,16.200000000000003,2,26,112,11,3,1,3,1,0,1,learned_q,Learned Q policy,0.28387096774193554
,500090,need_based_to_competitive,Need-based → competitive,10.0,0.0,24.799999999999997,,142,28.4,14,19.5,45,31,24.799999999999997,2,26,134,10,5,1,4,0,0,0,learned_q,Learned Q policy,0.18873239436619715
,500090,cooperative_to_hoarding,Cooperative → hoarding,10.0,0.0,15.299999999999999,,92,18.4,6,7.5,28,22,15.299999999999999,4,24,117,11,2,1,6,0,0,0,learned_q,Learned Q policy,0.26956521739130435
,500091,need_based,Need-based,,0.0,24.15,,146,29.2,9,17.5,38,29,24.15,4,24,160,12,4,0,2,0,1,1,learned_q,Learned Q policy,0.18904109589041096
,500091,cooperative,Cooperative,,0.0,22.25,,125,25.0,14,16.5,42,28,22.25,3,25,170,13,3,0,1,1,0,2,learned_q,Learned Q policy,0.20799999999999996
,500091,hoarding,Hoarding,,0.0,14.549999999999999,,82,16.4,9,10.0,34,25,14.549999999999999,2,26,68,11,4,0,2,0,1,2,learned_q,Learned Q policy,0.2731707317073171
,500091,mixed,Mixed,,0.0,20.549999999999997,,122,24.4,9,13.0,41,32,20.549999999999997,3,25,125,12,1,0,5,0,1,1,learned_q,Learned Q policy,0.24590163934426235
,500091,need_based_to_competitive,Need-based → competitive,10.0,0.0,17.1,,104,20.8,6,11.5,28,22,17.1,3,25,95,11,3,1,3,0,1,1,learned_q,Learned Q policy,0.21153846153846168
,500091,cooperative_to_hoarding,Cooperative → hoarding,10.0,0.0,18.75,,115,23.0,6,11.5,39,33,18.75,2,26,133,11,4,0,3,0,1,1,learned_q,Learned Q policy,0.27826086956521734
,500092,need_based,Need-based,,0.0,20.450000000000003,,113,22.6,14,14.5,30,16,20.450000000000003,5,23,91,12,1,0,5,0,1,1,learned_q,Learned Q policy,0.16637168141592928
,500092,cooperative,Cooperative,,0.0,18.799999999999997,,102,20.4,14,14.0,31,17,18.799999999999997,3,25,181,12,3,1,3,0,0,1,learned_q,Learned Q policy,0.16862745098039222
,500092,hoarding,Hoarding,,0.0,20.15,,111,22.2,14,15.5,36,22,20.15,3,25,88,12,0,0,6,0,1,1,learned_q,Learned Q policy,0.18738738738738747
,500092,mixed,Mixed,,0.0,23.75,,130,26.0,17,18.5,36,19,23.75,3,25,135,12,0,1,5,0,1,1,learned_q,Learned Q policy,0.16307692307692312
,500092,need_based_to_competitive,Need-based → competitive,10.0,0.0,18.35,,104,20.8,11,14.0,31,20,18.35,2,26,76,11,3,0,4,0,1,1,learned_q,Learned Q policy,0.18461538461538463
,500092,cooperative_to_hoarding,Cooperative → hoarding,10.0,0.0,14.700000000000001,,88,17.6,6,7.5,34,28,14.700000000000001,3,25,123,11,5,1,2,0,0,1,learned_q,Learned Q policy,0.3272727272727274
,500093,need_based,Need-based,,0.0,27.650000000000002,,161,32.2,14,22.0,52,38,27.650000000000002,5,23,212,12,3,2,3,0,0,0,learned_q,Learned Q policy,0.19875776397515543
,500093,cooperative,Cooperative,,0.0,22.950000000000003,,128,25.6,15,18.5,35,20,22.950000000000003,2,26,195,12,2,1,3,1,0,1,learned_q,Learned Q policy,0.1468750000000001
,500093,hoarding,Hoarding,,0.0,16.4,,91,18.2,11,12.5,32,21,16.4,3,25,61,12,2,1,1,1,3,0,learned_q,Learned Q policy,0.19780219780219777
,500093,mixed,Mixed,,0.0,20.0,,110,22.0,14,15.5,37,23,20.0,3,25,99,13,0,1,3,1,0,2,learned_q,Learned Q policy,0.18545454545454554
,500093,need_based_to_competitive,Need-based → competitive,10.0,0.0,22.049999999999997,,137,27.4,6,15.5,44,38,22.049999999999997,3,25,112,12,2,1,4,0,0,1,learned_q,Learned Q policy,0.2394160583941607
,500093,cooperative_to_hoarding,Cooperative → hoarding,10.0,0.0,21.049999999999997,,117,23.4,14,18.0,31,17,21.049999999999997,4,24,135,12,2,1,4,0,0,1,learned_q,Learned Q policy,0.1333333333333333
,500094,need_based,Need-based,,0.0,28.0,,155,31.0,19,23.0,45,26,28.0,5,23,197,13,2,1,3,1,0,0,learned_q,Learned Q policy,0.1522580645161291
,500094,cooperative,Cooperative,,0.0,26.049999999999997,,152,30.4,13,19.0,49,36,26.049999999999997,5,23,255,12,4,1,3,0,0,0,learned_q,Learned Q policy,0.22368421052631593
,500094,hoarding,Hoarding,,0.0,18.799999999999997,,102,20.4,14,15.5,35,21,18.799999999999997,5,23,45,10,4,2,3,1,0,0,learned_q,Learned Q policy,0.1725490196078432
,500094,mixed,Mixed,,0.0,21.200000000000003,,118,23.6,14,15.5,42,28,21.200000000000003,4,24,99,12,2,1,4,1,0,0,learned_q,Learned Q policy,0.21016949152542375
,500094,need_based_to_competitive,Need-based → competitive,10.0,0.0,26.700000000000003,,143,28.6,21,21.5,40,19,26.700000000000003,3,25,112,12,2,1,5,0,0,0,learned_q,Learned Q policy,0.1286713286713288
,500094,cooperative_to_hoarding,Cooperative → hoarding,10.0,0.0,18.450000000000003,,113,22.6,6,10.5,42,36,18.450000000000003,1,27,140,8,4,1,7,0,0,0,learned_q,Learned Q policy,0.31858407079646023
,500095,need_based,Need-based,,0.0,23.9,,131,26.2,17,19.5,38,21,23.9,4,24,118,12,4,1,3,0,0,0,learned_q,Learned Q policy,0.14961832061068714
,500095,cooperative,Cooperative,,0.0,24.1,,129,25.8,19,21.0,34,15,24.1,5,23,170,13,2,1,2,0,1,1,learned_q,Learned Q policy,0.10852713178294571
,500095,hoarding,Hoarding,,0.0,18.75,,115,23.0,6,11.5,33,27,18.75,2,26,74,10,4,1,4,0,1,0,learned_q,Learned Q policy,0.24
,500095,mixed,Mixed,,0.0,15.450000000000001,,88,17.6,9,9.0,30,21,15.450000000000001,2,26,79,11,3,1,3,0,2,0,learned_q,Learned Q policy,0.25
,500095,need_based_to_competitive,Need-based → competitive,10.0,0.0,18.9,,111,22.2,9,13.0,33,24,18.9,2,26,87,11,4,1,4,0,0,0,learned_q,Learned Q policy,0.2090090090090091
,500095,cooperative_to_hoarding,Cooperative → hoarding,10.0,0.0,16.4,,86,17.2,14,14.0,28,14,16.4,3,25,100,12,2,1,4,0,1,0,learned_q,Learned Q policy,0.1348837209302327
,500096,need_based,Need-based,,0.0,32.0,,180,36.0,20,25.0,51,31,32.0,5,23,248,13,3,1,1,0,1,1,learned_q,Learned Q policy,0.1644444444444444
,500096,cooperative,Cooperative,,0.0,28.5,,145,29.0,27,27.0,32,5,28.5,3,25,150,11,5,0,3,0,0,1,learned_q,Learned Q policy,0.03586206896551736
,500096,hoarding,Hoarding,,0.0,17.1,,104,20.8,6,6.0,36,30,17.1,5,23,47,12,2,0,4,0,1,1,learned_q,Learned Q policy,0.32307692307692304
,500096,mixed,Mixed,,0.0,18.9,,111,22.2,9,12.0,39,30,18.9,2,26,103,11,3,0,4,0,1,1,learned_q,Learned Q policy,0.25225225225225234
,500096,need_based_to_competitive,Need-based → competitive,10.0,0.0,27.35,,149,29.8,20,24.0,37,17,27.35,3,25,132,12,4,0,2,0,1,1,learned_q,Learned Q policy,0.10469798657718132
,500096,cooperative_to_hoarding,Cooperative → hoarding,10.0,0.0,15.0,,90,18.0,6,12.0,25,19,15.0,3,25,95,12,4,0,2,0,0,2,learned_q,Learned Q policy,0.18666666666666676
,500097,need_based,Need-based,,0.0,26.65,,141,28.2,22,24.0,33,11,26.65,3,25,376,12,1,3,3,1,0,0,learned_q,Learned Q policy,0.07375886524822706
,500097,cooperative,Cooperative,,0.0,21.200000000000003,,113,22.6,17,18.0,30,13,21.200000000000003,3,25,148,11,3,0,5,0,1,0,learned_q,Learned Q policy,0.11681415929203554
,500097,hoarding,Hoarding,,0.0,12.899999999999999,,81,16.2,3,4.5,42,39,12.899999999999999,3,25,92,12,3,1,2,0,1,1,learned_q,Learned Q policy,0.434567901234568
,500097,mixed,Mixed,,0.0,19.85,,114,22.8,11,12.5,50,39,19.85,6,22,116,14,1,0,1,0,3,1,learned_q,Learned Q policy,0.31228070175438605
,500097,need_based_to_competitive,Need-based → competitive,10.0,0.0,13.2,,73,14.6,9,9.5,27,18,13.2,3,25,123,12,0,1,4,1,2,0,learned_q,Learned Q policy,0.2301369863013698
,500097,cooperative_to_hoarding,Cooperative → hoarding,10.0,0.0,9.0,,50,10.0,6,6.5,17,11,9.0,5,23,79,11,2,1,5,0,1,0,learned_q,Learned Q policy,0.20799999999999996
,500098,need_based,Need-based,,0.0,28.049999999999997,,142,28.4,27,27.0,31,4,28.049999999999997,5,23,266,11,2,2,5,0,0,0,learned_q,Learned Q policy,0.030985915492957705
,500098,cooperative,Cooperative,,0.0,19.5,,125,25.0,3,11.0,39,36,19.5,4,24,230,12,4,1,3,0,0,0,learned_q,Learned Q policy,0.28800000000000003
,500098,hoarding,Hoarding,,0.0,19.1,,104,20.8,14,15.5,31,17,19.1,2,26,64,11,1,1,5,2,0,0,learned_q,Learned Q policy,0.15000000000000013
,500098,mixed,Mixed,,0.0,18.65,,101,20.2,14,15.5,28,14,18.65,3,25,116,13,1,1,2,2,0,1,learned_q,Learned Q policy,0.13465346534653477
,500098,need_based_to_competitive,Need-based → competitive,10.0,0.0,21.85,,119,23.8,16,16.5,30,14,21.85,2,26,89,10,4,1,5,0,0,0,learned_q,Learned Q policy,0.134453781512605
,500098,cooperative_to_hoarding,Cooperative → hoarding,10.0,0.0,17.549999999999997,,107,21.4,6,7.5,38,32,17.549999999999997,1,27,134,10,4,1,5,0,0,0,learned_q,Learned Q policy,0.3252336448598132
,500099,need_based,Need-based,,0.0,34.650000000000006,,181,36.2,30,31.5,46,16,34.650000000000006,6,22,191,13,3,1,3,0,0,0,learned_q,Learned Q policy,0.08397790055248633
,500099,cooperative,Cooperative,,0.0,25.85,,144,28.8,17,19.5,45,28,25.85,3,25,205,11,6,1,2,0,0,0,learned_q,Learned Q policy,0.19999999999999996
,500099,hoarding,Hoarding,,0.0,21.5,,120,24.0,14,14.0,44,30,21.5,3,25,69,11,3,1,4,1,0,0,learned_q,Learned Q policy,0.2566666666666668
,500099,mixed,Mixed,,0.0,25.700000000000003,,148,29.6,14,19.5,40,26,25.700000000000003,5,23,176,13,0,2,4,0,0,1,learned_q,Learned Q policy,0.16756756756756763
,500099,need_based_to_competitive,Need-based → competitive,10.0,0.0,28.9,,156,31.2,22,23.5,49,27,28.9,4,24,128,12,2,2,4,0,0,0,learned_q,Learned Q policy,0.1512820512820514
,500099,cooperative_to_hoarding,Cooperative → hoarding,10.0,0.0,21.799999999999997,,127,25.4,11,11.5,44,33,21.799999999999997,1,27,124,10,6,1,3,0,0,0,learned_q,Learned Q policy,0.28976377952755916
,500000,need_based,Need-based,,0.0,20.6,,114,22.8,14,15.5,35,21,20.6,8,0,153,20,0,0,0,0,0,0,permanent_bilateral_3pass,Permanent bilateral 3-pass,0.18245614035087732
,500000,cooperative,Cooperative,,0.0,22.85,,124,24.8,17,17.0,35,18,22.85,8,0,242,20,0,0,0,0,0,0,permanent_bilateral_3pass,Permanent bilateral 3-pass,0.15806451612903238
,500000,hoarding,Hoarding,,0.0,12.75,,80,16.0,3,8.5,27,24,12.75,8,0,72,20,0,0,0,0,0,0,permanent_bilateral_3pass,Permanent bilateral 3-pass,0.28
,500000,mixed,Mixed,,0.0,15.200000000000001,,83,16.6,11,11.0,25,14,15.200000000000001,8,0,111,20,0,0,0,0,0,0,permanent_bilateral_3pass,Permanent bilateral 3-pass,0.1879518072289157
,500000,need_based_to_competitive,Need-based → competitive,10.0,0.0,16.049999999999997,,92,18.4,9,11.5,36,27,16.049999999999997,8,0,116,20,0,0,0,0,0,0,permanent_bilateral_3pass,Permanent bilateral 3-pass,0.24782608695652186
,500000,cooperative_to_hoarding,Cooperative → hoarding,10.0,0.0,15.450000000000001,,93,18.6,6,11.5,27,21,15.450000000000001,8,0,168,20,0,0,0,0,0,0,permanent_bilateral_3pass,Permanent bilateral 3-pass,0.21075268817204296
,500001,need_based,Need-based,,0.0,29.700000000000003,,168,33.6,18,22.5,47,29,29.700000000000003,8,0,160,20,0,0,0,0,0,0,permanent_bilateral_3pass,Permanent bilateral 3-pass,0.18333333333333335
,500001,cooperative,Cooperative,,0.0,18.299999999999997,,112,22.4,6,13.0,31,25,18.299999999999997,8,0,171,20,0,0,0,0,0,0,permanent_bilateral_3pass,Permanent bilateral 3-pass,0.2142857142857144
,500001,hoarding,Hoarding,,0.0,13.350000000000001,,74,14.8,9,10.0,25,16,13.350000000000001,8,0,67,20,0,0,0,0,0,0,permanent_bilateral_3pass,Permanent bilateral 3-pass,0.21081081081081088
,500001,mixed,Mixed,,0.0,21.5,,120,24.0,14,17.0,33,19,21.5,8,0,129,20,0,0,0,0,0,0,permanent_bilateral_3pass,Permanent bilateral 3-pass,0.15333333333333332
,500001,need_based_to_competitive,Need-based → competitive,10.0,0.0,21.15,,131,26.2,6,11.5,41,35,21.15,8,0,102,20,0,0,0,0,0,0,permanent_bilateral_3pass,Permanent bilateral 3-pass,0.2748091603053435
,500001,cooperative_to_hoarding,Cooperative → hoarding,10.0,0.0,20.1,,119,23.8,9,14.5,38,29,20.1,8,0,118,20,0,0,0,0,0,0,permanent_bilateral_3pass,Permanent bilateral 3-pass,0.2184873949579833
,500002,need_based,Need-based,,0.0,22.25,,125,25.0,14,17.0,41,27,22.25,8,0,128,20,0,0,0,0,0,0,permanent_bilateral_3pass,Permanent bilateral 3-pass,0.19840000000000013
,500002,cooperative,Cooperative,,0.0,18.299999999999997,,117,23.4,3,7.0,38,35,18.299999999999997,8,0,249,20,0,0,0,0,0,0,permanent_bilateral_3pass,Permanent bilateral 3-pass,0.32136752136752134
,500002,hoarding,Hoarding,,0.0,13.200000000000001,,83,16.6,3,8.5,34,31,13.200000000000001,8,0,82,20,0,0,0,0,0,0,permanent_bilateral_3pass,Permanent bilateral 3-pass,0.31807228915662655
,500002,mixed,Mixed,,0.0,14.700000000000001,,83,16.6,9,9.0,31,22,14.700000000000001,8,0,104,20,0,0,0,0,0,0,permanent_bilateral_3pass,Permanent bilateral 3-pass,0.2650602409638554
,500002,need_based_to_competitive,Need-based → competitive,10.0,0.0,14.700000000000001,,88,17.6,6,7.5,39,33,14.700000000000001,8,0,93,20,0,0,0,0,0,0,permanent_bilateral_3pass,Permanent bilateral 3-pass,0.3363636363636364
,500002,cooperative_to_hoarding,Cooperative → hoarding,10.0,0.0,13.049999999999999,,82,16.4,3,4.5,39,36,13.049999999999999,8,0,122,20,0,0,0,0,0,0,permanent_bilateral_3pass,Permanent bilateral 3-pass,0.41951219512195137
,500003,need_based,Need-based,,0.0,24.299999999999997,,152,30.4,6,15.5,49,43,24.299999999999997,8,0,170,20,0,0,0,0,0,0,permanent_bilateral_3pass,Permanent bilateral 3-pass,0.2605263157894737
,500003,cooperative,Cooperative,,0.0,18.9,,116,23.2,6,10.0,44,38,18.9,8,0,251,20,0,0,0,0,0,0,permanent_bilateral_3pass,Permanent bilateral 3-pass,0.306896551724138
,500003,hoarding,Hoarding,,0.0,11.3,,67,13.4,5,5.5,28,23,11.3,8,0,47,20,0,0,0,0,0,0,permanent_bilateral_3pass,Permanent bilateral 3-pass,0.32238805970149254
,500003,mixed,Mixed,,0.0,13.049999999999999,,82,16.4,3,3.0,37,34,13.049999999999999,8,0,71,20,0,0,0,0,0,0,permanent_bilateral_3pass,Permanent bilateral 3-pass,0.47804878048780486
,500003,need_based_to_competitive,Need-based → competitive,10.0,0.0,19.950000000000003,,118,23.6,9,14.0,41,32,19.950000000000003,8,0,87,20,0,0,0,0,0,0,permanent_bilateral_3pass,Permanent bilateral 3-pass,0.24745762711864416
,500003,cooperative_to_hoarding,Cooperative → hoarding,10.0,0.0,16.950000000000003,,103,20.6,6,9.0,41,35,16.950000000000003,8,0,163,20,0,0,0,0,0,0,permanent_bilateral_3pass,Permanent bilateral 3-pass,0.3417475728155339
,500004,need_based,Need-based,,0.0,24.65,,136,27.2,17,18.0,49,32,24.65,8,0,162,20,0,0,0,0,0,0,permanent_bilateral_3pass,Permanent bilateral 3-pass,0.20882352941176485
,500004,cooperative,Cooperative,,0.0,26.15,,151,30.2,14,22.0,42,28,26.15,8,0,215,20,0,0,0,0,0,0,permanent_bilateral_3pass,Permanent bilateral 3-pass,0.16158940397350996
,500004,hoarding,Hoarding,,0.0,14.549999999999999,,92,18.4,3,4.5,47,44,14.549999999999999,8,0,65,20,0,0,0,0,0,0,permanent_bilateral_3pass,Permanent bilateral 3-pass,0.4652173913043478
,500004,mixed,Mixed,,0.0,16.35,,99,19.8,6,10.0,41,35,16.35,8,0,118,20,0,0,0,0,0,0,permanent_bilateral_3pass,Permanent bilateral 3-pass,0.3151515151515152
,500004,need_based_to_competitive,Need-based → competitive,10.0,0.0,15.600000000000001,,94,18.8,6,7.5,38,32,15.600000000000001,8,0,114,20,0,0,0,0,0,0,permanent_bilateral_3pass,Permanent bilateral 3-pass,0.3702127659574468
,500004,cooperative_to_hoarding,Cooperative → hoarding,10.0,0.0,18.75,,115,23.0,6,11.5,37,31,18.75,8,0,119,20,0,0,0,0,0,0,permanent_bilateral_3pass,Permanent bilateral 3-pass,0.27130434782608703
,500005,need_based,Need-based,,0.0,22.700000000000003,,128,25.6,14,18.0,34,20,22.700000000000003,8,0,156,20,0,0,0,0,0,0,permanent_bilateral_3pass,Permanent bilateral 3-pass,0.15625
,500005,cooperative,Cooperative,,0.0,13.950000000000001,,88,17.6,3,7.0,33,30,13.950000000000001,8,0,162,20,0,0,0,0,0,0,permanent_bilateral_3pass,Permanent bilateral 3-pass,0.34545454545454546
,500005,hoarding,Hoarding,,0.0,10.8,,67,13.4,3,8.5,19,16,10.8,8,0,76,20,0,0,0,0,0,0,permanent_bilateral_3pass,Permanent bilateral 3-pass,0.20895522388059695
,500005,mixed,Mixed,,0.0,14.25,,85,17.0,6,8.5,30,24,14.25,8,0,88,20,0,0,0,0,0,0,permanent_bilateral_3pass,Permanent bilateral 3-pass,0.29647058823529426
,500005,need_based_to_competitive,Need-based → competitive,10.0,0.0,12.0,,75,15.0,3,5.0,25,22,12.0,8,0,89,20,0,0,0,0,0,0,permanent_bilateral_3pass,Permanent bilateral 3-pass,0.30933333333333346
,500005,cooperative_to_hoarding,Cooperative → hoarding,10.0,0.0,12.0,,75,15.0,3,4.5,32,29,12.0,8,0,93,20,0,0,0,0,0,0,permanent_bilateral_3pass,Permanent bilateral 3-pass,0.3946666666666667
,500006,need_based,Need-based,,0.0,24.200000000000003,,138,27.6,14,15.5,52,38,24.200000000000003,8,0,147,20,0,0,0,0,0,0,permanent_bilateral_3pass,Permanent bilateral 3-pass,0.25217391304347836
,500006,cooperative,Cooperative,,0.0,21.799999999999997,,122,24.4,14,18.0,34,20,21.799999999999997,8,0,208,20,0,0,0,0,0,0,permanent_bilateral_3pass,Permanent bilateral 3-pass,0.1573770491803279
,500006,hoarding,Hoarding,,0.0,9.649999999999999,,56,11.2,5,5.5,28,23,9.649999999999999,8,0,76,20,0,0,0,0,0,0,permanent_bilateral_3pass,Permanent bilateral 3-pass,0.3642857142857143
,500006,mixed,Mixed,,0.0,20.15,,116,23.2,11,12.5,41,30,20.15,8,0,147,20,0,0,0,0,0,0,permanent_bilateral_3pass,Permanent bilateral 3-pass,0.27241379310344827
,500006,need_based_to_competitive,Need-based → competitive,10.0,0.0,18.6,,109,21.8,9,9.0,36,27,18.6,8,0,117,20,0,0,0,0,0,0,permanent_bilateral_3pass,Permanent bilateral 3-pass,0.27522935779816526
,500006,cooperative_to_hoarding,Cooperative → hoarding,10.0,0.0,20.1,,114,22.8,12,13.0,36,24,20.1,8,0,141,20,0,0,0,0,0,0,permanent_bilateral_3pass,Permanent bilateral 3-pass,0.22456140350877196
,500007,need_based,Need-based,,0.0,23.9,,131,26.2,17,17.0,39,22,23.9,8,0,143,20,0,0,0,0,0,0,permanent_bilateral_3pass,Permanent bilateral 3-pass,0.1832061068702291
,500007,cooperative,Cooperative,,0.0,21.200000000000003,,118,23.6,14,18.0,33,19,21.200000000000003,8,0,210,20,0,0,0,0,0,0,permanent_bilateral_3pass,Permanent bilateral 3-pass,0.14237288135593218
,500007,hoarding,Hoarding,,0.0,14.700000000000001,,93,18.6,3,6.0,36,33,14.700000000000001,8,0,87,20,0,0,0,0,0,0,permanent_bilateral_3pass,Permanent bilateral 3-pass,0.39139784946236555
,500007,mixed,Mixed,,0.0,23.4,,131,26.2,15,15.5,39,24,23.4,8,0,137,20,0,0,0,0,0,0,permanent_bilateral_3pass,Permanent bilateral 3-pass,0.20152671755725193
,500007,need_based_to_competitive,Need-based → competitive,10.0,0.0,24.5,,135,27.0,17,21.0,36,19,24.5,8,0,131,20,0,0,0,0,0,0,permanent_bilateral_3pass,Permanent bilateral 3-pass,0.1274074074074074
,500007,cooperative_to_hoarding,Cooperative → hoarding,10.0,0.0,21.049999999999997,,112,22.4,17,17.0,33,16,21.049999999999997,8,0,152,20,0,0,0,0,0,0,permanent_bilateral_3pass,Permanent bilateral 3-pass,0.1428571428571428
,500008,need_based,Need-based,,0.0,23.450000000000003,,128,25.6,17,19.5,36,19,23.450000000000003,8,0,135,20,0,0,0,0,0,0,permanent_bilateral_3pass,Permanent bilateral 3-pass,0.1468750000000001
,500008,cooperative,Cooperative,,0.0,28.549999999999997,,162,32.4,17,23.5,44,27,28.549999999999997,8,0,235,20,0,0,0,0,0,0,permanent_bilateral_3pass,Permanent bilateral 3-pass,0.16049382716049387
,500008,hoarding,Hoarding,,0.0,15.450000000000001,,93,18.6,6,8.5,34,28,15.450000000000001,8,0,70,20,0,0,0,0,0,0,permanent_bilateral_3pass,Permanent bilateral 3-pass,0.3139784946236559
,500008,mixed,Mixed,,0.0,19.799999999999997,,122,24.4,6,14.0,35,29,19.799999999999997,8,0,160,20,0,0,0,0,0,0,permanent_bilateral_3pass,Permanent bilateral 3-pass,0.21967213114754114
,500008,need_based_to_competitive,Need-based → competitive,10.0,0.0,16.049999999999997,,92,18.4,9,11.5,29,20,16.049999999999997,8,0,80,20,0,0,0,0,0,0,permanent_bilateral_3pass,Permanent bilateral 3-pass,0.19999999999999996
,500008,cooperative_to_hoarding,Cooperative → hoarding,10.0,0.0,20.700000000000003,,123,24.6,9,14.5,44,35,20.700000000000003,8,0,160,20,0,0,0,0,0,0,permanent_bilateral_3pass,Permanent bilateral 3-pass,0.25365853658536586
,500009,need_based,Need-based,,0.0,26.75,,155,31.0,14,20.5,44,30,26.75,8,0,157,20,0,0,0,0,0,0,permanent_bilateral_3pass,Permanent bilateral 3-pass,0.17548387096774198
,500009,cooperative,Cooperative,,0.0,28.0,,155,31.0,19,19.0,57,38,28.0,8,0,257,20,0,0,0,0,0,0,permanent_bilateral_3pass,Permanent bilateral 3-pass,0.2451612903225806
,500009,hoarding,Hoarding,,0.0,16.200000000000003,,98,19.6,6,7.5,38,32,16.200000000000003,8,0,117,20,0,0,0,0,0,0,permanent_bilateral_3pass,Permanent bilateral 3-pass,0.3632653061224491
,500009,mixed,Mixed,,0.0,12.149999999999999,,71,14.2,6,6.0,31,25,12.149999999999999,8,0,86,20,0,0,0,0,0,0,permanent_bilateral_3pass,Permanent bilateral 3-pass,0.3380281690140845
,500009,need_based_to_competitive,Need-based → competitive,10.0,0.0,25.4,,146,29.2,14,19.5,41,27,25.4,8,0,141,20,0,0,0,0,0,0,permanent_bilateral_3pass,Permanent bilateral 3-pass,0.1753424657534246
,500009,cooperative_to_hoarding,Cooperative → hoarding,10.0,0.0,20.1,,129,25.8,3,6.0,46,43,20.1,8,0,197,20,0,0,0,0,0,0,permanent_bilateral_3pass,Permanent bilateral 3-pass,0.38139534883720927
,500010,need_based,Need-based,,0.0,29.5,,160,32.0,22,22.0,43,21,29.5,8,0,200,20,0,0,0,0,0,0,permanent_bilateral_3pass,Permanent bilateral 3-pass,0.14500000000000002
,500010,cooperative,Cooperative,,0.0,17.700000000000003,,113,22.6,3,8.0,44,41,17.700000000000003,8,0,185,20,0,0,0,0,0,0,permanent_bilateral_3pass,Permanent bilateral 3-pass,0.3787610619469026
,500010,hoarding,Hoarding,,0.0,11.8,,72,14.4,4,5.0,25,21,11.8,8,0,67,20,0,0,0,0,0,0,permanent_bilateral_3pass,Permanent bilateral 3-pass,0.3222222222222222
,500010,mixed,Mixed,,0.0,22.700000000000003,,128,25.6,14,15.5,46,32,22.700000000000003,8,0,151,20,0,0,0,0,0,0,permanent_bilateral_3pass,Permanent bilateral 3-pass,0.23750000000000004
,500010,need_based_to_competitive,Need-based → competitive,10.0,0.0,23.75,,135,27.0,14,19.0,38,24,23.75,8,0,143,20,0,0,0,0,0,0,permanent_bilateral_3pass,Permanent bilateral 3-pass,0.16592592592592603
,500010,cooperative_to_hoarding,Cooperative → hoarding,10.0,0.0,15.049999999999999,,92,18.4,5,5.5,46,41,15.049999999999999,8,0,101,20,0,0,0,0,0,0,permanent_bilateral_3pass,Permanent bilateral 3-pass,0.4565217391304348
,500011,need_based,Need-based,,0.0,29.049999999999997,,162,32.4,19,26.0,41,22,29.049999999999997,8,0,152,20,0,0,0,0,0,0,permanent_bilateral_3pass,Permanent bilateral 3-pass,0.11604938271604937
,500011,cooperative,Cooperative,,0.0,23.75,,135,27.0,14,17.5,48,34,23.75,8,0,166,20,0,0,0,0,0,0,permanent_bilateral_3pass,Permanent bilateral 3-pass,0.2281481481481482
,500011,hoarding,Hoarding,,0.0,23.0,,130,26.0,14,18.0,43,29,23.0,8,0,105,20,0,0,0,0,0,0,permanent_bilateral_3pass,Permanent bilateral 3-pass,0.193846153846154
,500011,mixed,Mixed,,0.0,21.6,,134,26.8,6,13.0,52,46,21.6,8,0,118,20,0,0,0,0,0,0,permanent_bilateral_3pass,Permanent bilateral 3-pass,0.31641791044776113
,500011,need_based_to_competitive,Need-based → competitive,10.0,0.0,24.5,,140,28.0,14,14.0,52,38,24.5,8,0,118,20,0,0,0,0,0,0,permanent_bilateral_3pass,Permanent bilateral 3-pass,0.2885714285714287
,500011,cooperative_to_hoarding,Cooperative → hoarding,10.0,0.0,12.899999999999999,,81,16.2,3,4.5,41,38,12.899999999999999,8,0,73,20,0,0,0,0,0,0,permanent_bilateral_3pass,Permanent bilateral 3-pass,0.4296296296296296
,500012,need_based,Need-based,,0.0,19.5,,125,25.0,3,9.5,38,35,19.5,8,0,164,20,0,0,0,0,0,0,permanent_bilateral_3pass,Permanent bilateral 3-pass,0.2944
,500012,cooperative,Cooperative,,0.0,21.65,,116,23.2,17,19.0,30,13,21.65,8,0,207,20,0,0,0,0,0,0,permanent_bilateral_3pass,Permanent bilateral 3-pass,0.10689655172413803
,500012,hoarding,Hoarding,,0.0,16.5,,100,20.0,6,10.0,33,27,16.5,8,0,41,20,0,0,0,0,0,0,permanent_bilateral_3pass,Permanent bilateral 3-pass,0.28400000000000003
,500012,mixed,Mixed,,0.0,18.200000000000003,,98,19.6,14,14.0,29,15,18.200000000000003,8,0,62,20,0,0,0,0,0,0,permanent_bilateral_3pass,Permanent bilateral 3-pass,0.15510204081632661
,500012,need_based_to_competitive,Need-based → competitive,10.0,0.0,17.9,,106,21.2,8,9.5,33,25,17.9,8,0,114,20,0,0,0,0,0,0,permanent_bilateral_3pass,Permanent bilateral 3-pass,0.2528301886792452
,500012,cooperative_to_hoarding,Cooperative → hoarding,10.0,0.0,12.3,,72,14.4,6,8.5,23,17,12.3,8,0,112,20,0,0,0,0,0,0,permanent_bilateral_3pass,Permanent bilateral 3-pass,0.23888888888888893
,500013,need_based,Need-based,,0.0,29.75,,160,32.0,23,24.0,49,26,29.75,8,0,161,20,0,0,0,0,0,0,permanent_bilateral_3pass,Permanent bilateral 3-pass,0.15000000000000013
,500013,cooperative,Cooperative,,0.0,26.450000000000003,,153,30.6,14,22.0,42,28,26.450000000000003,8,0,245,20,0,0,0,0,0,0,permanent_bilateral_3pass,Permanent bilateral 3-pass,0.15686274509803932
,500013,hoarding,Hoarding,,0.0,25.4,,141,28.2,17,18.0,38,21,25.4,8,0,105,20,0,0,0,0,0,0,permanent_bilateral_3pass,Permanent bilateral 3-pass,0.16737588652482271
,500013,mixed,Mixed,,0.0,17.700000000000003,,108,21.6,6,10.0,39,33,17.700000000000003,8,0,106,20,0,0,0,0,0,0,permanent_bilateral_3pass,Permanent bilateral 3-pass,0.2851851851851852
,500013,need_based_to_competitive,Need-based → competitive,10.0,0.0,27.049999999999997,,152,30.4,17,21.0,44,27,27.049999999999997,8,0,122,20,0,0,0,0,0,0,permanent_bilateral_3pass,Permanent bilateral 3-pass,0.1763157894736842
,500013,cooperative_to_hoarding,Cooperative → hoarding,10.0,0.0,15.899999999999999,,96,19.2,6,10.5,31,25,15.899999999999999,8,0,156,20,0,0,0,0,0,0,permanent_bilateral_3pass,Permanent bilateral 3-pass,0.23750000000000004
,500014,need_based,Need-based,,0.0,13.350000000000001,,84,16.8,3,6.0,41,38,13.350000000000001,8,0,108,20,0,0,0,0,0,0,permanent_bilateral_3pass,Permanent bilateral 3-pass,0.42380952380952386
,500014,cooperative,Cooperative,,0.0,21.5,,120,24.0,14,16.5,42,28,21.5,8,0,194,20,0,0,0,0,0,0,permanent_bilateral_3pass,Permanent bilateral 3-pass,0.20666666666666678
,500014,hoarding,Hoarding,,0.0,15.299999999999999,,92,18.4,6,8.5,41,35,15.299999999999999,8,0,39,20,0,0,0,0,0,0,permanent_bilateral_3pass,Permanent bilateral 3-pass,0.3521739130434782
,500014,mixed,Mixed,,0.0,20.9,,121,24.2,11,13.0,41,30,20.9,8,0,144,20,0,0,0,0,0,0,permanent_bilateral_3pass,Permanent bilateral 3-pass,0.24462809917355366
,500014,need_based_to_competitive,Need-based → competitive,10.0,0.0,14.100000000000001,,84,16.8,6,6.0,41,35,14.100000000000001,8,0,85,20,0,0,0,0,0,0,permanent_bilateral_3pass,Permanent bilateral 3-pass,0.4095238095238096
,500014,cooperative_to_hoarding,Cooperative → hoarding,10.0,0.0,19.85,,114,22.8,11,12.5,41,30,19.85,8,0,136,20,0,0,0,0,0,0,permanent_bilateral_3pass,Permanent bilateral 3-pass,0.25263157894736854
,500015,need_based,Need-based,,0.0,26.75,,145,29.0,20,22.5,41,21,26.75,8,0,133,20,0,0,0,0,0,0,permanent_bilateral_3pass,Permanent bilateral 3-pass,0.13793103448275867
,500015,cooperative,Cooperative,,0.0,21.15,,126,25.2,9,17.0,39,30,21.15,8,0,195,20,0,0,0,0,0,0,permanent_bilateral_3pass,Permanent bilateral 3-pass,0.1968253968253968
,500015,hoarding,Hoarding,,0.0,16.049999999999997,,92,18.4,9,10.5,38,29,16.049999999999997,8,0,77,20,0,0,0,0,0,0,permanent_bilateral_3pass,Permanent bilateral 3-pass,0.27391304347826084
,500015,mixed,Mixed,,0.0,18.6,,114,22.8,6,15.5,30,24,18.6,8,0,96,20,0,0,0,0,0,0,permanent_bilateral_3pass,Permanent bilateral 3-pass,0.17894736842105274
,500015,need_based_to_competitive,Need-based → competitive,10.0,0.0,18.15,,106,21.2,9,9.0,41,32,18.15,8,0,93,20,0,0,0,0,0,0,permanent_bilateral_3pass,Permanent bilateral 3-pass,0.3207547169811322
,500015,cooperative_to_hoarding,Cooperative → hoarding,10.0,0.0,19.5,,115,23.0,9,15.0,30,21,19.5,8,0,109,20,0,0,0,0,0,0,permanent_bilateral_3pass,Permanent bilateral 3-pass,0.17391304347826098
,500016,need_based,Need-based,,0.0,28.049999999999997,,167,33.4,12,22.5,43,31,28.049999999999997,8,0,170,20,0,0,0,0,0,0,permanent_bilateral_3pass,Permanent bilateral 3-pass,0.16766467065868262
,500016,cooperative,Cooperative,,0.0,25.9,,136,27.2,22,22.0,41,19,25.9,8,0,172,20,0,0,0,0,0,0,permanent_bilateral_3pass,Permanent bilateral 3-pass,0.12352941176470589
,500016,hoarding,Hoarding,,0.0,20.1,,124,24.8,6,7.5,57,51,20.1,8,0,83,20,0,0,0,0,0,0,permanent_bilateral_3pass,Permanent bilateral 3-pass,0.4290322580645163
,500016,mixed,Mixed,,0.0,28.6,,159,31.8,19,23.0,42,23,28.6,8,0,128,20,0,0,0,0,0,0,permanent_bilateral_3pass,Permanent bilateral 3-pass,0.15094339622641506
,500016,need_based_to_competitive,Need-based → competitive,10.0,0.0,28.849999999999998,,164,32.8,17,24.0,41,24,28.849999999999998,8,0,120,20,0,0,0,0,0,0,permanent_bilateral_3pass,Permanent bilateral 3-pass,0.13658536585365866
,500016,cooperative_to_hoarding,Cooperative → hoarding,10.0,0.0,17.15,,91,18.2,14,15.0,24,10,17.15,8,0,97,20,0,0,0,0,0,0,permanent_bilateral_3pass,Permanent bilateral 3-pass,0.10549450549450556
,500017,need_based,Need-based,,0.0,25.1,,139,27.8,17,19.5,49,32,25.1,8,0,178,20,0,0,0,0,0,0,permanent_bilateral_3pass,Permanent bilateral 3-pass,0.1956834532374101
,500017,cooperative,Cooperative,,0.0,19.549999999999997,,112,22.4,11,11.0,38,27,19.549999999999997,8,0,252,20,0,0,0,0,0,0,permanent_bilateral_3pass,Permanent bilateral 3-pass,0.25
,500017,hoarding,Hoarding,,0.0,13.399999999999999,,81,16.2,5,5.5,33,28,13.399999999999999,8,0,71,20,0,0,0,0,0,0,permanent_bilateral_3pass,Permanent bilateral 3-pass,0.345679012345679
,500017,mixed,Mixed,,0.0,12.600000000000001,,74,14.8,6,10.0,25,19,12.600000000000001,8,0,75,20,0,0,0,0,0,0,permanent_bilateral_3pass,Permanent bilateral 3-pass,0.21081081081081088
,500017,need_based_to_competitive,Need-based → competitive,10.0,0.0,20.6,,114,22.8,14,15.5,44,30,20.6,8,0,130,20,0,0,0,0,0,0,permanent_bilateral_3pass,Permanent bilateral 3-pass,0.2210526315789474
,500017,cooperative_to_hoarding,Cooperative → hoarding,10.0,0.0,11.899999999999999,,76,15.2,2,4.0,25,23,11.899999999999999,8,0,159,20,0,0,0,0,0,0,permanent_bilateral_3pass,Permanent bilateral 3-pass,0.3315789473684212
,500018,need_based,Need-based,,0.0,31.650000000000002,,166,33.2,27,27.0,52,25,31.650000000000002,8,0,153,20,0,0,0,0,0,0,permanent_bilateral_3pass,Permanent bilateral 3-pass,0.13493975903614452
,500018,cooperative,Cooperative,,0.0,14.549999999999999,,87,17.4,6,7.5,39,33,14.549999999999999,8,0,150,20,0,0,0,0,0,0,permanent_bilateral_3pass,Permanent bilateral 3-pass,0.3402298850574712
,500018,hoarding,Hoarding,,0.0,17.700000000000003,,108,21.6,6,10.5,38,32,17.700000000000003,8,0,85,20,0,0,0,0,0,0,permanent_bilateral_3pass,Permanent bilateral 3-pass,0.29259259259259274
,500018,mixed,Mixed,,0.0,17.299999999999997,,97,19.4,11,14.0,25,14,17.299999999999997,8,0,96,20,0,0,0,0,0,0,permanent_bilateral_3pass,Permanent bilateral 3-pass,0.13608247422680408
,500018,need_based_to_competitive,Need-based → competitive,10.0,0.0,23.15,,131,26.2,14,15.5,42,28,23.15,8,0,114,20,0,0,0,0,0,0,permanent_bilateral_3pass,Permanent bilateral 3-pass,0.2290076335877862
,500018,cooperative_to_hoarding,Cooperative → hoarding,10.0,0.0,12.95,,78,15.6,5,9.5,25,20,12.95,8,0,122,20,0,0,0,0,0,0,permanent_bilateral_3pass,Permanent bilateral 3-pass,0.22051282051282062
,500019,need_based,Need-based,,0.0,26.799999999999997,,142,28.4,22,24.0,39,17,26.799999999999997,8,0,167,20,0,0,0,0,0,0,permanent_bilateral_3pass,Permanent bilateral 3-pass,0.10140845070422544
,500019,cooperative,Cooperative,,0.0,19.4,,111,22.2,11,12.5,41,30,19.4,8,0,192,20,0,0,0,0,0,0,permanent_bilateral_3pass,Permanent bilateral 3-pass,0.27387387387387396
,500019,hoarding,Hoarding,,0.0,10.5,,65,13.0,3,8.5,17,14,10.5,8,0,39,20,0,0,0,0,0,0,permanent_bilateral_3pass,Permanent bilateral 3-pass,0.1907692307692308
,500019,mixed,Mixed,,0.0,12.0,,70,14.0,6,8.5,21,15,12.0,8,0,65,20,0,0,0,0,0,0,permanent_bilateral_3pass,Permanent bilateral 3-pass,0.21142857142857152
,500019,need_based_to_competitive,Need-based → competitive,10.0,0.0,21.049999999999997,,117,23.4,14,16.5,30,16,21.049999999999997,8,0,98,20,0,0,0,0,0,0,permanent_bilateral_3pass,Permanent bilateral 3-pass,0.14017094017094012
,500019,cooperative_to_hoarding,Cooperative → hoarding,10.0,0.0,10.100000000000001,,54,10.8,8,8.5,14,6,10.100000000000001,8,0,123,20,0,0,0,0,0,0,permanent_bilateral_3pass,Permanent bilateral 3-pass,0.125925925925926
,500020,need_based,Need-based,,0.0,20.549999999999997,,122,24.4,9,17.0,34,25,20.549999999999997,8,0,134,20,0,0,0,0,0,0,permanent_bilateral_3pass,Permanent bilateral 3-pass,0.17704918032786887
,500020,cooperative,Cooperative,,0.0,16.5,,100,20.0,6,11.5,28,22,16.5,8,0,276,20,0,0,0,0,0,0,permanent_bilateral_3pass,Permanent bilateral 3-pass,0.21599999999999997
,500020,hoarding,Hoarding,,0.0,16.25,,90,18.0,11,12.5,25,14,16.25,8,0,71,20,0,0,0,0,0,0,permanent_bilateral_3pass,Permanent bilateral 3-pass,0.1644444444444444
,500020,mixed,Mixed,,0.0,14.25,,80,16.0,9,10.0,25,16,14.25,8,0,139,20,0,0,0,0,0,0,permanent_bilateral_3pass,Permanent bilateral 3-pass,0.19500000000000006
,500020,need_based_to_competitive,Need-based → competitive,10.0,0.0,17.4,,106,21.2,6,11.5,30,24,17.4,8,0,113,20,0,0,0,0,0,0,permanent_bilateral_3pass,Permanent bilateral 3-pass,0.23018867924528297
,500020,cooperative_to_hoarding,Cooperative → hoarding,10.0,0.0,15.0,,85,17.0,9,9.0,28,19,15.0,8,0,172,20,0,0,0,0,0,0,permanent_bilateral_3pass,Permanent bilateral 3-pass,0.24
,500021,need_based,Need-based,,0.0,30.400000000000002,,161,32.2,25,26.0,37,12,30.400000000000002,8,0,163,20,0,0,0,0,0,0,permanent_bilateral_3pass,Permanent bilateral 3-pass,0.08447204968944111
,500021,cooperative,Cooperative,,0.0,28.6,,154,30.8,22,24.0,46,24,28.6,8,0,258,20,0,0,0,0,0,0,permanent_bilateral_3pass,Permanent bilateral 3-pass,0.1428571428571428
,500021,hoarding,Hoarding,,0.0,18.299999999999997,,112,22.4,6,7.0,54,48,18.299999999999997,8,0,72,20,0,0,0,0,0,0,permanent_bilateral_3pass,Permanent bilateral 3-pass,0.4035714285714287
,500021,mixed,Mixed,,0.0,21.799999999999997,,127,25.4,11,12.5,52,41,21.799999999999997,8,0,120,20,0,0,0,0,0,0,permanent_bilateral_3pass,Permanent bilateral 3-pass,0.32440944881889777
,500021,need_based_to_competitive,Need-based → competitive,10.0,0.0,24.799999999999997,,142,28.4,14,19.5,36,22,24.799999999999997,8,0,136,20,0,0,0,0,0,0,permanent_bilateral_3pass,Permanent bilateral 3-pass,0.15492957746478875
,500021,cooperative_to_hoarding,Cooperative → hoarding,10.0,0.0,21.799999999999997,,122,24.4,14,14.0,46,32,21.799999999999997,8,0,169,20,0,0,0,0,0,0,permanent_bilateral_3pass,Permanent bilateral 3-pass,0.27213114754098355
,500022,need_based,Need-based,,0.0,16.65,,101,20.2,6,7.5,41,35,16.65,8,0,170,20,0,0,0,0,0,0,permanent_bilateral_3pass,Permanent bilateral 3-pass,0.33267326732673275
,500022,cooperative,Cooperative,,0.0,17.75,,100,20.0,11,11.0,30,19,17.75,8,0,198,20,0,0,0,0,0,0,permanent_bilateral_3pass,Permanent bilateral 3-pass,0.22399999999999998
,500022,hoarding,Hoarding,,0.0,15.299999999999999,,92,18.4,6,10.0,33,27,15.299999999999999,8,0,66,20,0,0,0,0,0,0,permanent_bilateral_3pass,Permanent bilateral 3-pass,0.26956521739130435
,500022,mixed,Mixed,,0.0,13.950000000000001,,83,16.6,6,7.5,31,25,13.950000000000001,8,0,99,20,0,0,0,0,0,0,permanent_bilateral_3pass,Permanent bilateral 3-pass,0.308433734939759
,500022,need_based_to_competitive,Need-based → competitive,10.0,0.0,16.049999999999997,,97,19.4,6,10.5,26,20,16.049999999999997,8,0,101,20,0,0,0,0,0,0,permanent_bilateral_3pass,Permanent bilateral 3-pass,0.2061855670103092
,500022,cooperative_to_hoarding,Cooperative → hoarding,10.0,0.0,16.65,,101,20.2,6,10.5,34,28,16.65,8,0,134,20,0,0,0,0,0,0,permanent_bilateral_3pass,Permanent bilateral 3-pass,0.2693069306930693
,500023,need_based,Need-based,,0.0,26.299999999999997,,152,30.4,14,18.0,57,43,26.299999999999997,8,0,200,20,0,0,0,0,0,0,permanent_bilateral_3pass,Permanent bilateral 3-pass,0.25263157894736854
,500023,cooperative,Cooperative,,0.0,20.0,,125,25.0,5,8.0,41,36,20.0,8,0,302,20,0,0,0,0,0,0,permanent_bilateral_3pass,Permanent bilateral 3-pass,0.30720000000000014
,500023,hoarding,Hoarding,,0.0,22.450000000000003,,128,25.6,13,13.5,43,30,22.450000000000003,8,0,91,20,0,0,0,0,0,0,permanent_bilateral_3pass,Permanent bilateral 3-pass,0.2562500000000001
,500023,mixed,Mixed,,0.0,16.799999999999997,,97,19.4,9,10.0,33,24,16.799999999999997,8,0,119,20,0,0,0,0,0,0,permanent_bilateral_3pass,Permanent bilateral 3-pass,0.27628865979381456
,500023,need_based_to_competitive,Need-based → competitive,10.0,0.0,24.200000000000003,,133,26.6,17,18.5,44,27,24.200000000000003,8,0,172,20,0,0,0,0,0,0,permanent_bilateral_3pass,Permanent bilateral 3-pass,0.19248120300751892
,500023,cooperative_to_hoarding,Cooperative → hoarding,10.0,0.0,17.85,,114,22.8,3,7.0,42,39,17.85,8,0,176,20,0,0,0,0,0,0,permanent_bilateral_3pass,Permanent bilateral 3-pass,0.3508771929824561
,500024,need_based,Need-based,,0.0,29.0,,170,34.0,14,22.0,50,36,29.0,8,0,171,20,0,0,0,0,0,0,permanent_bilateral_3pass,Permanent bilateral 3-pass,0.18823529411764706
,500024,cooperative,Cooperative,,0.0,32.8,,187,37.4,19,25.0,49,30,32.8,8,0,260,20,0,0,0,0,0,0,permanent_bilateral_3pass,Permanent bilateral 3-pass,0.160427807486631
,500024,hoarding,Hoarding,,0.0,15.450000000000001,,93,18.6,6,8.0,30,24,15.450000000000001,8,0,53,20,0,0,0,0,0,0,permanent_bilateral_3pass,Permanent bilateral 3-pass,0.2709677419354839
,500024,mixed,Mixed,,0.0,21.75,,135,27.0,6,11.5,46,40,21.75,8,0,148,20,0,0,0,0,0,0,permanent_bilateral_3pass,Permanent bilateral 3-pass,0.2844444444444445
,500024,need_based_to_competitive,Need-based → competitive,10.0,0.0,27.35,,159,31.8,14,18.0,47,33,27.35,8,0,112,20,0,0,0,0,0,0,permanent_bilateral_3pass,Permanent bilateral 3-pass,0.2264150943396226
,500024,cooperative_to_hoarding,Cooperative → hoarding,10.0,0.0,22.5,,135,27.0,9,11.5,44,35,22.5,8,0,163,20,0,0,0,0,0,0,permanent_bilateral_3pass,Permanent bilateral 3-pass,0.2785185185185186
,500025,need_based,Need-based,,0.0,14.100000000000001,,79,15.8,9,9.0,26,17,14.100000000000001,8,0,119,20,0,0,0,0,0,0,permanent_bilateral_3pass,Permanent bilateral 3-pass,0.21772151898734182
,500025,cooperative,Cooperative,,0.0,9.600000000000001,,59,11.8,3,3.0,33,30,9.600000000000001,8,0,155,20,0,0,0,0,0,0,permanent_bilateral_3pass,Permanent bilateral 3-pass,0.4813559322033898
,500025,hoarding,Hoarding,,0.0,17.049999999999997,,107,21.4,4,9.5,41,37,17.049999999999997,8,0,64,20,0,0,0,0,0,0,permanent_bilateral_3pass,Permanent bilateral 3-pass,0.31401869158878504
,500025,mixed,Mixed,,0.0,9.45,,53,10.6,6,6.0,25,19,9.45,8,0,121,20,0,0,0,0,0,0,permanent_bilateral_3pass,Permanent bilateral 3-pass,0.3094339622641511
,500025,need_based_to_competitive,Need-based → competitive,10.0,0.0,16.5,,95,19.0,9,10.0,29,20,16.5,8,0,112,20,0,0,0,0,0,0,permanent_bilateral_3pass,Permanent bilateral 3-pass,0.24
,500025,cooperative_to_hoarding,Cooperative → hoarding,10.0,0.0,7.3500000000000005,,44,8.8,3,3.0,23,20,7.3500000000000005,8,0,114,20,0,0,0,0,0,0,permanent_bilateral_3pass,Permanent bilateral 3-pass,0.4181818181818182
,500026,need_based,Need-based,,0.0,23.15,,136,27.2,11,12.5,53,42,23.15,8,0,170,20,0,0,0,0,0,0,permanent_bilateral_3pass,Permanent bilateral 3-pass,0.31176470588235294
,500026,cooperative,Cooperative,,0.0,20.4,,126,25.2,6,12.0,44,38,20.4,8,0,229,20,0,0,0,0,0,0,permanent_bilateral_3pass,Permanent bilateral 3-pass,0.2793650793650795
,500026,hoarding,Hoarding,,0.0,9.899999999999999,,61,12.2,3,3.0,32,29,9.899999999999999,8,0,37,20,0,0,0,0,0,0,permanent_bilateral_3pass,Permanent bilateral 3-pass,0.47213114754098373
,500026,mixed,Mixed,,0.0,9.100000000000001,,54,10.8,4,5.0,20,16,9.100000000000001,8,0,80,20,0,0,0,0,0,0,permanent_bilateral_3pass,Permanent bilateral 3-pass,0.32592592592592595
,500026,need_based_to_competitive,Need-based → competitive,10.0,0.0,23.9,,141,28.2,11,14.0,53,42,23.9,8,0,117,20,0,0,0,0,0,0,permanent_bilateral_3pass,Permanent bilateral 3-pass,0.3120567375886525
,500026,cooperative_to_hoarding,Cooperative → hoarding,10.0,0.0,14.700000000000001,,88,17.6,6,7.5,39,33,14.700000000000001,8,0,164,20,0,0,0,0,0,0,permanent_bilateral_3pass,Permanent bilateral 3-pass,0.3363636363636364
,500027,need_based,Need-based,,0.0,35.25,,190,38.0,27,30.0,52,25,35.25,8,0,164,20,0,0,0,0,0,0,permanent_bilateral_3pass,Permanent bilateral 3-pass,0.13052631578947382
,500027,cooperative,Cooperative,,0.0,28.1,,159,31.8,17,22.0,47,30,28.1,8,0,245,20,0,0,0,0,0,0,permanent_bilateral_3pass,Permanent bilateral 3-pass,0.17861635220125782
,500027,hoarding,Hoarding,,0.0,16.049999999999997,,92,18.4,9,10.0,35,26,16.049999999999997,8,0,85,20,0,0,0,0,0,0,permanent_bilateral_3pass,Permanent bilateral 3-pass,0.26521739130434785
,500027,mixed,Mixed,,0.0,22.35,,134,26.8,9,15.5,38,29,22.35,8,0,116,20,0,0,0,0,0,0,permanent_bilateral_3pass,Permanent bilateral 3-pass,0.21194029850746277
,500027,need_based_to_competitive,Need-based → competitive,10.0,0.0,29.299999999999997,,172,34.4,14,18.0,62,48,29.299999999999997,8,0,112,20,0,0,0,0,0,0,permanent_bilateral_3pass,Permanent bilateral 3-pass,0.2674418604651163
,500027,cooperative_to_hoarding,Cooperative → hoarding,10.0,0.0,23.9,,136,27.2,14,18.0,43,29,23.9,8,0,171,20,0,0,0,0,0,0,permanent_bilateral_3pass,Permanent bilateral 3-pass,0.1941176470588235
,500028,need_based,Need-based,,0.0,12.600000000000001,,74,14.8,6,7.5,23,17,12.600000000000001,8,0,148,20,0,0,0,0,0,0,permanent_bilateral_3pass,Permanent bilateral 3-pass,0.2540540540540541
,500028,cooperative,Cooperative,,0.0,17.1,,104,20.8,6,13.5,30,24,17.1,8,0,224,20,0,0,0,0,0,0,permanent_bilateral_3pass,Permanent bilateral 3-pass,0.19999999999999996
,500028,hoarding,Hoarding,,0.0,11.399999999999999,,66,13.2,6,8.5,20,14,11.399999999999999,8,0,81,20,0,0,0,0,0,0,permanent_bilateral_3pass,Permanent bilateral 3-pass,0.20606060606060606
,500028,mixed,Mixed,,0.0,14.700000000000001,,88,17.6,6,7.5,42,36,14.700000000000001,8,0,123,20,0,0,0,0,0,0,permanent_bilateral_3pass,Permanent bilateral 3-pass,0.36363636363636376
,500028,need_based_to_competitive,Need-based → competitive,10.0,0.0,12.149999999999999,,71,14.2,6,7.5,22,16,12.149999999999999,8,0,120,20,0,0,0,0,0,0,permanent_bilateral_3pass,Permanent bilateral 3-pass,0.24225352112676068
,500028,cooperative_to_hoarding,Cooperative → hoarding,10.0,0.0,14.100000000000001,,84,16.8,6,10.0,28,22,14.100000000000001,8,0,162,20,0,0,0,0,0,0,permanent_bilateral_3pass,Permanent bilateral 3-pass,0.24761904761904763
,500029,need_based,Need-based,,0.0,23.5,,125,25.0,19,19.0,33,14,23.5,8,0,147,20,0,0,0,0,0,0,permanent_bilateral_3pass,Permanent bilateral 3-pass,0.1280000000000001
,500029,cooperative,Cooperative,,0.0,17.4,,111,22.2,3,11.0,42,39,17.4,8,0,220,20,0,0,0,0,0,0,permanent_bilateral_3pass,Permanent bilateral 3-pass,0.30990990990990985
,500029,hoarding,Hoarding,,0.0,16.549999999999997,,92,18.4,11,12.5,36,25,16.549999999999997,8,0,60,20,0,0,0,0,0,0,permanent_bilateral_3pass,Permanent bilateral 3-pass,0.23043478260869565
,500029,mixed,Mixed,,0.0,21.15,,126,25.2,9,11.5,49,40,21.15,8,0,143,20,0,0,0,0,0,0,permanent_bilateral_3pass,Permanent bilateral 3-pass,0.32698412698412693
,500029,need_based_to_competitive,Need-based → competitive,10.0,0.0,15.299999999999999,,92,18.4,6,10.0,28,22,15.299999999999999,8,0,108,20,0,0,0,0,0,0,permanent_bilateral_3pass,Permanent bilateral 3-pass,0.23043478260869565
,500029,cooperative_to_hoarding,Cooperative → hoarding,10.0,0.0,15.149999999999999,,86,17.2,9,10.5,31,22,15.149999999999999,8,0,110,20,0,0,0,0,0,0,permanent_bilateral_3pass,Permanent bilateral 3-pass,0.241860465116279
,500030,need_based,Need-based,,0.0,26.15,,151,30.2,14,22.0,41,27,26.15,8,0,165,20,0,0,0,0,0,0,permanent_bilateral_3pass,Permanent bilateral 3-pass,0.15099337748344377
,500030,cooperative,Cooperative,,0.0,24.700000000000003,,143,28.6,13,15.0,43,30,24.700000000000003,8,0,260,20,0,0,0,0,0,0,permanent_bilateral_3pass,Permanent bilateral 3-pass,0.21818181818181825
,500030,hoarding,Hoarding,,0.0,18.299999999999997,,112,22.4,6,11.5,44,38,18.299999999999997,8,0,97,20,0,0,0,0,0,0,permanent_bilateral_3pass,Permanent bilateral 3-pass,0.30714285714285716
,500030,mixed,Mixed,,0.0,15.149999999999999,,91,18.2,6,7.5,40,34,15.149999999999999,8,0,117,20,0,0,0,0,0,0,permanent_bilateral_3pass,Permanent bilateral 3-pass,0.34285714285714297
,500030,need_based_to_competitive,Need-based → competitive,10.0,0.0,19.549999999999997,,112,22.4,11,16.5,31,20,19.549999999999997,8,0,126,20,0,0,0,0,0,0,permanent_bilateral_3pass,Permanent bilateral 3-pass,0.1535714285714287
,500030,cooperative_to_hoarding,Cooperative → hoarding,10.0,0.0,17.700000000000003,,108,21.6,6,10.0,38,32,17.700000000000003,8,0,195,20,0,0,0,0,0,0,permanent_bilateral_3pass,Permanent bilateral 3-pass,0.2777777777777779
,500031,need_based,Need-based,,0.0,25.4,,141,28.2,17,18.5,42,25,25.4,8,0,128,20,0,0,0,0,0,0,permanent_bilateral_3pass,Permanent bilateral 3-pass,0.18439716312056742
,500031,cooperative,Cooperative,,0.0,13.2,,78,15.6,6,7.5,31,25,13.2,8,0,143,20,0,0,0,0,0,0,permanent_bilateral_3pass,Permanent bilateral 3-pass,0.3128205128205128
,500031,hoarding,Hoarding,,0.0,14.100000000000001,,84,16.8,6,10.0,29,23,14.100000000000001,8,0,39,20,0,0,0,0,0,0,permanent_bilateral_3pass,Permanent bilateral 3-pass,0.23809523809523814
,500031,mixed,Mixed,,0.0,18.9,,111,22.2,9,11.5,31,22,18.9,8,0,120,20,0,0,0,0,0,0,permanent_bilateral_3pass,Permanent bilateral 3-pass,0.21621621621621623
,500031,need_based_to_competitive,Need-based → competitive,10.0,0.0,22.4,,126,25.2,14,17.0,33,19,22.4,8,0,89,20,0,0,0,0,0,0,permanent_bilateral_3pass,Permanent bilateral 3-pass,0.15873015873015883
,500031,cooperative_to_hoarding,Cooperative → hoarding,10.0,0.0,13.2,,78,15.6,6,7.5,34,28,13.2,8,0,102,20,0,0,0,0,0,0,permanent_bilateral_3pass,Permanent bilateral 3-pass,0.32820512820512815
,500032,need_based,Need-based,,0.0,29.5,,155,31.0,25,26.5,36,11,29.5,8,0,168,20,0,0,0,0,0,0,permanent_bilateral_3pass,Permanent bilateral 3-pass,0.07741935483870965
,500032,cooperative,Cooperative,,0.0,22.700000000000003,,128,25.6,14,15.5,44,30,22.700000000000003,8,0,225,20,0,0,0,0,0,0,permanent_bilateral_3pass,Permanent bilateral 3-pass,0.2406250000000001
,500032,hoarding,Hoarding,,0.0,12.3,,77,15.4,3,6.0,26,23,12.3,8,0,74,20,0,0,0,0,0,0,permanent_bilateral_3pass,Permanent bilateral 3-pass,0.3220779220779222
,500032,mixed,Mixed,,0.0,17.450000000000003,,98,19.6,11,11.0,36,25,17.450000000000003,8,0,123,20,0,0,0,0,0,0,permanent_bilateral_3pass,Permanent bilateral 3-pass,0.2612244897959184
,500032,need_based_to_competitive,Need-based → competitive,10.0,0.0,23.299999999999997,,127,25.4,17,19.5,35,18,23.299999999999997,8,0,123,20,0,0,0,0,0,0,permanent_bilateral_3pass,Permanent bilateral 3-pass,0.13228346456692908
,500032,cooperative_to_hoarding,Cooperative → hoarding,10.0,0.0,18.75,,110,22.0,9,13.0,33,24,18.75,8,0,139,20,0,0,0,0,0,0,permanent_bilateral_3pass,Permanent bilateral 3-pass,0.20727272727272728
,500033,need_based,Need-based,,0.0,24.200000000000003,,138,27.6,14,19.5,38,24,24.200000000000003,8,0,141,20,0,0,0,0,0,0,permanent_bilateral_3pass,Permanent bilateral 3-pass,0.16231884057971024
,500033,cooperative,Cooperative,,0.0,23.299999999999997,,122,24.4,20,21.0,33,13,23.299999999999997,8,0,252,20,0,0,0,0,0,0,permanent_bilateral_3pass,Permanent bilateral 3-pass,0.0950819672131149
,500033,hoarding,Hoarding,,0.0,15.0,,90,18.0,6,10.0,31,25,15.0,8,0,91,20,0,0,0,0,0,0,permanent_bilateral_3pass,Permanent bilateral 3-pass,0.2577777777777779
,500033,mixed,Mixed,,0.0,25.4,,146,29.2,14,16.0,46,32,25.4,8,0,167,20,0,0,0,0,0,0,permanent_bilateral_3pass,Permanent bilateral 3-pass,0.2301369863013698
,500033,need_based_to_competitive,Need-based → competitive,10.0,0.0,18.299999999999997,,107,21.4,9,11.5,34,25,18.299999999999997,8,0,105,20,0,0,0,0,0,0,permanent_bilateral_3pass,Permanent bilateral 3-pass,0.22803738317757016
,500033,cooperative_to_hoarding,Cooperative → hoarding,10.0,0.0,18.65,,101,20.2,14,14.0,33,19,18.65,8,0,161,20,0,0,0,0,0,0,permanent_bilateral_3pass,Permanent bilateral 3-pass,0.1742574257425744
,500034,need_based,Need-based,,0.0,31.700000000000003,,168,33.6,26,28.0,38,12,31.700000000000003,8,0,178,20,0,0,0,0,0,0,permanent_bilateral_3pass,Permanent bilateral 3-pass,0.07619047619047614
,500034,cooperative,Cooperative,,0.0,22.950000000000003,,143,28.6,6,10.0,49,43,22.950000000000003,8,0,270,20,0,0,0,0,0,0,permanent_bilateral_3pass,Permanent bilateral 3-pass,0.3244755244755244
,500034,hoarding,Hoarding,,0.0,17.299999999999997,,92,18.4,14,15.0,23,9,17.299999999999997,8,0,92,20,0,0,0,0,0,0,permanent_bilateral_3pass,Permanent bilateral 3-pass,0.10434782608695659
,500034,mixed,Mixed,,0.0,30.1,,159,31.8,25,27.5,41,16,30.1,8,0,156,20,0,0,0,0,0,0,permanent_bilateral_3pass,Permanent bilateral 3-pass,0.08805031446540879
,500034,need_based_to_competitive,Need-based → competitive,10.0,0.0,22.799999999999997,,137,27.4,9,15.5,41,32,22.799999999999997,8,0,137,20,0,0,0,0,0,0,permanent_bilateral_3pass,Permanent bilateral 3-pass,0.21897810218978098
,500034,cooperative_to_hoarding,Cooperative → hoarding,10.0,0.0,19.5,,120,24.0,6,11.5,39,33,19.5,8,0,144,20,0,0,0,0,0,0,permanent_bilateral_3pass,Permanent bilateral 3-pass,0.27333333333333343
,500035,need_based,Need-based,,0.0,27.549999999999997,,147,29.4,22,22.0,44,22,27.549999999999997,8,0,143,20,0,0,0,0,0,0,permanent_bilateral_3pass,Permanent bilateral 3-pass,0.1523809523809525
,500035,cooperative,Cooperative,,0.0,20.75,,115,23.0,14,14.0,35,21,20.75,8,0,165,20,0,0,0,0,0,0,permanent_bilateral_3pass,Permanent bilateral 3-pass,0.1982608695652175
,500035,hoarding,Hoarding,,0.0,20.450000000000003,,108,21.6,17,17.0,30,13,20.450000000000003,8,0,77,20,0,0,0,0,0,0,permanent_bilateral_3pass,Permanent bilateral 3-pass,0.11481481481481493
,500035,mixed,Mixed,,0.0,21.799999999999997,,117,23.4,17,17.0,42,25,21.799999999999997,8,0,149,20,0,0,0,0,0,0,permanent_bilateral_3pass,Permanent bilateral 3-pass,0.18803418803418803
,500035,need_based_to_competitive,Need-based → competitive,10.0,0.0,20.299999999999997,,112,22.4,14,18.0,26,12,20.299999999999997,8,0,85,20,0,0,0,0,0,0,permanent_bilateral_3pass,Permanent bilateral 3-pass,0.09642857142857153
,500035,cooperative_to_hoarding,Cooperative → hoarding,10.0,0.0,17.549999999999997,,102,20.4,9,11.5,40,31,17.549999999999997,8,0,133,20,0,0,0,0,0,0,permanent_bilateral_3pass,Permanent bilateral 3-pass,0.27450980392156876
,500036,need_based,Need-based,,0.0,22.700000000000003,,133,26.6,11,16.5,38,27,22.700000000000003,8,0,188,20,0,0,0,0,0,0,permanent_bilateral_3pass,Permanent bilateral 3-pass,0.19548872180451138
,500036,cooperative,Cooperative,,0.0,20.4,,126,25.2,6,10.0,46,40,20.4,8,0,223,20,0,0,0,0,0,0,permanent_bilateral_3pass,Permanent bilateral 3-pass,0.32380952380952377
,500036,hoarding,Hoarding,,0.0,20.15,,111,22.2,14,14.0,33,19,20.15,8,0,57,20,0,0,0,0,0,0,permanent_bilateral_3pass,Permanent bilateral 3-pass,0.19819819819819817
,500036,mixed,Mixed,,0.0,16.35,,99,19.8,6,9.0,40,34,16.35,8,0,103,20,0,0,0,0,0,0,permanent_bilateral_3pass,Permanent bilateral 3-pass,0.3353535353535353
,500036,need_based_to_competitive,Need-based → competitive,10.0,0.0,15.649999999999999,,96,19.2,5,9.5,35,30,15.649999999999999,8,0,105,20,0,0,0,0,0,0,permanent_bilateral_3pass,Permanent bilateral 3-pass,0.2958333333333334
,500036,cooperative_to_hoarding,Cooperative → hoarding,10.0,0.0,16.799999999999997,,102,20.4,6,9.0,30,24,16.799999999999997,8,0,140,20,0,0,0,0,0,0,permanent_bilateral_3pass,Permanent bilateral 3-pass,0.25098039215686274
,500037,need_based,Need-based,,0.0,26.700000000000003,,158,31.6,12,19.5,52,40,26.700000000000003,8,0,192,20,0,0,0,0,0,0,permanent_bilateral_3pass,Permanent bilateral 3-pass,0.2278481012658229
,500037,cooperative,Cooperative,,0.0,21.450000000000003,,133,26.6,6,14.0,41,35,21.450000000000003,8,0,208,20,0,0,0,0,0,0,permanent_bilateral_3pass,Permanent bilateral 3-pass,0.2616541353383459
,500037,hoarding,Hoarding,,0.0,16.799999999999997,,97,19.4,9,11.5,32,23,16.799999999999997,8,0,70,20,0,0,0,0,0,0,permanent_bilateral_3pass,Permanent bilateral 3-pass,0.24742268041237114
,500037,mixed,Mixed,,0.0,24.049999999999997,,137,27.4,14,14.5,48,34,24.049999999999997,8,0,145,20,0,0,0,0,0,0,permanent_bilateral_3pass,Permanent bilateral 3-pass,0.256934306569343
,500037,need_based_to_competitive,Need-based → competitive,10.0,0.0,21.4,,136,27.2,4,13.0,47,43,21.4,8,0,159,20,0,0,0,0,0,0,permanent_bilateral_3pass,Permanent bilateral 3-pass,0.2852941176470589
,500037,cooperative_to_hoarding,Cooperative → hoarding,10.0,0.0,22.85,,129,25.8,14,14.5,36,22,22.85,8,0,125,20,0,0,0,0,0,0,permanent_bilateral_3pass,Permanent bilateral 3-pass,0.1953488372093024
,500038,need_based,Need-based,,0.0,28.400000000000002,,161,32.2,17,21.0,41,24,28.400000000000002,8,0,139,20,0,0,0,0,0,0,permanent_bilateral_3pass,Permanent bilateral 3-pass,0.15403726708074528
,500038,cooperative,Cooperative,,0.0,21.950000000000003,,123,24.6,14,15.5,39,25,21.950000000000003,8,0,183,20,0,0,0,0,0,0,permanent_bilateral_3pass,Permanent bilateral 3-pass,0.1983739837398375
,500038,hoarding,Hoarding,,0.0,19.85,,109,21.8,14,17.0,31,17,19.85,8,0,94,20,0,0,0,0,0,0,permanent_bilateral_3pass,Permanent bilateral 3-pass,0.13944954128440368
,500038,mixed,Mixed,,0.0,23.4,,136,27.2,12,14.5,43,31,23.4,8,0,133,20,0,0,0,0,0,0,permanent_bilateral_3pass,Permanent bilateral 3-pass,0.23235294117647065
,500038,need_based_to_competitive,Need-based → competitive,10.0,0.0,21.9,,131,26.2,9,18.0,40,31,21.9,8,0,107,20,0,0,0,0,0,0,permanent_bilateral_3pass,Permanent bilateral 3-pass,0.1923664122137405
,500038,cooperative_to_hoarding,Cooperative → hoarding,10.0,0.0,18.950000000000003,,108,21.6,11,12.5,40,29,18.950000000000003,8,0,126,20,0,0,0,0,0,0,permanent_bilateral_3pass,Permanent bilateral 3-pass,0.24814814814814823
,500039,need_based,Need-based,,0.0,25.0,,130,26.0,22,22.0,33,11,25.0,8,0,105,20,0,0,0,0,0,0,permanent_bilateral_3pass,Permanent bilateral 3-pass,0.08615384615384625
,500039,cooperative,Cooperative,,0.0,21.25,,125,25.0,10,16.0,43,33,21.25,8,0,171,20,0,0,0,0,0,0,permanent_bilateral_3pass,Permanent bilateral 3-pass,0.23039999999999994
,500039,hoarding,Hoarding,,0.0,12.0,,70,14.0,6,7.5,27,21,12.0,8,0,62,20,0,0,0,0,0,0,permanent_bilateral_3pass,Permanent bilateral 3-pass,0.2685714285714287
,500039,mixed,Mixed,,0.0,12.75,,70,14.0,9,9.5,26,17,12.75,8,0,80,20,0,0,0,0,0,0,permanent_bilateral_3pass,Permanent bilateral 3-pass,0.21714285714285708
,500039,need_based_to_competitive,Need-based → competitive,10.0,0.0,20.15,,111,22.2,14,15.5,30,16,20.15,8,0,76,20,0,0,0,0,0,0,permanent_bilateral_3pass,Permanent bilateral 3-pass,0.14414414414414423
,500039,cooperative_to_hoarding,Cooperative → hoarding,10.0,0.0,17.0,,95,19.0,11,12.5,34,23,17.0,8,0,112,20,0,0,0,0,0,0,permanent_bilateral_3pass,Permanent bilateral 3-pass,0.22736842105263166
,500040,need_based,Need-based,,0.0,17.15,,91,18.2,14,14.0,32,18,17.15,8,0,114,20,0,0,0,0,0,0,permanent_bilateral_3pass,Permanent bilateral 3-pass,0.17142857142857149
,500040,cooperative,Cooperative,,0.0,18.6,,114,22.8,6,11.0,47,41,18.6,8,0,290,20,0,0,0,0,0,0,permanent_bilateral_3pass,Permanent bilateral 3-pass,0.3192982456140352
,500040,hoarding,Hoarding,,0.0,16.85,,94,18.8,11,12.5,29,18,16.85,8,0,68,20,0,0,0,0,0,0,permanent_bilateral_3pass,Permanent bilateral 3-pass,0.20425531914893624
,500040,mixed,Mixed,,0.0,18.200000000000003,,103,20.6,11,12.5,28,17,18.200000000000003,8,0,160,20,0,0,0,0,0,0,permanent_bilateral_3pass,Permanent bilateral 3-pass,0.18640776699029127
,500040,need_based_to_competitive,Need-based → competitive,10.0,0.0,16.35,,99,19.8,6,9.0,36,30,16.35,8,0,85,20,0,0,0,0,0,0,permanent_bilateral_3pass,Permanent bilateral 3-pass,0.28686868686868694
,500040,cooperative_to_hoarding,Cooperative → hoarding,10.0,0.0,13.649999999999999,,81,16.2,6,7.5,32,26,13.649999999999999,8,0,169,20,0,0,0,0,0,0,permanent_bilateral_3pass,Permanent bilateral 3-pass,0.32098765432098775
,500041,need_based,Need-based,,0.0,35.05,,187,37.4,28,30.5,48,20,35.05,8,0,188,20,0,0,0,0,0,0,permanent_bilateral_3pass,Permanent bilateral 3-pass,0.106951871657754
,500041,cooperative,Cooperative,,0.0,25.299999999999997,,147,29.4,13,21.5,39,26,25.299999999999997,8,0,237,20,0,0,0,0,0,0,permanent_bilateral_3pass,Permanent bilateral 3-pass,0.15510204081632661
,500041,hoarding,Hoarding,,0.0,17.25,,105,21.0,6,11.5,35,29,17.25,8,0,59,20,0,0,0,0,0,0,permanent_bilateral_3pass,Permanent bilateral 3-pass,0.25142857142857156
,500041,mixed,Mixed,,0.0,21.950000000000003,,123,24.6,14,15.5,32,18,21.950000000000003,8,0,141,20,0,0,0,0,0,0,permanent_bilateral_3pass,Permanent bilateral 3-pass,0.15934959349593503
,500041,need_based_to_competitive,Need-based → competitive,10.0,0.0,25.5,,150,30.0,12,20.0,42,30,25.5,8,0,83,20,0,0,0,0,0,0,permanent_bilateral_3pass,Permanent bilateral 3-pass,0.17599999999999993
,500041,cooperative_to_hoarding,Cooperative → hoarding,10.0,0.0,17.700000000000003,,103,20.6,9,10.5,33,24,17.700000000000003,8,0,132,20,0,0,0,0,0,0,permanent_bilateral_3pass,Permanent bilateral 3-pass,0.26796116504854384
,500042,need_based,Need-based,,0.0,21.049999999999997,,122,24.4,11,15.5,35,24,21.049999999999997,8,0,137,20,0,0,0,0,0,0,permanent_bilateral_3pass,Permanent bilateral 3-pass,0.1934426229508197
,500042,cooperative,Cooperative,,0.0,19.25,,110,22.0,11,15.5,30,19,19.25,8,0,148,20,0,0,0,0,0,0,permanent_bilateral_3pass,Permanent bilateral 3-pass,0.16000000000000014
,500042,hoarding,Hoarding,,0.0,19.049999999999997,,112,22.4,9,13.0,33,24,19.049999999999997,8,0,88,20,0,0,0,0,0,0,permanent_bilateral_3pass,Permanent bilateral 3-pass,0.21071428571428585
,500042,mixed,Mixed,,0.0,13.05,,77,15.4,6,6.0,32,26,13.05,8,0,84,20,0,0,0,0,0,0,permanent_bilateral_3pass,Permanent bilateral 3-pass,0.35324675324675336
,500042,need_based_to_competitive,Need-based → competitive,10.0,0.0,15.0,,90,18.0,6,8.5,33,27,15.0,8,0,90,20,0,0,0,0,0,0,permanent_bilateral_3pass,Permanent bilateral 3-pass,0.3155555555555556
,500042,cooperative_to_hoarding,Cooperative → hoarding,10.0,0.0,14.700000000000001,,93,18.6,3,8.5,31,28,14.700000000000001,8,0,117,20,0,0,0,0,0,0,permanent_bilateral_3pass,Permanent bilateral 3-pass,0.27956989247311825
,500043,need_based,Need-based,,0.0,20.299999999999997,,112,22.4,14,15.5,30,16,20.299999999999997,8,0,176,20,0,0,0,0,0,0,permanent_bilateral_3pass,Permanent bilateral 3-pass,0.15714285714285725
,500043,cooperative,Cooperative,,0.0,24.200000000000003,,138,27.6,14,18.0,42,28,24.200000000000003,8,0,203,20,0,0,0,0,0,0,permanent_bilateral_3pass,Permanent bilateral 3-pass,0.1855072463768117
,500043,hoarding,Hoarding,,0.0,13.950000000000001,,83,16.6,6,9.0,28,22,13.950000000000001,8,0,75,20,0,0,0,0,0,0,permanent_bilateral_3pass,Permanent bilateral 3-pass,0.2506024096385542
,500043,mixed,Mixed,,0.0,19.85,,104,20.8,17,18.0,25,8,19.85,8,0,105,20,0,0,0,0,0,0,permanent_bilateral_3pass,Permanent bilateral 3-pass,0.0807692307692307
,500043,need_based_to_competitive,Need-based → competitive,10.0,0.0,13.350000000000001,,79,15.8,6,10.0,28,22,13.350000000000001,8,0,94,20,0,0,0,0,0,0,permanent_bilateral_3pass,Permanent bilateral 3-pass,0.23797468354430373
,500043,cooperative_to_hoarding,Cooperative → hoarding,10.0,0.0,15.600000000000001,,94,18.8,6,9.0,37,31,15.600000000000001,8,0,113,20,0,0,0,0,0,0,permanent_bilateral_3pass,Permanent bilateral 3-pass,0.30638297872340425
,500044,need_based,Need-based,,0.0,27.35,,159,31.8,14,20.5,52,38,27.35,8,0,200,20,0,0,0,0,0,0,permanent_bilateral_3pass,Permanent bilateral 3-pass,0.21383647798742134
,500044,cooperative,Cooperative,,0.0,21.799999999999997,,127,25.4,11,14.0,39,28,21.799999999999997,8,0,255,20,0,0,0,0,0,0,permanent_bilateral_3pass,Permanent bilateral 3-pass,0.22677165354330708
,500044,hoarding,Hoarding,,0.0,20.85,,119,23.8,12,17.0,35,23,20.85,8,0,79,20,0,0,0,0,0,0,permanent_bilateral_3pass,Permanent bilateral 3-pass,0.16470588235294126
,500044,mixed,Mixed,,0.0,16.950000000000003,,103,20.6,6,10.0,39,33,16.950000000000003,8,0,124,20,0,0,0,0,0,0,permanent_bilateral_3pass,Permanent bilateral 3-pass,0.31844660194174756
,500044,need_based_to_competitive,Need-based → competitive,10.0,0.0,19.65,,116,23.2,9,14.0,33,24,19.65,8,0,132,20,0,0,0,0,0,0,permanent_bilateral_3pass,Permanent bilateral 3-pass,0.20344827586206904
,500044,cooperative_to_hoarding,Cooperative → hoarding,10.0,0.0,15.600000000000001,,94,18.8,6,6.0,36,30,15.600000000000001,8,0,215,20,0,0,0,0,0,0,permanent_bilateral_3pass,Permanent bilateral 3-pass,0.36170212765957444
,500045,need_based,Need-based,,0.0,24.200000000000003,,138,27.6,14,17.0,43,29,24.200000000000003,8,0,162,20,0,0,0,0,0,0,permanent_bilateral_3pass,Permanent bilateral 3-pass,0.22318840579710142
,500045,cooperative,Cooperative,,0.0,12.3,,77,15.4,3,4.5,41,38,12.3,8,0,140,20,0,0,0,0,0,0,permanent_bilateral_3pass,Permanent bilateral 3-pass,0.4623376623376625
,500045,hoarding,Hoarding,,0.0,11.2,,73,14.6,1,7.5,30,29,11.2,8,0,70,20,0,0,0,0,0,0,permanent_bilateral_3pass,Permanent bilateral 3-pass,0.3178082191780822
,500045,mixed,Mixed,,0.0,12.95,,78,15.6,5,5.5,35,30,12.95,8,0,107,20,0,0,0,0,0,0,permanent_bilateral_3pass,Permanent bilateral 3-pass,0.40512820512820524
,500045,need_based_to_competitive,Need-based → competitive,10.0,0.0,14.399999999999999,,91,18.2,3,3.0,33,30,14.399999999999999,8,0,130,20,0,0,0,0,0,0,permanent_bilateral_3pass,Permanent bilateral 3-pass,0.3824175824175824
,500045,cooperative_to_hoarding,Cooperative → hoarding,10.0,0.0,14.850000000000001,,94,18.8,3,4.0,49,46,14.850000000000001,8,0,101,20,0,0,0,0,0,0,permanent_bilateral_3pass,Permanent bilateral 3-pass,0.4553191489361703
,500046,need_based,Need-based,,0.0,25.5,,160,32.0,6,18.5,51,45,25.5,8,0,177,20,0,0,0,0,0,0,permanent_bilateral_3pass,Permanent bilateral 3-pass,0.24
,500046,cooperative,Cooperative,,0.0,17.0,,110,22.0,2,11.0,41,39,17.0,8,0,210,20,0,0,0,0,0,0,permanent_bilateral_3pass,Permanent bilateral 3-pass,0.30181818181818176
,500046,hoarding,Hoarding,,0.0,14.899999999999999,,96,19.2,2,9.5,39,37,14.899999999999999,8,0,78,20,0,0,0,0,0,0,permanent_bilateral_3pass,Permanent bilateral 3-pass,0.31666666666666665
,500046,mixed,Mixed,,0.0,18.0,,110,22.0,6,11.5,33,27,18.0,8,0,112,20,0,0,0,0,0,0,permanent_bilateral_3pass,Permanent bilateral 3-pass,0.25454545454545463
,500046,need_based_to_competitive,Need-based → competitive,10.0,0.0,22.25,,140,28.0,5,12.0,42,37,22.25,8,0,137,20,0,0,0,0,0,0,permanent_bilateral_3pass,Permanent bilateral 3-pass,0.27428571428571424
,500046,cooperative_to_hoarding,Cooperative → hoarding,10.0,0.0,13.2,,78,15.6,6,8.5,28,22,13.2,8,0,117,20,0,0,0,0,0,0,permanent_bilateral_3pass,Permanent bilateral 3-pass,0.2564102564102564
,500047,need_based,Need-based,,0.0,24.799999999999997,,147,29.4,11,12.5,46,35,24.799999999999997,8,0,162,20,0,0,0,0,0,0,permanent_bilateral_3pass,Permanent bilateral 3-pass,0.26938775510204094
,500047,cooperative,Cooperative,,0.0,21.9,,126,25.2,12,17.0,34,22,21.9,8,0,244,20,0,0,0,0,0,0,permanent_bilateral_3pass,Permanent bilateral 3-pass,0.17460317460317465
,500047,hoarding,Hoarding,,0.0,15.299999999999999,,92,18.4,6,7.5,45,39,15.299999999999999,8,0,60,20,0,0,0,0,0,0,permanent_bilateral_3pass,Permanent bilateral 3-pass,0.40000000000000013
,500047,mixed,Mixed,,0.0,22.25,,125,25.0,14,15.5,46,32,22.25,8,0,124,20,0,0,0,0,0,0,permanent_bilateral_3pass,Permanent bilateral 3-pass,0.24
,500047,need_based_to_competitive,Need-based → competitive,10.0,0.0,26.35,,144,28.8,19,21.0,47,28,26.35,8,0,118,20,0,0,0,0,0,0,permanent_bilateral_3pass,Permanent bilateral 3-pass,0.1694444444444445
,500047,cooperative_to_hoarding,Cooperative → hoarding,10.0,0.0,16.049999999999997,,97,19.4,6,7.5,28,22,16.049999999999997,8,0,138,20,0,0,0,0,0,0,permanent_bilateral_3pass,Permanent bilateral 3-pass,0.2556701030927835
,500048,need_based,Need-based,,0.0,17.85,,114,22.8,3,8.5,41,38,17.85,8,0,164,20,0,0,0,0,0,0,permanent_bilateral_3pass,Permanent bilateral 3-pass,0.3508771929824561
,500048,cooperative,Cooperative,,0.0,21.15,,121,24.2,12,13.0,41,29,21.15,8,0,166,20,0,0,0,0,0,0,permanent_bilateral_3pass,Permanent bilateral 3-pass,0.2644628099173554
,500048,hoarding,Hoarding,,0.0,14.600000000000001,,94,18.8,2,6.0,32,30,14.600000000000001,8,0,86,20,0,0,0,0,0,0,permanent_bilateral_3pass,Permanent bilateral 3-pass,0.3191489361702129
,500048,mixed,Mixed,,0.0,19.9,,111,22.2,13,13.5,42,29,19.9,8,0,129,20,0,0,0,0,0,0,permanent_bilateral_3pass,Permanent bilateral 3-pass,0.23783783783783785
,500048,need_based_to_competitive,Need-based → competitive,10.0,0.0,14.100000000000001,,84,16.8,6,7.5,36,30,14.100000000000001,8,0,114,20,0,0,0,0,0,0,permanent_bilateral_3pass,Permanent bilateral 3-pass,0.3476190476190477
,500048,cooperative_to_hoarding,Cooperative → hoarding,10.0,0.0,13.799999999999999,,82,16.4,6,6.0,38,32,13.799999999999999,8,0,119,20,0,0,0,0,0,0,permanent_bilateral_3pass,Permanent bilateral 3-pass,0.3951219512195123
,500049,need_based,Need-based,,0.0,31.900000000000002,,176,35.2,22,26.5,46,24,31.900000000000002,8,0,134,20,0,0,0,0,0,0,permanent_bilateral_3pass,Permanent bilateral 3-pass,0.13863636363636367
,500049,cooperative,Cooperative,,0.0,25.1,,144,28.8,14,16.0,47,33,25.1,8,0,218,20,0,0,0,0,0,0,permanent_bilateral_3pass,Permanent bilateral 3-pass,0.23888888888888893
,500049,hoarding,Hoarding,,0.0,12.3,,77,15.4,3,6.0,36,33,12.3,8,0,36,20,0,0,0,0,0,0,permanent_bilateral_3pass,Permanent bilateral 3-pass,0.37402597402597415
,500049,mixed,Mixed,,0.0,18.450000000000003,,103,20.6,12,15.5,27,15,18.450000000000003,8,0,125,20,0,0,0,0,0,0,permanent_bilateral_3pass,Permanent bilateral 3-pass,0.13980582524271856
,500049,need_based_to_competitive,Need-based → competitive,10.0,0.0,24.049999999999997,,137,27.4,14,18.5,36,22,24.049999999999997,8,0,111,20,0,0,0,0,0,0,permanent_bilateral_3pass,Permanent bilateral 3-pass,0.15766423357664228
,500049,cooperative_to_hoarding,Cooperative → hoarding,10.0,0.0,17.549999999999997,,107,21.4,6,9.0,36,30,17.549999999999997,8,0,129,20,0,0,0,0,0,0,permanent_bilateral_3pass,Permanent bilateral 3-pass,0.3028037383177571
,500050,need_based,Need-based,,0.0,30.700000000000003,,168,33.6,22,23.5,46,24,30.700000000000003,8,0,157,20,0,0,0,0,0,0,permanent_bilateral_3pass,Permanent bilateral 3-pass,0.161904761904762
,500050,cooperative,Cooperative,,0.0,23.299999999999997,,137,27.4,11,16.5,58,47,23.299999999999997,8,0,223,20,0,0,0,0,0,0,permanent_bilateral_3pass,Permanent bilateral 3-pass,0.2802919708029197
,500050,hoarding,Hoarding,,0.0,17.6,,99,19.8,11,12.5,30,19,17.6,8,0,82,20,0,0,0,0,0,0,permanent_bilateral_3pass,Permanent bilateral 3-pass,0.20606060606060606
,500050,mixed,Mixed,,0.0,21.049999999999997,,117,23.4,14,16.5,35,21,21.049999999999997,8,0,127,20,0,0,0,0,0,0,permanent_bilateral_3pass,Permanent bilateral 3-pass,0.170940170940171
,500050,need_based_to_competitive,Need-based → competitive,10.0,0.0,26.15,,151,30.2,14,19.5,49,35,26.15,8,0,152,20,0,0,0,0,0,0,permanent_bilateral_3pass,Permanent bilateral 3-pass,0.21986754966887423
,500050,cooperative_to_hoarding,Cooperative → hoarding,10.0,0.0,15.200000000000001,,93,18.6,5,5.5,46,41,15.200000000000001,8,0,119,20,0,0,0,0,0,0,permanent_bilateral_3pass,Permanent bilateral 3-pass,0.42150537634408614
,500051,need_based,Need-based,,0.0,26.450000000000003,,153,30.6,14,16.5,45,31,26.450000000000003,8,0,196,20,0,0,0,0,0,0,permanent_bilateral_3pass,Permanent bilateral 3-pass,0.22222222222222232
,500051,cooperative,Cooperative,,0.0,11.25,,70,14.0,3,4.5,27,24,11.25,8,0,185,20,0,0,0,0,0,0,permanent_bilateral_3pass,Permanent bilateral 3-pass,0.382857142857143
,500051,hoarding,Hoarding,,0.0,12.75,,75,15.0,6,8.5,33,27,12.75,8,0,67,20,0,0,0,0,0,0,permanent_bilateral_3pass,Permanent bilateral 3-pass,0.29866666666666664
,500051,mixed,Mixed,,0.0,15.0,,95,19.0,3,8.5,40,37,15.0,8,0,135,20,0,0,0,0,0,0,permanent_bilateral_3pass,Permanent bilateral 3-pass,0.3326315789473684
,500051,need_based_to_competitive,Need-based → competitive,10.0,0.0,15.75,,90,18.0,9,10.0,31,22,15.75,8,0,108,20,0,0,0,0,0,0,permanent_bilateral_3pass,Permanent bilateral 3-pass,0.2577777777777779
,500051,cooperative_to_hoarding,Cooperative → hoarding,10.0,0.0,14.399999999999999,,86,17.2,6,8.5,36,30,14.399999999999999,8,0,132,20,0,0,0,0,0,0,permanent_bilateral_3pass,Permanent bilateral 3-pass,0.3162790697674418
,500052,need_based,Need-based,,0.0,26.75,,155,31.0,14,20.0,55,41,26.75,8,0,158,20,0,0,0,0,0,0,permanent_bilateral_3pass,Permanent bilateral 3-pass,0.22967741935483876
,500052,cooperative,Cooperative,,0.0,23.5,,125,25.0,19,19.5,44,25,23.5,8,0,215,20,0,0,0,0,0,0,permanent_bilateral_3pass,Permanent bilateral 3-pass,0.1664000000000001
,500052,hoarding,Hoarding,,0.0,14.399999999999999,,86,17.2,6,6.0,41,35,14.399999999999999,8,0,65,20,0,0,0,0,0,0,permanent_bilateral_3pass,Permanent bilateral 3-pass,0.38604651162790704
,500052,mixed,Mixed,,0.0,20.450000000000003,,113,22.6,14,14.0,51,37,20.450000000000003,8,0,109,20,0,0,0,0,0,0,permanent_bilateral_3pass,Permanent bilateral 3-pass,0.27256637168141595
,500052,need_based_to_competitive,Need-based → competitive,10.0,0.0,22.25,,125,25.0,14,14.0,52,38,22.25,8,0,98,20,0,0,0,0,0,0,permanent_bilateral_3pass,Permanent bilateral 3-pass,0.2976000000000001
,500052,cooperative_to_hoarding,Cooperative → hoarding,10.0,0.0,17.1,,99,19.8,9,10.5,39,30,17.1,8,0,137,20,0,0,0,0,0,0,permanent_bilateral_3pass,Permanent bilateral 3-pass,0.27474747474747474
,500053,need_based,Need-based,,0.0,31.650000000000002,,176,35.2,21,27.0,52,31,31.650000000000002,8,0,146,20,0,0,0,0,0,0,permanent_bilateral_3pass,Permanent bilateral 3-pass,0.1477272727272727
,500053,cooperative,Cooperative,,0.0,31.450000000000003,,168,33.6,25,25.5,41,16,31.450000000000003,8,0,224,20,0,0,0,0,0,0,permanent_bilateral_3pass,Permanent bilateral 3-pass,0.11190476190476195
,500053,hoarding,Hoarding,,0.0,9.149999999999999,,56,11.2,3,4.5,23,20,9.149999999999999,8,0,42,20,0,0,0,0,0,0,permanent_bilateral_3pass,Permanent bilateral 3-pass,0.3500000000000001
,500053,mixed,Mixed,,0.0,13.049999999999999,,82,16.4,3,4.5,39,36,13.049999999999999,8,0,125,20,0,0,0,0,0,0,permanent_bilateral_3pass,Permanent bilateral 3-pass,0.40487804878048794
,500053,need_based_to_competitive,Need-based → competitive,10.0,0.0,22.799999999999997,,142,28.4,6,13.5,47,41,22.799999999999997,8,0,138,20,0,0,0,0,0,0,permanent_bilateral_3pass,Permanent bilateral 3-pass,0.2704225352112677
,500053,cooperative_to_hoarding,Cooperative → hoarding,10.0,0.0,21.299999999999997,,132,26.4,6,11.5,42,36,21.299999999999997,8,0,151,20,0,0,0,0,0,0,permanent_bilateral_3pass,Permanent bilateral 3-pass,0.2848484848484849
,500054,need_based,Need-based,,0.0,16.200000000000003,,88,17.6,12,12.0,25,13,16.200000000000003,8,0,108,20,0,0,0,0,0,0,permanent_bilateral_3pass,Permanent bilateral 3-pass,0.16363636363636358
,500054,cooperative,Cooperative,,0.0,28.549999999999997,,157,31.4,20,22.5,44,24,28.549999999999997,8,0,260,20,0,0,0,0,0,0,permanent_bilateral_3pass,Permanent bilateral 3-pass,0.15541401273885347
,500054,hoarding,Hoarding,,0.0,18.5,,105,21.0,11,12.5,34,23,18.5,8,0,76,20,0,0,0,0,0,0,permanent_bilateral_3pass,Permanent bilateral 3-pass,0.22476190476190472
,500054,mixed,Mixed,,0.0,13.05,,77,15.4,6,10.0,23,17,13.05,8,0,116,20,0,0,0,0,0,0,permanent_bilateral_3pass,Permanent bilateral 3-pass,0.19220779220779227
,500054,need_based_to_competitive,Need-based → competitive,10.0,0.0,16.200000000000003,,93,18.6,9,13.0,33,24,16.200000000000003,8,0,80,20,0,0,0,0,0,0,permanent_bilateral_3pass,Permanent bilateral 3-pass,0.2064516129032259
,500054,cooperative_to_hoarding,Cooperative → hoarding,10.0,0.0,23.799999999999997,,127,25.4,19,19.0,34,15,23.799999999999997,8,0,154,20,0,0,0,0,0,0,permanent_bilateral_3pass,Permanent bilateral 3-pass,0.13858267716535444
,500055,need_based,Need-based,,0.0,21.0,,120,24.0,12,16.0,41,29,21.0,8,0,112,20,0,0,0,0,0,0,permanent_bilateral_3pass,Permanent bilateral 3-pass,0.20999999999999996
,500055,cooperative,Cooperative,,0.0,17.549999999999997,,102,20.4,9,13.0,28,19,17.549999999999997,8,0,179,20,0,0,0,0,0,0,permanent_bilateral_3pass,Permanent bilateral 3-pass,0.1843137254901961
,500055,hoarding,Hoarding,,0.0,15.799999999999999,,87,17.4,11,11.5,31,20,15.799999999999999,8,0,78,20,0,0,0,0,0,0,permanent_bilateral_3pass,Permanent bilateral 3-pass,0.21609195402298864
,500055,mixed,Mixed,,0.0,17.1,,99,19.8,9,15.5,24,15,17.1,8,0,103,20,0,0,0,0,0,0,permanent_bilateral_3pass,Permanent bilateral 3-pass,0.12121212121212133
,500055,need_based_to_competitive,Need-based → competitive,10.0,0.0,21.450000000000003,,123,24.6,12,18.5,31,19,21.450000000000003,8,0,147,20,0,0,0,0,0,0,permanent_bilateral_3pass,Permanent bilateral 3-pass,0.1333333333333333
,500055,cooperative_to_hoarding,Cooperative → hoarding,10.0,0.0,16.950000000000003,,98,19.6,9,9.0,38,29,16.950000000000003,8,0,121,20,0,0,0,0,0,0,permanent_bilateral_3pass,Permanent bilateral 3-pass,0.2897959183673471
,500056,need_based,Need-based,,0.0,27.1,,144,28.8,22,25.5,33,11,27.1,8,0,161,20,0,0,0,0,0,0,permanent_bilateral_3pass,Permanent bilateral 3-pass,0.06388888888888888
,500056,cooperative,Cooperative,,0.0,12.2,,78,15.6,2,8.0,24,22,12.2,8,0,147,20,0,0,0,0,0,0,permanent_bilateral_3pass,Permanent bilateral 3-pass,0.2512820512820513
,500056,hoarding,Hoarding,,0.0,3.9000000000000004,,21,4.2,3,3.0,6,3,3.9000000000000004,8,0,52,20,0,0,0,0,0,0,permanent_bilateral_3pass,Permanent bilateral 3-pass,0.17142857142857149
,500056,mixed,Mixed,,0.0,20.700000000000003,,113,22.6,15,17.0,30,15,20.700000000000003,8,0,124,20,0,0,0,0,0,0,permanent_bilateral_3pass,Permanent bilateral 3-pass,0.13451327433628313
,500056,need_based_to_competitive,Need-based → competitive,10.0,0.0,23.450000000000003,,133,26.6,14,17.0,36,22,23.450000000000003,8,0,119,20,0,0,0,0,0,0,permanent_bilateral_3pass,Permanent bilateral 3-pass,0.16842105263157903
,500056,cooperative_to_hoarding,Cooperative → hoarding,10.0,0.0,9.149999999999999,,51,10.2,6,7.5,16,10,9.149999999999999,8,0,87,20,0,0,0,0,0,0,permanent_bilateral_3pass,Permanent bilateral 3-pass,0.1725490196078432
,500057,need_based,Need-based,,0.0,25.25,,145,29.0,14,16.5,46,32,25.25,8,0,164,20,0,0,0,0,0,0,permanent_bilateral_3pass,Permanent bilateral 3-pass,0.2455172413793103
,500057,cooperative,Cooperative,,0.0,23.9,,141,28.2,11,19.0,38,27,23.9,8,0,236,20,0,0,0,0,0,0,permanent_bilateral_3pass,Permanent bilateral 3-pass,0.17588652482269507
,500057,hoarding,Hoarding,,0.0,17.799999999999997,,102,20.4,10,12.0,41,31,17.799999999999997,8,0,78,20,0,0,0,0,0,0,permanent_bilateral_3pass,Permanent bilateral 3-pass,0.2666666666666666
,500057,mixed,Mixed,,0.0,15.450000000000001,,93,18.6,6,7.5,39,33,15.450000000000001,8,0,111,20,0,0,0,0,0,0,permanent_bilateral_3pass,Permanent bilateral 3-pass,0.3397849462365592
,500057,need_based_to_competitive,Need-based → competitive,10.0,0.0,20.700000000000003,,118,23.6,12,14.5,46,34,20.700000000000003,8,0,128,20,0,0,0,0,0,0,permanent_bilateral_3pass,Permanent bilateral 3-pass,0.2508474576271187
,500057,cooperative_to_hoarding,Cooperative → hoarding,10.0,0.0,17.15,,96,19.2,11,12.5,30,19,17.15,8,0,144,20,0,0,0,0,0,0,permanent_bilateral_3pass,Permanent bilateral 3-pass,0.1958333333333333
,500058,need_based,Need-based,,0.0,22.200000000000003,,133,26.6,9,19.0,33,24,22.200000000000003,8,0,158,20,0,0,0,0,0,0,permanent_bilateral_3pass,Permanent bilateral 3-pass,0.1533834586466165
,500058,cooperative,Cooperative,,0.0,25.1,,139,27.8,17,19.5,42,25,25.1,8,0,223,20,0,0,0,0,0,0,permanent_bilateral_3pass,Permanent bilateral 3-pass,0.1755395683453238
,500058,hoarding,Hoarding,,0.0,16.85,,89,17.8,14,14.0,27,13,16.85,8,0,87,20,0,0,0,0,0,0,permanent_bilateral_3pass,Permanent bilateral 3-pass,0.13033707865168553
,500058,mixed,Mixed,,0.0,16.950000000000003,,98,19.6,9,11.5,30,21,16.950000000000003,8,0,97,20,0,0,0,0,0,0,permanent_bilateral_3pass,Permanent bilateral 3-pass,0.2081632653061225
,500058,need_based_to_competitive,Need-based → competitive,10.0,0.0,19.4,,106,21.2,14,16.5,34,20,19.4,8,0,130,20,0,0,0,0,0,0,permanent_bilateral_3pass,Permanent bilateral 3-pass,0.15471698113207544
,500058,cooperative_to_hoarding,Cooperative → hoarding,10.0,0.0,17.549999999999997,,107,21.4,6,9.0,34,28,17.549999999999997,8,0,149,20,0,0,0,0,0,0,permanent_bilateral_3pass,Permanent bilateral 3-pass,0.2766355140186916
,500059,need_based,Need-based,,0.0,22.15,,126,25.2,13,17.5,41,28,22.15,8,0,144,20,0,0,0,0,0,0,permanent_bilateral_3pass,Permanent bilateral 3-pass,0.1873015873015873
,500059,cooperative,Cooperative,,0.0,17.85,,114,22.8,3,10.0,45,42,17.85,8,0,263,20,0,0,0,0,0,0,permanent_bilateral_3pass,Permanent bilateral 3-pass,0.3298245614035089
,500059,hoarding,Hoarding,,0.0,16.200000000000003,,98,19.6,6,7.5,45,39,16.200000000000003,8,0,89,20,0,0,0,0,0,0,permanent_bilateral_3pass,Permanent bilateral 3-pass,0.37142857142857144
,500059,mixed,Mixed,,0.0,18.799999999999997,,107,21.4,11,12.5,36,25,18.799999999999997,8,0,141,20,0,0,0,0,0,0,permanent_bilateral_3pass,Permanent bilateral 3-pass,0.2429906542056075
,500059,need_based_to_competitive,Need-based → competitive,10.0,0.0,14.549999999999999,,87,17.4,6,7.5,31,25,14.549999999999999,8,0,100,20,0,0,0,0,0,0,permanent_bilateral_3pass,Permanent bilateral 3-pass,0.31264367816091965
,500059,cooperative_to_hoarding,Cooperative → hoarding,10.0,0.0,16.5,,100,20.0,6,6.0,37,31,16.5,8,0,165,20,0,0,0,0,0,0,permanent_bilateral_3pass,Permanent bilateral 3-pass,0.3600000000000001
,500060,need_based,Need-based,,0.0,20.35,,109,21.8,16,16.5,29,13,20.35,8,0,141,20,0,0,0,0,0,0,permanent_bilateral_3pass,Permanent bilateral 3-pass,0.12477064220183487
,500060,cooperative,Cooperative,,0.0,16.049999999999997,,92,18.4,9,10.5,28,19,16.049999999999997,8,0,196,20,0,0,0,0,0,0,permanent_bilateral_3pass,Permanent bilateral 3-pass,0.22173913043478266
,500060,hoarding,Hoarding,,0.0,16.799999999999997,,97,19.4,9,12.0,33,24,16.799999999999997,8,0,57,20,0,0,0,0,0,0,permanent_bilateral_3pass,Permanent bilateral 3-pass,0.21855670103092795
,500060,mixed,Mixed,,0.0,24.200000000000003,,128,25.6,20,21.0,31,11,24.200000000000003,8,0,132,20,0,0,0,0,0,0,permanent_bilateral_3pass,Permanent bilateral 3-pass,0.09375
,500060,need_based_to_competitive,Need-based → competitive,10.0,0.0,20.25,,115,23.0,12,15.5,32,20,20.25,8,0,102,20,0,0,0,0,0,0,permanent_bilateral_3pass,Permanent bilateral 3-pass,0.17739130434782613
,500060,cooperative_to_hoarding,Cooperative → hoarding,10.0,0.0,12.0,,75,15.0,3,9.0,22,19,12.0,8,0,148,20,0,0,0,0,0,0,permanent_bilateral_3pass,Permanent bilateral 3-pass,0.2293333333333334
,500061,need_based,Need-based,,0.0,20.1,,119,23.8,9,11.5,44,35,20.1,8,0,128,20,0,0,0,0,0,0,permanent_bilateral_3pass,Permanent bilateral 3-pass,0.2890756302521009
,500061,cooperative,Cooperative,,0.0,21.5,,125,25.0,11,15.0,41,30,21.5,8,0,225,20,0,0,0,0,0,0,permanent_bilateral_3pass,Permanent bilateral 3-pass,0.23680000000000012
,500061,hoarding,Hoarding,,0.0,13.850000000000001,,89,17.8,2,4.0,33,31,13.850000000000001,8,0,62,20,0,0,0,0,0,0,permanent_bilateral_3pass,Permanent bilateral 3-pass,0.3820224719101124
,500061,mixed,Mixed,,0.0,16.049999999999997,,92,18.4,9,9.0,38,29,16.049999999999997,8,0,108,20,0,0,0,0,0,0,permanent_bilateral_3pass,Permanent bilateral 3-pass,0.30869565217391304
,500061,need_based_to_competitive,Need-based → competitive,10.0,0.0,10.2,,63,12.6,3,4.5,34,31,10.2,8,0,70,20,0,0,0,0,0,0,permanent_bilateral_3pass,Permanent bilateral 3-pass,0.4444444444444444
,500061,cooperative_to_hoarding,Cooperative → hoarding,10.0,0.0,18.799999999999997,,107,21.4,11,14.0,40,29,18.799999999999997,8,0,116,20,0,0,0,0,0,0,permanent_bilateral_3pass,Permanent bilateral 3-pass,0.23551401869158872
,500062,need_based,Need-based,,0.0,25.25,,145,29.0,14,20.5,41,27,25.25,8,0,156,20,0,0,0,0,0,0,permanent_bilateral_3pass,Permanent bilateral 3-pass,0.16551724137931045
,500062,cooperative,Cooperative,,0.0,25.549999999999997,,132,26.4,23,24.0,30,7,25.549999999999997,8,0,230,20,0,0,0,0,0,0,permanent_bilateral_3pass,Permanent bilateral 3-pass,0.048484848484848575
,500062,hoarding,Hoarding,,0.0,19.85,,109,21.8,14,14.0,36,22,19.85,8,0,83,20,0,0,0,0,0,0,permanent_bilateral_3pass,Permanent bilateral 3-pass,0.20550458715596331
,500062,mixed,Mixed,,0.0,21.6,,124,24.8,12,15.5,37,25,21.6,8,0,116,20,0,0,0,0,0,0,permanent_bilateral_3pass,Permanent bilateral 3-pass,0.2064516129032259
,500062,need_based_to_competitive,Need-based → competitive,10.0,0.0,28.6,,154,30.8,22,24.5,42,20,28.6,8,0,134,20,0,0,0,0,0,0,permanent_bilateral_3pass,Permanent bilateral 3-pass,0.11948051948051952
,500062,cooperative_to_hoarding,Cooperative → hoarding,10.0,0.0,15.899999999999999,,96,19.2,6,10.5,33,27,15.899999999999999,8,0,145,20,0,0,0,0,0,0,permanent_bilateral_3pass,Permanent bilateral 3-pass,0.2666666666666666
,500063,need_based,Need-based,,0.0,23.15,,131,26.2,14,16.5,38,24,23.15,8,0,150,20,0,0,0,0,0,0,permanent_bilateral_3pass,Permanent bilateral 3-pass,0.18931297709923678
,500063,cooperative,Cooperative,,0.0,21.75,,135,27.0,6,14.0,44,38,21.75,8,0,245,20,0,0,0,0,0,0,permanent_bilateral_3pass,Permanent bilateral 3-pass,0.2577777777777779
,500063,hoarding,Hoarding,,0.0,13.049999999999999,,82,16.4,3,8.5,36,33,13.049999999999999,8,0,58,20,0,0,0,0,0,0,permanent_bilateral_3pass,Permanent bilateral 3-pass,0.326829268292683
,500063,mixed,Mixed,,0.0,17.700000000000003,,108,21.6,6,12.5,33,27,17.700000000000003,8,0,141,20,0,0,0,0,0,0,permanent_bilateral_3pass,Permanent bilateral 3-pass,0.24444444444444446
,500063,need_based_to_competitive,Need-based → competitive,10.0,0.0,20.450000000000003,,113,22.6,14,14.0,33,19,20.450000000000003,8,0,125,20,0,0,0,0,0,0,permanent_bilateral_3pass,Permanent bilateral 3-pass,0.1805309734513274
,500063,cooperative_to_hoarding,Cooperative → hoarding,10.0,0.0,16.65,,101,20.2,6,10.0,36,30,16.65,8,0,129,20,0,0,0,0,0,0,permanent_bilateral_3pass,Permanent bilateral 3-pass,0.2930693069306931
,500064,need_based,Need-based,,0.0,21.799999999999997,,122,24.4,14,18.0,31,17,21.799999999999997,8,0,168,20,0,0,0,0,0,0,permanent_bilateral_3pass,Permanent bilateral 3-pass,0.13770491803278695
,500064,cooperative,Cooperative,,0.0,19.4,,111,22.2,11,14.0,35,24,19.4,8,0,197,20,0,0,0,0,0,0,permanent_bilateral_3pass,Permanent bilateral 3-pass,0.20540540540540553
,500064,hoarding,Hoarding,,0.0,21.65,,121,24.2,14,16.5,33,19,21.65,8,0,90,20,0,0,0,0,0,0,permanent_bilateral_3pass,Permanent bilateral 3-pass,0.16198347107438016
,500064,mixed,Mixed,,0.0,18.0,,105,21.0,9,11.5,40,31,18.0,8,0,134,20,0,0,0,0,0,0,permanent_bilateral_3pass,Permanent bilateral 3-pass,0.2666666666666666
,500064,need_based_to_competitive,Need-based → competitive,10.0,0.0,20.6,,114,22.8,14,16.5,31,17,20.6,8,0,110,20,0,0,0,0,0,0,permanent_bilateral_3pass,Permanent bilateral 3-pass,0.1578947368421053
,500064,cooperative_to_hoarding,Cooperative → hoarding,10.0,0.0,15.600000000000001,,89,17.8,9,10.5,28,19,15.600000000000001,8,0,143,20,0,0,0,0,0,0,permanent_bilateral_3pass,Permanent bilateral 3-pass,0.21123595505617976
,500065,need_based,Need-based,,0.0,27.5,,150,30.0,20,21.0,51,31,27.5,8,0,174,20,0,0,0,0,0,0,permanent_bilateral_3pass,Permanent bilateral 3-pass,0.18666666666666676
,500065,cooperative,Cooperative,,0.0,15.899999999999999,,91,18.2,9,10.0,38,29,15.899999999999999,8,0,174,20,0,0,0,0,0,0,permanent_bilateral_3pass,Permanent bilateral 3-pass,0.29450549450549457
,500065,hoarding,Hoarding,,0.0,18.15,,106,21.2,9,9.0,41,32,18.15,8,0,70,20,0,0,0,0,0,0,permanent_bilateral_3pass,Permanent bilateral 3-pass,0.3207547169811322
,500065,mixed,Mixed,,0.0,16.85,,94,18.8,11,11.5,29,18,16.85,8,0,79,20,0,0,0,0,0,0,permanent_bilateral_3pass,Permanent bilateral 3-pass,0.2085106382978723
,500065,need_based_to_competitive,Need-based → competitive,10.0,0.0,25.4,,141,28.2,17,19.5,52,35,25.4,8,0,145,20,0,0,0,0,0,0,permanent_bilateral_3pass,Permanent bilateral 3-pass,0.20709219858156036
,500065,cooperative_to_hoarding,Cooperative → hoarding,10.0,0.0,14.100000000000001,,84,16.8,6,6.0,33,27,14.100000000000001,8,0,138,20,0,0,0,0,0,0,permanent_bilateral_3pass,Permanent bilateral 3-pass,0.3333333333333335
,500066,need_based,Need-based,,0.0,31.599999999999998,,174,34.8,22,24.0,46,24,31.599999999999998,8,0,165,20,0,0,0,0,0,0,permanent_bilateral_3pass,Permanent bilateral 3-pass,0.1471264367816092
,500066,cooperative,Cooperative,,0.0,14.649999999999999,,86,17.2,7,8.0,31,24,14.649999999999999,8,0,183,20,0,0,0,0,0,0,permanent_bilateral_3pass,Permanent bilateral 3-pass,0.2837209302325583
,500066,hoarding,Hoarding,,0.0,12.3,,67,13.4,9,9.5,17,8,12.3,8,0,55,20,0,0,0,0,0,0,permanent_bilateral_3pass,Permanent bilateral 3-pass,0.13731343283582098
,500066,mixed,Mixed,,0.0,20.0,,110,22.0,14,16.5,38,24,20.0,8,0,152,20,0,0,0,0,0,0,permanent_bilateral_3pass,Permanent bilateral 3-pass,0.17818181818181822
,500066,need_based_to_competitive,Need-based → competitive,10.0,0.0,21.450000000000003,,128,25.6,9,14.5,41,32,21.450000000000003,8,0,94,20,0,0,0,0,0,0,permanent_bilateral_3pass,Permanent bilateral 3-pass,0.2406250000000001
,500066,cooperative_to_hoarding,Cooperative → hoarding,10.0,0.0,16.65,,96,19.2,9,13.0,26,17,16.65,8,0,151,20,0,0,0,0,0,0,permanent_bilateral_3pass,Permanent bilateral 3-pass,0.17500000000000004
,500067,need_based,Need-based,,0.0,21.5,,115,23.0,17,17.0,34,17,21.5,8,0,129,20,0,0,0,0,0,0,permanent_bilateral_3pass,Permanent bilateral 3-pass,0.15304347826086961
,500067,cooperative,Cooperative,,0.0,17.6,,94,18.8,14,14.0,26,12,17.6,8,0,137,20,0,0,0,0,0,0,permanent_bilateral_3pass,Permanent bilateral 3-pass,0.1404255319148937
,500067,hoarding,Hoarding,,0.0,15.0,,90,18.0,6,9.0,33,27,15.0,8,0,50,20,0,0,0,0,0,0,permanent_bilateral_3pass,Permanent bilateral 3-pass,0.288888888888889
,500067,mixed,Mixed,,0.0,17.85,,109,21.8,6,10.0,45,39,17.85,8,0,121,20,0,0,0,0,0,0,permanent_bilateral_3pass,Permanent bilateral 3-pass,0.3155963302752294
,500067,need_based_to_competitive,Need-based → competitive,10.0,0.0,17.85,,104,20.8,9,14.5,31,22,17.85,8,0,70,20,0,0,0,0,0,0,permanent_bilateral_3pass,Permanent bilateral 3-pass,0.17692307692307696
,500067,cooperative_to_hoarding,Cooperative → hoarding,10.0,0.0,13.2,,73,14.6,9,10.5,23,14,13.2,8,0,97,20,0,0,0,0,0,0,permanent_bilateral_3pass,Permanent bilateral 3-pass,0.1698630136986301
,500068,need_based,Need-based,,0.0,31.200000000000003,,178,35.6,18,23.5,49,31,31.200000000000003,8,0,184,20,0,0,0,0,0,0,permanent_bilateral_3pass,Permanent bilateral 3-pass,0.17078651685393265
,500068,cooperative,Cooperative,,0.0,16.4,,101,20.2,5,12.0,32,27,16.4,8,0,209,20,0,0,0,0,0,0,permanent_bilateral_3pass,Permanent bilateral 3-pass,0.2376237623762376
,500068,hoarding,Hoarding,,0.0,22.15,,116,23.2,19,19.5,31,12,22.15,8,0,107,20,0,0,0,0,0,0,permanent_bilateral_3pass,Permanent bilateral 3-pass,0.096551724137931
,500068,mixed,Mixed,,0.0,22.700000000000003,,128,25.6,14,14.0,47,33,22.700000000000003,8,0,116,20,0,0,0,0,0,0,permanent_bilateral_3pass,Permanent bilateral 3-pass,0.25
,500068,need_based_to_competitive,Need-based → competitive,10.0,0.0,25.85,,154,30.8,11,15.5,47,36,25.85,8,0,142,20,0,0,0,0,0,0,permanent_bilateral_3pass,Permanent bilateral 3-pass,0.24155844155844153
,500068,cooperative_to_hoarding,Cooperative → hoarding,10.0,0.0,15.450000000000001,,88,17.6,9,11.5,25,16,15.450000000000001,8,0,128,20,0,0,0,0,0,0,permanent_bilateral_3pass,Permanent bilateral 3-pass,0.17727272727272725
,500069,need_based,Need-based,,0.0,27.299999999999997,,147,29.4,21,21.0,44,23,27.299999999999997,8,0,184,20,0,0,0,0,0,0,permanent_bilateral_3pass,Permanent bilateral 3-pass,0.16326530612244894
,500069,cooperative,Cooperative,,0.0,15.899999999999999,,101,20.2,3,12.0,33,30,15.899999999999999,8,0,247,20,0,0,0,0,0,0,permanent_bilateral_3pass,Permanent bilateral 3-pass,0.24158415841584158
,500069,hoarding,Hoarding,,0.0,13.799999999999999,,82,16.4,6,6.0,47,41,13.799999999999999,8,0,73,20,0,0,0,0,0,0,permanent_bilateral_3pass,Permanent bilateral 3-pass,0.4390243902439024
,500069,mixed,Mixed,,0.0,11.7,,68,13.6,6,10.0,19,13,11.7,8,0,88,20,0,0,0,0,0,0,permanent_bilateral_3pass,Permanent bilateral 3-pass,0.1588235294117648
,500069,need_based_to_competitive,Need-based → competitive,10.0,0.0,22.549999999999997,,127,25.4,14,16.0,37,23,22.549999999999997,8,0,121,20,0,0,0,0,0,0,permanent_bilateral_3pass,Permanent bilateral 3-pass,0.2015748031496063
,500069,cooperative_to_hoarding,Cooperative → hoarding,10.0,0.0,11.399999999999999,,71,14.2,3,4.5,34,31,11.399999999999999,8,0,108,20,0,0,0,0,0,0,permanent_bilateral_3pass,Permanent bilateral 3-pass,0.39436619718309873
,500070,need_based,Need-based,,0.0,21.75,,125,25.0,12,18.5,30,18,21.75,8,0,180,20,0,0,0,0,0,0,permanent_bilateral_3pass,Permanent bilateral 3-pass,0.1280000000000001
,500070,cooperative,Cooperative,,0.0,14.149999999999999,,86,17.2,5,9.5,33,28,14.149999999999999,8,0,215,20,0,0,0,0,0,0,permanent_bilateral_3pass,Permanent bilateral 3-pass,0.27441860465116275
,500070,hoarding,Hoarding,,0.0,10.8,,62,12.4,6,7.5,27,21,10.8,8,0,76,20,0,0,0,0,0,0,permanent_bilateral_3pass,Permanent bilateral 3-pass,0.28387096774193554
,500070,mixed,Mixed,,0.0,16.85,,94,18.8,11,11.0,27,16,16.85,8,0,131,20,0,0,0,0,0,0,permanent_bilateral_3pass,Permanent bilateral 3-pass,0.1957446808510639
,500070,need_based_to_competitive,Need-based → competitive,10.0,0.0,16.65,,101,20.2,6,11.5,28,22,16.65,8,0,116,20,0,0,0,0,0,0,permanent_bilateral_3pass,Permanent bilateral 3-pass,0.21386138613861383
,500070,cooperative_to_hoarding,Cooperative → hoarding,10.0,0.0,9.8,,52,10.4,8,8.5,15,7,9.8,8,0,142,20,0,0,0,0,0,0,permanent_bilateral_3pass,Permanent bilateral 3-pass,0.12307692307692308
,500071,need_based,Need-based,,0.0,23.75,,130,26.0,17,18.0,35,18,23.75,8,0,162,20,0,0,0,0,0,0,permanent_bilateral_3pass,Permanent bilateral 3-pass,0.1476923076923078
,500071,cooperative,Cooperative,,0.0,15.450000000000001,,98,19.6,3,4.5,36,33,15.450000000000001,8,0,244,20,0,0,0,0,0,0,permanent_bilateral_3pass,Permanent bilateral 3-pass,0.379591836734694
,500071,hoarding,Hoarding,,0.0,16.049999999999997,,97,19.4,6,7.5,35,29,16.049999999999997,8,0,72,20,0,0,0,0,0,0,permanent_bilateral_3pass,Permanent bilateral 3-pass,0.30515463917525776
,500071,mixed,Mixed,,0.0,20.15,,106,21.2,17,17.0,25,8,20.15,8,0,118,20,0,0,0,0,0,0,permanent_bilateral_3pass,Permanent bilateral 3-pass,0.09056603773584904
,500071,need_based_to_competitive,Need-based → competitive,10.0,0.0,18.6,,109,21.8,9,13.0,36,27,18.6,8,0,107,20,0,0,0,0,0,0,permanent_bilateral_3pass,Permanent bilateral 3-pass,0.24587155963302765
,500071,cooperative_to_hoarding,Cooperative → hoarding,10.0,0.0,14.850000000000001,,89,17.8,6,10.0,30,24,14.850000000000001,8,0,143,20,0,0,0,0,0,0,permanent_bilateral_3pass,Permanent bilateral 3-pass,0.2516853932584271
,500072,need_based,Need-based,,0.0,24.85,,149,29.8,10,17.5,46,36,24.85,8,0,162,20,0,0,0,0,0,0,permanent_bilateral_3pass,Permanent bilateral 3-pass,0.236241610738255
,500072,cooperative,Cooperative,,0.0,20.549999999999997,,132,26.4,3,14.5,47,44,20.549999999999997,8,0,189,20,0,0,0,0,0,0,permanent_bilateral_3pass,Permanent bilateral 3-pass,0.2787878787878788
,500072,hoarding,Hoarding,,0.0,10.8,,67,13.4,3,4.5,30,27,10.8,8,0,46,20,0,0,0,0,0,0,permanent_bilateral_3pass,Permanent bilateral 3-pass,0.37014925373134333
,500072,mixed,Mixed,,0.0,22.25,,125,25.0,14,15.5,43,29,22.25,8,0,131,20,0,0,0,0,0,0,permanent_bilateral_3pass,Permanent bilateral 3-pass,0.22720000000000007
,500072,need_based_to_competitive,Need-based → competitive,10.0,0.0,21.450000000000003,,128,25.6,9,17.0,35,26,21.450000000000003,8,0,121,20,0,0,0,0,0,0,permanent_bilateral_3pass,Permanent bilateral 3-pass,0.18125000000000013
,500072,cooperative_to_hoarding,Cooperative → hoarding,10.0,0.0,15.0,,95,19.0,3,8.5,36,33,15.0,8,0,96,20,0,0,0,0,0,0,permanent_bilateral_3pass,Permanent bilateral 3-pass,0.3115789473684212
,500073,need_based,Need-based,,0.0,23.0,,130,26.0,14,18.0,37,23,23.0,8,0,177,20,0,0,0,0,0,0,permanent_bilateral_3pass,Permanent bilateral 3-pass,0.18153846153846165
,500073,cooperative,Cooperative,,0.0,21.950000000000003,,128,25.6,11,16.5,46,35,21.950000000000003,8,0,223,20,0,0,0,0,0,0,permanent_bilateral_3pass,Permanent bilateral 3-pass,0.234375
,500073,hoarding,Hoarding,,0.0,15.600000000000001,,94,18.8,6,10.0,38,32,15.600000000000001,8,0,80,20,0,0,0,0,0,0,permanent_bilateral_3pass,Permanent bilateral 3-pass,0.30638297872340425
,500073,mixed,Mixed,,0.0,15.149999999999999,,96,19.2,3,4.5,46,43,15.149999999999999,8,0,95,20,0,0,0,0,0,0,permanent_bilateral_3pass,Permanent bilateral 3-pass,0.42500000000000004
,500073,need_based_to_competitive,Need-based → competitive,10.0,0.0,14.850000000000001,,89,17.8,6,10.0,30,24,14.850000000000001,8,0,101,20,0,0,0,0,0,0,permanent_bilateral_3pass,Permanent bilateral 3-pass,0.2516853932584271
,500073,cooperative_to_hoarding,Cooperative → hoarding,10.0,0.0,24.200000000000003,,138,27.6,14,19.5,44,30,24.200000000000003,8,0,170,20,0,0,0,0,0,0,permanent_bilateral_3pass,Permanent bilateral 3-pass,0.18840579710144922
,500074,need_based,Need-based,,0.0,25.549999999999997,,147,29.4,14,18.0,46,32,25.549999999999997,8,0,177,20,0,0,0,0,0,0,permanent_bilateral_3pass,Permanent bilateral 3-pass,0.20952380952380967
,500074,cooperative,Cooperative,,0.0,27.85,,154,30.8,19,19.0,46,27,27.85,8,0,295,20,0,0,0,0,0,0,permanent_bilateral_3pass,Permanent bilateral 3-pass,0.18181818181818188
,500074,hoarding,Hoarding,,0.0,16.200000000000003,,103,20.6,3,4.5,55,52,16.200000000000003,8,0,64,20,0,0,0,0,0,0,permanent_bilateral_3pass,Permanent bilateral 3-pass,0.4970873786407768
,500074,mixed,Mixed,,0.0,20.299999999999997,,117,23.4,11,15.5,36,25,20.299999999999997,8,0,152,20,0,0,0,0,0,0,permanent_bilateral_3pass,Permanent bilateral 3-pass,0.20512820512820507
,500074,need_based_to_competitive,Need-based → competitive,10.0,0.0,16.799999999999997,,102,20.4,6,12.0,34,28,16.799999999999997,8,0,128,20,0,0,0,0,0,0,permanent_bilateral_3pass,Permanent bilateral 3-pass,0.23529411764705888
,500074,cooperative_to_hoarding,Cooperative → hoarding,10.0,0.0,20.0,,115,23.0,11,12.5,45,34,20.0,8,0,177,20,0,0,0,0,0,0,permanent_bilateral_3pass,Permanent bilateral 3-pass,0.28521739130434787
,500075,need_based,Need-based,,0.0,21.6,,129,25.8,9,10.0,51,42,21.6,8,0,167,20,0,0,0,0,0,0,permanent_bilateral_3pass,Permanent bilateral 3-pass,0.3286821705426357
,500075,cooperative,Cooperative,,0.0,13.950000000000001,,83,16.6,6,7.5,28,22,13.950000000000001,8,0,185,20,0,0,0,0,0,0,permanent_bilateral_3pass,Permanent bilateral 3-pass,0.2795180722891566
,500075,hoarding,Hoarding,,0.0,16.65,,96,19.2,9,9.0,42,33,16.65,8,0,73,20,0,0,0,0,0,0,permanent_bilateral_3pass,Permanent bilateral 3-pass,0.3291666666666666
,500075,mixed,Mixed,,0.0,18.950000000000003,,108,21.6,11,12.5,43,32,18.950000000000003,8,0,132,20,0,0,0,0,0,0,permanent_bilateral_3pass,Permanent bilateral 3-pass,0.2592592592592593
,500075,need_based_to_competitive,Need-based → competitive,10.0,0.0,18.299999999999997,,107,21.4,9,11.5,31,22,18.299999999999997,8,0,110,20,0,0,0,0,0,0,permanent_bilateral_3pass,Permanent bilateral 3-pass,0.21308411214953282
,500075,cooperative_to_hoarding,Cooperative → hoarding,10.0,0.0,13.950000000000001,,83,16.6,6,7.5,26,20,13.950000000000001,8,0,140,20,0,0,0,0,0,0,permanent_bilateral_3pass,Permanent bilateral 3-pass,0.25542168674698806
,500076,need_based,Need-based,,0.0,31.400000000000002,,181,36.2,17,26.0,44,27,31.400000000000002,8,0,145,20,0,0,0,0,0,0,permanent_bilateral_3pass,Permanent bilateral 3-pass,0.13701657458563532
,500076,cooperative,Cooperative,,0.0,24.65,,156,31.2,5,16.0,49,44,24.65,8,0,199,20,0,0,0,0,0,0,permanent_bilateral_3pass,Permanent bilateral 3-pass,0.25897435897435894
,500076,hoarding,Hoarding,,0.0,20.1,,119,23.8,9,11.0,45,36,20.1,8,0,86,20,0,0,0,0,0,0,permanent_bilateral_3pass,Permanent bilateral 3-pass,0.29915966386554627
,500076,mixed,Mixed,,0.0,15.600000000000001,,99,19.8,3,7.0,38,35,15.600000000000001,8,0,79,20,0,0,0,0,0,0,permanent_bilateral_3pass,Permanent bilateral 3-pass,0.3595959595959597
,500076,need_based_to_competitive,Need-based → competitive,10.0,0.0,22.799999999999997,,142,28.4,6,10.0,46,40,22.799999999999997,8,0,113,20,0,0,0,0,0,0,permanent_bilateral_3pass,Permanent bilateral 3-pass,0.3014084507042254
,500076,cooperative_to_hoarding,Cooperative → hoarding,10.0,0.0,22.25,,125,25.0,14,17.0,33,19,22.25,8,0,140,20,0,0,0,0,0,0,permanent_bilateral_3pass,Permanent bilateral 3-pass,0.15680000000000005
,500077,need_based,Need-based,,0.0,21.950000000000003,,123,24.6,14,16.5,31,17,21.950000000000003,8,0,149,20,0,0,0,0,0,0,permanent_bilateral_3pass,Permanent bilateral 3-pass,0.14634146341463428
,500077,cooperative,Cooperative,,0.0,24.65,,141,28.2,14,22.0,35,21,24.65,8,0,290,20,0,0,0,0,0,0,permanent_bilateral_3pass,Permanent bilateral 3-pass,0.12482269503546095
,500077,hoarding,Hoarding,,0.0,17.1,,104,20.8,6,10.0,47,41,17.1,8,0,68,20,0,0,0,0,0,0,permanent_bilateral_3pass,Permanent bilateral 3-pass,0.3500000000000001
,500077,mixed,Mixed,,0.0,12.649999999999999,,76,15.2,5,5.5,41,36,12.649999999999999,8,0,105,20,0,0,0,0,0,0,permanent_bilateral_3pass,Permanent bilateral 3-pass,0.4157894736842105
,500077,need_based_to_competitive,Need-based → competitive,10.0,0.0,24.15,,126,25.2,21,23.0,28,7,24.15,8,0,109,20,0,0,0,0,0,0,permanent_bilateral_3pass,Permanent bilateral 3-pass,0.050793650793650835
,500077,cooperative_to_hoarding,Cooperative → hoarding,10.0,0.0,19.700000000000003,,113,22.6,11,14.0,33,22,19.700000000000003,8,0,202,20,0,0,0,0,0,0,permanent_bilateral_3pass,Permanent bilateral 3-pass,0.20176991150442491
,500078,need_based,Need-based,,0.0,25.950000000000003,,158,31.6,9,21.0,39,30,25.950000000000003,8,0,131,20,0,0,0,0,0,0,permanent_bilateral_3pass,Permanent bilateral 3-pass,0.1670886075949367
,500078,cooperative,Cooperative,,0.0,19.049999999999997,,117,23.4,6,11.5,36,30,19.049999999999997,8,0,248,20,0,0,0,0,0,0,permanent_bilateral_3pass,Permanent bilateral 3-pass,0.2598290598290598
,500078,hoarding,Hoarding,,0.0,16.35,,94,18.8,9,10.5,41,32,16.35,8,0,66,20,0,0,0,0,0,0,permanent_bilateral_3pass,Permanent bilateral 3-pass,0.29361702127659584
,500078,mixed,Mixed,,0.0,16.799999999999997,,102,20.4,6,9.0,33,27,16.799999999999997,8,0,130,20,0,0,0,0,0,0,permanent_bilateral_3pass,Permanent bilateral 3-pass,0.27843137254901973
,500078,need_based_to_competitive,Need-based → competitive,10.0,0.0,21.6,,129,25.8,9,18.5,36,27,21.6,8,0,103,20,0,0,0,0,0,0,permanent_bilateral_3pass,Permanent bilateral 3-pass,0.16744186046511622
,500078,cooperative_to_hoarding,Cooperative → hoarding,10.0,0.0,18.450000000000003,,113,22.6,6,12.5,36,30,18.450000000000003,8,0,210,20,0,0,0,0,0,0,permanent_bilateral_3pass,Permanent bilateral 3-pass,0.25132743362831866
,500079,need_based,Need-based,,0.0,24.799999999999997,,142,28.4,14,20.5,42,28,24.799999999999997,8,0,114,20,0,0,0,0,0,0,permanent_bilateral_3pass,Permanent bilateral 3-pass,0.16901408450704225
,500079,cooperative,Cooperative,,0.0,18.35,,104,20.8,11,12.5,31,20,18.35,8,0,217,20,0,0,0,0,0,0,permanent_bilateral_3pass,Permanent bilateral 3-pass,0.19615384615384612
,500079,hoarding,Hoarding,,0.0,17.85,,109,21.8,6,7.0,47,41,17.85,8,0,74,20,0,0,0,0,0,0,permanent_bilateral_3pass,Permanent bilateral 3-pass,0.3633027522935781
,500079,mixed,Mixed,,0.0,15.299999999999999,,92,18.4,6,9.0,32,26,15.299999999999999,8,0,98,20,0,0,0,0,0,0,permanent_bilateral_3pass,Permanent bilateral 3-pass,0.28260869565217406
,500079,need_based_to_competitive,Need-based → competitive,10.0,0.0,22.35,,139,27.8,6,18.0,38,32,22.35,8,0,102,20,0,0,0,0,0,0,permanent_bilateral_3pass,Permanent bilateral 3-pass,0.1956834532374101
,500079,cooperative_to_hoarding,Cooperative → hoarding,10.0,0.0,13.799999999999999,,87,17.4,3,6.0,36,33,13.799999999999999,8,0,131,20,0,0,0,0,0,0,permanent_bilateral_3pass,Permanent bilateral 3-pass,0.40000000000000013
,500080,need_based,Need-based,,0.0,19.799999999999997,,122,24.4,6,13.5,42,36,19.799999999999997,8,0,143,20,0,0,0,0,0,0,permanent_bilateral_3pass,Permanent bilateral 3-pass,0.25573770491803294
,500080,cooperative,Cooperative,,0.0,22.549999999999997,,127,25.4,14,16.5,50,36,22.549999999999997,8,0,212,20,0,0,0,0,0,0,permanent_bilateral_3pass,Permanent bilateral 3-pass,0.2362204724409449
,500080,hoarding,Hoarding,,0.0,13.799999999999999,,87,17.4,3,4.5,41,38,13.799999999999999,8,0,55,20,0,0,0,0,0,0,permanent_bilateral_3pass,Permanent bilateral 3-pass,0.43678160919540243
,500080,mixed,Mixed,,0.0,18.9,,111,22.2,9,13.0,33,24,18.9,8,0,115,20,0,0,0,0,0,0,permanent_bilateral_3pass,Permanent bilateral 3-pass,0.2090090090090091
,500080,need_based_to_competitive,Need-based → competitive,10.0,0.0,15.899999999999999,,96,19.2,6,9.0,36,30,15.899999999999999,8,0,98,20,0,0,0,0,0,0,permanent_bilateral_3pass,Permanent bilateral 3-pass,0.29166666666666674
,500080,cooperative_to_hoarding,Cooperative → hoarding,10.0,0.0,15.0,,85,17.0,9,10.0,36,27,15.0,8,0,105,20,0,0,0,0,0,0,permanent_bilateral_3pass,Permanent bilateral 3-pass,0.2823529411764707
,500081,need_based,Need-based,,0.0,19.5,,120,24.0,6,6.5,42,36,19.5,8,0,144,20,0,0,0,0,0,0,permanent_bilateral_3pass,Permanent bilateral 3-pass,0.3333333333333335
,500081,cooperative,Cooperative,,0.0,25.1,,144,28.8,14,14.5,50,36,25.1,8,0,247,20,0,0,0,0,0,0,permanent_bilateral_3pass,Permanent bilateral 3-pass,0.2777777777777779
,500081,hoarding,Hoarding,,0.0,14.549999999999999,,92,18.4,3,7.5,33,30,14.549999999999999,8,0,69,20,0,0,0,0,0,0,permanent_bilateral_3pass,Permanent bilateral 3-pass,0.32608695652173925
,500081,mixed,Mixed,,0.0,13.200000000000001,,83,16.6,3,6.0,35,32,13.200000000000001,8,0,131,20,0,0,0,0,0,0,permanent_bilateral_3pass,Permanent bilateral 3-pass,0.36626506024096384
,500081,need_based_to_competitive,Need-based → competitive,10.0,0.0,13.799999999999999,,87,17.4,3,3.5,35,32,13.799999999999999,8,0,112,20,0,0,0,0,0,0,permanent_bilateral_3pass,Permanent bilateral 3-pass,0.3908045977011494
,500081,cooperative_to_hoarding,Cooperative → hoarding,10.0,0.0,15.0,,95,19.0,3,6.0,33,30,15.0,8,0,143,20,0,0,0,0,0,0,permanent_bilateral_3pass,Permanent bilateral 3-pass,0.34526315789473694
,500082,need_based,Need-based,,0.0,29.950000000000003,,163,32.6,22,26.5,39,17,29.950000000000003,8,0,166,20,0,0,0,0,0,0,permanent_bilateral_3pass,Permanent bilateral 3-pass,0.10061349693251542
,500082,cooperative,Cooperative,,0.0,27.700000000000003,,148,29.6,22,23.0,39,17,27.700000000000003,8,0,243,20,0,0,0,0,0,0,permanent_bilateral_3pass,Permanent bilateral 3-pass,0.11621621621621636
,500082,hoarding,Hoarding,,0.0,18.299999999999997,,107,21.4,9,10.0,48,39,18.299999999999997,8,0,72,20,0,0,0,0,0,0,permanent_bilateral_3pass,Permanent bilateral 3-pass,0.33271028037383177
,500082,mixed,Mixed,,0.0,20.9,,116,23.2,14,15.5,33,19,20.9,8,0,134,20,0,0,0,0,0,0,permanent_bilateral_3pass,Permanent bilateral 3-pass,0.16551724137931045
,500082,need_based_to_competitive,Need-based → competitive,10.0,0.0,25.1,,139,27.8,17,18.5,38,21,25.1,8,0,127,20,0,0,0,0,0,0,permanent_bilateral_3pass,Permanent bilateral 3-pass,0.15827338129496415
,500082,cooperative_to_hoarding,Cooperative → hoarding,10.0,0.0,21.65,,121,24.2,14,17.0,34,20,21.65,8,0,165,20,0,0,0,0,0,0,permanent_bilateral_3pass,Permanent bilateral 3-pass,0.15867768595041332
,500083,need_based,Need-based,,0.0,24.700000000000003,,143,28.6,13,17.5,40,27,24.700000000000003,8,0,173,20,0,0,0,0,0,0,permanent_bilateral_3pass,Permanent bilateral 3-pass,0.18741258741258737
,500083,cooperative,Cooperative,,0.0,22.85,,129,25.8,14,18.0,41,27,22.85,8,0,259,20,0,0,0,0,0,0,permanent_bilateral_3pass,Permanent bilateral 3-pass,0.18604651162790709
,500083,hoarding,Hoarding,,0.0,18.0,,105,21.0,9,10.0,42,33,18.0,8,0,94,20,0,0,0,0,0,0,permanent_bilateral_3pass,Permanent bilateral 3-pass,0.32380952380952377
,500083,mixed,Mixed,,0.0,26.950000000000003,,143,28.6,22,23.5,36,14,26.950000000000003,8,0,194,20,0,0,0,0,0,0,permanent_bilateral_3pass,Permanent bilateral 3-pass,0.09230769230769242
,500083,need_based_to_competitive,Need-based → competitive,10.0,0.0,16.700000000000003,,93,18.6,11,11.5,33,22,16.700000000000003,8,0,109,20,0,0,0,0,0,0,permanent_bilateral_3pass,Permanent bilateral 3-pass,0.2236559139784946
,500083,cooperative_to_hoarding,Cooperative → hoarding,10.0,0.0,16.950000000000003,,103,20.6,6,11.5,39,33,16.950000000000003,8,0,171,20,0,0,0,0,0,0,permanent_bilateral_3pass,Permanent bilateral 3-pass,0.2834951456310679
,500084,need_based,Need-based,,0.0,24.5,,135,27.0,17,17.0,39,22,24.5,8,0,170,20,0,0,0,0,0,0,permanent_bilateral_3pass,Permanent bilateral 3-pass,0.1896296296296296
,500084,cooperative,Cooperative,,0.0,26.049999999999997,,142,28.4,19,21.0,40,21,26.049999999999997,8,0,225,20,0,0,0,0,0,0,permanent_bilateral_3pass,Permanent bilateral 3-pass,0.15211267605633805
,500084,hoarding,Hoarding,,0.0,12.75,,75,15.0,6,6.0,30,24,12.75,8,0,54,20,0,0,0,0,0,0,permanent_bilateral_3pass,Permanent bilateral 3-pass,0.3413333333333335
,500084,mixed,Mixed,,0.0,18.450000000000003,,108,21.6,9,15.0,30,21,18.450000000000003,8,0,119,20,0,0,0,0,0,0,permanent_bilateral_3pass,Permanent bilateral 3-pass,0.1703703703703705
,500084,need_based_to_competitive,Need-based → competitive,10.0,0.0,16.700000000000003,,93,18.6,11,12.5,30,19,16.700000000000003,8,0,112,20,0,0,0,0,0,0,permanent_bilateral_3pass,Permanent bilateral 3-pass,0.2064516129032259
,500084,cooperative_to_hoarding,Cooperative → hoarding,10.0,0.0,19.4,,111,22.2,11,12.5,36,25,19.4,8,0,138,20,0,0,0,0,0,0,permanent_bilateral_3pass,Permanent bilateral 3-pass,0.24864864864864877
,500085,need_based,Need-based,,0.0,24.65,,146,29.2,11,17.5,52,41,24.65,8,0,206,20,0,0,0,0,0,0,permanent_bilateral_3pass,Permanent bilateral 3-pass,0.24383561643835616
,500085,cooperative,Cooperative,,0.0,24.65,,136,27.2,17,17.0,44,27,24.65,8,0,200,20,0,0,0,0,0,0,permanent_bilateral_3pass,Permanent bilateral 3-pass,0.2147058823529413
,500085,hoarding,Hoarding,,0.0,14.149999999999999,,91,18.2,2,4.0,47,45,14.149999999999999,8,0,73,20,0,0,0,0,0,0,permanent_bilateral_3pass,Permanent bilateral 3-pass,0.46593406593406606
,500085,mixed,Mixed,,0.0,20.549999999999997,,132,26.4,3,12.5,38,35,20.549999999999997,8,0,112,20,0,0,0,0,0,0,permanent_bilateral_3pass,Permanent bilateral 3-pass,0.25454545454545463
,500085,need_based_to_competitive,Need-based → competitive,10.0,0.0,20.85,,124,24.8,9,9.0,50,41,20.85,8,0,132,20,0,0,0,0,0,0,permanent_bilateral_3pass,Permanent bilateral 3-pass,0.3354838709677419
,500085,cooperative_to_hoarding,Cooperative → hoarding,10.0,0.0,15.149999999999999,,96,19.2,3,4.5,37,34,15.149999999999999,8,0,132,20,0,0,0,0,0,0,permanent_bilateral_3pass,Permanent bilateral 3-pass,0.375
,500086,need_based,Need-based,,0.0,21.5,,125,25.0,11,14.0,38,27,21.5,8,0,116,20,0,0,0,0,0,0,permanent_bilateral_3pass,Permanent bilateral 3-pass,0.22720000000000007
,500086,cooperative,Cooperative,,0.0,22.9,,131,26.2,13,15.0,49,36,22.9,8,0,220,20,0,0,0,0,0,0,permanent_bilateral_3pass,Permanent bilateral 3-pass,0.2595419847328244
,500086,hoarding,Hoarding,,0.0,11.100000000000001,,69,13.8,3,5.5,30,27,11.100000000000001,8,0,41,20,0,0,0,0,0,0,permanent_bilateral_3pass,Permanent bilateral 3-pass,0.34782608695652173
,500086,mixed,Mixed,,0.0,12.8,,77,15.4,5,5.5,29,24,12.8,8,0,80,20,0,0,0,0,0,0,permanent_bilateral_3pass,Permanent bilateral 3-pass,0.3220779220779222
,500086,need_based_to_competitive,Need-based → competitive,10.0,0.0,15.75,,90,18.0,9,11.0,37,28,15.75,8,0,77,20,0,0,0,0,0,0,permanent_bilateral_3pass,Permanent bilateral 3-pass,0.2666666666666666
,500086,cooperative_to_hoarding,Cooperative → hoarding,10.0,0.0,18.799999999999997,,112,22.4,8,11.0,41,33,18.799999999999997,8,0,181,20,0,0,0,0,0,0,permanent_bilateral_3pass,Permanent bilateral 3-pass,0.2928571428571429
,500087,need_based,Need-based,,0.0,17.700000000000003,,113,22.6,3,9.5,36,33,17.700000000000003,8,0,91,20,0,0,0,0,0,0,permanent_bilateral_3pass,Permanent bilateral 3-pass,0.3044247787610619
,500087,cooperative,Cooperative,,0.0,21.6,,134,26.8,6,15.5,38,32,21.6,8,0,254,20,0,0,0,0,0,0,permanent_bilateral_3pass,Permanent bilateral 3-pass,0.22985074626865676
,500087,hoarding,Hoarding,,0.0,12.950000000000001,,83,16.6,2,6.5,34,32,12.950000000000001,8,0,78,20,0,0,0,0,0,0,permanent_bilateral_3pass,Permanent bilateral 3-pass,0.34698795180722897
,500087,mixed,Mixed,,0.0,13.799999999999999,,87,17.4,3,8.0,28,25,13.799999999999999,8,0,119,20,0,0,0,0,0,0,permanent_bilateral_3pass,Permanent bilateral 3-pass,0.28505747126436787
,500087,need_based_to_competitive,Need-based → competitive,10.0,0.0,14.850000000000001,,94,18.8,3,8.5,42,39,14.850000000000001,8,0,65,20,0,0,0,0,0,0,permanent_bilateral_3pass,Permanent bilateral 3-pass,0.348936170212766
,500087,cooperative_to_hoarding,Cooperative → hoarding,10.0,0.0,15.149999999999999,,91,18.2,6,9.5,36,30,15.149999999999999,8,0,169,20,0,0,0,0,0,0,permanent_bilateral_3pass,Permanent bilateral 3-pass,0.30329670329670333
,500088,need_based,Need-based,,0.0,34.05,,177,35.4,30,31.5,41,11,34.05,8,0,215,20,0,0,0,0,0,0,permanent_bilateral_3pass,Permanent bilateral 3-pass,0.06101694915254252
,500088,cooperative,Cooperative,,0.0,29.700000000000003,,153,30.6,27,28.5,33,6,29.700000000000003,8,0,234,20,0,0,0,0,0,0,permanent_bilateral_3pass,Permanent bilateral 3-pass,0.03921568627450989
,500088,hoarding,Hoarding,,0.0,15.700000000000001,,103,20.6,1,8.0,43,42,15.700000000000001,8,0,74,20,0,0,0,0,0,0,permanent_bilateral_3pass,Permanent bilateral 3-pass,0.3650485436893205
,500088,mixed,Mixed,,0.0,14.100000000000001,,89,17.8,3,6.0,38,35,14.100000000000001,8,0,121,20,0,0,0,0,0,0,permanent_bilateral_3pass,Permanent bilateral 3-pass,0.37303370786516865
,500088,need_based_to_competitive,Need-based → competitive,10.0,0.0,25.0,,130,26.0,22,22.0,33,11,25.0,8,0,123,20,0,0,0,0,0,0,permanent_bilateral_3pass,Permanent bilateral 3-pass,0.08307692307692305
,500088,cooperative_to_hoarding,Cooperative → hoarding,10.0,0.0,27.700000000000003,,153,30.6,19,22.0,42,23,27.700000000000003,8,0,183,20,0,0,0,0,0,0,permanent_bilateral_3pass,Permanent bilateral 3-pass,0.1516339869281047
,500089,need_based,Need-based,,0.0,20.0,,110,22.0,14,15.5,34,20,20.0,8,0,145,20,0,0,0,0,0,0,permanent_bilateral_3pass,Permanent bilateral 3-pass,0.17454545454545456
,500089,cooperative,Cooperative,,0.0,23.75,,135,27.0,14,20.5,33,19,23.75,8,0,262,20,0,0,0,0,0,0,permanent_bilateral_3pass,Permanent bilateral 3-pass,0.12444444444444458
,500089,hoarding,Hoarding,,0.0,13.5,,80,16.0,6,6.0,37,31,13.5,8,0,57,20,0,0,0,0,0,0,permanent_bilateral_3pass,Permanent bilateral 3-pass,0.3900000000000001
,500089,mixed,Mixed,,0.0,21.35,,119,23.8,14,16.5,34,20,21.35,8,0,133,20,0,0,0,0,0,0,permanent_bilateral_3pass,Permanent bilateral 3-pass,0.16134453781512614
,500089,need_based_to_competitive,Need-based → competitive,10.0,0.0,21.0,,120,24.0,12,16.0,37,25,21.0,8,0,121,20,0,0,0,0,0,0,permanent_bilateral_3pass,Permanent bilateral 3-pass,0.19333333333333336
,500089,cooperative_to_hoarding,Cooperative → hoarding,10.0,0.0,16.200000000000003,,98,19.6,6,10.0,31,25,16.200000000000003,8,0,126,20,0,0,0,0,0,0,permanent_bilateral_3pass,Permanent bilateral 3-pass,0.26938775510204094
,500090,need_based,Need-based,,0.0,26.700000000000003,,158,31.6,12,21.0,44,32,26.700000000000003,8,0,153,20,0,0,0,0,0,0,permanent_bilateral_3pass,Permanent bilateral 3-pass,0.19240506329113938
,500090,cooperative,Cooperative,,0.0,25.4,,146,29.2,14,18.0,53,39,25.4,8,0,232,20,0,0,0,0,0,0,permanent_bilateral_3pass,Permanent bilateral 3-pass,0.24931506849315066
,500090,hoarding,Hoarding,,0.0,20.4,,121,24.2,9,13.0,46,37,20.4,8,0,78,20,0,0,0,0,0,0,permanent_bilateral_3pass,Permanent bilateral 3-pass,0.28760330578512394
,500090,mixed,Mixed,,0.0,24.4,,131,26.2,19,19.0,41,22,24.4,8,0,160,20,0,0,0,0,0,0,permanent_bilateral_3pass,Permanent bilateral 3-pass,0.16793893129770998
,500090,need_based_to_competitive,Need-based → competitive,10.0,0.0,24.5,,145,29.0,11,15.0,43,32,24.5,8,0,108,20,0,0,0,0,0,0,permanent_bilateral_3pass,Permanent bilateral 3-pass,0.23172413793103463
,500090,cooperative_to_hoarding,Cooperative → hoarding,10.0,0.0,23.0,,130,26.0,14,15.5,39,25,23.0,8,0,153,20,0,0,0,0,0,0,permanent_bilateral_3pass,Permanent bilateral 3-pass,0.20923076923076933
,500091,need_based,Need-based,,0.0,19.200000000000003,,113,22.6,9,10.0,46,37,19.200000000000003,8,0,151,20,0,0,0,0,0,0,permanent_bilateral_3pass,Permanent bilateral 3-pass,0.3292035398230089
,500091,cooperative,Cooperative,,0.0,18.65,,106,21.2,11,14.0,39,28,18.65,8,0,195,20,0,0,0,0,0,0,permanent_bilateral_3pass,Permanent bilateral 3-pass,0.23018867924528297
,500091,hoarding,Hoarding,,0.0,15.600000000000001,,89,17.8,9,10.0,44,35,15.600000000000001,8,0,80,20,0,0,0,0,0,0,permanent_bilateral_3pass,Permanent bilateral 3-pass,0.32808988764044944
,500091,mixed,Mixed,,0.0,24.35,,139,27.8,14,16.5,49,35,24.35,8,0,150,20,0,0,0,0,0,0,permanent_bilateral_3pass,Permanent bilateral 3-pass,0.23309352517985626
,500091,need_based_to_competitive,Need-based → competitive,10.0,0.0,18.15,,111,22.2,6,10.0,41,35,18.15,8,0,108,20,0,0,0,0,0,0,permanent_bilateral_3pass,Permanent bilateral 3-pass,0.3315315315315315
,500091,cooperative_to_hoarding,Cooperative → hoarding,10.0,0.0,18.200000000000003,,103,20.6,11,11.0,37,26,18.200000000000003,8,0,155,20,0,0,0,0,0,0,permanent_bilateral_3pass,Permanent bilateral 3-pass,0.2757281553398059
,500092,need_based,Need-based,,0.0,19.049999999999997,,112,22.4,9,11.5,36,27,19.049999999999997,8,0,130,20,0,0,0,0,0,0,permanent_bilateral_3pass,Permanent bilateral 3-pass,0.25357142857142856
,500092,cooperative,Cooperative,,0.0,17.1,,99,19.8,9,11.5,34,25,17.1,8,0,211,20,0,0,0,0,0,0,permanent_bilateral_3pass,Permanent bilateral 3-pass,0.2343434343434343
,500092,hoarding,Hoarding,,0.0,15.75,,90,18.0,9,11.5,33,24,15.75,8,0,79,20,0,0,0,0,0,0,permanent_bilateral_3pass,Permanent bilateral 3-pass,0.23555555555555552
,500092,mixed,Mixed,,0.0,21.15,,126,25.2,9,15.5,33,24,21.15,8,0,110,20,0,0,0,0,0,0,permanent_bilateral_3pass,Permanent bilateral 3-pass,0.18412698412698414
,500092,need_based_to_competitive,Need-based → competitive,10.0,0.0,21.9,,131,26.2,9,16.0,41,32,21.9,8,0,115,20,0,0,0,0,0,0,permanent_bilateral_3pass,Permanent bilateral 3-pass,0.21679389312977104
,500092,cooperative_to_hoarding,Cooperative → hoarding,10.0,0.0,17.1,,99,19.8,9,13.0,29,20,17.1,8,0,141,20,0,0,0,0,0,0,permanent_bilateral_3pass,Permanent bilateral 3-pass,0.18181818181818188
,500093,need_based,Need-based,,0.0,25.65,,146,29.2,15,17.0,39,24,25.65,8,0,140,20,0,0,0,0,0,0,permanent_bilateral_3pass,Permanent bilateral 3-pass,0.18356164383561646
,500093,cooperative,Cooperative,,0.0,22.65,,141,28.2,6,10.0,63,57,22.65,8,0,227,20,0,0,0,0,0,0,permanent_bilateral_3pass,Permanent bilateral 3-pass,0.3914893617021278
,500093,hoarding,Hoarding,,0.0,16.65,,101,20.2,6,7.5,36,30,16.65,8,0,65,20,0,0,0,0,0,0,permanent_bilateral_3pass,Permanent bilateral 3-pass,0.32079207920792085
,500093,mixed,Mixed,,0.0,18.15,,111,22.2,6,11.5,36,30,18.15,8,0,126,20,0,0,0,0,0,0,permanent_bilateral_3pass,Permanent bilateral 3-pass,0.26306306306306304
,500093,need_based_to_competitive,Need-based → competitive,10.0,0.0,27.85,,149,29.8,22,23.5,39,17,27.85,8,0,100,20,0,0,0,0,0,0,permanent_bilateral_3pass,Permanent bilateral 3-pass,0.11812080536912761
,500093,cooperative_to_hoarding,Cooperative → hoarding,10.0,0.0,19.5,,120,24.0,6,10.0,52,46,19.5,8,0,141,20,0,0,0,0,0,0,permanent_bilateral_3pass,Permanent bilateral 3-pass,0.3733333333333333
,500094,need_based,Need-based,,0.0,21.299999999999997,,132,26.4,6,10.0,41,35,21.299999999999997,8,0,192,20,0,0,0,0,0,0,permanent_bilateral_3pass,Permanent bilateral 3-pass,0.2848484848484849
,500094,cooperative,Cooperative,,0.0,24.4,,136,27.2,16,17.5,35,19,24.4,8,0,229,20,0,0,0,0,0,0,permanent_bilateral_3pass,Permanent bilateral 3-pass,0.15294117647058836
,500094,hoarding,Hoarding,,0.0,19.1,,104,20.8,14,14.0,34,20,19.1,8,0,109,20,0,0,0,0,0,0,permanent_bilateral_3pass,Permanent bilateral 3-pass,0.19615384615384612
,500094,mixed,Mixed,,0.0,21.299999999999997,,117,23.4,15,17.5,30,15,21.299999999999997,8,0,105,20,0,0,0,0,0,0,permanent_bilateral_3pass,Permanent bilateral 3-pass,0.1367521367521367
,500094,need_based_to_competitive,Need-based → competitive,10.0,0.0,19.65,,121,24.2,6,7.0,44,38,19.65,8,0,138,20,0,0,0,0,0,0,permanent_bilateral_3pass,Permanent bilateral 3-pass,0.3338842975206613
,500094,cooperative_to_hoarding,Cooperative → hoarding,10.0,0.0,25.25,,135,27.0,20,21.0,35,15,25.25,8,0,155,20,0,0,0,0,0,0,permanent_bilateral_3pass,Permanent bilateral 3-pass,0.12148148148148152
,500095,need_based,Need-based,,0.0,25.049999999999997,,152,30.4,9,17.5,49,40,25.049999999999997,8,0,177,20,0,0,0,0,0,0,permanent_bilateral_3pass,Permanent bilateral 3-pass,0.24210526315789482
,500095,cooperative,Cooperative,,0.0,16.950000000000003,,103,20.6,6,9.0,31,25,16.950000000000003,8,0,268,20,0,0,0,0,0,0,permanent_bilateral_3pass,Permanent bilateral 3-pass,0.26019417475728157
,500095,hoarding,Hoarding,,0.0,15.899999999999999,,91,18.2,9,10.5,33,24,15.899999999999999,8,0,69,20,0,0,0,0,0,0,permanent_bilateral_3pass,Permanent bilateral 3-pass,0.24615384615384617
,500095,mixed,Mixed,,0.0,16.049999999999997,,97,19.4,6,10.0,33,27,16.049999999999997,8,0,78,20,0,0,0,0,0,0,permanent_bilateral_3pass,Permanent bilateral 3-pass,0.268041237113402
,500095,need_based_to_competitive,Need-based → competitive,10.0,0.0,13.350000000000001,,79,15.8,6,8.5,33,27,13.350000000000001,8,0,87,20,0,0,0,0,0,0,permanent_bilateral_3pass,Permanent bilateral 3-pass,0.2987341772151899
,500095,cooperative_to_hoarding,Cooperative → hoarding,10.0,0.0,16.65,,91,18.2,12,12.0,36,24,16.65,8,0,143,20,0,0,0,0,0,0,permanent_bilateral_3pass,Permanent bilateral 3-pass,0.2417582417582418
,500096,need_based,Need-based,,0.0,30.049999999999997,,167,33.4,20,23.5,57,37,30.049999999999997,8,0,155,20,0,0,0,0,0,0,permanent_bilateral_3pass,Permanent bilateral 3-pass,0.19161676646706582
,500096,cooperative,Cooperative,,0.0,21.65,,136,27.2,5,11.0,45,40,21.65,8,0,218,20,0,0,0,0,0,0,permanent_bilateral_3pass,Permanent bilateral 3-pass,0.29117647058823537
,500096,hoarding,Hoarding,,0.0,19.65,,111,22.2,12,14.5,32,20,19.65,8,0,82,20,0,0,0,0,0,0,permanent_bilateral_3pass,Permanent bilateral 3-pass,0.19099099099099104
,500096,mixed,Mixed,,0.0,18.5,,105,21.0,11,11.5,45,34,18.5,8,0,92,20,0,0,0,0,0,0,permanent_bilateral_3pass,Permanent bilateral 3-pass,0.3009523809523811
,500096,need_based_to_competitive,Need-based → competitive,10.0,0.0,22.049999999999997,,127,25.4,12,12.5,44,32,22.049999999999997,8,0,112,20,0,0,0,0,0,0,permanent_bilateral_3pass,Permanent bilateral 3-pass,0.2645669291338584
,500096,cooperative_to_hoarding,Cooperative → hoarding,10.0,0.0,18.75,,115,23.0,6,6.5,44,38,18.75,8,0,171,20,0,0,0,0,0,0,permanent_bilateral_3pass,Permanent bilateral 3-pass,0.35478260869565226
,500097,need_based,Need-based,,0.0,25.15,,136,27.2,19,20.5,43,24,25.15,8,0,149,20,0,0,0,0,0,0,permanent_bilateral_3pass,Permanent bilateral 3-pass,0.16470588235294126
,500097,cooperative,Cooperative,,0.0,20.9,,116,23.2,14,15.5,49,35,20.9,8,0,181,20,0,0,0,0,0,0,permanent_bilateral_3pass,Permanent bilateral 3-pass,0.24827586206896557
,500097,hoarding,Hoarding,,0.0,7.949999999999999,,48,9.6,3,4.5,17,14,7.949999999999999,8,0,72,20,0,0,0,0,0,0,permanent_bilateral_3pass,Permanent bilateral 3-pass,0.30000000000000004
,500097,mixed,Mixed,,0.0,16.200000000000003,,98,19.6,6,10.0,39,33,16.200000000000003,8,0,139,20,0,0,0,0,0,0,permanent_bilateral_3pass,Permanent bilateral 3-pass,0.3142857142857143
,500097,need_based_to_competitive,Need-based → competitive,10.0,0.0,20.799999999999997,,112,22.4,16,16.5,30,14,20.799999999999997,8,0,116,20,0,0,0,0,0,0,permanent_bilateral_3pass,Permanent bilateral 3-pass,0.12857142857142856
,500097,cooperative_to_hoarding,Cooperative → hoarding,10.0,0.0,16.35,,99,19.8,6,10.0,40,34,16.35,8,0,128,20,0,0,0,0,0,0,permanent_bilateral_3pass,Permanent bilateral 3-pass,0.31919191919191925
,500098,need_based,Need-based,,0.0,14.899999999999999,,81,16.2,11,12.5,19,8,14.899999999999999,8,0,150,20,0,0,0,0,0,0,permanent_bilateral_3pass,Permanent bilateral 3-pass,0.10370370370370385
,500098,cooperative,Cooperative,,0.0,16.799999999999997,,102,20.4,6,10.0,33,27,16.799999999999997,8,0,297,20,0,0,0,0,0,0,permanent_bilateral_3pass,Permanent bilateral 3-pass,0.27450980392156876
,500098,hoarding,Hoarding,,0.0,18.35,,99,19.8,14,16.5,23,9,18.35,8,0,83,20,0,0,0,0,0,0,permanent_bilateral_3pass,Permanent bilateral 3-pass,0.08888888888888902
,500098,mixed,Mixed,,0.0,20.9,,116,23.2,14,15.5,47,33,20.9,8,0,121,20,0,0,0,0,0,0,permanent_bilateral_3pass,Permanent bilateral 3-pass,0.23448275862068968
,500098,need_based_to_competitive,Need-based → competitive,10.0,0.0,12.75,,75,15.0,6,9.0,25,19,12.75,8,0,101,20,0,0,0,0,0,0,permanent_bilateral_3pass,Permanent bilateral 3-pass,0.2293333333333334
,500098,cooperative_to_hoarding,Cooperative → hoarding,10.0,0.0,14.549999999999999,,82,16.4,9,10.0,28,19,14.549999999999999,8,0,180,20,0,0,0,0,0,0,permanent_bilateral_3pass,Permanent bilateral 3-pass,0.23902439024390243
,500099,need_based,Need-based,,0.0,24.65,,146,29.2,11,14.0,50,39,24.65,8,0,143,20,0,0,0,0,0,0,permanent_bilateral_3pass,Permanent bilateral 3-pass,0.263013698630137
,500099,cooperative,Cooperative,,0.0,19.950000000000003,,118,23.6,9,14.0,36,27,19.950000000000003,8,0,248,20,0,0,0,0,0,0,permanent_bilateral_3pass,Permanent bilateral 3-pass,0.216949152542373
,500099,hoarding,Hoarding,,0.0,14.549999999999999,,92,18.4,3,7.5,41,38,14.549999999999999,8,0,71,20,0,0,0,0,0,0,permanent_bilateral_3pass,Permanent bilateral 3-pass,0.37391304347826093
,500099,mixed,Mixed,,0.0,20.700000000000003,,123,24.6,9,15.5,33,24,20.700000000000003,8,0,91,20,0,0,0,0,0,0,permanent_bilateral_3pass,Permanent bilateral 3-pass,0.1821138211382114
,500099,need_based_to_competitive,Need-based → competitive,10.0,0.0,23.0,,130,26.0,14,15.5,38,24,23.0,8,0,124,20,0,0,0,0,0,0,permanent_bilateral_3pass,Permanent bilateral 3-pass,0.1907692307692308
,500099,cooperative_to_hoarding,Cooperative → hoarding,10.0,0.0,18.0,,105,21.0,9,14.5,27,18,18.0,8,0,153,20,0,0,0,0,0,0,permanent_bilateral_3pass,Permanent bilateral 3-pass,0.1561904761904762
,500000,need_based,Need-based,,0.0,21.950000000000003,,123,24.6,14,18.0,35,21,21.950000000000003,1,27,137,10,3,0,5,0,0,2,random_feasible,Uniform random feasible,0.15284552845528454
,500000,cooperative,Cooperative,,0.0,18.049999999999997,,97,19.4,14,14.0,30,16,18.049999999999997,2,26,165,12,3,0,3,0,1,1,random_feasible,Uniform random feasible,0.1649484536082475
,500000,hoarding,Hoarding,,0.0,15.0,,95,19.0,3,10.0,33,30,15.0,2,26,73,9,6,0,3,0,0,2,random_feasible,Uniform random feasible,0.2863157894736843
,500000,mixed,Mixed,,0.0,17.549999999999997,,107,21.4,6,14.0,27,21,17.549999999999997,3,25,103,11,6,0,1,0,1,1,random_feasible,Uniform random feasible,0.17570093457943936
,500000,need_based_to_competitive,Need-based → competitive,10.0,0.0,17.85,,104,20.8,9,12.0,36,27,17.85,3,25,102,10,4,0,4,0,0,2,random_feasible,Uniform random feasible,0.25384615384615383
,500000,cooperative_to_hoarding,Cooperative → hoarding,10.0,0.0,15.0,,85,17.0,9,10.0,31,22,15.0,1,27,112,11,4,0,3,0,1,1,random_feasible,Uniform random feasible,0.24941176470588244
,500001,need_based,Need-based,,0.0,26.25,,145,29.0,18,18.5,41,23,26.25,1,27,139,10,2,0,5,2,1,0,random_feasible,Uniform random feasible,0.17655172413793108
,500001,cooperative,Cooperative,,0.0,23.6,,134,26.8,14,19.0,36,22,23.6,4,24,162,11,3,0,3,2,1,0,random_feasible,Uniform random feasible,0.14925373134328357
,500001,hoarding,Hoarding,,0.0,23.450000000000003,,133,26.6,14,17.5,44,30,23.450000000000003,3,25,94,11,3,0,2,2,2,0,random_feasible,Uniform random feasible,0.2075187969924812
,500001,mixed,Mixed,,0.0,19.65,,116,23.2,9,15.5,33,24,19.65,3,25,106,11,3,0,2,2,2,0,random_feasible,Uniform random feasible,0.193103448275862
,500001,need_based_to_competitive,Need-based → competitive,10.0,0.0,25.35,,139,27.8,18,18.0,41,23,25.35,1,27,112,10,2,0,5,2,1,0,random_feasible,Uniform random feasible,0.17266187050359716
,500001,cooperative_to_hoarding,Cooperative → hoarding,10.0,0.0,20.15,,116,23.2,11,16.5,36,25,20.15,4,24,118,11,3,0,3,2,1,0,random_feasible,Uniform random feasible,0.1827586206896552
,500002,need_based,Need-based,,0.0,21.049999999999997,,122,24.4,11,15.0,34,23,21.049999999999997,4,24,116,12,3,0,2,1,1,1,random_feasible,Uniform random feasible,0.18688524590163946
,500002,cooperative,Cooperative,,0.0,20.85,,129,25.8,6,8.5,52,46,20.85,1,27,196,12,3,1,1,0,2,1,random_feasible,Uniform random feasible,0.344186046511628
,500002,hoarding,Hoarding,,0.0,18.200000000000003,,98,19.6,14,14.0,36,22,18.200000000000003,3,25,64,10,4,2,1,1,1,1,random_feasible,Uniform random feasible,0.19183673469387763
,500002,mixed,Mixed,,0.0,21.049999999999997,,117,23.4,14,14.0,34,20,21.049999999999997,1,27,142,12,3,1,1,0,2,1,random_feasible,Uniform random feasible,0.20170940170940166
,500002,need_based_to_competitive,Need-based → competitive,10.0,0.0,16.65,,101,20.2,6,8.5,35,29,16.65,4,24,109,12,3,0,2,1,1,1,random_feasible,Uniform random feasible,0.2930693069306931
,500002,cooperative_to_hoarding,Cooperative → hoarding,10.0,0.0,17.4,,101,20.2,9,13.0,33,24,17.4,3,25,90,12,2,1,2,0,2,1,random_feasible,Uniform random feasible,0.22178217821782176
,500003,need_based,Need-based,,0.0,21.200000000000003,,128,25.6,8,14.0,43,35,21.200000000000003,3,25,121,11,2,0,4,2,1,0,random_feasible,Uniform random feasible,0.25
,500003,cooperative,Cooperative,,0.0,18.299999999999997,,112,22.4,6,7.5,37,31,18.299999999999997,1,27,192,11,2,0,4,2,1,0,random_feasible,Uniform random feasible,0.2964285714285715
,500003,hoarding,Hoarding,,0.0,14.399999999999999,,86,17.2,6,8.0,36,30,14.399999999999999,3,25,50,11,2,0,4,2,1,0,random_feasible,Uniform random feasible,0.33488372093023266
,500003,mixed,Mixed,,0.0,18.450000000000003,,113,22.6,6,7.5,44,38,18.450000000000003,2,26,94,11,2,0,4,2,1,0,random_feasible,Uniform random feasible,0.3433628318584072
,500003,need_based_to_competitive,Need-based → competitive,10.0,0.0,17.75,,115,23.0,2,8.0,41,39,17.75,3,25,101,11,3,0,4,1,1,0,random_feasible,Uniform random feasible,0.3269565217391306
,500003,cooperative_to_hoarding,Cooperative → hoarding,10.0,0.0,12.600000000000001,,79,15.8,3,6.0,30,27,12.600000000000001,2,26,129,11,3,0,4,1,1,0,random_feasible,Uniform random feasible,0.3291139240506329
,500004,need_based,Need-based,,0.0,16.200000000000003,,98,19.6,6,10.0,43,37,16.200000000000003,3,25,148,9,1,2,7,1,0,0,random_feasible,Uniform random feasible,0.31836734693877555
,500004,cooperative,Cooperative,,0.0,20.450000000000003,,118,23.6,11,11.0,46,35,20.450000000000003,3,25,210,12,3,1,3,1,0,0,random_feasible,Uniform random feasible,0.29491525423728815
,500004,hoarding,Hoarding,,0.0,18.75,,110,22.0,9,14.0,34,25,18.75,1,27,78,9,7,1,1,2,0,0,random_feasible,Uniform random feasible,0.2145454545454546
,500004,mixed,Mixed,,0.0,17.0,,105,21.0,5,5.5,39,34,17.0,3,25,120,11,2,2,4,1,0,0,random_feasible,Uniform random feasible,0.3504761904761906
,500004,need_based_to_competitive,Need-based → competitive,10.0,0.0,20.25,,115,23.0,12,14.5,46,34,20.25,2,26,127,11,1,2,4,2,0,0,random_feasible,Uniform random feasible,0.2539130434782608
,500004,cooperative_to_hoarding,Cooperative → hoarding,10.0,0.0,17.85,,109,21.8,6,6.0,52,46,17.85,3,25,112,11,3,1,4,1,0,0,random_feasible,Uniform random feasible,0.42935779816513775
,500005,need_based,Need-based,,0.0,15.299999999999999,,92,18.4,6,9.5,31,25,15.299999999999999,2,26,96,10,1,0,8,0,1,0,random_feasible,Uniform random feasible,0.25652173913043486
,500005,cooperative,Cooperative,,0.0,16.35,,99,19.8,6,10.0,32,26,16.35,4,24,106,12,1,0,4,1,2,0,random_feasible,Uniform random feasible,0.25454545454545463
,500005,hoarding,Hoarding,,0.0,21.15,,126,25.2,9,15.5,41,32,21.15,2,26,52,12,1,0,3,1,3,0,random_feasible,Uniform random feasible,0.21904761904761916
,500005,mixed,Mixed,,0.0,20.450000000000003,,118,23.6,11,12.5,49,38,20.450000000000003,2,26,102,10,1,0,7,1,1,0,random_feasible,Uniform random feasible,0.3016949152542374
,500005,need_based_to_competitive,Need-based → competitive,10.0,0.0,13.799999999999999,,87,17.4,3,3.0,31,28,13.799999999999999,4,24,100,12,1,0,5,0,2,0,random_feasible,Uniform random feasible,0.35862068965517246
,500005,cooperative_to_hoarding,Cooperative → hoarding,10.0,0.0,14.100000000000001,,84,16.8,6,6.0,34,28,14.100000000000001,2,26,85,11,2,0,4,1,2,0,random_feasible,Uniform random feasible,0.34285714285714297
,500006,need_based,Need-based,,0.0,22.549999999999997,,132,26.4,11,18.0,38,27,22.549999999999997,3,25,232,12,2,2,3,0,1,0,random_feasible,Uniform random feasible,0.18787878787878798
,500006,cooperative,Cooperative,,0.0,21.200000000000003,,118,23.6,14,16.0,36,22,21.200000000000003,3,25,196,12,3,1,3,0,1,0,random_feasible,Uniform random feasible,0.1796610169491526
,500006,hoarding,Hoarding,,0.0,15.450000000000001,,88,17.6,9,10.5,27,18,15.450000000000001,3,25,67,10,1,3,4,0,1,1,random_feasible,Uniform random feasible,0.21363636363636362
,500006,mixed,Mixed,,0.0,20.299999999999997,,112,22.4,14,15.5,33,19,20.299999999999997,3,25,107,11,6,1,1,0,0,1,random_feasible,Uniform random feasible,0.17500000000000004
,500006,need_based_to_competitive,Need-based → competitive,10.0,0.0,17.4,,106,21.2,6,11.5,33,27,17.4,4,24,92,11,3,3,2,0,1,0,random_feasible,Uniform random feasible,0.24528301886792447
,500006,cooperative_to_hoarding,Cooperative → hoarding,10.0,0.0,16.35,,99,19.8,6,7.5,45,39,16.35,3,25,110,12,3,1,3,0,1,0,random_feasible,Uniform random feasible,0.40000000000000013
,500007,need_based,Need-based,,0.0,24.35,,139,27.8,14,18.0,48,34,24.35,4,24,223,13,2,3,1,1,0,0,random_feasible,Uniform random feasible,0.21870503597122304
,500007,cooperative,Cooperative,,0.0,18.0,,110,22.0,6,10.0,44,38,18.0,3,25,224,12,4,3,0,1,0,0,random_feasible,Uniform random feasible,0.3090909090909091
,500007,hoarding,Hoarding,,0.0,16.35,,94,18.8,9,10.5,31,22,16.35,2,26,48,10,2,4,2,2,0,0,random_feasible,Uniform random feasible,0.24255319148936172
,500007,mixed,Mixed,,0.0,18.299999999999997,,107,21.4,9,9.0,42,33,18.299999999999997,3,25,156,12,1,5,1,1,0,0,random_feasible,Uniform random feasible,0.3252336448598132
,500007,need_based_to_competitive,Need-based → competitive,10.0,0.0,17.1,,99,19.8,9,10.0,37,28,17.1,4,24,124,12,2,4,1,1,0,0,random_feasible,Uniform random feasible,0.2828282828282829
,500007,cooperative_to_hoarding,Cooperative → hoarding,10.0,0.0,20.9,,116,23.2,14,16.0,39,25,20.9,4,24,148,12,4,3,0,1,0,0,random_feasible,Uniform random feasible,0.1965517241379311
,500008,need_based,Need-based,,0.0,20.6,,119,23.8,11,12.5,34,23,20.6,1,27,169,11,3,1,3,0,2,0,random_feasible,Uniform random feasible,0.2184873949579833
,500008,cooperative,Cooperative,,0.0,20.65,,121,24.2,10,12.0,49,39,20.65,3,25,234,12,2,1,3,0,2,0,random_feasible,Uniform random feasible,0.3041322314049588
,500008,hoarding,Hoarding,,0.0,18.950000000000003,,103,20.6,14,14.0,39,25,18.950000000000003,3,25,47,12,2,1,1,1,3,0,random_feasible,Uniform random feasible,0.21359223300970887
,500008,mixed,Mixed,,0.0,20.4,,121,24.2,9,14.0,41,32,20.4,1,27,115,12,2,1,2,1,2,0,random_feasible,Uniform random feasible,0.24793388429752072
,500008,need_based_to_competitive,Need-based → competitive,10.0,0.0,19.35,,114,22.8,9,11.5,39,30,19.35,3,25,87,12,2,1,1,1,3,0,random_feasible,Uniform random feasible,0.2666666666666666
,500008,cooperative_to_hoarding,Cooperative → hoarding,10.0,0.0,22.85,,129,25.8,14,18.0,42,28,22.85,3,25,147,12,2,1,2,1,2,0,random_feasible,Uniform random feasible,0.1953488372093024
,500009,need_based,Need-based,,0.0,27.4,,151,30.2,19,20.5,49,30,27.4,1,27,275,12,1,2,4,0,1,0,random_feasible,Uniform random feasible,0.19337748344370875
,500009,cooperative,Cooperative,,0.0,21.9,,131,26.2,9,14.0,38,29,21.9,3,25,171,11,2,1,5,0,0,1,random_feasible,Uniform random feasible,0.22595419847328246
,500009,hoarding,Hoarding,,0.0,17.450000000000003,,98,19.6,11,11.0,33,22,17.450000000000003,2,26,106,10,3,1,5,0,0,1,random_feasible,Uniform random feasible,0.23673469387755097
,500009,mixed,Mixed,,0.0,20.9,,116,23.2,14,16.5,42,28,20.9,2,26,141,11,2,1,5,0,0,1,random_feasible,Uniform random feasible,0.20344827586206904
,500009,need_based_to_competitive,Need-based → competitive,10.0,0.0,18.450000000000003,,113,22.6,6,10.0,35,29,18.450000000000003,3,25,134,12,1,2,4,0,1,0,random_feasible,Uniform random feasible,0.27256637168141595
,500009,cooperative_to_hoarding,Cooperative → hoarding,10.0,0.0,18.65,,106,21.2,11,11.0,35,24,18.65,2,26,106,11,2,1,5,0,0,1,random_feasible,Uniform random feasible,0.2415094339622641
,500010,need_based,Need-based,,0.0,28.15,,151,30.2,22,26.0,35,13,28.15,4,24,187,13,1,2,1,3,0,0,random_feasible,Uniform random feasible,0.07682119205298021
,500010,cooperative,Cooperative,,0.0,28.5,,160,32.0,18,20.0,49,31,28.5,3,25,201,13,2,1,1,3,0,0,random_feasible,Uniform random feasible,0.21500000000000008
,500010,hoarding,Hoarding,,0.0,15.600000000000001,,94,18.8,6,6.0,30,24,15.600000000000001,2,26,60,12,1,2,0,3,2,0,random_feasible,Uniform random feasible,0.30638297872340425
,500010,mixed,Mixed,,0.0,22.1,,129,25.8,11,16.0,36,25,22.1,5,23,125,13,2,1,1,2,1,0,random_feasible,Uniform random feasible,0.19224806201550382
,500010,need_based_to_competitive,Need-based → competitive,10.0,0.0,19.700000000000003,,103,20.6,17,18.0,26,9,19.700000000000003,4,24,122,13,1,2,1,3,0,0,random_feasible,Uniform random feasible,0.08155339805825257
,500010,cooperative_to_hoarding,Cooperative → hoarding,10.0,0.0,26.549999999999997,,152,30.4,15,17.0,46,31,26.549999999999997,3,25,138,13,2,1,1,3,0,0,random_feasible,Uniform random feasible,0.23421052631578942
,500011,need_based,Need-based,,0.0,27.1,,149,29.8,19,20.5,45,26,27.1,2,26,136,10,5,0,4,1,0,0,random_feasible,Uniform random feasible,0.17718120805369142
,500011,cooperative,Cooperative,,0.0,20.4,,131,26.2,3,12.5,49,46,20.4,2,26,149,11,3,0,5,1,0,0,random_feasible,Uniform random feasible,0.30534351145038174
,500011,hoarding,Hoarding,,0.0,27.4,,146,29.2,22,23.5,38,16,27.4,2,26,86,8,7,0,4,1,0,0,random_feasible,Uniform random feasible,0.1095890410958904
,500011,mixed,Mixed,,0.0,20.9,,111,22.2,17,18.5,30,13,20.9,2,26,96,11,4,0,4,1,0,0,random_feasible,Uniform random feasible,0.10090090090090098
,500011,need_based_to_competitive,Need-based → competitive,10.0,0.0,24.049999999999997,,137,27.4,14,18.0,41,27,24.049999999999997,2,26,119,10,5,0,4,1,0,0,random_feasible,Uniform random feasible,0.1897810218978102
,500011,cooperative_to_hoarding,Cooperative → hoarding,10.0,0.0,20.9,,121,24.2,11,16.0,44,33,20.9,3,25,88,11,3,0,5,1,0,0,random_feasible,Uniform random feasible,0.22479338842975216
,500012,need_based,Need-based,,0.0,23.450000000000003,,133,26.6,14,19.5,38,24,23.450000000000003,3,25,129,12,4,0,2,1,0,1,random_feasible,Uniform random feasible,0.15639097744360897
,500012,cooperative,Cooperative,,0.0,24.65,,146,29.2,11,19.0,45,34,24.65,3,25,180,12,3,0,3,1,0,1,random_feasible,Uniform random feasible,0.2082191780821918
,500012,hoarding,Hoarding,,0.0,11.7,,73,14.6,3,5.5,25,22,11.7,3,25,53,12,2,0,3,2,0,1,random_feasible,Uniform random feasible,0.3232876712328767
,500012,mixed,Mixed,,0.0,23.450000000000003,,133,26.6,14,20.5,35,21,23.450000000000003,3,25,109,12,4,0,2,1,0,1,random_feasible,Uniform random feasible,0.1323308270676693
,500012,need_based_to_competitive,Need-based → competitive,10.0,0.0,16.049999999999997,,92,18.4,9,10.0,30,21,16.049999999999997,3,25,96,12,4,0,2,1,0,1,random_feasible,Uniform random feasible,0.23043478260869565
,500012,cooperative_to_hoarding,Cooperative → hoarding,10.0,0.0,19.5,,110,22.0,12,17.0,29,17,19.5,3,25,103,11,2,0,5,1,0,1,random_feasible,Uniform random feasible,0.13454545454545452
,500013,need_based,Need-based,,0.0,29.049999999999997,,157,31.4,22,24.5,41,19,29.049999999999997,4,24,261,12,0,2,5,1,0,0,random_feasible,Uniform random feasible,0.1146496815286624
,500013,cooperative,Cooperative,,0.0,25.549999999999997,,147,29.4,14,15.5,44,30,25.549999999999997,2,26,223,11,1,2,5,1,0,0,random_feasible,Uniform random feasible,0.2231292517006802
,500013,hoarding,Hoarding,,0.0,23.0,,130,26.0,14,19.5,41,27,23.0,3,25,85,11,2,1,4,2,0,0,random_feasible,Uniform random feasible,0.1661538461538461
,500013,mixed,Mixed,,0.0,20.1,,119,23.8,9,10.5,44,35,20.1,2,26,129,11,1,2,5,1,0,0,random_feasible,Uniform random feasible,0.29579831932773115
,500013,need_based_to_competitive,Need-based → competitive,10.0,0.0,18.15,,116,23.2,3,9.5,36,33,18.15,3,25,105,11,1,2,5,1,0,0,random_feasible,Uniform random feasible,0.28620689655172415
,500013,cooperative_to_hoarding,Cooperative → hoarding,10.0,0.0,20.700000000000003,,123,24.6,9,11.5,47,38,20.700000000000003,2,26,135,9,4,2,4,1,0,0,random_feasible,Uniform random feasible,0.3252032520325203
,500014,need_based,Need-based,,0.0,25.4,,141,28.2,17,21.0,42,25,25.4,2,26,153,11,2,1,5,0,1,0,random_feasible,Uniform random feasible,0.15602836879432624
,500014,cooperative,Cooperative,,0.0,20.450000000000003,,113,22.6,14,18.0,30,16,20.450000000000003,3,25,170,10,2,1,6,0,1,0,random_feasible,Uniform random feasible,0.12389380530973448
,500014,hoarding,Hoarding,,0.0,16.4,,91,18.2,11,14.0,22,11,16.4,2,26,71,10,4,1,4,0,1,0,random_feasible,Uniform random feasible,0.11428571428571432
,500014,mixed,Mixed,,0.0,21.35,,119,23.8,14,15.5,40,26,21.35,3,25,102,12,3,1,3,0,1,0,random_feasible,Uniform random feasible,0.21176470588235308
,500014,need_based_to_competitive,Need-based → competitive,10.0,0.0,19.35,,119,23.8,6,11.5,41,35,19.35,3,25,130,12,3,1,3,0,1,0,random_feasible,Uniform random feasible,0.2890756302521009
,500014,cooperative_to_hoarding,Cooperative → hoarding,10.0,0.0,17.0,,95,19.0,11,14.0,25,14,17.0,2,26,118,9,2,1,7,0,1,0,random_feasible,Uniform random feasible,0.1389473684210527
,500015,need_based,Need-based,,0.0,36.849999999999994,,189,37.8,34,35.0,42,8,36.849999999999994,3,25,268,12,4,2,1,1,0,0,random_feasible,Uniform random feasible,0.04444444444444451
,500015,cooperative,Cooperative,,0.0,17.1,,94,18.8,12,14.5,23,11,17.1,3,25,170,11,5,1,2,1,0,0,random_feasible,Uniform random feasible,0.11489361702127665
,500015,hoarding,Hoarding,,0.0,16.85,,104,20.8,5,5.5,41,36,16.85,3,25,61,10,4,2,3,1,0,0,random_feasible,Uniform random feasible,0.40384615384615397
,500015,mixed,Mixed,,0.0,18.9,,111,22.2,9,12.0,37,28,18.9,4,24,130,11,6,1,1,1,0,0,random_feasible,Uniform random feasible,0.2558558558558559
,500015,need_based_to_competitive,Need-based → competitive,10.0,0.0,30.299999999999997,,162,32.4,24,24.5,45,21,30.299999999999997,3,25,165,11,4,2,2,1,0,0,random_feasible,Uniform random feasible,0.1283950617283951
,500015,cooperative_to_hoarding,Cooperative → hoarding,10.0,0.0,15.5,,85,17.0,11,11.5,22,11,15.5,4,24,119,11,6,1,1,1,0,0,random_feasible,Uniform random feasible,0.14117647058823524
,500016,need_based,Need-based,,0.0,27.4,,146,29.2,22,22.0,45,23,27.4,3,25,160,10,5,0,5,0,0,0,random_feasible,Uniform random feasible,0.1479452054794521
,500016,cooperative,Cooperative,,0.0,26.450000000000003,,158,31.6,11,20.5,49,38,26.450000000000003,1,27,161,9,5,0,6,0,0,0,random_feasible,Uniform random feasible,0.2050632911392405
,500016,hoarding,Hoarding,,0.0,24.049999999999997,,132,26.4,17,18.5,41,24,24.049999999999997,2,26,74,9,3,1,6,1,0,0,random_feasible,Uniform random feasible,0.18484848484848482
,500016,mixed,Mixed,,0.0,18.9,,111,22.2,9,11.5,35,26,18.9,3,25,90,8,5,1,6,0,0,0,random_feasible,Uniform random feasible,0.24864864864864877
,500016,need_based_to_competitive,Need-based → competitive,10.0,0.0,21.950000000000003,,118,23.6,17,18.0,30,13,21.950000000000003,3,25,128,10,6,0,4,0,0,0,random_feasible,Uniform random feasible,0.11525423728813555
,500016,cooperative_to_hoarding,Cooperative → hoarding,10.0,0.0,24.65,,146,29.2,11,16.5,48,37,24.65,1,27,124,9,5,0,6,0,0,0,random_feasible,Uniform random feasible,0.24657534246575352
,500017,need_based,Need-based,,0.0,21.15,,121,24.2,12,12.5,36,24,21.15,1,27,242,11,1,1,6,0,1,0,random_feasible,Uniform random feasible,0.2148760330578512
,500017,cooperative,Cooperative,,0.0,21.85,,114,22.8,19,20.5,25,6,21.85,2,26,136,10,1,0,8,0,1,0,random_feasible,Uniform random feasible,0.05263157894736836
,500017,hoarding,Hoarding,,0.0,13.799999999999999,,82,16.4,6,6.0,36,30,13.799999999999999,3,25,55,11,1,1,6,0,1,0,random_feasible,Uniform random feasible,0.3707317073170733
,500017,mixed,Mixed,,0.0,18.200000000000003,,98,19.6,14,15.0,34,20,18.200000000000003,3,25,87,11,2,1,5,0,1,0,random_feasible,Uniform random feasible,0.1673469387755102
,500017,need_based_to_competitive,Need-based → competitive,10.0,0.0,14.25,,85,17.0,6,9.0,34,28,14.25,1,27,94,10,2,0,7,0,1,0,random_feasible,Uniform random feasible,0.29647058823529426
,500017,cooperative_to_hoarding,Cooperative → hoarding,10.0,0.0,19.549999999999997,,107,21.4,14,14.5,36,22,19.549999999999997,1,27,88,8,2,0,9,0,1,0,random_feasible,Uniform random feasible,0.1906542056074767
,500018,need_based,Need-based,,0.0,29.5,,160,32.0,22,25.5,41,19,29.5,2,26,152,12,3,0,0,5,0,0,random_feasible,Uniform random feasible,0.11749999999999994
,500018,cooperative,Cooperative,,0.0,22.1,,129,25.8,11,16.5,40,29,22.1,1,27,181,12,3,0,1,4,0,0,random_feasible,Uniform random feasible,0.20465116279069773
,500018,hoarding,Hoarding,,0.0,24.200000000000003,,138,27.6,14,21.0,35,21,24.200000000000003,2,26,101,10,4,0,3,3,0,0,random_feasible,Uniform random feasible,0.1304347826086958
,500018,mixed,Mixed,,0.0,17.0,,90,18.0,14,15.0,23,9,17.0,1,27,95,12,3,0,1,4,0,0,random_feasible,Uniform random feasible,0.09777777777777774
,500018,need_based_to_competitive,Need-based → competitive,10.0,0.0,19.200000000000003,,118,23.6,6,11.5,38,32,19.200000000000003,2,26,111,12,3,0,0,5,0,0,random_feasible,Uniform random feasible,0.2610169491525425
,500018,cooperative_to_hoarding,Cooperative → hoarding,10.0,0.0,16.35,,99,19.8,6,8.5,33,27,16.35,1,27,101,12,3,0,1,4,0,0,random_feasible,Uniform random feasible,0.303030303030303
,500019,need_based,Need-based,,0.0,22.25,,130,26.0,11,16.5,36,25,22.25,3,25,184,10,3,1,5,0,0,1,random_feasible,Uniform random feasible,0.1907692307692308
,500019,cooperative,Cooperative,,0.0,21.65,,126,25.2,11,15.0,49,38,21.65,1,27,177,10,3,1,5,0,0,1,random_feasible,Uniform random feasible,0.2603174603174603
,500019,hoarding,Hoarding,,0.0,10.649999999999999,,61,12.2,6,6.0,24,18,10.649999999999999,2,26,60,11,2,1,4,0,1,1,random_feasible,Uniform random feasible,0.2885245901639344
,500019,mixed,Mixed,,0.0,13.399999999999999,,71,14.2,11,11.0,22,11,13.399999999999999,1,27,90,10,3,1,5,0,0,1,random_feasible,Uniform random feasible,0.14647887323943665
,500019,need_based_to_competitive,Need-based → competitive,10.0,0.0,17.75,,100,20.0,11,14.0,27,16,17.75,1,27,82,9,2,1,6,0,1,1,random_feasible,Uniform random feasible,0.16000000000000014
,500019,cooperative_to_hoarding,Cooperative → hoarding,10.0,0.0,17.25,,110,22.0,3,7.0,41,38,17.25,3,25,115,10,3,1,5,0,0,1,random_feasible,Uniform random feasible,0.33818181818181814
,500020,need_based,Need-based,,0.0,18.6,,114,22.8,6,10.0,45,39,18.6,3,25,103,12,3,0,2,1,2,0,random_feasible,Uniform random feasible,0.3298245614035089
,500020,cooperative,Cooperative,,0.0,26.85,,144,28.8,21,23.0,39,18,26.85,3,25,182,12,3,0,2,1,2,0,random_feasible,Uniform random feasible,0.11388888888888893
,500020,hoarding,Hoarding,,0.0,15.450000000000001,,93,18.6,6,8.5,33,27,15.450000000000001,3,25,68,12,2,0,3,1,2,0,random_feasible,Uniform random feasible,0.28387096774193554
,500020,mixed,Mixed,,0.0,21.200000000000003,,118,23.6,14,14.5,39,25,21.200000000000003,1,27,126,11,4,0,2,1,2,0,random_feasible,Uniform random feasible,0.2033898305084747
,500020,need_based_to_competitive,Need-based → competitive,10.0,0.0,21.4,,116,23.2,16,16.5,36,20,21.4,1,27,105,10,5,0,3,1,1,0,random_feasible,Uniform random feasible,0.16551724137931045
,500020,cooperative_to_hoarding,Cooperative → hoarding,10.0,0.0,15.049999999999999,,92,18.4,5,8.5,36,31,15.049999999999999,3,25,103,12,3,0,2,1,2,0,random_feasible,Uniform random feasible,0.31304347826086953
,500021,need_based,Need-based,,0.0,17.700000000000003,,103,20.6,9,10.5,37,28,17.700000000000003,3,25,126,11,4,1,2,1,1,0,random_feasible,Uniform random feasible,0.2796116504854369
,500021,cooperative,Cooperative,,0.0,25.25,,145,29.0,14,16.5,43,29,25.25,1,27,223,11,5,1,1,1,1,0,random_feasible,Uniform random feasible,0.2068965517241379
,500021,hoarding,Hoarding,,0.0,21.049999999999997,,122,24.4,11,12.5,42,31,21.049999999999997,3,25,51,10,5,1,2,1,1,0,random_feasible,Uniform random feasible,0.2622950819672132
,500021,mixed,Mixed,,0.0,18.65,,106,21.2,11,13.5,27,16,18.65,3,25,129,11,5,0,2,1,1,0,random_feasible,Uniform random feasible,0.1622641509433962
,500021,need_based_to_competitive,Need-based → competitive,10.0,0.0,19.049999999999997,,117,23.4,6,10.0,35,29,19.049999999999997,2,26,118,11,4,1,2,1,1,0,random_feasible,Uniform random feasible,0.2598290598290598
,500021,cooperative_to_hoarding,Cooperative → hoarding,10.0,0.0,17.1,,104,20.8,6,10.0,39,33,17.1,1,27,125,11,4,1,2,1,1,0,random_feasible,Uniform random feasible,0.3076923076923077
,500022,need_based,Need-based,,0.0,14.399999999999999,,81,16.2,9,9.0,26,17,14.399999999999999,3,25,100,12,2,0,4,0,1,1,random_feasible,Uniform random feasible,0.24691358024691357
,500022,cooperative,Cooperative,,0.0,13.05,,77,15.4,6,7.5,28,22,13.05,3,25,154,13,1,0,3,0,2,1,random_feasible,Uniform random feasible,0.2961038961038962
,500022,hoarding,Hoarding,,0.0,16.35,,94,18.8,9,10.0,33,24,16.35,3,25,71,12,2,0,4,0,1,1,random_feasible,Uniform random feasible,0.27234042553191484
,500022,mixed,Mixed,,0.0,16.5,,95,19.0,9,14.0,25,16,16.5,3,25,83,11,1,0,6,0,1,1,random_feasible,Uniform random feasible,0.1473684210526316
,500022,need_based_to_competitive,Need-based → competitive,10.0,0.0,12.75,,70,14.0,9,9.0,26,17,12.75,2,26,69,11,3,0,4,0,1,1,random_feasible,Uniform random feasible,0.22285714285714286
,500022,cooperative_to_hoarding,Cooperative → hoarding,10.0,0.0,11.850000000000001,,69,13.8,6,9.0,23,17,11.850000000000001,3,25,104,13,1,0,3,0,2,1,random_feasible,Uniform random feasible,0.20869565217391317
,500023,need_based,Need-based,,0.0,32.400000000000006,,171,34.2,27,27.0,54,27,32.400000000000006,4,23,214,13,1,1,3,0,2,0,random_feasible,Uniform random feasible,0.1473684210526316
,500023,cooperative,Cooperative,,0.0,22.549999999999997,,132,26.4,11,12.5,52,41,22.549999999999997,1,26,207,11,3,1,3,0,2,0,random_feasible,Uniform random feasible,0.30606060606060614
,500023,hoarding,Hoarding,,0.0,16.799999999999997,,107,21.4,3,8.5,41,38,16.799999999999997,1,26,97,10,1,3,3,0,3,0,random_feasible,Uniform random feasible,0.3514018691588785
,500023,mixed,Mixed,,0.0,16.65,,101,20.2,6,10.0,33,27,16.65,1,26,156,12,1,2,3,0,2,0,random_feasible,Uniform random feasible,0.25742574257425743
,500023,need_based_to_competitive,Need-based → competitive,10.0,0.0,18.299999999999997,,112,22.4,6,11.5,34,28,18.299999999999997,3,24,85,11,1,3,3,0,2,0,random_feasible,Uniform random feasible,0.2571428571428571
,500023,cooperative_to_hoarding,Cooperative → hoarding,10.0,0.0,15.299999999999999,,97,19.4,3,6.0,44,41,15.299999999999999,1,26,124,10,2,2,3,0,3,0,random_feasible,Uniform random feasible,0.3876288659793814
,500024,need_based,Need-based,,0.0,22.950000000000003,,138,27.6,9,18.0,38,29,22.950000000000003,2,25,160,12,3,0,3,1,0,1,random_feasible,Uniform random feasible,0.18840579710144922
,500024,cooperative,Cooperative,,0.0,28.25,,165,33.0,14,23.5,45,31,28.25,1,26,201,12,2,0,4,1,0,1,random_feasible,Uniform random feasible,0.16242424242424236
,500024,hoarding,Hoarding,,0.0,12.600000000000001,,69,13.8,9,10.0,19,10,12.600000000000001,2,25,49,12,3,0,4,0,0,1,random_feasible,Uniform random feasible,0.15652173913043477
,500024,mixed,Mixed,,0.0,25.25,,145,29.0,14,16.5,47,33,25.25,2,25,149,12,3,0,3,1,0,1,random_feasible,Uniform random feasible,0.25655172413793115
,500024,need_based_to_competitive,Need-based → competitive,10.0,0.0,15.549999999999999,,82,16.4,13,13.5,22,9,15.549999999999999,3,24,113,11,4,0,4,0,0,1,random_feasible,Uniform random feasible,0.102439024390244
,500024,cooperative_to_hoarding,Cooperative → hoarding,10.0,0.0,21.35,,119,23.8,14,14.0,38,24,21.35,2,25,139,12,2,0,4,1,0,1,random_feasible,Uniform random feasible,0.22521008403361353
,500025,need_based,Need-based,,0.0,18.15,,111,22.2,6,10.0,39,33,18.15,1,27,153,10,4,1,5,0,0,0,random_feasible,Uniform random feasible,0.2954954954954956
,500025,cooperative,Cooperative,,0.0,10.649999999999999,,66,13.2,3,7.0,19,16,10.649999999999999,2,26,130,10,3,1,6,0,0,0,random_feasible,Uniform random feasible,0.23030303030303045
,500025,hoarding,Hoarding,,0.0,15.149999999999999,,91,18.2,6,11.0,28,22,15.149999999999999,2,26,76,10,4,1,3,0,2,0,random_feasible,Uniform random feasible,0.2197802197802199
,500025,mixed,Mixed,,0.0,12.0,,65,13.0,9,10.0,20,11,12.0,3,25,106,10,3,1,5,1,0,0,random_feasible,Uniform random feasible,0.15384615384615397
,500025,need_based_to_competitive,Need-based → competitive,10.0,0.0,10.5,,65,13.0,3,4.5,30,27,10.5,2,26,111,10,4,1,5,0,0,0,random_feasible,Uniform random feasible,0.3815384615384616
,500025,cooperative_to_hoarding,Cooperative → hoarding,10.0,0.0,9.3,,52,10.4,6,7.0,14,8,9.3,4,24,103,10,2,1,7,0,0,0,random_feasible,Uniform random feasible,0.15384615384615397
,500026,need_based,Need-based,,0.0,22.25,,125,25.0,14,15.5,50,36,22.25,3,25,136,10,3,0,6,1,0,0,random_feasible,Uniform random feasible,0.256
,500026,cooperative,Cooperative,,0.0,20.85,,129,25.8,6,11.5,44,38,20.85,3,25,170,10,3,0,6,1,0,0,random_feasible,Uniform random feasible,0.2914728682170542
,500026,hoarding,Hoarding,,0.0,15.899999999999999,,91,18.2,9,10.0,30,21,15.899999999999999,1,27,78,7,7,0,5,1,0,0,random_feasible,Uniform random feasible,0.26813186813186807
,500026,mixed,Mixed,,0.0,17.1,,99,19.8,9,10.5,36,27,17.1,1,27,98,10,4,0,5,1,0,0,random_feasible,Uniform random feasible,0.2707070707070707
,500026,need_based_to_competitive,Need-based → competitive,10.0,0.0,18.0,,105,21.0,9,9.0,49,40,18.0,3,25,126,10,3,0,6,1,0,0,random_feasible,Uniform random feasible,0.3504761904761906
,500026,cooperative_to_hoarding,Cooperative → hoarding,10.0,0.0,16.5,,100,20.0,6,6.0,41,35,16.5,2,26,98,8,5,0,6,1,0,0,random_feasible,Uniform random feasible,0.3880000000000001
,500027,need_based,Need-based,,0.0,24.200000000000003,,133,26.6,17,19.5,36,19,24.200000000000003,3,25,144,12,3,0,3,0,1,1,random_feasible,Uniform random feasible,0.1533834586466165
,500027,cooperative,Cooperative,,0.0,27.700000000000003,,143,28.6,25,26.0,36,11,27.700000000000003,3,25,191,12,1,1,4,0,1,1,random_feasible,Uniform random feasible,0.06433566433566429
,500027,hoarding,Hoarding,,0.0,23.0,,130,26.0,14,15.5,39,25,23.0,3,25,99,12,2,1,3,0,1,1,random_feasible,Uniform random feasible,0.193846153846154
,500027,mixed,Mixed,,0.0,24.950000000000003,,138,27.6,17,19.5,38,21,24.950000000000003,1,27,159,12,2,1,3,0,1,1,random_feasible,Uniform random feasible,0.14782608695652177
,500027,need_based_to_competitive,Need-based → competitive,10.0,0.0,26.35,,144,28.8,19,20.5,41,22,26.35,3,25,116,12,3,0,3,0,1,1,random_feasible,Uniform random feasible,0.16388888888888897
,500027,cooperative_to_hoarding,Cooperative → hoarding,10.0,0.0,26.15,,141,28.2,20,22.5,36,16,26.15,2,26,153,11,2,1,3,1,1,1,random_feasible,Uniform random feasible,0.10496453900709235
,500028,need_based,Need-based,,0.0,13.8,,77,15.4,9,11.5,23,14,13.8,3,23,134,11,4,0,5,0,0,0,random_feasible,Uniform random feasible,0.1610389610389611
,500028,cooperative,Cooperative,,0.0,15.0,,90,18.0,6,10.0,33,27,15.0,2,24,145,10,2,0,8,0,0,0,random_feasible,Uniform random feasible,0.28
,500028,hoarding,Hoarding,,0.0,11.55,,72,14.4,3,4.5,27,24,11.55,2,24,76,11,4,0,4,0,1,0,random_feasible,Uniform random feasible,0.3555555555555556
,500028,mixed,Mixed,,0.0,16.35,,99,19.8,6,10.0,36,30,16.35,3,23,121,11,4,0,5,0,0,0,random_feasible,Uniform random feasible,0.2787878787878788
,500028,need_based_to_competitive,Need-based → competitive,10.0,0.0,13.350000000000001,,79,15.8,6,7.5,36,30,13.350000000000001,3,23,82,11,4,0,5,0,0,0,random_feasible,Uniform random feasible,0.35443037974683556
,500028,cooperative_to_hoarding,Cooperative → hoarding,10.0,0.0,12.149999999999999,,71,14.2,6,7.5,26,20,12.149999999999999,3,23,93,11,3,0,6,0,0,0,random_feasible,Uniform random feasible,0.2816901408450705
,500029,need_based,Need-based,,0.0,23.0,,125,25.0,17,17.0,51,34,23.0,1,27,138,11,4,0,2,1,2,0,random_feasible,Uniform random feasible,0.23039999999999994
,500029,cooperative,Cooperative,,0.0,18.75,,115,23.0,6,10.0,39,33,18.75,2,26,161,12,4,0,1,1,2,0,random_feasible,Uniform random feasible,0.27826086956521734
,500029,hoarding,Hoarding,,0.0,16.950000000000003,,98,19.6,9,13.0,33,24,16.950000000000003,1,27,90,11,3,0,3,1,2,0,random_feasible,Uniform random feasible,0.2081632653061225
,500029,mixed,Mixed,,0.0,13.950000000000001,,83,16.6,6,7.5,42,36,13.950000000000001,3,25,85,11,3,0,3,1,2,0,random_feasible,Uniform random feasible,0.3710843373493977
,500029,need_based_to_competitive,Need-based → competitive,10.0,0.0,19.5,,110,22.0,12,13.0,53,41,19.5,2,26,93,11,3,0,3,1,2,0,random_feasible,Uniform random feasible,0.3090909090909091
,500029,cooperative_to_hoarding,Cooperative → hoarding,10.0,0.0,17.85,,104,20.8,9,13.0,36,27,17.85,2,26,140,12,4,0,1,1,2,0,random_feasible,Uniform random feasible,0.226923076923077
,500030,need_based,Need-based,,0.0,28.75,,160,32.0,19,23.5,39,20,28.75,2,26,161,12,4,0,2,1,0,1,random_feasible,Uniform random feasible,0.125
,500030,cooperative,Cooperative,,0.0,19.700000000000003,,123,24.6,5,8.0,57,52,19.700000000000003,1,27,226,12,4,0,2,1,0,1,random_feasible,Uniform random feasible,0.39349593495934965
,500030,hoarding,Hoarding,,0.0,18.9,,116,23.2,6,6.0,49,43,18.9,3,25,92,12,3,0,2,2,0,1,random_feasible,Uniform random feasible,0.3896551724137931
,500030,mixed,Mixed,,0.0,18.450000000000003,,118,23.6,3,3.0,39,36,18.450000000000003,1,27,150,11,4,0,3,1,0,1,random_feasible,Uniform random feasible,0.3627118644067797
,500030,need_based_to_competitive,Need-based → competitive,10.0,0.0,21.35,,124,24.8,11,15.0,39,28,21.35,2,26,123,12,4,0,2,1,0,1,random_feasible,Uniform random feasible,0.22580645161290325
,500030,cooperative_to_hoarding,Cooperative → hoarding,10.0,0.0,20.15,,116,23.2,11,12.5,47,36,20.15,1,27,125,12,4,0,1,2,0,1,random_feasible,Uniform random feasible,0.28620689655172415
,500031,need_based,Need-based,,0.0,18.9,,106,21.2,12,13.0,34,22,18.9,2,26,81,12,2,0,3,2,0,1,random_feasible,Uniform random feasible,0.21132075471698109
,500031,cooperative,Cooperative,,0.0,20.15,,111,22.2,14,15.5,32,18,20.15,1,27,135,12,2,0,3,2,0,1,random_feasible,Uniform random feasible,0.15495495495495493
,500031,hoarding,Hoarding,,0.0,12.0,,70,14.0,6,7.5,22,16,12.0,3,25,51,11,4,0,3,1,0,1,random_feasible,Uniform random feasible,0.25142857142857156
,500031,mixed,Mixed,,0.0,15.899999999999999,,96,19.2,6,9.0,27,21,15.899999999999999,3,25,87,12,2,0,4,1,0,1,random_feasible,Uniform random feasible,0.2333333333333334
,500031,need_based_to_competitive,Need-based → competitive,10.0,0.0,15.600000000000001,,89,17.8,9,9.0,29,20,15.600000000000001,2,26,46,12,2,0,3,2,0,1,random_feasible,Uniform random feasible,0.2516853932584271
,500031,cooperative_to_hoarding,Cooperative → hoarding,10.0,0.0,15.0,,85,17.0,9,10.5,32,23,15.0,4,24,112,12,3,0,2,2,0,1,random_feasible,Uniform random feasible,0.25411764705882356
,500032,need_based,Need-based,,0.0,25.700000000000003,,148,29.6,14,16.5,52,38,25.700000000000003,2,26,270,13,1,3,1,1,1,0,random_feasible,Uniform random feasible,0.2567567567567568
,500032,cooperative,Cooperative,,0.0,19.35,,119,23.8,6,10.0,45,39,19.35,2,26,225,13,1,3,1,1,1,0,random_feasible,Uniform random feasible,0.3260504201680672
,500032,hoarding,Hoarding,,0.0,15.649999999999999,,96,19.2,5,9.0,36,31,15.649999999999999,2,25,77,10,5,1,3,1,0,0,random_feasible,Uniform random feasible,0.2958333333333334
,500032,mixed,Mixed,,0.0,21.950000000000003,,128,25.6,11,18.0,39,28,21.950000000000003,3,25,129,12,4,1,1,1,1,0,random_feasible,Uniform random feasible,0.18437499999999996
,500032,need_based_to_competitive,Need-based → competitive,10.0,0.0,25.85,,149,29.8,14,20.0,49,35,25.85,4,24,171,13,2,2,1,1,1,0,random_feasible,Uniform random feasible,0.19865771812080535
,500032,cooperative_to_hoarding,Cooperative → hoarding,10.0,0.0,17.15,,96,19.2,11,11.0,44,33,17.15,1,27,135,12,1,3,2,1,1,0,random_feasible,Uniform random feasible,0.30000000000000004
,500033,need_based,Need-based,,0.0,22.200000000000003,,138,27.6,6,12.5,54,48,22.200000000000003,3,25,147,11,7,1,0,1,0,0,random_feasible,Uniform random feasible,0.310144927536232
,500033,cooperative,Cooperative,,0.0,18.35,,104,20.8,11,14.0,31,20,18.35,2,26,226,12,6,1,0,1,0,0,random_feasible,Uniform random feasible,0.18461538461538463
,500033,hoarding,Hoarding,,0.0,19.950000000000003,,113,22.6,12,12.5,52,40,19.950000000000003,1,27,86,9,7,2,0,1,1,0,random_feasible,Uniform random feasible,0.31504424778761075
,500033,mixed,Mixed,,0.0,23.9,,131,26.2,17,18.0,41,24,23.9,1,27,152,10,9,1,0,0,0,0,random_feasible,Uniform random feasible,0.18625954198473282
,500033,need_based_to_competitive,Need-based → competitive,10.0,0.0,19.65,,121,24.2,6,10.0,60,54,19.65,2,26,153,10,7,1,0,1,1,0,random_feasible,Uniform random feasible,0.39008264462809916
,500033,cooperative_to_hoarding,Cooperative → hoarding,10.0,0.0,10.649999999999999,,66,13.2,3,4.5,23,20,10.649999999999999,1,27,106,11,6,1,1,1,0,0,random_feasible,Uniform random feasible,0.34545454545454546
,500034,need_based,Need-based,,0.0,27.4,,146,29.2,22,23.5,33,11,27.4,1,27,143,10,2,0,5,0,3,0,random_feasible,Uniform random feasible,0.08219178082191791
,500034,cooperative,Cooperative,,0.0,25.700000000000003,,143,28.6,17,19.5,44,27,25.700000000000003,1,27,190,10,2,0,5,0,3,0,random_feasible,Uniform random feasible,0.18181818181818188
,500034,hoarding,Hoarding,,0.0,22.85,,134,26.8,11,11.5,49,38,22.85,3,25,89,10,5,0,2,0,3,0,random_feasible,Uniform random feasible,0.28955223880597014
,500034,mixed,Mixed,,0.0,21.799999999999997,,122,24.4,14,16.0,43,29,21.799999999999997,3,25,117,12,4,0,2,0,2,0,random_feasible,Uniform random feasible,0.21311475409836067
,500034,need_based_to_competitive,Need-based → competitive,10.0,0.0,21.049999999999997,,117,23.4,14,17.0,31,17,21.049999999999997,4,24,121,11,2,0,5,0,2,0,random_feasible,Uniform random feasible,0.14017094017094012
,500034,cooperative_to_hoarding,Cooperative → hoarding,10.0,0.0,19.950000000000003,,118,23.6,9,14.5,34,25,19.950000000000003,3,25,121,9,4,1,3,0,3,0,random_feasible,Uniform random feasible,0.19661016949152543
,500035,need_based,Need-based,,0.0,34.55,,182,36.4,29,29.5,50,21,34.55,1,27,137,11,2,0,4,0,3,0,random_feasible,Uniform random feasible,0.10989010989010994
,500035,cooperative,Cooperative,,0.0,23.9,,131,26.2,17,17.5,44,27,23.9,3,25,157,12,3,0,3,0,2,0,random_feasible,Uniform random feasible,0.20152671755725193
,500035,hoarding,Hoarding,,0.0,22.25,,120,24.0,17,17.0,39,22,22.25,1,27,99,11,2,0,4,0,3,0,random_feasible,Uniform random feasible,0.18333333333333335
,500035,mixed,Mixed,,0.0,16.049999999999997,,92,18.4,9,9.0,36,27,16.049999999999997,2,26,97,11,3,0,4,0,2,0,random_feasible,Uniform random feasible,0.27826086956521734
,500035,need_based_to_competitive,Need-based → competitive,10.0,0.0,29.200000000000003,,158,31.6,22,24.5,49,27,29.200000000000003,1,27,115,11,2,0,4,0,3,0,random_feasible,Uniform random feasible,0.14430379746835453
,500035,cooperative_to_hoarding,Cooperative → hoarding,10.0,0.0,20.1,,114,22.8,12,14.5,33,21,20.1,1,27,118,10,3,0,6,0,1,0,random_feasible,Uniform random feasible,0.1929824561403508
,500036,need_based,Need-based,,0.0,28.450000000000003,,148,29.6,25,25.0,37,12,28.450000000000003,3,25,163,11,3,1,5,0,0,0,random_feasible,Uniform random feasible,0.09189189189189184
,500036,cooperative,Cooperative,,0.0,25.9,,136,27.2,22,24.0,30,8,25.9,2,26,186,10,3,1,5,0,1,0,random_feasible,Uniform random feasible,0.05882352941176472
,500036,hoarding,Hoarding,,0.0,9.3,,52,10.4,6,6.0,20,14,9.3,3,25,42,11,2,1,4,0,2,0,random_feasible,Uniform random feasible,0.25384615384615383
,500036,mixed,Mixed,,0.0,20.4,,116,23.2,12,13.0,36,24,20.4,3,25,117,11,4,1,2,0,2,0,random_feasible,Uniform random feasible,0.23793103448275876
,500036,need_based_to_competitive,Need-based → competitive,10.0,0.0,20.6,,109,21.8,17,18.0,27,10,20.6,1,27,111,11,3,1,4,0,1,0,random_feasible,Uniform random feasible,0.09174311926605516
,500036,cooperative_to_hoarding,Cooperative → hoarding,10.0,0.0,23.299999999999997,,127,25.4,17,21.0,31,14,23.299999999999997,2,26,120,10,3,1,5,0,1,0,random_feasible,Uniform random feasible,0.09448818897637801
,500037,need_based,Need-based,,0.0,33.099999999999994,,179,35.8,25,27.5,52,27,33.099999999999994,2,25,163,13,2,1,2,0,1,1,random_feasible,Uniform random feasible,0.1407821229050279
,500037,cooperative,Cooperative,,0.0,22.4,,126,25.2,14,16.5,36,22,22.4,1,26,196,11,4,1,3,0,0,1,random_feasible,Uniform random feasible,0.19047619047619047
,500037,hoarding,Hoarding,,0.0,22.1,,119,23.8,17,18.0,39,22,22.1,1,26,75,11,3,2,2,0,1,1,random_feasible,Uniform random feasible,0.15798319327731103
,500037,mixed,Mixed,,0.0,18.049999999999997,,97,19.4,14,14.0,29,15,18.049999999999997,1,26,100,12,3,1,3,0,0,1,random_feasible,Uniform random feasible,0.14845360824742282
,500037,need_based_to_competitive,Need-based → competitive,10.0,0.0,27.5,,160,32.0,14,22.0,50,36,27.5,3,24,136,13,2,1,2,0,1,1,random_feasible,Uniform random feasible,0.1875
,500037,cooperative_to_hoarding,Cooperative → hoarding,10.0,0.0,20.85,,119,23.8,12,13.0,47,35,20.85,1,26,141,12,3,1,3,0,0,1,random_feasible,Uniform random feasible,0.2890756302521009
,500038,need_based,Need-based,,0.0,19.65,,111,22.2,12,13.0,41,29,19.65,3,25,167,12,3,2,1,0,2,0,random_feasible,Uniform random feasible,0.23783783783783785
,500038,cooperative,Cooperative,,0.0,24.200000000000003,,138,27.6,14,18.0,50,36,24.200000000000003,1,27,202,12,2,2,2,0,2,0,random_feasible,Uniform random feasible,0.22318840579710142
,500038,hoarding,Hoarding,,0.0,24.700000000000003,,128,25.6,22,23.5,28,6,24.700000000000003,3,25,85,10,4,1,2,1,2,0,random_feasible,Uniform random feasible,0.046875
,500038,mixed,Mixed,,0.0,26.35,,144,28.8,19,21.5,41,22,26.35,2,26,146,12,2,2,1,1,2,0,random_feasible,Uniform random feasible,0.1416666666666666
,500038,need_based_to_competitive,Need-based → competitive,10.0,0.0,20.450000000000003,,113,22.6,14,14.5,41,27,20.450000000000003,3,25,137,12,3,2,1,0,2,0,random_feasible,Uniform random feasible,0.23008849557522137
,500038,cooperative_to_hoarding,Cooperative → hoarding,10.0,0.0,26.200000000000003,,148,29.6,16,19.0,43,27,26.200000000000003,4,24,176,13,2,2,2,0,1,0,random_feasible,Uniform random feasible,0.1837837837837839
,500039,need_based,Need-based,,0.0,15.0,,90,18.0,6,7.5,31,25,15.0,4,24,97,13,4,0,0,1,2,0,random_feasible,Uniform random feasible,0.288888888888889
,500039,cooperative,Cooperative,,0.0,12.899999999999999,,81,16.2,3,6.0,30,27,12.899999999999999,2,26,144,12,4,1,1,1,1,0,random_feasible,Uniform random feasible,0.33086419753086416
,500039,hoarding,Hoarding,,0.0,11.399999999999999,,66,13.2,6,6.0,28,22,11.399999999999999,2,26,45,10,5,1,1,1,2,0,random_feasible,Uniform random feasible,0.3333333333333335
,500039,mixed,Mixed,,0.0,16.5,,105,21.0,3,10.5,37,34,16.5,4,24,94,13,4,0,0,1,2,0,random_feasible,Uniform random feasible,0.29333333333333345
,500039,need_based_to_competitive,Need-based → competitive,10.0,0.0,10.5,,60,12.0,6,7.0,17,11,10.5,4,24,65,12,4,1,1,1,1,0,random_feasible,Uniform random feasible,0.20666666666666678
,500039,cooperative_to_hoarding,Cooperative → hoarding,10.0,0.0,9.75,,60,12.0,3,4.0,22,19,9.75,4,24,102,12,5,0,1,1,1,0,random_feasible,Uniform random feasible,0.3533333333333333
,500040,need_based,Need-based,,0.0,26.049999999999997,,142,28.4,19,20.5,39,20,26.049999999999997,3,25,166,13,1,0,3,0,2,1,random_feasible,Uniform random feasible,0.15492957746478875
,500040,cooperative,Cooperative,,0.0,29.200000000000003,,163,32.6,19,23.0,44,25,29.200000000000003,4,24,149,12,1,0,5,0,1,1,random_feasible,Uniform random feasible,0.14969325153374236
,500040,hoarding,Hoarding,,0.0,14.45,,78,15.6,11,11.5,21,10,14.45,3,25,58,12,1,0,4,0,2,1,random_feasible,Uniform random feasible,0.14358974358974352
,500040,mixed,Mixed,,0.0,23.9,,131,26.2,17,18.0,36,19,23.9,3,25,89,13,1,0,3,0,2,1,random_feasible,Uniform random feasible,0.1618320610687023
,500040,need_based_to_competitive,Need-based → competitive,10.0,0.0,20.85,,119,23.8,12,13.0,43,31,20.85,3,25,118,13,1,0,3,0,2,1,random_feasible,Uniform random feasible,0.2621848739495798
,500040,cooperative_to_hoarding,Cooperative → hoarding,10.0,0.0,24.799999999999997,,137,27.4,17,19.0,42,25,24.799999999999997,4,24,112,12,1,0,5,0,1,1,random_feasible,Uniform random feasible,0.17226277372262788
,500041,need_based,Need-based,,0.0,27.700000000000003,,153,30.6,19,20.5,44,25,27.700000000000003,2,26,130,10,4,0,4,2,0,0,random_feasible,Uniform random feasible,0.16470588235294126
,500041,cooperative,Cooperative,,0.0,16.950000000000003,,103,20.6,6,10.0,36,30,16.950000000000003,2,26,147,10,3,0,5,2,0,0,random_feasible,Uniform random feasible,0.2757281553398059
,500041,hoarding,Hoarding,,0.0,20.0,,115,23.0,11,13.0,35,24,20.0,3,25,84,11,3,0,4,2,0,0,random_feasible,Uniform random feasible,0.21217391304347832
,500041,mixed,Mixed,,0.0,15.75,,90,18.0,9,12.0,22,13,15.75,4,24,104,12,4,0,2,2,0,0,random_feasible,Uniform random feasible,0.14666666666666672
,500041,need_based_to_competitive,Need-based → competitive,10.0,0.0,24.549999999999997,,132,26.4,19,19.5,35,16,24.549999999999997,3,25,102,10,4,0,4,2,0,0,random_feasible,Uniform random feasible,0.13636363636363646
,500041,cooperative_to_hoarding,Cooperative → hoarding,10.0,0.0,17.75,,110,22.0,5,12.0,36,31,17.75,2,26,102,11,3,0,3,2,1,0,random_feasible,Uniform random feasible,0.2472727272727273
,500042,need_based,Need-based,,0.0,22.5,,130,26.0,12,18.5,32,20,22.5,2,26,200,11,5,1,0,1,2,0,random_feasible,Uniform random feasible,0.1415384615384616
,500042,cooperative,Cooperative,,0.0,20.6,,114,22.8,14,16.5,30,16,20.6,2,26,194,12,2,1,2,2,1,0,random_feasible,Uniform random feasible,0.14385964912280702
,500042,hoarding,Hoarding,,0.0,17.450000000000003,,108,21.6,5,9.5,36,31,17.450000000000003,2,26,75,9,6,0,3,1,1,0,random_feasible,Uniform random feasible,0.28148148148148144
,500042,mixed,Mixed,,0.0,21.299999999999997,,127,25.4,9,15.5,41,32,21.299999999999997,2,26,119,12,3,1,2,2,0,0,random_feasible,Uniform random feasible,0.22677165354330708
,500042,need_based_to_competitive,Need-based → competitive,10.0,0.0,20.6,,114,22.8,14,14.0,41,27,20.6,2,26,102,10,6,1,1,1,1,0,random_feasible,Uniform random feasible,0.24912280701754397
,500042,cooperative_to_hoarding,Cooperative → hoarding,10.0,0.0,17.4,,101,20.2,9,11.5,37,28,17.4,2,26,102,11,4,1,2,2,0,0,random_feasible,Uniform random feasible,0.2613861386138614
,500043,need_based,Need-based,,0.0,20.200000000000003,,113,22.6,13,13.5,34,21,20.200000000000003,2,26,131,9,2,1,6,2,0,0,random_feasible,Uniform random feasible,0.2053097345132744
,500043,cooperative,Cooperative,,0.0,17.700000000000003,,108,21.6,6,11.5,45,39,17.700000000000003,4,24,148,12,3,1,3,1,0,0,random_feasible,Uniform random feasible,0.30740740740740735
,500043,hoarding,Hoarding,,0.0,16.049999999999997,,92,18.4,9,10.0,33,24,16.049999999999997,1,27,50,10,4,1,2,3,0,0,random_feasible,Uniform random feasible,0.26956521739130435
,500043,mixed,Mixed,,0.0,12.149999999999999,,71,14.2,6,6.0,22,16,12.149999999999999,1,27,86,9,5,1,4,1,0,0,random_feasible,Uniform random feasible,0.2591549295774649
,500043,need_based_to_competitive,Need-based → competitive,10.0,0.0,18.200000000000003,,113,22.6,5,11.0,36,31,18.200000000000003,3,25,103,9,3,1,5,2,0,0,random_feasible,Uniform random feasible,0.2867256637168143
,500043,cooperative_to_hoarding,Cooperative → hoarding,10.0,0.0,19.049999999999997,,112,22.4,9,13.0,42,33,19.049999999999997,2,26,97,11,4,1,3,1,0,0,random_feasible,Uniform random feasible,0.2714285714285716
,500044,need_based,Need-based,,0.0,27.4,,146,29.2,22,24.5,36,14,27.4,2,26,128,11,2,0,6,0,1,0,random_feasible,Uniform random feasible,0.08767123287671241
,500044,cooperative,Cooperative,,0.0,22.25,,130,26.0,11,16.5,34,23,22.25,2,26,153,11,2,0,6,0,1,0,random_feasible,Uniform random feasible,0.17538461538461547
,500044,hoarding,Hoarding,,0.0,27.4,,151,30.2,19,22.0,47,28,27.4,1,27,84,10,1,0,7,1,1,0,random_feasible,Uniform random feasible,0.16158940397350996
,500044,mixed,Mixed,,0.0,21.65,,121,24.2,14,14.0,41,27,21.65,1,27,114,10,1,0,8,0,1,0,random_feasible,Uniform random feasible,0.2214876033057851
,500044,need_based_to_competitive,Need-based → competitive,10.0,0.0,25.4,,141,28.2,17,21.0,33,16,25.4,2,26,107,11,1,0,7,0,1,0,random_feasible,Uniform random feasible,0.11347517730496448
,500044,cooperative_to_hoarding,Cooperative → hoarding,10.0,0.0,20.4,,121,24.2,9,17.0,32,23,20.4,3,25,127,10,1,0,8,0,1,0,random_feasible,Uniform random feasible,0.16198347107438016
,500045,need_based,Need-based,,0.0,12.899999999999999,,76,15.2,6,9.0,22,16,12.899999999999999,3,25,110,11,5,0,2,1,1,0,random_feasible,Uniform random feasible,0.2210526315789474
,500045,cooperative,Cooperative,,0.0,15.899999999999999,,101,20.2,3,6.5,41,38,15.899999999999999,3,25,184,11,5,0,2,1,1,0,random_feasible,Uniform random feasible,0.3603960396039605
,500045,hoarding,Hoarding,,0.0,11.649999999999999,,66,13.2,7,9.0,22,15,11.649999999999999,3,25,52,11,4,0,3,1,1,0,random_feasible,Uniform random feasible,0.19999999999999996
,500045,mixed,Mixed,,0.0,12.649999999999999,,81,16.2,2,3.0,36,34,12.649999999999999,3,25,96,11,5,0,2,1,1,0,random_feasible,Uniform random feasible,0.4395061728395062
,500045,need_based_to_competitive,Need-based → competitive,10.0,0.0,10.2,,68,13.6,0,3.0,36,36,10.2,3,25,70,11,5,0,2,1,1,0,random_feasible,Uniform random feasible,0.47058823529411775
,500045,cooperative_to_hoarding,Cooperative → hoarding,10.0,0.0,12.0,,80,16.0,0,3.0,36,36,12.0,2,26,110,10,6,0,2,1,1,0,random_feasible,Uniform random feasible,0.45500000000000007
,500046,need_based,Need-based,,0.0,25.1,,139,27.8,17,21.0,36,19,25.1,3,24,212,13,0,1,3,1,2,0,random_feasible,Uniform random feasible,0.13237410071942457
,500046,cooperative,Cooperative,,0.0,19.35,,114,22.8,9,13.5,39,30,19.35,1,26,167,11,2,0,5,1,1,0,random_feasible,Uniform random feasible,0.2456140350877194
,500046,hoarding,Hoarding,,0.0,17.1,,99,19.8,9,9.0,39,30,17.1,3,24,51,13,0,1,2,1,3,0,random_feasible,Uniform random feasible,0.31919191919191925
,500046,mixed,Mixed,,0.0,12.5,,75,15.0,5,7.0,33,28,12.5,3,24,131,13,0,1,3,1,2,0,random_feasible,Uniform random feasible,0.3253333333333335
,500046,need_based_to_competitive,Need-based → competitive,10.0,0.0,19.5,,110,22.0,12,16.0,28,16,19.5,2,25,53,11,0,1,5,1,2,0,random_feasible,Uniform random feasible,0.1454545454545455
,500046,cooperative_to_hoarding,Cooperative → hoarding,10.0,0.0,19.5,,110,22.0,12,13.0,44,32,19.5,2,25,105,11,1,1,5,1,1,0,random_feasible,Uniform random feasible,0.26181818181818195
,500047,need_based,Need-based,,0.0,21.950000000000003,,123,24.6,14,17.0,34,20,21.950000000000003,2,26,124,11,1,0,7,1,0,0,random_feasible,Uniform random feasible,0.17235772357723578
,500047,cooperative,Cooperative,,0.0,20.299999999999997,,112,22.4,14,15.5,33,19,20.299999999999997,1,27,132,7,2,0,10,1,0,0,random_feasible,Uniform random feasible,0.17142857142857149
,500047,hoarding,Hoarding,,0.0,17.15,,96,19.2,11,11.5,30,19,17.15,2,26,62,10,3,0,7,0,0,0,random_feasible,Uniform random feasible,0.19999999999999996
,500047,mixed,Mixed,,0.0,18.6,,104,20.8,12,13.0,41,29,18.6,2,26,107,9,1,0,9,1,0,0,random_feasible,Uniform random feasible,0.25769230769230766
,500047,need_based_to_competitive,Need-based → competitive,10.0,0.0,22.4,,126,25.2,14,18.5,36,22,22.4,3,25,90,11,1,0,7,1,0,0,random_feasible,Uniform random feasible,0.15555555555555567
,500047,cooperative_to_hoarding,Cooperative → hoarding,10.0,0.0,19.4,,106,21.2,14,14.5,28,14,19.4,3,25,118,9,1,0,9,1,0,0,random_feasible,Uniform random feasible,0.14716981132075468
,500048,need_based,Need-based,,0.0,18.15,,106,21.2,9,11.0,40,31,18.15,1,27,270,12,2,1,2,2,1,0,random_feasible,Uniform random feasible,0.29811320754716975
,500048,cooperative,Cooperative,,0.0,19.25,,105,21.0,14,16.5,27,13,19.25,2,26,144,12,1,1,4,1,1,0,random_feasible,Uniform random feasible,0.12190476190476196
,500048,hoarding,Hoarding,,0.0,14.899999999999999,,91,18.2,5,5.5,38,33,14.899999999999999,2,26,73,11,4,0,2,2,1,0,random_feasible,Uniform random feasible,0.38681318681318677
,500048,mixed,Mixed,,0.0,14.75,,85,17.0,8,8.5,36,28,14.75,1,27,112,12,2,1,2,2,1,0,random_feasible,Uniform random feasible,0.31529411764705895
,500048,need_based_to_competitive,Need-based → competitive,10.0,0.0,13.100000000000001,,79,15.8,5,7.0,33,28,13.100000000000001,3,25,98,12,2,1,2,2,1,0,random_feasible,Uniform random feasible,0.3443037974683545
,500048,cooperative_to_hoarding,Cooperative → hoarding,10.0,0.0,16.549999999999997,,92,18.4,11,12.5,23,12,16.549999999999997,1,27,106,10,3,1,4,1,1,0,random_feasible,Uniform random feasible,0.13913043478260878
,500049,need_based,Need-based,,0.0,22.5,,140,28.0,6,15.5,45,39,22.5,2,26,114,9,2,0,8,0,0,1,random_feasible,Uniform random feasible,0.2542857142857142
,500049,cooperative,Cooperative,,0.0,28.099999999999998,,164,32.8,14,22.0,47,33,28.099999999999998,2,26,220,12,2,0,5,0,0,1,random_feasible,Uniform random feasible,0.17804878048780481
,500049,hoarding,Hoarding,,0.0,20.1,,119,23.8,9,17.0,30,21,20.1,3,25,84,12,2,0,4,0,1,1,random_feasible,Uniform random feasible,0.1512605042016808
,500049,mixed,Mixed,,0.0,15.450000000000001,,93,18.6,6,10.0,28,22,15.450000000000001,1,27,104,10,2,0,6,0,1,1,random_feasible,Uniform random feasible,0.23655913978494625
,500049,need_based_to_competitive,Need-based → competitive,10.0,0.0,26.6,,149,29.8,17,19.5,47,30,26.6,3,25,105,10,2,0,7,0,0,1,random_feasible,Uniform random feasible,0.1906040268456377
,500049,cooperative_to_hoarding,Cooperative → hoarding,10.0,0.0,25.5,,150,30.0,12,18.5,42,30,25.5,1,27,160,10,2,0,7,0,0,1,random_feasible,Uniform random feasible,0.19466666666666677
,500050,need_based,Need-based,,0.0,32.8,,182,36.4,22,29.0,48,26,32.8,2,26,161,12,5,0,1,1,0,1,random_feasible,Uniform random feasible,0.1186813186813187
,500050,cooperative,Cooperative,,0.0,31.200000000000003,,173,34.6,21,21.5,46,25,31.200000000000003,4,24,195,12,4,0,2,1,1,0,random_feasible,Uniform random feasible,0.1618497109826591
,500050,hoarding,Hoarding,,0.0,24.950000000000003,,138,27.6,17,22.0,35,18,24.950000000000003,2,26,94,12,4,0,1,1,1,1,random_feasible,Uniform random feasible,0.11594202898550732
,500050,mixed,Mixed,,0.0,24.0,,145,29.0,9,19.0,38,29,24.0,2,26,121,12,5,0,1,1,1,0,random_feasible,Uniform random feasible,0.17931034482758634
,500050,need_based_to_competitive,Need-based → competitive,10.0,0.0,24.200000000000003,,133,26.6,17,17.5,38,21,24.200000000000003,2,26,116,12,4,0,1,1,1,1,random_feasible,Uniform random feasible,0.1624060150375941
,500050,cooperative_to_hoarding,Cooperative → hoarding,10.0,0.0,27.700000000000003,,153,30.6,19,20.0,44,25,27.700000000000003,3,25,119,11,4,0,2,1,2,0,random_feasible,Uniform random feasible,0.1777777777777778
,500051,need_based,Need-based,,0.0,17.1,,104,20.8,6,11.5,37,31,17.1,4,24,112,11,0,0,6,2,0,1,random_feasible,Uniform random feasible,0.2692307692307694
,500051,cooperative,Cooperative,,0.0,21.799999999999997,,122,24.4,14,18.0,36,22,21.799999999999997,4,24,225,12,0,0,7,0,0,1,random_feasible,Uniform random feasible,0.1540983606557378
,500051,hoarding,Hoarding,,0.0,12.75,,75,15.0,6,7.5,36,30,12.75,1,27,61,11,1,0,6,1,0,1,random_feasible,Uniform random feasible,0.3413333333333335
,500051,mixed,Mixed,,0.0,14.149999999999999,,76,15.2,11,11.5,20,9,14.149999999999999,3,25,122,12,1,0,6,0,0,1,random_feasible,Uniform random feasible,0.13157894736842102
,500051,need_based_to_competitive,Need-based → competitive,10.0,0.0,15.600000000000001,,94,18.8,6,12.0,28,22,15.600000000000001,1,27,83,10,0,0,7,2,0,1,random_feasible,Uniform random feasible,0.20425531914893624
,500051,cooperative_to_hoarding,Cooperative → hoarding,10.0,0.0,14.549999999999999,,87,17.4,6,7.5,28,22,14.549999999999999,2,26,150,11,2,0,6,0,0,1,random_feasible,Uniform random feasible,0.26206896551724146
,500052,need_based,Need-based,,0.0,28.400000000000002,,161,32.2,17,21.0,46,29,28.400000000000002,3,25,212,12,2,1,3,1,0,1,random_feasible,Uniform random feasible,0.18136645962732922
,500052,cooperative,Cooperative,,0.0,27.35,,154,30.8,17,21.0,51,34,27.35,1,27,184,12,1,1,4,1,0,1,random_feasible,Uniform random feasible,0.19220779220779227
,500052,hoarding,Hoarding,,0.0,21.75,,125,25.0,12,16.5,33,21,21.75,3,25,102,10,3,2,4,0,0,1,random_feasible,Uniform random feasible,0.1632
,500052,mixed,Mixed,,0.0,24.049999999999997,,137,27.4,14,16.5,44,30,24.049999999999997,3,25,140,12,1,1,4,1,0,1,random_feasible,Uniform random feasible,0.23065693430656942
,500052,need_based_to_competitive,Need-based → competitive,10.0,0.0,27.35,,154,30.8,17,20.5,47,30,27.35,2,26,106,10,3,2,3,1,0,1,random_feasible,Uniform random feasible,0.17922077922077917
,500052,cooperative_to_hoarding,Cooperative → hoarding,10.0,0.0,20.9,,116,23.2,14,15.5,35,21,20.9,3,25,104,11,1,2,4,1,0,1,random_feasible,Uniform random feasible,0.1827586206896552
,500053,need_based,Need-based,,0.0,21.85,,129,25.8,10,13.5,44,34,21.85,3,24,113,12,5,0,2,0,0,1,random_feasible,Uniform random feasible,0.2697674418604652
,500053,cooperative,Cooperative,,0.0,16.450000000000003,,103,20.6,4,10.5,32,28,16.450000000000003,3,24,128,12,5,0,2,0,0,1,random_feasible,Uniform random feasible,0.24854368932038828
,500053,hoarding,Hoarding,,0.0,14.700000000000001,,88,17.6,6,6.0,41,35,14.700000000000001,3,24,53,11,6,0,2,0,0,1,random_feasible,Uniform random feasible,0.3909090909090909
,500053,mixed,Mixed,,0.0,16.25,,105,21.0,2,2.5,34,32,16.25,2,25,116,12,5,0,2,0,0,1,random_feasible,Uniform random feasible,0.35809523809523824
,500053,need_based_to_competitive,Need-based → competitive,10.0,0.0,20.1,,129,25.8,3,10.0,44,41,20.1,3,24,75,12,5,0,2,0,0,1,random_feasible,Uniform random feasible,0.31007751937984507
,500053,cooperative_to_hoarding,Cooperative → hoarding,10.0,0.0,15.0,,85,17.0,9,13.0,22,13,15.0,4,23,96,11,5,0,3,0,0,1,random_feasible,Uniform random feasible,0.131764705882353
,500054,need_based,Need-based,,0.0,27.4,,151,30.2,19,22.0,41,22,27.4,2,26,272,13,1,3,1,2,0,0,random_feasible,Uniform random feasible,0.1536423841059602
,500054,cooperative,Cooperative,,0.0,20.6,,114,22.8,14,15.5,41,27,20.6,2,26,201,13,1,3,1,2,0,0,random_feasible,Uniform random feasible,0.2070175438596491
,500054,hoarding,Hoarding,,0.0,16.549999999999997,,92,18.4,11,12.5,27,16,16.549999999999997,1,27,43,11,1,3,1,3,1,0,random_feasible,Uniform random feasible,0.17826086956521747
,500054,mixed,Mixed,,0.0,15.049999999999999,,82,16.4,11,12.5,22,11,15.049999999999999,1,27,130,12,2,3,0,3,0,0,random_feasible,Uniform random feasible,0.14146341463414647
,500054,need_based_to_competitive,Need-based → competitive,10.0,0.0,23.75,,130,26.0,17,19.5,36,19,23.75,2,26,147,12,2,3,1,2,0,0,random_feasible,Uniform random feasible,0.1476923076923078
,500054,cooperative_to_hoarding,Cooperative → hoarding,10.0,0.0,15.600000000000001,,94,18.8,6,8.5,44,38,15.600000000000001,3,25,124,12,2,3,1,2,0,0,random_feasible,Uniform random feasible,0.35744680851063837
,500055,need_based,Need-based,,0.0,27.700000000000003,,153,30.6,19,23.5,36,17,27.700000000000003,3,25,176,13,0,1,2,3,1,0,random_feasible,Uniform random feasible,0.1071895424836602
,500055,cooperative,Cooperative,,0.0,25.6,,139,27.8,19,20.5,38,19,25.6,2,26,196,13,0,2,2,2,1,0,random_feasible,Uniform random feasible,0.14100719424460428
,500055,hoarding,Hoarding,,0.0,24.5,,135,27.0,17,18.0,39,22,24.5,1,27,96,12,0,1,2,3,2,0,random_feasible,Uniform random feasible,0.16296296296296298
,500055,mixed,Mixed,,0.0,21.35,,119,23.8,14,18.0,31,17,21.35,3,25,131,13,0,1,2,3,1,0,random_feasible,Uniform random feasible,0.14117647058823524
,500055,need_based_to_competitive,Need-based → competitive,10.0,0.0,26.950000000000003,,143,28.6,22,24.5,33,11,26.950000000000003,3,25,171,13,0,1,2,3,1,0,random_feasible,Uniform random feasible,0.07272727272727275
,500055,cooperative_to_hoarding,Cooperative → hoarding,10.0,0.0,23.75,,135,27.0,14,18.0,39,25,23.75,4,24,126,13,0,2,2,2,1,0,random_feasible,Uniform random feasible,0.17185185185185192
,500056,need_based,Need-based,,0.0,31.299999999999997,,177,35.4,19,24.5,50,31,31.299999999999997,2,26,228,12,1,1,2,3,1,0,random_feasible,Uniform random feasible,0.1672316384180792
,500056,cooperative,Cooperative,,0.0,16.5,,100,20.0,6,6.0,52,46,16.5,1,27,170,11,2,0,4,3,0,0,random_feasible,Uniform random feasible,0.43199999999999994
,500056,hoarding,Hoarding,,0.0,22.9,,136,27.2,10,12.0,49,39,22.9,1,27,94,11,1,1,3,3,1,0,random_feasible,Uniform random feasible,0.2852941176470589
,500056,mixed,Mixed,,0.0,26.0,,150,30.0,14,21.5,38,24,26.0,2,26,158,12,1,1,3,3,0,0,random_feasible,Uniform random feasible,0.15200000000000014
,500056,need_based_to_competitive,Need-based → competitive,10.0,0.0,25.1,,144,28.8,14,18.0,44,30,25.1,1,27,122,11,1,1,3,3,1,0,random_feasible,Uniform random feasible,0.19999999999999996
,500056,cooperative_to_hoarding,Cooperative → hoarding,10.0,0.0,24.65,,141,28.2,14,15.0,62,48,24.65,3,25,103,11,3,0,3,3,0,0,random_feasible,Uniform random feasible,0.30354609929078014
,500057,need_based,Need-based,,0.0,21.65,,121,24.2,14,15.0,49,35,21.65,1,27,110,11,4,0,3,1,1,0,random_feasible,Uniform random feasible,0.25123966942148757
,500057,cooperative,Cooperative,,0.0,18.049999999999997,,112,22.4,5,9.0,47,42,18.049999999999997,2,26,181,11,4,0,3,1,1,0,random_feasible,Uniform random feasible,0.34285714285714297
,500057,hoarding,Hoarding,,0.0,14.850000000000001,,84,16.8,9,11.0,30,21,14.850000000000001,2,26,74,11,4,0,3,1,1,0,random_feasible,Uniform random feasible,0.2238095238095239
,500057,mixed,Mixed,,0.0,18.65,,101,20.2,14,15.5,26,12,18.65,1,27,111,11,5,0,2,1,1,0,random_feasible,Uniform random feasible,0.11485148514851495
,500057,need_based_to_competitive,Need-based → competitive,10.0,0.0,18.799999999999997,,112,22.4,8,11.0,53,45,18.799999999999997,2,26,91,11,4,0,3,1,1,0,random_feasible,Uniform random feasible,0.3392857142857144
,500057,cooperative_to_hoarding,Cooperative → hoarding,10.0,0.0,14.850000000000001,,89,17.8,6,6.0,47,41,14.850000000000001,3,25,108,11,5,0,2,1,1,0,random_feasible,Uniform random feasible,0.41348314606741576
,500058,need_based,Need-based,,0.0,20.6,,114,22.8,14,15.5,33,19,20.6,2,26,149,11,5,0,2,1,1,0,random_feasible,Uniform random feasible,0.18245614035087732
,500058,cooperative,Cooperative,,0.0,24.799999999999997,,137,27.4,17,18.5,41,24,24.799999999999997,3,25,211,12,4,0,2,1,1,0,random_feasible,Uniform random feasible,0.16934306569343072
,500058,hoarding,Hoarding,,0.0,12.3,,72,14.4,6,6.0,22,16,12.3,2,26,69,10,5,0,4,1,0,0,random_feasible,Uniform random feasible,0.25555555555555554
,500058,mixed,Mixed,,0.0,16.5,,95,19.0,9,10.0,30,21,16.5,1,27,106,10,6,0,2,1,1,0,random_feasible,Uniform random feasible,0.2484210526315791
,500058,need_based_to_competitive,Need-based → competitive,10.0,0.0,16.700000000000003,,93,18.6,11,12.5,29,18,16.700000000000003,2,26,95,11,5,0,2,1,1,0,random_feasible,Uniform random feasible,0.18924731182795695
,500058,cooperative_to_hoarding,Cooperative → hoarding,10.0,0.0,17.1,,104,20.8,6,11.5,34,28,17.1,2,26,142,11,5,0,2,1,1,0,random_feasible,Uniform random feasible,0.24615384615384617
,500059,need_based,Need-based,,0.0,25.0,,135,27.0,19,20.5,45,26,25.0,3,25,173,10,2,2,5,1,0,0,random_feasible,Uniform random feasible,0.16888888888888887
,500059,cooperative,Cooperative,,0.0,18.450000000000003,,113,22.6,6,11.5,38,32,18.450000000000003,2,26,206,12,4,1,2,1,0,0,random_feasible,Uniform random feasible,0.2761061946902654
,500059,hoarding,Hoarding,,0.0,16.200000000000003,,98,19.6,6,10.0,29,23,16.200000000000003,2,26,63,10,2,2,5,1,0,0,random_feasible,Uniform random feasible,0.24081632653061225
,500059,mixed,Mixed,,0.0,21.35,,119,23.8,14,16.5,41,27,21.35,3,25,126,12,3,2,2,1,0,0,random_feasible,Uniform random feasible,0.20504201680672263
,500059,need_based_to_competitive,Need-based → competitive,10.0,0.0,20.6,,114,22.8,14,15.5,42,28,20.6,2,26,160,9,2,2,6,1,0,0,random_feasible,Uniform random feasible,0.21403508771929824
,500059,cooperative_to_hoarding,Cooperative → hoarding,10.0,0.0,15.450000000000001,,93,18.6,6,6.0,38,32,15.450000000000001,2,26,126,12,4,1,2,1,0,0,random_feasible,Uniform random feasible,0.3870967741935485
,500060,need_based,Need-based,,0.0,19.9,,111,22.2,13,14.0,30,17,19.9,1,27,259,11,3,2,3,1,0,0,random_feasible,Uniform random feasible,0.16936936936936942
,500060,cooperative,Cooperative,,0.0,23.6,,124,24.8,20,20.5,30,10,23.6,3,25,166,11,3,2,3,1,0,0,random_feasible,Uniform random feasible,0.08709677419354844
,500060,hoarding,Hoarding,,0.0,14.700000000000001,,83,16.6,9,13.0,21,12,14.700000000000001,3,25,77,10,3,3,3,0,1,0,random_feasible,Uniform random feasible,0.1253012048192772
,500060,mixed,Mixed,,0.0,17.700000000000003,,103,20.6,9,12.0,30,21,17.700000000000003,2,26,108,11,6,1,1,0,1,0,random_feasible,Uniform random feasible,0.20970873786407762
,500060,need_based_to_competitive,Need-based → competitive,10.0,0.0,15.450000000000001,,88,17.6,9,13.0,22,13,15.450000000000001,3,25,89,11,3,2,3,1,0,0,random_feasible,Uniform random feasible,0.13636363636363646
,500060,cooperative_to_hoarding,Cooperative → hoarding,10.0,0.0,18.75,,105,21.0,12,13.0,35,23,18.75,3,25,104,12,4,1,2,1,0,0,random_feasible,Uniform random feasible,0.21333333333333337
,500061,need_based,Need-based,,0.0,23.6,,139,27.8,11,18.0,38,27,23.6,1,27,112,10,3,0,5,0,1,1,random_feasible,Uniform random feasible,0.18417266187050374
,500061,cooperative,Cooperative,,0.0,20.15,,116,23.2,11,11.0,39,28,20.15,2,26,142,11,2,0,5,0,1,1,random_feasible,Uniform random feasible,0.2689655172413794
,500061,hoarding,Hoarding,,0.0,15.0,,90,18.0,6,8.0,49,43,15.0,3,25,70,11,2,0,5,0,1,1,random_feasible,Uniform random feasible,0.40000000000000013
,500061,mixed,Mixed,,0.0,21.5,,120,24.0,14,14.0,48,34,21.5,3,25,115,11,3,0,4,0,1,1,random_feasible,Uniform random feasible,0.27
,500061,need_based_to_competitive,Need-based → competitive,10.0,0.0,21.200000000000003,,123,24.6,11,12.5,45,34,21.200000000000003,3,25,87,11,2,0,5,0,1,1,random_feasible,Uniform random feasible,0.2764227642276422
,500061,cooperative_to_hoarding,Cooperative → hoarding,10.0,0.0,11.399999999999999,,66,13.2,6,6.0,29,23,11.399999999999999,2,26,88,11,1,0,6,0,1,1,random_feasible,Uniform random feasible,0.3272727272727274
,500062,need_based,Need-based,,0.0,26.65,,141,28.2,22,23.5,33,11,26.65,2,26,174,12,3,0,2,1,2,0,random_feasible,Uniform random feasible,0.07943262411347529
,500062,cooperative,Cooperative,,0.0,26.450000000000003,,148,29.6,17,21.0,42,25,26.450000000000003,3,25,200,12,3,0,2,1,2,0,random_feasible,Uniform random feasible,0.16486486486486496
,500062,hoarding,Hoarding,,0.0,17.1,,99,19.8,9,13.0,34,25,17.1,3,25,61,10,4,0,3,1,2,0,random_feasible,Uniform random feasible,0.22222222222222232
,500062,mixed,Mixed,,0.0,18.950000000000003,,103,20.6,14,14.5,35,21,18.950000000000003,3,25,90,12,3,0,2,1,2,0,random_feasible,Uniform random feasible,0.1902912621359223
,500062,need_based_to_competitive,Need-based → competitive,10.0,0.0,24.85,,134,26.8,19,19.5,47,28,24.85,1,27,114,11,3,0,3,1,2,0,random_feasible,Uniform random feasible,0.18208955223880596
,500062,cooperative_to_hoarding,Cooperative → hoarding,10.0,0.0,22.85,,124,24.8,17,17.0,45,28,22.85,4,24,143,12,4,0,1,1,2,0,random_feasible,Uniform random feasible,0.2064516129032259
,500063,need_based,Need-based,,0.0,16.5,,100,20.0,6,9.0,33,27,16.5,5,23,227,12,5,3,0,0,0,0,random_feasible,Uniform random feasible,0.276
,500063,cooperative,Cooperative,,0.0,16.799999999999997,,107,21.4,3,7.0,38,35,16.799999999999997,4,24,200,12,5,3,0,0,0,0,random_feasible,Uniform random feasible,0.34392523364485994
,500063,hoarding,Hoarding,,0.0,19.049999999999997,,117,23.4,6,10.5,41,35,19.049999999999997,3,25,72,10,3,3,3,0,1,0,random_feasible,Uniform random feasible,0.2905982905982907
,500063,mixed,Mixed,,0.0,17.25,,100,20.0,9,10.0,31,22,17.25,1,27,150,11,5,3,0,0,1,0,random_feasible,Uniform random feasible,0.24
,500063,need_based_to_competitive,Need-based → competitive,10.0,0.0,15.149999999999999,,91,18.2,6,8.5,41,35,15.149999999999999,1,27,113,9,6,4,0,0,1,0,random_feasible,Uniform random feasible,0.34285714285714297
,500063,cooperative_to_hoarding,Cooperative → hoarding,10.0,0.0,13.200000000000001,,83,16.6,3,3.0,31,28,13.200000000000001,2,26,84,11,4,3,1,0,1,0,random_feasible,Uniform random feasible,0.3855421686746989
,500064,need_based,Need-based,,0.0,25.75,,135,27.0,22,22.0,33,11,25.75,2,26,187,12,2,2,2,0,1,1,random_feasible,Uniform random feasible,0.09777777777777774
,500064,cooperative,Cooperative,,0.0,27.4,,146,29.2,22,22.0,39,17,27.4,2,26,190,12,2,2,2,0,1,1,random_feasible,Uniform random feasible,0.13698630136986312
,500064,hoarding,Hoarding,,0.0,19.799999999999997,,117,23.4,9,11.5,52,43,19.799999999999997,3,25,66,11,2,3,1,0,2,1,random_feasible,Uniform random feasible,0.32478632478632474
,500064,mixed,Mixed,,0.0,19.65,,116,23.2,9,11.5,38,29,19.65,2,26,163,12,2,2,2,0,1,1,random_feasible,Uniform random feasible,0.2551724137931035
,500064,need_based_to_competitive,Need-based → competitive,10.0,0.0,26.450000000000003,,148,29.6,17,23.5,38,21,26.450000000000003,4,24,121,12,2,2,2,0,1,1,random_feasible,Uniform random feasible,0.12162162162162171
,500064,cooperative_to_hoarding,Cooperative → hoarding,10.0,0.0,21.049999999999997,,117,23.4,14,14.0,37,23,21.049999999999997,4,24,119,12,2,2,2,0,1,1,random_feasible,Uniform random feasible,0.22905982905982913
,500065,need_based,Need-based,,0.0,20.299999999999997,,112,22.4,14,15.5,34,20,20.299999999999997,2,26,113,11,3,0,3,2,1,0,random_feasible,Uniform random feasible,0.17142857142857149
,500065,cooperative,Cooperative,,0.0,15.75,,100,20.0,3,7.5,41,38,15.75,2,26,187,11,5,0,2,2,0,0,random_feasible,Uniform random feasible,0.3440000000000001
,500065,hoarding,Hoarding,,0.0,13.5,,75,15.0,9,11.5,18,9,13.5,2,26,49,8,8,0,2,2,0,0,random_feasible,Uniform random feasible,0.1120000000000001
,500065,mixed,Mixed,,0.0,21.0,,120,24.0,12,13.0,39,27,21.0,4,24,108,11,3,0,3,2,1,0,random_feasible,Uniform random feasible,0.2433333333333334
,500065,need_based_to_competitive,Need-based → competitive,10.0,0.0,19.049999999999997,,107,21.4,12,13.0,31,19,19.049999999999997,2,26,102,10,5,0,3,2,0,0,random_feasible,Uniform random feasible,0.1906542056074767
,500065,cooperative_to_hoarding,Cooperative → hoarding,10.0,0.0,18.0,,105,21.0,9,10.5,34,25,18.0,2,26,130,11,5,0,2,2,0,0,random_feasible,Uniform random feasible,0.25142857142857156
,500066,need_based,Need-based,,0.0,22.950000000000003,,138,27.6,9,18.0,39,30,22.950000000000003,5,23,186,12,2,1,3,0,1,1,random_feasible,Uniform random feasible,0.19130434782608696
,500066,cooperative,Cooperative,,0.0,25.15,,131,26.2,22,22.0,33,11,25.15,3,25,181,12,2,1,3,0,1,1,random_feasible,Uniform random feasible,0.08244274809160301
,500066,hoarding,Hoarding,,0.0,16.4,,86,17.2,14,15.5,19,5,16.4,4,24,88,12,0,1,5,0,1,1,random_feasible,Uniform random feasible,0.05581395348837215
,500066,mixed,Mixed,,0.0,21.35,,124,24.8,11,12.5,39,28,21.35,5,23,93,12,3,1,2,0,1,1,random_feasible,Uniform random feasible,0.25806451612903225
,500066,need_based_to_competitive,Need-based → competitive,10.0,0.0,19.799999999999997,,117,23.4,9,13.0,36,27,19.799999999999997,4,24,161,12,2,1,3,0,1,1,random_feasible,Uniform random feasible,0.22222222222222232
,500066,cooperative_to_hoarding,Cooperative → hoarding,10.0,0.0,15.299999999999999,,92,18.4,6,7.5,36,30,15.299999999999999,5,23,97,12,2,1,3,0,1,1,random_feasible,Uniform random feasible,0.33913043478260874
,500067,need_based,Need-based,,0.0,24.799999999999997,,132,26.4,20,21.0,38,18,24.799999999999997,3,25,218,12,3,1,1,2,0,1,random_feasible,Uniform random feasible,0.12424242424242427
,500067,cooperative,Cooperative,,0.0,12.0,,65,13.0,9,9.0,26,17,12.0,3,25,82,10,5,0,2,2,0,1,random_feasible,Uniform random feasible,0.22769230769230764
,500067,hoarding,Hoarding,,0.0,17.549999999999997,,102,20.4,9,11.5,31,22,17.549999999999997,2,26,42,10,2,2,3,2,0,1,random_feasible,Uniform random feasible,0.21568627450980404
,500067,mixed,Mixed,,0.0,14.700000000000001,,83,16.6,9,10.5,22,13,14.700000000000001,3,25,104,13,1,1,2,2,0,1,random_feasible,Uniform random feasible,0.17349397590361448
,500067,need_based_to_competitive,Need-based → competitive,10.0,0.0,21.5,,115,23.0,17,18.5,30,13,21.5,2,26,67,10,2,2,3,2,0,1,random_feasible,Uniform random feasible,0.11130434782608689
,500067,cooperative_to_hoarding,Cooperative → hoarding,10.0,0.0,16.35,,89,17.8,12,12.0,31,19,16.35,3,25,67,11,3,0,3,2,0,1,random_feasible,Uniform random feasible,0.19325842696629225
,500068,need_based,Need-based,,0.0,25.549999999999997,,142,28.4,17,18.0,38,21,25.549999999999997,4,24,227,13,2,1,2,2,0,0,random_feasible,Uniform random feasible,0.16619718309859155
,500068,cooperative,Cooperative,,0.0,25.450000000000003,,133,26.6,22,24.0,30,8,25.450000000000003,4,24,182,13,2,1,2,2,0,0,random_feasible,Uniform random feasible,0.0541353383458647
,500068,hoarding,Hoarding,,0.0,22.85,,124,24.8,17,20.0,30,13,22.85,2,26,73,10,4,2,2,2,0,0,random_feasible,Uniform random feasible,0.10322580645161294
,500068,mixed,Mixed,,0.0,23.299999999999997,,132,26.4,14,16.5,37,23,23.299999999999997,3,25,119,12,2,1,3,2,0,0,random_feasible,Uniform random feasible,0.18181818181818188
,500068,need_based_to_competitive,Need-based → competitive,10.0,0.0,25.4,,146,29.2,14,18.0,41,27,25.4,3,25,128,11,4,1,2,2,0,0,random_feasible,Uniform random feasible,0.18630136986301382
,500068,cooperative_to_hoarding,Cooperative → hoarding,10.0,0.0,20.1,,119,23.8,9,15.5,33,24,20.1,2,26,85,11,4,1,2,2,0,0,random_feasible,Uniform random feasible,0.18823529411764706
,500069,need_based,Need-based,,0.0,19.35,,119,23.8,6,11.5,34,28,19.35,2,26,122,10,3,0,6,0,1,0,random_feasible,Uniform random feasible,0.24537815126050422
,500069,cooperative,Cooperative,,0.0,17.4,,106,21.2,6,11.5,42,36,17.4,3,25,190,10,3,0,6,0,1,0,random_feasible,Uniform random feasible,0.290566037735849
,500069,hoarding,Hoarding,,0.0,20.1,,119,23.8,9,11.5,52,43,20.1,3,25,90,10,6,0,3,0,1,0,random_feasible,Uniform random feasible,0.3260504201680672
,500069,mixed,Mixed,,0.0,18.0,,105,21.0,9,10.0,36,27,18.0,3,25,109,12,1,0,6,0,1,0,random_feasible,Uniform random feasible,0.29714285714285715
,500069,need_based_to_competitive,Need-based → competitive,10.0,0.0,17.85,,104,20.8,9,13.0,44,35,17.85,2,26,114,11,3,0,5,0,1,0,random_feasible,Uniform random feasible,0.2692307692307694
,500069,cooperative_to_hoarding,Cooperative → hoarding,10.0,0.0,14.700000000000001,,88,17.6,6,10.0,34,28,14.700000000000001,3,25,129,10,3,0,6,0,1,0,random_feasible,Uniform random feasible,0.2681818181818183
,500070,need_based,Need-based,,0.0,11.850000000000001,,69,13.8,6,7.5,25,19,11.850000000000001,2,26,211,12,3,1,2,1,0,1,random_feasible,Uniform random feasible,0.2666666666666666
,500070,cooperative,Cooperative,,0.0,17.4,,101,20.2,9,13.0,34,25,17.4,2,26,224,12,2,1,3,1,0,1,random_feasible,Uniform random feasible,0.2178217821782178
,500070,hoarding,Hoarding,,0.0,17.4,,96,19.2,12,13.0,25,13,17.4,3,25,80,11,3,1,2,2,0,1,random_feasible,Uniform random feasible,0.14583333333333348
,500070,mixed,Mixed,,0.0,20.15,,116,23.2,11,11.0,39,28,20.15,2,26,152,12,2,1,3,1,0,1,random_feasible,Uniform random feasible,0.25172413793103443
,500070,need_based_to_competitive,Need-based → competitive,10.0,0.0,10.649999999999999,,61,12.2,6,7.5,18,12,10.649999999999999,2,26,72,11,3,1,2,2,0,1,random_feasible,Uniform random feasible,0.19016393442622959
,500070,cooperative_to_hoarding,Cooperative → hoarding,10.0,0.0,14.0,,80,16.0,8,8.5,29,21,14.0,2,26,117,11,4,1,1,2,0,1,random_feasible,Uniform random feasible,0.25
,500071,need_based,Need-based,,0.0,27.9,,151,30.2,21,21.5,43,22,27.9,3,25,256,12,4,2,2,0,0,0,random_feasible,Uniform random feasible,0.15894039735099352
,500071,cooperative,Cooperative,,0.0,23.75,,135,27.0,14,14.0,39,25,23.75,3,25,256,12,4,2,2,0,0,0,random_feasible,Uniform random feasible,0.21925925925925926
,500071,hoarding,Hoarding,,0.0,17.450000000000003,,93,18.6,14,14.0,28,14,17.450000000000003,1,27,80,9,6,1,3,1,0,0,random_feasible,Uniform random feasible,0.1548387096774193
,500071,mixed,Mixed,,0.0,16.200000000000003,,98,19.6,6,10.0,36,30,16.200000000000003,3,25,138,12,4,2,2,0,0,0,random_feasible,Uniform random feasible,0.27755102040816326
,500071,need_based_to_competitive,Need-based → competitive,10.0,0.0,22.1,,124,24.8,14,15.5,39,25,22.1,2,26,108,11,5,1,2,1,0,0,random_feasible,Uniform random feasible,0.2129032258064516
,500071,cooperative_to_hoarding,Cooperative → hoarding,10.0,0.0,19.85,,119,23.8,8,11.0,42,34,19.85,4,24,146,11,5,3,1,0,0,0,random_feasible,Uniform random feasible,0.29243697478991604
,500072,need_based,Need-based,,0.0,22.25,,120,24.0,17,18.0,32,15,22.25,2,26,123,10,6,0,3,1,0,0,random_feasible,Uniform random feasible,0.13666666666666671
,500072,cooperative,Cooperative,,0.0,17.25,,95,19.0,12,13.0,41,29,17.25,2,26,116,10,6,0,3,1,0,0,random_feasible,Uniform random feasible,0.24421052631578943
,500072,hoarding,Hoarding,,0.0,17.700000000000003,,98,19.6,12,13.0,39,27,17.700000000000003,1,27,51,8,8,0,2,2,0,0,random_feasible,Uniform random feasible,0.23265306122448992
,500072,mixed,Mixed,,0.0,18.049999999999997,,97,19.4,14,14.5,27,13,18.049999999999997,4,24,80,11,4,0,4,1,0,0,random_feasible,Uniform random feasible,0.13608247422680408
,500072,need_based_to_competitive,Need-based → competitive,10.0,0.0,18.299999999999997,,102,20.4,12,13.0,36,24,18.299999999999997,2,26,53,10,5,0,3,2,0,0,random_feasible,Uniform random feasible,0.219607843137255
,500072,cooperative_to_hoarding,Cooperative → hoarding,10.0,0.0,17.450000000000003,,98,19.6,11,12.5,37,26,17.450000000000003,4,24,94,11,6,0,2,1,0,0,random_feasible,Uniform random feasible,0.23265306122448992
,500073,need_based,Need-based,,0.0,26.0,,155,31.0,11,16.5,51,40,26.0,1,27,175,11,6,1,2,0,0,0,random_feasible,Uniform random feasible,0.26322580645161286
,500073,cooperative,Cooperative,,0.0,24.75,,145,29.0,12,19.5,41,29,24.75,3,25,203,11,7,1,1,0,0,0,random_feasible,Uniform random feasible,0.1820689655172414
,500073,hoarding,Hoarding,,0.0,16.950000000000003,,108,21.6,3,10.0,36,33,16.950000000000003,3,25,69,10,3,3,3,1,0,0,random_feasible,Uniform random feasible,0.3111111111111111
,500073,mixed,Mixed,,0.0,20.1,,119,23.8,9,10.0,52,43,20.1,3,25,121,11,6,1,2,0,0,0,random_feasible,Uniform random feasible,0.3529411764705883
,500073,need_based_to_competitive,Need-based → competitive,10.0,0.0,24.200000000000003,,143,28.6,11,14.0,52,41,24.200000000000003,3,25,126,11,5,1,3,0,0,0,random_feasible,Uniform random feasible,0.2965034965034965
,500073,cooperative_to_hoarding,Cooperative → hoarding,10.0,0.0,20.85,,124,24.8,9,11.5,49,40,20.85,3,25,165,10,8,1,1,0,0,0,random_feasible,Uniform random feasible,0.30967741935483883
,500074,need_based,Need-based,,0.0,27.799999999999997,,162,32.4,14,22.0,46,32,27.799999999999997,5,23,170,12,5,0,2,0,0,1,random_feasible,Uniform random feasible,0.1753086419753087
,500074,cooperative,Cooperative,,0.0,13.05,,77,15.4,6,6.0,39,33,13.05,3,25,131,12,4,0,3,0,0,1,random_feasible,Uniform random feasible,0.4155844155844157
,500074,hoarding,Hoarding,,0.0,11.100000000000001,,69,13.8,3,7.0,21,18,11.100000000000001,4,24,68,12,4,0,3,0,0,1,random_feasible,Uniform random feasible,0.24347826086956537
,500074,mixed,Mixed,,0.0,18.9,,111,22.2,9,11.5,33,24,18.9,3,25,123,12,4,0,3,0,0,1,random_feasible,Uniform random feasible,0.23063063063063072
,500074,need_based_to_competitive,Need-based → competitive,10.0,0.0,23.450000000000003,,133,26.6,14,14.0,49,35,23.450000000000003,2,26,126,11,3,0,4,1,0,1,random_feasible,Uniform random feasible,0.2616541353383459
,500074,cooperative_to_hoarding,Cooperative → hoarding,10.0,0.0,17.25,,105,21.0,6,6.0,47,41,17.25,4,24,102,12,4,0,3,0,0,1,random_feasible,Uniform random feasible,0.4152380952380952
,500075,need_based,Need-based,,0.0,25.35,,154,30.8,9,18.0,44,35,25.35,2,26,139,11,2,0,5,1,1,0,random_feasible,Uniform random feasible,0.21038961038961035
,500075,cooperative,Cooperative,,0.0,22.700000000000003,,128,25.6,14,18.0,39,25,22.700000000000003,1,27,148,9,1,1,8,1,0,0,random_feasible,Uniform random feasible,0.171875
,500075,hoarding,Hoarding,,0.0,16.35,,99,19.8,6,10.0,34,28,16.35,3,25,38,9,4,0,5,1,1,0,random_feasible,Uniform random feasible,0.2707070707070707
,500075,mixed,Mixed,,0.0,16.5,,95,19.0,9,12.0,29,20,16.5,2,26,63,10,1,0,7,1,1,0,random_feasible,Uniform random feasible,0.19789473684210535
,500075,need_based_to_competitive,Need-based → competitive,10.0,0.0,22.65,,141,28.2,6,17.0,47,41,22.65,2,26,123,11,2,0,5,1,1,0,random_feasible,Uniform random feasible,0.23829787234042565
,500075,cooperative_to_hoarding,Cooperative → hoarding,10.0,0.0,17.1,,99,19.8,9,13.0,28,19,17.1,1,27,92,8,3,0,8,1,0,0,random_feasible,Uniform random feasible,0.18585858585858595
,500076,need_based,Need-based,,0.0,23.75,,130,26.0,17,18.0,45,28,23.75,1,27,142,11,3,0,4,0,1,1,random_feasible,Uniform random feasible,0.1907692307692308
,500076,cooperative,Cooperative,,0.0,22.450000000000003,,118,23.6,19,20.5,30,11,22.450000000000003,1,27,121,10,3,0,5,0,1,1,random_feasible,Uniform random feasible,0.0847457627118644
,500076,hoarding,Hoarding,,0.0,10.55,,62,12.4,5,5.5,22,17,10.55,1,27,46,9,5,0,5,0,0,1,random_feasible,Uniform random feasible,0.29032258064516125
,500076,mixed,Mixed,,0.0,19.950000000000003,,113,22.6,12,15.0,30,18,19.950000000000003,2,26,79,11,2,0,5,0,1,1,random_feasible,Uniform random feasible,0.15929203539823011
,500076,need_based_to_competitive,Need-based → competitive,10.0,0.0,17.85,,109,21.8,6,10.0,44,38,17.85,2,26,97,11,3,0,4,0,1,1,random_feasible,Uniform random feasible,0.3155963302752294
,500076,cooperative_to_hoarding,Cooperative → hoarding,10.0,0.0,16.049999999999997,,97,19.4,6,10.0,33,27,16.049999999999997,2,26,83,11,2,0,5,0,1,1,random_feasible,Uniform random feasible,0.268041237113402
,500077,need_based,Need-based,,0.0,26.35,,139,27.8,22,22.0,40,18,26.35,4,24,154,12,3,0,2,2,1,0,random_feasible,Uniform random feasible,0.13525179856115122
,500077,cooperative,Cooperative,,0.0,30.0,,155,31.0,27,27.5,40,13,30.0,4,24,212,12,2,0,4,1,1,0,random_feasible,Uniform random feasible,0.07225806451612904
,500077,hoarding,Hoarding,,0.0,18.299999999999997,,112,22.4,6,14.0,31,25,18.299999999999997,3,25,88,12,2,0,3,2,1,0,random_feasible,Uniform random feasible,0.19999999999999996
,500077,mixed,Mixed,,0.0,13.649999999999999,,81,16.2,6,10.0,25,19,13.649999999999999,3,25,83,11,3,0,4,1,1,0,random_feasible,Uniform random feasible,0.22716049382716053
,500077,need_based_to_competitive,Need-based → competitive,10.0,0.0,23.0,,125,25.0,17,17.0,36,19,23.0,4,24,126,12,3,0,2,2,1,0,random_feasible,Uniform random feasible,0.15680000000000005
,500077,cooperative_to_hoarding,Cooperative → hoarding,10.0,0.0,14.600000000000001,,79,15.8,11,14.0,17,6,14.600000000000001,3,25,138,11,3,0,4,1,1,0,random_feasible,Uniform random feasible,0.06075949367088618
,500078,need_based,Need-based,,0.0,29.5,,160,32.0,22,24.5,44,22,29.5,4,24,157,9,4,1,6,0,0,0,random_feasible,Uniform random feasible,0.14000000000000012
,500078,cooperative,Cooperative,,0.0,21.35,,114,22.8,17,18.0,29,12,21.35,4,24,192,12,2,1,4,0,1,0,random_feasible,Uniform random feasible,0.10526315789473695
,500078,hoarding,Hoarding,,0.0,21.950000000000003,,118,23.6,17,19.5,30,13,21.950000000000003,3,25,67,10,2,2,5,0,1,0,random_feasible,Uniform random feasible,0.10508474576271198
,500078,mixed,Mixed,,0.0,23.450000000000003,,123,24.6,20,21.0,28,8,23.450000000000003,2,26,114,10,6,1,2,0,1,0,random_feasible,Uniform random feasible,0.07154471544715446
,500078,need_based_to_competitive,Need-based → competitive,10.0,0.0,22.25,,120,24.0,17,19.5,29,12,22.25,3,25,88,9,2,1,8,0,0,0,random_feasible,Uniform random feasible,0.10000000000000009
,500078,cooperative_to_hoarding,Cooperative → hoarding,10.0,0.0,18.9,,106,21.2,12,14.5,38,26,18.9,2,26,141,9,5,1,5,0,0,0,random_feasible,Uniform random feasible,0.2075471698113207
,500079,need_based,Need-based,,0.0,19.35,,119,23.8,6,14.0,36,30,19.35,1,27,163,12,3,1,2,1,1,0,random_feasible,Uniform random feasible,0.22857142857142865
,500079,cooperative,Cooperative,,0.0,15.899999999999999,,91,18.2,9,10.0,37,28,15.899999999999999,3,25,149,10,3,1,5,0,1,0,random_feasible,Uniform random feasible,0.27252747252747267
,500079,hoarding,Hoarding,,0.0,19.4,,111,22.2,11,15.5,30,19,19.4,1,27,84,10,3,1,4,1,0,1,random_feasible,Uniform random feasible,0.16576576576576585
,500079,mixed,Mixed,,0.0,21.299999999999997,,132,26.4,6,9.5,47,41,21.299999999999997,1,27,154,12,3,1,2,1,1,0,random_feasible,Uniform random feasible,0.3181818181818181
,500079,need_based_to_competitive,Need-based → competitive,10.0,0.0,19.950000000000003,,113,22.6,12,13.5,41,29,19.950000000000003,1,27,140,12,3,1,2,1,1,0,random_feasible,Uniform random feasible,0.25132743362831866
,500079,cooperative_to_hoarding,Cooperative → hoarding,10.0,0.0,11.100000000000001,,64,12.8,6,8.5,21,15,11.100000000000001,3,25,101,11,1,1,6,0,1,0,random_feasible,Uniform random feasible,0.20625000000000004
,500080,need_based,Need-based,,0.0,24.950000000000003,,143,28.6,14,18.0,52,38,24.950000000000003,5,23,149,13,2,0,2,2,0,1,random_feasible,Uniform random feasible,0.24335664335664342
,500080,cooperative,Cooperative,,0.0,27.549999999999997,,147,29.4,22,22.0,46,24,27.549999999999997,3,25,179,11,3,0,4,1,0,1,random_feasible,Uniform random feasible,0.16598639455782327
,500080,hoarding,Hoarding,,0.0,24.35,,129,25.8,20,21.0,38,18,24.35,5,23,98,13,2,0,2,2,0,1,random_feasible,Uniform random feasible,0.12713178294573657
,500080,mixed,Mixed,,0.0,19.1,,109,21.8,11,14.5,36,25,19.1,2,26,114,11,3,0,5,0,0,1,random_feasible,Uniform random feasible,0.1981651376146789
,500080,need_based_to_competitive,Need-based → competitive,10.0,0.0,24.35,,144,28.8,11,12.5,52,41,24.35,3,25,96,12,2,0,3,2,0,1,random_feasible,Uniform random feasible,0.3055555555555556
,500080,cooperative_to_hoarding,Cooperative → hoarding,10.0,0.0,20.450000000000003,,113,22.6,14,14.0,36,22,20.450000000000003,1,27,114,11,3,0,4,1,0,1,random_feasible,Uniform random feasible,0.2230088495575222
,500081,need_based,Need-based,,0.0,27.200000000000003,,158,31.6,14,20.5,50,36,27.200000000000003,3,25,215,11,1,2,5,1,0,0,random_feasible,Uniform random feasible,0.21518987341772156
,500081,cooperative,Cooperative,,0.0,19.700000000000003,,118,23.6,8,12.5,36,28,19.700000000000003,3,25,183,12,2,2,4,0,0,0,random_feasible,Uniform random feasible,0.2508474576271187
,500081,hoarding,Hoarding,,0.0,24.200000000000003,,138,27.6,14,18.0,43,29,24.200000000000003,1,27,87,9,1,2,7,1,0,0,random_feasible,Uniform random feasible,0.2028985507246377
,500081,mixed,Mixed,,0.0,13.600000000000001,,84,16.8,4,5.0,44,40,13.600000000000001,2,26,132,10,3,1,5,1,0,0,random_feasible,Uniform random feasible,0.43333333333333335
,500081,need_based_to_competitive,Need-based → competitive,10.0,0.0,23.700000000000003,,143,28.6,9,18.5,46,37,23.700000000000003,3,25,125,10,1,2,6,1,0,0,random_feasible,Uniform random feasible,0.21258741258741254
,500081,cooperative_to_hoarding,Cooperative → hoarding,10.0,0.0,24.0,,140,28.0,12,15.5,54,42,24.0,2,26,147,11,2,2,5,0,0,0,random_feasible,Uniform random feasible,0.2714285714285716
,500082,need_based,Need-based,,0.0,27.4,,146,29.2,22,22.0,39,17,27.4,3,25,219,13,3,2,1,0,0,1,random_feasible,Uniform random feasible,0.13150684931506862
,500082,cooperative,Cooperative,,0.0,24.049999999999997,,127,25.4,20,21.0,30,10,24.049999999999997,3,25,247,13,3,2,1,0,0,1,random_feasible,Uniform random feasible,0.0818897637795275
,500082,hoarding,Hoarding,,0.0,14.399999999999999,,76,15.2,12,13.0,19,7,14.399999999999999,1,27,64,11,4,1,3,0,0,1,random_feasible,Uniform random feasible,0.08947368421052637
,500082,mixed,Mixed,,0.0,18.450000000000003,,98,19.6,15,16.0,25,10,18.450000000000003,1,27,104,11,3,2,3,0,0,1,random_feasible,Uniform random feasible,0.10204081632653073
,500082,need_based_to_competitive,Need-based → competitive,10.0,0.0,24.0,,140,28.0,12,13.0,47,35,24.0,1,27,116,11,4,2,2,0,0,1,random_feasible,Uniform random feasible,0.2657142857142858
,500082,cooperative_to_hoarding,Cooperative → hoarding,10.0,0.0,12.75,,75,15.0,6,8.5,22,16,12.75,3,25,151,11,3,2,3,0,0,1,random_feasible,Uniform random feasible,0.21333333333333337
,500083,need_based,Need-based,,0.0,24.65,,131,26.2,20,22.5,31,11,24.65,4,24,195,12,5,2,1,0,0,0,random_feasible,Uniform random feasible,0.07938931297709928
,500083,cooperative,Cooperative,,0.0,21.5,,120,24.0,14,16.5,36,22,21.5,3,25,207,12,3,3,2,0,0,0,random_feasible,Uniform random feasible,0.17000000000000015
,500083,hoarding,Hoarding,,0.0,13.05,,77,15.4,6,7.5,28,22,13.05,3,25,81,11,3,3,2,1,0,0,random_feasible,Uniform random feasible,0.3012987012987014
,500083,mixed,Mixed,,0.0,21.950000000000003,,123,24.6,14,14.0,43,29,21.950000000000003,2,26,141,12,3,2,2,1,0,0,random_feasible,Uniform random feasible,0.24390243902439024
,500083,need_based_to_competitive,Need-based → competitive,10.0,0.0,27.549999999999997,,152,30.4,19,22.0,38,19,27.549999999999997,2,26,216,11,6,2,1,0,0,0,random_feasible,Uniform random feasible,0.13157894736842102
,500083,cooperative_to_hoarding,Cooperative → hoarding,10.0,0.0,13.350000000000001,,79,15.8,6,10.0,27,21,13.350000000000001,3,25,119,11,4,3,2,0,0,0,random_feasible,Uniform random feasible,0.2278481012658229
,500084,need_based,Need-based,,0.0,21.0,,125,25.0,9,17.0,31,22,21.0,2,26,140,11,2,0,4,1,2,0,random_feasible,Uniform random feasible,0.15680000000000005
,500084,cooperative,Cooperative,,0.0,22.549999999999997,,127,25.4,14,18.0,36,22,22.549999999999997,2,26,148,10,1,0,6,1,2,0,random_feasible,Uniform random feasible,0.16377952755905523
,500084,hoarding,Hoarding,,0.0,16.35,,99,19.8,6,10.0,35,29,16.35,3,25,70,10,4,0,4,0,2,0,random_feasible,Uniform random feasible,0.2787878787878788
,500084,mixed,Mixed,,0.0,14.549999999999999,,82,16.4,9,10.0,33,24,14.549999999999999,4,24,79,11,3,0,3,1,2,0,random_feasible,Uniform random feasible,0.2634146341463415
,500084,need_based_to_competitive,Need-based → competitive,10.0,0.0,17.75,,95,19.0,14,15.5,25,11,17.75,4,24,94,11,3,0,3,1,2,0,random_feasible,Uniform random feasible,0.11368421052631583
,500084,cooperative_to_hoarding,Cooperative → hoarding,10.0,0.0,16.799999999999997,,107,21.4,3,10.0,38,35,16.799999999999997,2,26,99,10,1,0,6,1,2,0,random_feasible,Uniform random feasible,0.2990654205607477
,500085,need_based,Need-based,,0.0,24.799999999999997,,137,27.4,17,19.5,34,17,24.799999999999997,3,25,122,11,1,1,5,0,2,0,random_feasible,Uniform random feasible,0.13138686131386867
,500085,cooperative,Cooperative,,0.0,26.35,,144,28.8,19,19.0,42,23,26.35,1,27,199,12,1,1,4,0,2,0,random_feasible,Uniform random feasible,0.19166666666666665
,500085,hoarding,Hoarding,,0.0,15.0,,90,18.0,6,6.0,44,38,15.0,2,26,53,11,1,1,3,0,4,0,random_feasible,Uniform random feasible,0.40000000000000013
,500085,mixed,Mixed,,0.0,16.200000000000003,,98,19.6,6,11.5,33,27,16.200000000000003,1,27,100,12,1,1,3,1,2,0,random_feasible,Uniform random feasible,0.25306122448979607
,500085,need_based_to_competitive,Need-based → competitive,10.0,0.0,21.450000000000003,,128,25.6,9,15.5,42,33,21.450000000000003,3,25,102,11,1,1,5,0,2,0,random_feasible,Uniform random feasible,0.2406250000000001
,500085,cooperative_to_hoarding,Cooperative → hoarding,10.0,0.0,16.65,,101,20.2,6,9.0,38,32,16.65,1,27,132,12,1,1,4,0,2,0,random_feasible,Uniform random feasible,0.3168316831683169
,500086,need_based,Need-based,,0.0,24.25,,130,26.0,19,20.5,37,18,24.25,2,26,120,12,3,0,1,2,1,1,random_feasible,Uniform random feasible,0.13538461538461544
,500086,cooperative,Cooperative,,0.0,21.299999999999997,,132,26.4,6,14.0,42,36,21.299999999999997,3,25,156,13,3,0,1,1,1,1,random_feasible,Uniform random feasible,0.24848484848484853
,500086,hoarding,Hoarding,,0.0,15.649999999999999,,91,18.2,8,9.5,36,28,15.649999999999999,4,24,53,12,2,1,2,1,1,1,random_feasible,Uniform random feasible,0.29450549450549457
,500086,mixed,Mixed,,0.0,19.35,,119,23.8,6,16.0,33,27,19.35,1,27,113,12,4,0,0,2,1,1,random_feasible,Uniform random feasible,0.18487394957983194
,500086,need_based_to_competitive,Need-based → competitive,10.0,0.0,26.6,,144,28.8,20,21.0,37,17,26.6,1,27,109,12,3,0,1,2,1,1,random_feasible,Uniform random feasible,0.13055555555555554
,500086,cooperative_to_hoarding,Cooperative → hoarding,10.0,0.0,17.4,,101,20.2,9,13.0,36,27,17.4,3,25,116,13,3,0,1,1,1,1,random_feasible,Uniform random feasible,0.22574257425742572
,500087,need_based,Need-based,,0.0,19.65,,121,24.2,6,14.0,41,35,19.65,4,23,169,13,2,2,1,1,0,1,random_feasible,Uniform random feasible,0.2578512396694215
,500087,cooperative,Cooperative,,0.0,18.5,,100,20.0,14,15.5,27,13,18.5,2,25,204,12,2,2,3,0,0,1,random_feasible,Uniform random feasible,0.1200000000000001
,500087,hoarding,Hoarding,,0.0,23.9,,136,27.2,14,16.5,47,33,23.9,2,25,90,12,2,1,3,1,0,1,random_feasible,Uniform random feasible,0.22941176470588243
,500087,mixed,Mixed,,0.0,17.25,,105,21.0,6,9.0,38,32,17.25,4,23,147,13,2,2,1,1,0,1,random_feasible,Uniform random feasible,0.29333333333333345
,500087,need_based_to_competitive,Need-based → competitive,10.0,0.0,15.899999999999999,,96,19.2,6,10.0,33,27,15.899999999999999,3,24,157,13,2,2,1,1,0,1,random_feasible,Uniform random feasible,0.2666666666666666
,500087,cooperative_to_hoarding,Cooperative → hoarding,10.0,0.0,11.850000000000001,,69,13.8,6,8.5,19,13,11.850000000000001,3,24,168,12,2,2,3,0,0,1,random_feasible,Uniform random feasible,0.1855072463768117
,500088,need_based,Need-based,,0.0,21.700000000000003,,113,22.6,19,19.0,28,9,21.700000000000003,2,26,131,12,3,0,4,0,0,1,random_feasible,Uniform random feasible,0.08495575221238938
,500088,cooperative,Cooperative,,0.0,21.049999999999997,,117,23.4,14,15.5,41,27,21.049999999999997,1,27,176,11,2,0,6,0,0,1,random_feasible,Uniform random feasible,0.20512820512820507
,500088,hoarding,Hoarding,,0.0,17.450000000000003,,103,20.6,8,8.5,38,30,17.450000000000003,1,27,96,10,4,0,5,0,0,1,random_feasible,Uniform random feasible,0.31456310679611654
,500088,mixed,Mixed,,0.0,25.549999999999997,,142,28.4,17,19.5,45,28,25.549999999999997,4,24,138,11,3,0,5,0,0,1,random_feasible,Uniform random feasible,0.18873239436619715
,500088,need_based_to_competitive,Need-based → competitive,10.0,0.0,21.75,,115,23.0,18,20.0,31,13,21.75,2,26,127,12,3,0,4,0,0,1,random_feasible,Uniform random feasible,0.09043478260869575
,500088,cooperative_to_hoarding,Cooperative → hoarding,10.0,0.0,16.200000000000003,,98,19.6,6,11.0,41,35,16.200000000000003,2,26,95,11,2,0,5,1,0,1,random_feasible,Uniform random feasible,0.29387755102040813
,500089,need_based,Need-based,,0.0,20.6,,114,22.8,14,16.5,33,19,20.6,4,24,110,10,5,0,3,0,2,0,random_feasible,Uniform random feasible,0.16842105263157903
,500089,cooperative,Cooperative,,0.0,16.950000000000003,,98,19.6,9,13.0,25,16,16.950000000000003,1,27,144,10,6,0,2,0,2,0,random_feasible,Uniform random feasible,0.16326530612244894
,500089,hoarding,Hoarding,,0.0,21.5,,120,24.0,14,14.0,45,31,21.5,3,25,64,11,4,0,2,0,3,0,random_feasible,Uniform random feasible,0.26
,500089,mixed,Mixed,,0.0,20.9,,111,22.2,17,18.0,29,12,20.9,3,25,118,12,5,0,0,0,3,0,random_feasible,Uniform random feasible,0.11531531531531547
,500089,need_based_to_competitive,Need-based → competitive,10.0,0.0,16.65,,101,20.2,6,14.0,29,23,16.65,2,26,79,10,6,0,2,0,2,0,random_feasible,Uniform random feasible,0.18217821782178212
,500089,cooperative_to_hoarding,Cooperative → hoarding,10.0,0.0,15.200000000000001,,83,16.6,11,12.0,25,14,15.200000000000001,3,25,118,11,5,0,1,0,3,0,random_feasible,Uniform random feasible,0.15421686746987961
,500090,need_based,Need-based,,0.0,26.35,,144,28.8,19,20.0,41,22,26.35,4,24,161,12,3,0,3,1,1,0,random_feasible,Uniform random feasible,0.1694444444444445
,500090,cooperative,Cooperative,,0.0,23.25,,150,30.0,3,16.5,46,43,23.25,4,24,207,12,3,0,3,1,1,0,random_feasible,Uniform random feasible,0.2506666666666668
,500090,hoarding,Hoarding,,0.0,16.65,,106,21.2,3,6.0,52,49,16.65,4,24,72,9,7,0,2,1,1,0,random_feasible,Uniform random feasible,0.43018867924528315
,500090,mixed,Mixed,,0.0,18.0,,110,22.0,6,7.5,39,33,18.0,4,24,97,12,3,0,3,1,1,0,random_feasible,Uniform random feasible,0.31272727272727274
,500090,need_based_to_competitive,Need-based → competitive,10.0,0.0,18.9,,106,21.2,12,13.0,30,18,18.9,4,24,106,12,3,0,3,1,1,0,random_feasible,Uniform random feasible,0.18867924528301883
,500090,cooperative_to_hoarding,Cooperative → hoarding,10.0,0.0,23.6,,134,26.8,14,15.5,38,24,23.6,1,27,118,9,3,1,5,1,1,0,random_feasible,Uniform random feasible,0.19701492537313436
,500091,need_based,Need-based,,0.0,28.6,,154,30.8,22,22.0,38,16,28.6,1,27,177,11,3,0,4,0,1,1,random_feasible,Uniform random feasible,0.12467532467532472
,500091,cooperative,Cooperative,,0.0,22.5,,135,27.0,9,14.0,44,35,22.5,2,26,186,12,2,1,3,0,2,0,random_feasible,Uniform random feasible,0.24888888888888894
,500091,hoarding,Hoarding,,0.0,17.549999999999997,,97,19.4,12,13.0,40,28,17.549999999999997,3,25,71,11,3,0,5,0,0,1,random_feasible,Uniform random feasible,0.24329896907216497
,500091,mixed,Mixed,,0.0,22.549999999999997,,132,26.4,11,16.5,47,36,22.549999999999997,2,26,147,12,2,1,3,0,2,0,random_feasible,Uniform random feasible,0.2333333333333334
,500091,need_based_to_competitive,Need-based → competitive,10.0,0.0,21.6,,129,25.8,9,11.5,43,34,21.6,3,25,103,11,2,2,3,0,1,1,random_feasible,Uniform random feasible,0.2697674418604652
,500091,cooperative_to_hoarding,Cooperative → hoarding,10.0,0.0,16.049999999999997,,97,19.4,6,7.5,42,36,16.049999999999997,2,26,103,11,3,0,4,0,2,0,random_feasible,Uniform random feasible,0.3422680412371135
,500092,need_based,Need-based,,0.0,30.900000000000002,,161,32.2,27,28.5,38,11,30.900000000000002,2,26,129,10,1,1,6,2,0,0,random_feasible,Uniform random feasible,0.06956521739130439
,500092,cooperative,Cooperative,,0.0,17.1,,104,20.8,6,10.0,33,27,17.1,4,24,152,10,1,1,6,2,0,0,random_feasible,Uniform random feasible,0.26538461538461533
,500092,hoarding,Hoarding,,0.0,20.9,,116,23.2,14,18.0,31,17,20.9,3,25,91,10,1,1,6,1,1,0,random_feasible,Uniform random feasible,0.1344827586206896
,500092,mixed,Mixed,,0.0,17.25,,100,20.0,9,9.0,41,32,17.25,2,26,97,9,1,1,7,2,0,0,random_feasible,Uniform random feasible,0.32800000000000007
,500092,need_based_to_competitive,Need-based → competitive,10.0,0.0,22.25,,130,26.0,11,18.0,33,22,22.25,2,26,100,10,2,1,5,2,0,0,random_feasible,Uniform random feasible,0.15384615384615397
,500092,cooperative_to_hoarding,Cooperative → hoarding,10.0,0.0,15.149999999999999,,91,18.2,6,9.0,33,27,15.149999999999999,2,26,111,11,1,1,5,2,0,0,random_feasible,Uniform random feasible,0.30329670329670333
,500093,need_based,Need-based,,0.0,29.700000000000003,,163,32.6,21,25.5,44,23,29.700000000000003,4,24,171,12,1,1,4,2,0,0,random_feasible,Uniform random feasible,0.132515337423313
,500093,cooperative,Cooperative,,0.0,24.200000000000003,,138,27.6,14,19.5,38,24,24.200000000000003,2,26,189,12,0,1,4,3,0,0,random_feasible,Uniform random feasible,0.15652173913043477
,500093,hoarding,Hoarding,,0.0,15.75,,95,19.0,6,13.0,24,18,15.75,4,24,71,11,1,1,6,1,0,0,random_feasible,Uniform random feasible,0.16421052631578958
,500093,mixed,Mixed,,0.0,21.200000000000003,,113,22.6,17,17.0,34,17,21.200000000000003,2,26,107,12,1,1,4,2,0,0,random_feasible,Uniform random feasible,0.1415929203539823
,500093,need_based_to_competitive,Need-based → competitive,10.0,0.0,29.049999999999997,,157,31.4,22,23.5,47,25,29.049999999999997,1,27,160,11,1,1,4,3,0,0,random_feasible,Uniform random feasible,0.15286624203821653
,500093,cooperative_to_hoarding,Cooperative → hoarding,10.0,0.0,23.15,,126,25.2,17,18.5,33,16,23.15,2,26,143,12,0,1,4,3,0,0,random_feasible,Uniform random feasible,0.13650793650793647
,500094,need_based,Need-based,,0.0,28.75,,155,31.0,22,23.5,44,22,28.75,1,26,127,12,2,0,3,1,2,0,random_feasible,Uniform random feasible,0.13419354838709685
,500094,cooperative,Cooperative,,0.0,24.65,,131,26.2,20,21.0,35,15,24.65,3,24,196,13,1,1,3,1,1,0,random_feasible,Uniform random feasible,0.11297709923664123
,500094,hoarding,Hoarding,,0.0,19.950000000000003,,118,23.6,9,15.0,34,25,19.950000000000003,3,24,66,12,1,1,3,1,2,0,random_feasible,Uniform random feasible,0.19661016949152543
,500094,mixed,Mixed,,0.0,20.299999999999997,,112,22.4,14,17.5,30,16,20.299999999999997,1,26,118,12,0,1,4,1,2,0,random_feasible,Uniform random feasible,0.12857142857142856
,500094,need_based_to_competitive,Need-based → competitive,10.0,0.0,32.849999999999994,,174,34.8,27,28.0,47,20,32.849999999999994,1,26,119,12,2,0,3,1,2,0,random_feasible,Uniform random feasible,0.11264367816091969
,500094,cooperative_to_hoarding,Cooperative → hoarding,10.0,0.0,18.15,,101,20.2,12,13.0,31,19,18.15,3,24,119,13,1,1,3,1,1,0,random_feasible,Uniform random feasible,0.21386138613861383
,500095,need_based,Need-based,,0.0,26.450000000000003,,153,30.6,14,19.5,52,38,26.450000000000003,3,25,149,11,6,0,1,1,0,1,random_feasible,Uniform random feasible,0.219607843137255
,500095,cooperative,Cooperative,,0.0,14.700000000000001,,83,16.6,9,9.0,25,16,14.700000000000001,2,26,141,11,5,0,2,1,0,1,random_feasible,Uniform random feasible,0.22168674698795177
,500095,hoarding,Hoarding,,0.0,14.549999999999999,,87,17.4,6,10.0,27,21,14.549999999999999,3,25,67,11,6,0,1,1,0,1,random_feasible,Uniform random feasible,0.2436781609195402
,500095,mixed,Mixed,,0.0,18.299999999999997,,107,21.4,9,13.0,31,22,18.299999999999997,2,26,110,12,5,0,1,1,0,1,random_feasible,Uniform random feasible,0.19813084112149548
,500095,need_based_to_competitive,Need-based → competitive,10.0,0.0,13.799999999999999,,82,16.4,6,6.0,33,27,13.799999999999999,1,27,62,10,8,0,0,1,0,1,random_feasible,Uniform random feasible,0.3414634146341464
,500095,cooperative_to_hoarding,Cooperative → hoarding,10.0,0.0,16.5,,95,19.0,9,14.5,26,17,16.5,2,26,115,12,5,0,1,1,0,1,random_feasible,Uniform random feasible,0.14315789473684215
,500096,need_based,Need-based,,0.0,24.5,,135,27.0,17,20.0,42,25,24.5,1,27,93,9,5,0,4,0,1,1,random_feasible,Uniform random feasible,0.16296296296296298
,500096,cooperative,Cooperative,,0.0,17.700000000000003,,98,19.6,12,13.5,39,27,17.700000000000003,2,26,127,11,1,0,6,0,1,1,random_feasible,Uniform random feasible,0.22857142857142865
,500096,hoarding,Hoarding,,0.0,21.200000000000003,,113,22.6,17,17.0,34,17,21.200000000000003,3,25,55,11,1,0,6,0,1,1,random_feasible,Uniform random feasible,0.14867256637168147
,500096,mixed,Mixed,,0.0,17.25,,100,20.0,9,10.5,39,30,17.25,2,26,58,10,2,0,6,0,1,1,random_feasible,Uniform random feasible,0.28400000000000003
,500096,need_based_to_competitive,Need-based → competitive,10.0,0.0,22.049999999999997,,132,26.4,9,17.0,37,28,22.049999999999997,4,24,83,11,3,0,4,0,1,1,random_feasible,Uniform random feasible,0.19393939393939408
,500096,cooperative_to_hoarding,Cooperative → hoarding,10.0,0.0,21.65,,121,24.2,14,18.0,37,23,21.65,2,26,103,11,1,0,6,0,1,1,random_feasible,Uniform random feasible,0.16528925619834722
,500097,need_based,Need-based,,0.0,22.5,,135,27.0,9,17.0,34,25,22.5,5,23,176,12,5,1,2,0,0,0,random_feasible,Uniform random feasible,0.17481481481481476
,500097,cooperative,Cooperative,,0.0,23.450000000000003,,133,26.6,14,14.0,41,27,23.450000000000003,1,27,183,11,6,1,2,0,0,0,random_feasible,Uniform random feasible,0.22255639097744373
,500097,hoarding,Hoarding,,0.0,15.299999999999999,,92,18.4,6,7.5,48,42,15.299999999999999,1,27,79,9,8,1,1,0,1,0,random_feasible,Uniform random feasible,0.3913043478260869
,500097,mixed,Mixed,,0.0,15.899999999999999,,91,18.2,9,11.5,24,15,15.899999999999999,5,23,133,12,3,1,4,0,0,0,random_feasible,Uniform random feasible,0.1670329670329671
,500097,need_based_to_competitive,Need-based → competitive,10.0,0.0,17.700000000000003,,103,20.6,9,13.0,33,24,17.700000000000003,3,25,122,11,6,1,2,0,0,0,random_feasible,Uniform random feasible,0.22524271844660193
,500097,cooperative_to_hoarding,Cooperative → hoarding,10.0,0.0,17.6,,99,19.8,11,12.5,33,22,17.6,4,24,116,11,4,1,4,0,0,0,random_feasible,Uniform random feasible,0.22222222222222232
,500098,need_based,Need-based,,0.0,16.799999999999997,,97,19.4,9,10.5,36,27,16.799999999999997,2,26,151,12,5,2,0,1,0,0,random_feasible,Uniform random feasible,0.27628865979381456
,500098,cooperative,Cooperative,,0.0,22.1,,129,25.8,11,16.5,39,28,22.1,2,26,261,12,5,2,0,1,0,0,random_feasible,Uniform random feasible,0.19844961240310077
,500098,hoarding,Hoarding,,0.0,16.85,,99,19.8,8,10.0,30,22,16.85,3,25,72,10,4,3,2,1,0,0,random_feasible,Uniform random feasible,0.23838383838383836
,500098,mixed,Mixed,,0.0,19.35,,114,22.8,9,11.5,36,27,19.35,3,25,136,12,5,2,0,1,0,0,random_feasible,Uniform random feasible,0.23859649122807025
,500098,need_based_to_competitive,Need-based → competitive,10.0,0.0,14.700000000000001,,83,16.6,9,9.0,38,29,14.700000000000001,3,25,113,12,4,2,1,1,0,0,random_feasible,Uniform random feasible,0.308433734939759
,500098,cooperative_to_hoarding,Cooperative → hoarding,10.0,0.0,16.049999999999997,,97,19.4,6,10.0,41,35,16.049999999999997,2,26,159,11,6,2,0,1,0,0,random_feasible,Uniform random feasible,0.30927835051546393
,500099,need_based,Need-based,,0.0,28.200000000000003,,153,30.6,21,23.5,43,22,28.200000000000003,3,25,147,12,2,0,3,0,1,2,random_feasible,Uniform random feasible,0.1333333333333333
,500099,cooperative,Cooperative,,0.0,22.25,,125,25.0,14,19.0,30,16,22.25,3,25,174,12,2,0,3,0,2,1,random_feasible,Uniform random feasible,0.12160000000000015
,500099,hoarding,Hoarding,,0.0,14.700000000000001,,83,16.6,9,9.0,34,25,14.700000000000001,2,26,49,11,3,0,2,0,2,2,random_feasible,Uniform random feasible,0.2795180722891566
,500099,mixed,Mixed,,0.0,24.950000000000003,,133,26.6,20,21.0,36,16,24.950000000000003,3,25,124,13,2,0,2,0,2,1,random_feasible,Uniform random feasible,0.12030075187969924
,500099,need_based_to_competitive,Need-based → competitive,10.0,0.0,26.85,,154,30.8,15,21.0,46,31,26.85,3,25,119,12,3,0,2,0,1,2,random_feasible,Uniform random feasible,0.18441558441558437
,500099,cooperative_to_hoarding,Cooperative → hoarding,10.0,0.0,24.35,,134,26.8,17,19.5,38,21,24.35,3,25,131,13,2,0,2,0,2,1,random_feasible,Uniform random feasible,0.15820895522388057
,500000,need_based,Need-based,,0.0,22.15,,126,25.2,13,16.0,37,24,22.15,2,24,145,12,3,0,4,0,1,0,frequency_informed_random,Frequency-informed random feasible,0.1873015873015873
,500000,cooperative,Cooperative,,0.0,21.950000000000003,,123,24.6,14,15.5,38,24,21.950000000000003,2,24,158,12,3,0,4,0,1,0,frequency_informed_random,Frequency-informed random feasible,0.18861788617886188
,500000,hoarding,Hoarding,,0.0,20.4,,116,23.2,12,12.0,36,24,20.4,2,22,54,12,3,0,4,0,1,0,frequency_informed_random,Frequency-informed random feasible,0.22413793103448287
,500000,mixed,Mixed,,0.0,19.049999999999997,,117,23.4,6,7.5,50,44,19.049999999999997,3,22,107,12,3,0,4,0,1,0,frequency_informed_random,Frequency-informed random feasible,0.37264957264957266
,500000,need_based_to_competitive,Need-based → competitive,10.0,0.0,19.049999999999997,,112,22.4,9,15.5,30,21,19.049999999999997,2,24,87,12,3,0,4,0,1,0,frequency_informed_random,Frequency-informed random feasible,0.16428571428571437
,500000,cooperative_to_hoarding,Cooperative → hoarding,10.0,0.0,17.25,,95,19.0,12,13.0,35,23,17.25,2,24,99,12,3,0,4,0,1,0,frequency_informed_random,Frequency-informed random feasible,0.21894736842105278
,500001,need_based,Need-based,,0.0,27.1,,144,28.8,22,23.5,40,18,27.1,5,19,176,14,2,1,2,0,1,0,frequency_informed_random,Frequency-informed random feasible,0.11388888888888893
,500001,cooperative,Cooperative,,0.0,22.700000000000003,,128,25.6,14,15.5,35,21,22.700000000000003,6,18,163,14,2,1,2,0,1,0,frequency_informed_random,Frequency-informed random feasible,0.17500000000000004
,500001,hoarding,Hoarding,,0.0,25.450000000000003,,133,26.6,22,24.0,29,7,25.450000000000003,5,18,78,14,2,1,2,0,1,0,frequency_informed_random,Frequency-informed random feasible,0.051127819548872244
,500001,mixed,Mixed,,0.0,18.5,,105,21.0,11,12.5,30,19,18.5,5,20,112,14,2,1,2,0,1,0,frequency_informed_random,Frequency-informed random feasible,0.18666666666666676
,500001,need_based_to_competitive,Need-based → competitive,10.0,0.0,23.299999999999997,,132,26.4,14,19.0,42,28,23.299999999999997,5,19,157,14,2,1,2,0,1,0,frequency_informed_random,Frequency-informed random feasible,0.17878787878787894
,500001,cooperative_to_hoarding,Cooperative → hoarding,10.0,0.0,14.850000000000001,,94,18.8,3,5.5,33,30,14.850000000000001,5,19,112,14,2,1,2,0,1,0,frequency_informed_random,Frequency-informed random feasible,0.34042553191489366
,500002,need_based,Need-based,,0.0,20.75,,115,23.0,14,15.5,34,20,20.75,7,19,183,14,3,1,1,0,1,0,frequency_informed_random,Frequency-informed random feasible,0.17739130434782613
,500002,cooperative,Cooperative,,0.0,19.200000000000003,,108,21.6,12,17.0,30,18,19.200000000000003,7,19,206,14,3,1,1,0,1,0,frequency_informed_random,Frequency-informed random feasible,0.1333333333333333
,500002,hoarding,Hoarding,,0.0,15.899999999999999,,96,19.2,6,7.5,41,35,15.899999999999999,8,18,88,13,4,1,1,0,0,1,frequency_informed_random,Frequency-informed random feasible,0.33750000000000013
,500002,mixed,Mixed,,0.0,20.6,,119,23.8,11,12.5,39,28,20.6,7,18,142,14,3,1,1,0,1,0,frequency_informed_random,Frequency-informed random feasible,0.2420168067226891
,500002,need_based_to_competitive,Need-based → competitive,10.0,0.0,19.549999999999997,,107,21.4,14,17.0,26,12,19.549999999999997,8,18,151,14,3,1,1,0,1,0,frequency_informed_random,Frequency-informed random feasible,0.108411214953271
,500002,cooperative_to_hoarding,Cooperative → hoarding,10.0,0.0,18.15,,106,21.2,9,11.5,36,27,18.15,7,19,140,14,3,1,1,0,1,0,frequency_informed_random,Frequency-informed random feasible,0.26415094339622636
,500003,need_based,Need-based,,0.0,20.700000000000003,,123,24.6,9,15.5,34,25,20.700000000000003,6,18,194,14,1,2,3,0,0,0,frequency_informed_random,Frequency-informed random feasible,0.18861788617886188
,500003,cooperative,Cooperative,,0.0,22.4,,126,25.2,14,14.0,44,30,22.4,6,18,202,14,1,2,3,0,0,0,frequency_informed_random,Frequency-informed random feasible,0.2571428571428571
,500003,hoarding,Hoarding,,0.0,13.350000000000001,,79,15.8,6,6.0,41,35,13.350000000000001,6,17,52,13,2,2,2,1,0,0,frequency_informed_random,Frequency-informed random feasible,0.3949367088607596
,500003,mixed,Mixed,,0.0,23.1,,139,27.8,9,11.5,47,38,23.1,6,18,128,14,1,2,3,0,0,0,frequency_informed_random,Frequency-informed random feasible,0.2964028776978418
,500003,need_based_to_competitive,Need-based → competitive,10.0,0.0,18.35,,99,19.8,14,15.0,25,11,18.35,6,18,172,14,1,2,3,0,0,0,frequency_informed_random,Frequency-informed random feasible,0.1131313131313132
,500003,cooperative_to_hoarding,Cooperative → hoarding,10.0,0.0,17.4,,101,20.2,9,10.0,36,27,17.4,6,18,145,14,1,2,3,0,0,0,frequency_informed_random,Frequency-informed random feasible,0.304950495049505
,500004,need_based,Need-based,,0.0,23.6,,129,25.8,17,18.5,36,19,23.6,5,22,159,12,2,0,5,0,1,0,frequency_informed_random,Frequency-informed random feasible,0.1581395348837209
,500004,cooperative,Cooperative,,0.0,21.799999999999997,,122,24.4,14,16.5,36,22,21.799999999999997,5,22,178,12,2,0,5,0,1,0,frequency_informed_random,Frequency-informed random feasible,0.17377049180327875
,500004,hoarding,Hoarding,,0.0,19.1,,104,20.8,14,15.5,30,16,19.1,4,23,93,12,1,0,6,0,1,0,frequency_informed_random,Frequency-informed random feasible,0.14230769230769225
,500004,mixed,Mixed,,0.0,19.200000000000003,,113,22.6,9,14.0,35,26,19.200000000000003,6,21,120,13,1,0,5,0,1,0,frequency_informed_random,Frequency-informed random feasible,0.2230088495575222
,500004,need_based_to_competitive,Need-based → competitive,10.0,0.0,17.6,,99,19.8,11,11.0,30,19,17.6,4,23,129,11,3,0,5,0,1,0,frequency_informed_random,Frequency-informed random feasible,0.22222222222222232
,500004,cooperative_to_hoarding,Cooperative → hoarding,10.0,0.0,11.399999999999999,,71,14.2,3,5.0,33,30,11.399999999999999,5,22,80,12,2,0,5,0,1,0,frequency_informed_random,Frequency-informed random feasible,0.40563380281690153
,500005,need_based,Need-based,,0.0,18.85,,109,21.8,10,11.0,30,20,18.85,6,16,124,14,1,0,4,0,1,0,frequency_informed_random,Frequency-informed random feasible,0.21284403669724772
,500005,cooperative,Cooperative,,0.0,21.200000000000003,,118,23.6,14,15.5,38,24,21.200000000000003,6,17,162,14,1,0,4,0,1,0,frequency_informed_random,Frequency-informed random feasible,0.20677966101694922
,500005,hoarding,Hoarding,,0.0,18.450000000000003,,103,20.6,12,14.5,30,18,18.450000000000003,6,17,86,14,1,0,4,0,1,0,frequency_informed_random,Frequency-informed random feasible,0.17864077669902922
,500005,mixed,Mixed,,0.0,18.950000000000003,,103,20.6,14,15.5,33,19,18.950000000000003,6,16,87,14,1,0,4,0,1,0,frequency_informed_random,Frequency-informed random feasible,0.16699029126213594
,500005,need_based_to_competitive,Need-based → competitive,10.0,0.0,12.25,,80,16.0,1,3.5,26,25,12.25,6,15,100,14,1,0,4,0,1,0,frequency_informed_random,Frequency-informed random feasible,0.345
,500005,cooperative_to_hoarding,Cooperative → hoarding,10.0,0.0,17.549999999999997,,107,21.4,6,10.5,35,29,17.549999999999997,6,16,88,14,1,0,4,0,1,0,frequency_informed_random,Frequency-informed random feasible,0.28411214953271036
,500006,need_based,Need-based,,0.0,23.799999999999997,,127,25.4,19,20.5,34,15,23.799999999999997,7,20,181,14,2,1,2,0,0,1,frequency_informed_random,Frequency-informed random feasible,0.1196850393700788
,500006,cooperative,Cooperative,,0.0,29.200000000000003,,153,30.6,25,25.5,36,11,29.200000000000003,5,22,192,14,1,2,2,0,0,1,frequency_informed_random,Frequency-informed random feasible,0.0836601307189544
,500006,hoarding,Hoarding,,0.0,20.4,,116,23.2,12,17.0,30,18,20.4,7,20,81,13,2,2,2,0,0,1,frequency_informed_random,Frequency-informed random feasible,0.15172413793103456
,500006,mixed,Mixed,,0.0,16.35,,94,18.8,9,11.5,33,24,16.35,6,21,109,13,3,1,2,0,0,1,frequency_informed_random,Frequency-informed random feasible,0.23829787234042565
,500006,need_based_to_competitive,Need-based → competitive,10.0,0.0,19.4,,106,21.2,14,15.5,33,19,19.4,7,20,134,14,2,1,2,0,0,1,frequency_informed_random,Frequency-informed random feasible,0.1622641509433962
,500006,cooperative_to_hoarding,Cooperative → hoarding,10.0,0.0,17.85,,104,20.8,9,13.0,30,21,17.85,7,20,106,14,2,1,2,0,0,1,frequency_informed_random,Frequency-informed random feasible,0.20769230769230784
,500007,need_based,Need-based,,0.0,21.299999999999997,,132,26.4,6,13.0,39,33,21.299999999999997,2,26,135,10,5,0,4,0,0,1,frequency_informed_random,Frequency-informed random feasible,0.2454545454545456
,500007,cooperative,Cooperative,,0.0,19.85,,114,22.8,11,14.0,34,23,19.85,2,26,190,11,4,0,3,1,0,1,frequency_informed_random,Frequency-informed random feasible,0.2070175438596491
,500007,hoarding,Hoarding,,0.0,17.75,,95,19.0,14,14.0,33,19,17.75,1,27,67,9,5,0,5,0,0,1,frequency_informed_random,Frequency-informed random feasible,0.1768421052631579
,500007,mixed,Mixed,,0.0,15.899999999999999,,96,19.2,6,12.5,26,20,15.899999999999999,3,25,87,11,5,0,2,1,0,1,frequency_informed_random,Frequency-informed random feasible,0.18333333333333335
,500007,need_based_to_competitive,Need-based → competitive,10.0,0.0,22.35,,139,27.8,6,16.5,38,32,22.35,2,26,123,10,5,0,4,0,0,1,frequency_informed_random,Frequency-informed random feasible,0.2158273381294964
,500007,cooperative_to_hoarding,Cooperative → hoarding,10.0,0.0,20.549999999999997,,117,23.4,12,14.5,38,26,20.549999999999997,2,26,139,12,5,0,2,0,0,1,frequency_informed_random,Frequency-informed random feasible,0.2153846153846155
,500008,need_based,Need-based,,0.0,29.950000000000003,,163,32.6,22,24.5,43,21,29.950000000000003,3,21,251,13,2,1,3,1,0,0,frequency_informed_random,Frequency-informed random feasible,0.13742331288343568
,500008,cooperative,Cooperative,,0.0,18.799999999999997,,102,20.4,14,14.0,30,16,18.799999999999997,3,22,182,13,2,1,3,1,0,0,frequency_informed_random,Frequency-informed random feasible,0.1725490196078432
,500008,hoarding,Hoarding,,0.0,20.9,,116,23.2,14,15.5,38,24,20.9,3,22,64,12,2,2,3,1,0,0,frequency_informed_random,Frequency-informed random feasible,0.193103448275862
,500008,mixed,Mixed,,0.0,20.75,,115,23.0,14,14.5,39,25,20.75,1,24,113,12,3,1,3,1,0,0,frequency_informed_random,Frequency-informed random feasible,0.22608695652173916
,500008,need_based_to_competitive,Need-based → competitive,10.0,0.0,24.200000000000003,,138,27.6,14,15.5,39,25,24.200000000000003,3,21,91,12,2,2,3,1,0,0,frequency_informed_random,Frequency-informed random feasible,0.20579710144927543
,500008,cooperative_to_hoarding,Cooperative → hoarding,10.0,0.0,12.600000000000001,,74,14.8,6,8.5,20,14,12.600000000000001,3,22,123,12,2,2,3,1,0,0,frequency_informed_random,Frequency-informed random feasible,0.19999999999999996
,500009,need_based,Need-based,,0.0,29.950000000000003,,168,33.6,19,23.0,54,35,29.950000000000003,3,24,189,13,3,1,1,1,0,1,frequency_informed_random,Frequency-informed random feasible,0.19999999999999996
,500009,cooperative,Cooperative,,0.0,18.5,,105,21.0,11,11.0,47,36,18.5,2,25,200,12,2,1,3,1,0,1,frequency_informed_random,Frequency-informed random feasible,0.31619047619047613
,500009,hoarding,Hoarding,,0.0,17.0,,95,19.0,11,11.5,25,14,17.0,1,26,85,12,2,1,3,0,1,1,frequency_informed_random,Frequency-informed random feasible,0.17263157894736847
,500009,mixed,Mixed,,0.0,15.75,,95,19.0,6,6.0,36,30,15.75,3,24,123,13,3,1,1,1,0,1,frequency_informed_random,Frequency-informed random feasible,0.36631578947368415
,500009,need_based_to_competitive,Need-based → competitive,10.0,0.0,21.0,,120,24.0,12,13.0,36,24,21.0,3,24,164,13,3,1,1,1,0,1,frequency_informed_random,Frequency-informed random feasible,0.21333333333333337
,500009,cooperative_to_hoarding,Cooperative → hoarding,10.0,0.0,12.899999999999999,,76,15.2,6,6.0,39,33,12.899999999999999,1,26,141,12,2,1,3,1,0,1,frequency_informed_random,Frequency-informed random feasible,0.3894736842105264
,500010,need_based,Need-based,,0.0,30.700000000000003,,168,33.6,22,22.0,50,28,30.700000000000003,3,21,285,13,4,2,1,0,0,0,frequency_informed_random,Frequency-informed random feasible,0.1952380952380952
,500010,cooperative,Cooperative,,0.0,25.75,,140,28.0,19,22.0,39,20,25.75,3,22,225,13,4,2,1,0,0,0,frequency_informed_random,Frequency-informed random feasible,0.12857142857142856
,500010,hoarding,Hoarding,,0.0,9.75,,60,12.0,3,3.5,27,24,9.75,7,15,40,13,4,2,1,0,0,0,frequency_informed_random,Frequency-informed random feasible,0.3866666666666667
,500010,mixed,Mixed,,0.0,14.549999999999999,,87,17.4,6,8.5,47,41,14.549999999999999,4,20,137,13,4,2,1,0,0,0,frequency_informed_random,Frequency-informed random feasible,0.3816091954022989
,500010,need_based_to_competitive,Need-based → competitive,10.0,0.0,23.799999999999997,,137,27.4,13,16.0,37,24,23.799999999999997,6,18,129,13,4,1,2,0,0,0,frequency_informed_random,Frequency-informed random feasible,0.18686131386861327
,500010,cooperative_to_hoarding,Cooperative → hoarding,10.0,0.0,22.4,,121,24.2,17,17.0,37,20,22.4,7,17,145,13,4,1,2,0,0,0,frequency_informed_random,Frequency-informed random feasible,0.16859504132231407
,500011,need_based,Need-based,,0.0,27.4,,151,30.2,19,22.0,47,28,27.4,4,14,296,15,1,2,2,0,0,0,frequency_informed_random,Frequency-informed random feasible,0.16158940397350996
,500011,cooperative,Cooperative,,0.0,20.1,,124,24.8,6,11.5,36,30,20.1,4,15,186,15,1,2,2,0,0,0,frequency_informed_random,Frequency-informed random feasible,0.25161290322580654
,500011,hoarding,Hoarding,,0.0,15.149999999999999,,91,18.2,6,11.5,27,21,15.149999999999999,7,12,49,15,1,1,3,0,0,0,frequency_informed_random,Frequency-informed random feasible,0.20219780219780215
,500011,mixed,Mixed,,0.0,23.1,,134,26.8,12,18.5,35,23,23.1,5,15,124,15,1,2,2,0,0,0,frequency_informed_random,Frequency-informed random feasible,0.15820895522388057
,500011,need_based_to_competitive,Need-based → competitive,10.0,0.0,28.15,,156,31.2,19,20.5,47,28,28.15,7,11,129,15,1,1,3,0,0,0,frequency_informed_random,Frequency-informed random feasible,0.17692307692307696
,500011,cooperative_to_hoarding,Cooperative → hoarding,10.0,0.0,20.299999999999997,,112,22.4,14,17.0,30,16,20.299999999999997,6,13,83,15,1,1,3,0,0,0,frequency_informed_random,Frequency-informed random feasible,0.12857142857142856
,500012,need_based,Need-based,,0.0,21.65,,126,25.2,11,12.5,39,28,21.65,4,21,158,13,3,1,3,0,0,0,frequency_informed_random,Frequency-informed random feasible,0.25396825396825395
,500012,cooperative,Cooperative,,0.0,17.6,,114,22.8,2,8.0,35,33,17.6,4,21,202,13,2,2,3,0,0,0,frequency_informed_random,Frequency-informed random feasible,0.29824561403508776
,500012,hoarding,Hoarding,,0.0,22.4,,131,26.2,11,12.5,54,43,22.4,6,19,65,13,2,2,2,0,1,0,frequency_informed_random,Frequency-informed random feasible,0.32671755725190854
,500012,mixed,Mixed,,0.0,16.65,,101,20.2,6,9.0,44,38,16.65,4,21,80,13,3,1,3,0,0,0,frequency_informed_random,Frequency-informed random feasible,0.35247524752475257
,500012,need_based_to_competitive,Need-based → competitive,10.0,0.0,16.65,,101,20.2,6,8.5,41,35,16.65,6,19,149,13,2,2,3,0,0,0,frequency_informed_random,Frequency-informed random feasible,0.3366336633663367
,500012,cooperative_to_hoarding,Cooperative → hoarding,10.0,0.0,18.9,,116,23.2,6,6.0,38,32,18.9,6,19,153,13,2,2,3,0,0,0,frequency_informed_random,Frequency-informed random feasible,0.3310344827586207
,500013,need_based,Need-based,,0.0,27.950000000000003,,153,30.6,20,24.0,44,24,27.950000000000003,2,19,272,14,0,2,4,0,0,0,frequency_informed_random,Frequency-informed random feasible,0.13856209150326793
,500013,cooperative,Cooperative,,0.0,20.299999999999997,,112,22.4,14,15.5,30,16,20.299999999999997,2,19,203,14,0,2,4,0,0,0,frequency_informed_random,Frequency-informed random feasible,0.14642857142857157
,500013,hoarding,Hoarding,,0.0,16.65,,101,20.2,6,6.0,39,33,16.65,7,14,72,14,0,2,4,0,0,0,frequency_informed_random,Frequency-informed random feasible,0.3683168316831684
,500013,mixed,Mixed,,0.0,20.25,,115,23.0,12,17.0,33,21,20.25,3,18,126,14,0,2,4,0,0,0,frequency_informed_random,Frequency-informed random feasible,0.15652173913043477
,500013,need_based_to_competitive,Need-based → competitive,10.0,0.0,26.15,,146,29.2,17,19.0,39,22,26.15,7,14,125,14,0,2,4,0,0,0,frequency_informed_random,Frequency-informed random feasible,0.16712328767123297
,500013,cooperative_to_hoarding,Cooperative → hoarding,10.0,0.0,15.850000000000001,,89,17.8,10,12.0,29,19,15.850000000000001,6,15,131,14,0,2,4,0,0,0,frequency_informed_random,Frequency-informed random feasible,0.20674157303370788
,500014,need_based,Need-based,,0.0,22.35,,134,26.8,9,17.0,43,34,22.35,1,22,163,14,2,0,2,1,0,1,frequency_informed_random,Frequency-informed random feasible,0.21791044776119417
,500014,cooperative,Cooperative,,0.0,21.75,,130,26.0,9,15.5,36,27,21.75,1,20,216,14,2,0,2,1,0,1,frequency_informed_random,Frequency-informed random feasible,0.19999999999999996
,500014,hoarding,Hoarding,,0.0,20.0,,115,23.0,11,15.0,30,19,20.0,1,21,84,14,2,0,2,1,0,1,frequency_informed_random,Frequency-informed random feasible,0.1704347826086956
,500014,mixed,Mixed,,0.0,24.700000000000003,,128,25.6,22,22.0,34,12,24.700000000000003,2,20,109,14,2,0,2,1,0,1,frequency_informed_random,Frequency-informed random feasible,0.08437500000000009
,500014,need_based_to_competitive,Need-based → competitive,10.0,0.0,19.200000000000003,,118,23.6,6,10.0,41,35,19.200000000000003,2,21,96,14,2,0,2,1,0,1,frequency_informed_random,Frequency-informed random feasible,0.2915254237288136
,500014,cooperative_to_hoarding,Cooperative → hoarding,10.0,0.0,16.200000000000003,,93,18.6,9,11.5,28,19,16.200000000000003,1,20,127,14,2,0,2,1,0,1,frequency_informed_random,Frequency-informed random feasible,0.21075268817204296
,500015,need_based,Need-based,,0.0,26.299999999999997,,142,28.4,20,21.0,45,25,26.299999999999997,6,22,136,12,2,1,5,0,0,0,frequency_informed_random,Frequency-informed random feasible,0.16619718309859155
,500015,cooperative,Cooperative,,0.0,31.150000000000002,,166,33.2,25,25.5,44,19,31.150000000000002,5,23,168,12,2,1,5,0,0,0,frequency_informed_random,Frequency-informed random feasible,0.12771084337349392
,500015,hoarding,Hoarding,,0.0,19.1,,119,23.8,5,7.0,43,38,19.1,6,22,64,12,2,1,4,1,0,0,frequency_informed_random,Frequency-informed random feasible,0.36638655462184877
,500015,mixed,Mixed,,0.0,20.9,,116,23.2,14,15.5,44,30,20.9,6,22,76,12,2,1,5,0,0,0,frequency_informed_random,Frequency-informed random feasible,0.2206896551724138
,500015,need_based_to_competitive,Need-based → competitive,10.0,0.0,17.1,,104,20.8,6,7.5,44,38,17.1,6,22,81,12,2,1,5,0,0,0,frequency_informed_random,Frequency-informed random feasible,0.3538461538461539
,500015,cooperative_to_hoarding,Cooperative → hoarding,10.0,0.0,21.0,,125,25.0,9,15.0,36,27,21.0,5,23,80,12,2,1,5,0,0,0,frequency_informed_random,Frequency-informed random feasible,0.21440000000000015
,500016,need_based,Need-based,,0.0,19.5,,120,24.0,6,7.5,43,37,19.5,5,23,137,13,3,1,2,1,0,0,frequency_informed_random,Frequency-informed random feasible,0.3500000000000001
,500016,cooperative,Cooperative,,0.0,19.950000000000003,,128,25.6,3,12.5,49,46,19.950000000000003,3,25,169,12,4,1,1,2,0,0,frequency_informed_random,Frequency-informed random feasible,0.3125
,500016,hoarding,Hoarding,,0.0,23.549999999999997,,147,29.4,6,19.5,39,33,23.549999999999997,7,21,89,13,3,1,1,1,0,1,frequency_informed_random,Frequency-informed random feasible,0.18775510204081636
,500016,mixed,Mixed,,0.0,18.65,,101,20.2,14,14.0,34,20,18.65,5,23,98,12,4,1,1,2,0,0,frequency_informed_random,Frequency-informed random feasible,0.18217821782178212
,500016,need_based_to_competitive,Need-based → competitive,10.0,0.0,22.4,,126,25.2,14,16.0,39,25,22.4,6,22,116,13,3,1,2,1,0,0,frequency_informed_random,Frequency-informed random feasible,0.2063492063492065
,500016,cooperative_to_hoarding,Cooperative → hoarding,10.0,0.0,19.950000000000003,,123,24.6,6,13.5,43,37,19.950000000000003,3,25,114,12,4,1,1,2,0,0,frequency_informed_random,Frequency-informed random feasible,0.2634146341463415
,500017,need_based,Need-based,,0.0,19.200000000000003,,118,23.6,6,11.5,44,38,19.200000000000003,2,20,236,12,2,1,5,0,0,0,frequency_informed_random,Frequency-informed random feasible,0.3016949152542374
,500017,cooperative,Cooperative,,0.0,21.299999999999997,,127,25.4,9,18.0,34,25,21.299999999999997,2,20,200,13,2,1,4,0,0,0,frequency_informed_random,Frequency-informed random feasible,0.1669291338582677
,500017,hoarding,Hoarding,,0.0,13.799999999999999,,82,16.4,6,7.5,28,22,13.799999999999999,2,20,68,12,3,0,4,0,1,0,frequency_informed_random,Frequency-informed random feasible,0.30243902439024395
,500017,mixed,Mixed,,0.0,17.299999999999997,,92,18.4,14,14.0,28,14,17.299999999999997,3,19,105,13,3,1,3,0,0,0,frequency_informed_random,Frequency-informed random feasible,0.15652173913043477
,500017,need_based_to_competitive,Need-based → competitive,10.0,0.0,21.0,,125,25.0,9,13.0,47,38,21.0,2,20,126,13,3,0,3,0,1,0,frequency_informed_random,Frequency-informed random feasible,0.28479999999999994
,500017,cooperative_to_hoarding,Cooperative → hoarding,10.0,0.0,17.1,,94,18.8,12,13.0,27,15,17.1,1,21,124,11,4,1,4,0,0,0,frequency_informed_random,Frequency-informed random feasible,0.16170212765957448
,500018,need_based,Need-based,,0.0,25.6,,139,27.8,19,20.0,44,25,25.6,7,20,137,13,3,0,3,0,0,1,frequency_informed_random,Frequency-informed random feasible,0.1697841726618705
,500018,cooperative,Cooperative,,0.0,22.299999999999997,,117,23.4,19,21.0,26,7,22.299999999999997,7,19,167,13,3,0,3,0,0,1,frequency_informed_random,Frequency-informed random feasible,0.05470085470085473
,500018,hoarding,Hoarding,,0.0,15.75,,90,18.0,9,10.0,28,19,15.75,7,17,69,13,3,0,3,0,0,1,frequency_informed_random,Frequency-informed random feasible,0.23111111111111104
,500018,mixed,Mixed,,0.0,23.6,,134,26.8,14,17.0,49,35,23.6,6,22,179,13,3,0,3,0,0,1,frequency_informed_random,Frequency-informed random feasible,0.23880597014925375
,500018,need_based_to_competitive,Need-based → competitive,10.0,0.0,20.6,,114,22.8,14,14.0,47,33,20.6,7,20,96,13,3,0,3,0,0,1,frequency_informed_random,Frequency-informed random feasible,0.2596491228070177
,500018,cooperative_to_hoarding,Cooperative → hoarding,10.0,0.0,14.850000000000001,,89,17.8,6,9.0,40,34,14.850000000000001,6,21,110,13,3,0,3,0,0,1,frequency_informed_random,Frequency-informed random feasible,0.32808988764044944
,500019,need_based,Need-based,,0.0,26.15,,151,30.2,14,20.5,42,28,26.15,6,17,150,15,1,1,1,1,1,0,frequency_informed_random,Frequency-informed random feasible,0.1695364238410597
,500019,cooperative,Cooperative,,0.0,12.899999999999999,,76,15.2,6,6.0,33,27,12.899999999999999,7,16,117,15,1,1,1,1,1,0,frequency_informed_random,Frequency-informed random feasible,0.3421052631578947
,500019,hoarding,Hoarding,,0.0,12.3,,77,15.4,3,7.5,25,22,12.3,7,15,52,15,1,1,1,1,1,0,frequency_informed_random,Frequency-informed random feasible,0.2857142857142858
,500019,mixed,Mixed,,0.0,9.899999999999999,,61,12.2,3,3.0,28,25,9.899999999999999,7,15,54,15,1,1,1,1,1,0,frequency_informed_random,Frequency-informed random feasible,0.45245901639344277
,500019,need_based_to_competitive,Need-based → competitive,10.0,0.0,21.75,,130,26.0,9,11.5,47,38,21.75,6,17,113,15,1,1,1,1,1,0,frequency_informed_random,Frequency-informed random feasible,0.32307692307692304
,500019,cooperative_to_hoarding,Cooperative → hoarding,10.0,0.0,17.6,,94,18.8,14,14.0,30,16,17.6,6,17,118,15,1,1,1,1,1,0,frequency_informed_random,Frequency-informed random feasible,0.17021276595744683
,500020,need_based,Need-based,,0.0,24.65,,131,26.2,20,20.0,41,21,24.65,2,23,108,11,1,0,8,0,0,0,frequency_informed_random,Frequency-informed random feasible,0.15267175572519087
,500020,cooperative,Cooperative,,0.0,25.700000000000003,,143,28.6,17,17.5,41,24,25.700000000000003,2,23,136,11,1,0,8,0,0,0,frequency_informed_random,Frequency-informed random feasible,0.17902097902097913
,500020,hoarding,Hoarding,,0.0,18.75,,105,21.0,12,14.0,44,32,18.75,2,23,54,11,1,0,8,0,0,0,frequency_informed_random,Frequency-informed random feasible,0.24761904761904763
,500020,mixed,Mixed,,0.0,16.200000000000003,,98,19.6,6,11.5,30,24,16.200000000000003,4,21,81,11,1,0,8,0,0,0,frequency_informed_random,Frequency-informed random feasible,0.24081632653061225
,500020,need_based_to_competitive,Need-based → competitive,10.0,0.0,17.4,,96,19.2,12,13.0,28,16,17.4,2,23,101,11,1,0,7,0,1,0,frequency_informed_random,Frequency-informed random feasible,0.1791666666666667
,500020,cooperative_to_hoarding,Cooperative → hoarding,10.0,0.0,22.549999999999997,,127,25.4,14,14.5,40,26,22.549999999999997,1,24,110,11,1,0,7,0,1,0,frequency_informed_random,Frequency-informed random feasible,0.21102362204724412
,500021,need_based,Need-based,,0.0,31.950000000000003,,168,33.6,27,27.0,46,19,31.950000000000003,4,23,165,12,2,0,5,0,1,0,frequency_informed_random,Frequency-informed random feasible,0.1166666666666667
,500021,cooperative,Cooperative,,0.0,19.049999999999997,,112,22.4,9,15.5,31,22,19.049999999999997,4,23,142,12,2,0,5,0,1,0,frequency_informed_random,Frequency-informed random feasible,0.16785714285714293
,500021,hoarding,Hoarding,,0.0,18.65,,106,21.2,11,14.0,33,22,18.65,4,23,78,12,2,0,5,0,1,0,frequency_informed_random,Frequency-informed random feasible,0.2075471698113207
,500021,mixed,Mixed,,0.0,23.9,,136,27.2,14,15.5,41,27,23.9,4,23,107,12,2,1,5,0,0,0,frequency_informed_random,Frequency-informed random feasible,0.20882352941176485
,500021,need_based_to_competitive,Need-based → competitive,10.0,0.0,15.75,,90,18.0,9,13.0,28,19,15.75,3,24,96,11,3,0,6,0,0,0,frequency_informed_random,Frequency-informed random feasible,0.1777777777777778
,500021,cooperative_to_hoarding,Cooperative → hoarding,10.0,0.0,16.200000000000003,,98,19.6,6,11.5,36,30,16.200000000000003,3,24,110,11,3,0,6,0,0,0,frequency_informed_random,Frequency-informed random feasible,0.2571428571428571
,500022,need_based,Need-based,,0.0,17.1,,104,20.8,6,10.5,38,32,17.1,1,21,86,11,2,0,7,0,0,0,frequency_informed_random,Frequency-informed random feasible,0.27692307692307705
,500022,cooperative,Cooperative,,0.0,14.25,,85,17.0,6,7.5,28,22,14.25,2,20,119,11,2,0,7,0,0,0,frequency_informed_random,Frequency-informed random feasible,0.27294117647058824
,500022,hoarding,Hoarding,,0.0,14.700000000000001,,88,17.6,6,6.5,39,33,14.700000000000001,2,20,42,11,2,0,6,1,0,0,frequency_informed_random,Frequency-informed random feasible,0.3909090909090909
,500022,mixed,Mixed,,0.0,15.299999999999999,,87,17.4,9,10.0,28,19,15.299999999999999,2,19,82,11,2,0,7,0,0,0,frequency_informed_random,Frequency-informed random feasible,0.22528735632183916
,500022,need_based_to_competitive,Need-based → competitive,10.0,0.0,13.2,,78,15.6,6,9.0,25,19,13.2,3,19,68,11,2,0,7,0,0,0,frequency_informed_random,Frequency-informed random feasible,0.23589743589743595
,500022,cooperative_to_hoarding,Cooperative → hoarding,10.0,0.0,16.200000000000003,,98,19.6,6,7.5,38,32,16.200000000000003,3,19,125,11,2,0,7,0,0,0,frequency_informed_random,Frequency-informed random feasible,0.31836734693877555
,500023,need_based,Need-based,,0.0,30.15,,156,31.2,27,27.0,41,14,30.15,5,19,286,14,0,2,4,0,0,0,frequency_informed_random,Frequency-informed random feasible,0.08974358974358987
,500023,cooperative,Cooperative,,0.0,20.75,,115,23.0,14,16.5,32,18,20.75,4,21,209,13,1,2,4,0,0,0,frequency_informed_random,Frequency-informed random feasible,0.1634782608695653
,500023,hoarding,Hoarding,,0.0,26.6,,144,28.8,20,22.5,44,24,26.6,5,18,111,14,0,2,3,0,0,1,frequency_informed_random,Frequency-informed random feasible,0.14722222222222237
,500023,mixed,Mixed,,0.0,25.700000000000003,,148,29.6,14,20.5,44,30,25.700000000000003,5,20,210,14,0,2,3,0,1,0,frequency_informed_random,Frequency-informed random feasible,0.17837837837837833
,500023,need_based_to_competitive,Need-based → competitive,10.0,0.0,19.549999999999997,,112,22.4,11,12.5,41,30,19.549999999999997,6,18,162,14,0,2,3,0,1,0,frequency_informed_random,Frequency-informed random feasible,0.2678571428571428
,500023,cooperative_to_hoarding,Cooperative → hoarding,10.0,0.0,15.799999999999999,,87,17.4,11,14.0,25,14,15.799999999999999,5,20,132,13,0,2,4,0,1,0,frequency_informed_random,Frequency-informed random feasible,0.12873563218390816
,500024,need_based,Need-based,,0.0,34.900000000000006,,191,38.2,25,30.5,46,21,34.900000000000006,5,20,159,13,2,1,4,0,0,0,frequency_informed_random,Frequency-informed random feasible,0.1089005235602094
,500024,cooperative,Cooperative,,0.0,21.299999999999997,,132,26.4,6,14.0,39,33,21.299999999999997,4,20,211,13,2,1,4,0,0,0,frequency_informed_random,Frequency-informed random feasible,0.2393939393939395
,500024,hoarding,Hoarding,,0.0,23.6,,134,26.8,14,15.5,49,35,23.6,5,17,85,13,2,1,4,0,0,0,frequency_informed_random,Frequency-informed random feasible,0.23880597014925375
,500024,mixed,Mixed,,0.0,25.4,,146,29.2,14,20.5,37,23,25.4,6,18,162,13,2,1,4,0,0,0,frequency_informed_random,Frequency-informed random feasible,0.15068493150684925
,500024,need_based_to_competitive,Need-based → competitive,10.0,0.0,30.849999999999998,,174,34.8,19,23.5,47,28,30.849999999999998,6,19,132,13,2,1,4,0,0,0,frequency_informed_random,Frequency-informed random feasible,0.16781609195402303
,500024,cooperative_to_hoarding,Cooperative → hoarding,10.0,0.0,20.15,,111,22.2,14,14.0,33,19,20.15,5,19,160,13,2,1,4,0,0,0,frequency_informed_random,Frequency-informed random feasible,0.18738738738738747
,500025,need_based,Need-based,,0.0,19.950000000000003,,123,24.6,6,14.0,40,34,19.950000000000003,7,17,128,13,3,0,4,0,0,0,frequency_informed_random,Frequency-informed random feasible,0.2569105691056912
,500025,cooperative,Cooperative,,0.0,15.450000000000001,,98,19.6,3,4.5,36,33,15.450000000000001,7,17,156,13,3,0,4,0,0,0,frequency_informed_random,Frequency-informed random feasible,0.379591836734694
,500025,hoarding,Hoarding,,0.0,17.85,,104,20.8,9,11.0,39,30,17.85,7,17,47,13,3,0,4,0,0,0,frequency_informed_random,Frequency-informed random feasible,0.26538461538461533
,500025,mixed,Mixed,,0.0,8.399999999999999,,51,10.2,3,3.0,22,19,8.399999999999999,7,17,89,13,3,0,4,0,0,0,frequency_informed_random,Frequency-informed random feasible,0.38431372549019605
,500025,need_based_to_competitive,Need-based → competitive,10.0,0.0,16.5,,100,20.0,6,12.5,30,24,16.5,6,17,86,13,3,0,4,0,0,0,frequency_informed_random,Frequency-informed random feasible,0.21599999999999997
,500025,cooperative_to_hoarding,Cooperative → hoarding,10.0,0.0,7.300000000000001,,42,8.4,4,5.0,14,10,7.300000000000001,6,18,109,13,3,0,4,0,0,0,frequency_informed_random,Frequency-informed random feasible,0.24761904761904763
,500026,need_based,Need-based,,0.0,25.1,,144,28.8,14,19.5,47,33,25.1,5,18,271,14,3,1,2,0,0,0,frequency_informed_random,Frequency-informed random feasible,0.1972222222222222
,500026,cooperative,Cooperative,,0.0,27.5,,150,30.0,20,23.5,38,18,27.5,5,19,198,14,3,1,2,0,0,0,frequency_informed_random,Frequency-informed random feasible,0.1200000000000001
,500026,hoarding,Hoarding,,0.0,10.7,,68,13.6,2,2.5,46,44,10.7,7,16,53,14,3,1,2,0,0,0,frequency_informed_random,Frequency-informed random feasible,0.5647058823529412
,500026,mixed,Mixed,,0.0,8.0,,50,10.0,2,2.5,22,20,8.0,5,18,94,14,3,1,2,0,0,0,frequency_informed_random,Frequency-informed random feasible,0.43199999999999994
,500026,need_based_to_competitive,Need-based → competitive,10.0,0.0,21.15,,121,24.2,12,13.0,52,40,21.15,6,16,120,14,3,1,2,0,0,0,frequency_informed_random,Frequency-informed random feasible,0.30743801652892566
,500026,cooperative_to_hoarding,Cooperative → hoarding,10.0,0.0,18.6,,114,22.8,6,13.0,34,28,18.6,6,16,120,14,3,1,2,0,0,0,frequency_informed_random,Frequency-informed random feasible,0.2315789473684211
,500027,need_based,Need-based,,0.0,36.599999999999994,,194,38.8,30,32.0,44,14,36.599999999999994,1,25,158,12,4,0,3,0,0,1,frequency_informed_random,Frequency-informed random feasible,0.07628865979381438
,500027,cooperative,Cooperative,,0.0,26.450000000000003,,158,31.6,11,16.5,52,41,26.450000000000003,2,25,163,12,4,0,3,0,0,1,frequency_informed_random,Frequency-informed random feasible,0.26075949367088613
,500027,hoarding,Hoarding,,0.0,24.65,,136,27.2,17,19.5,39,22,24.65,1,25,90,12,3,0,3,0,1,1,frequency_informed_random,Frequency-informed random feasible,0.15294117647058836
,500027,mixed,Mixed,,0.0,24.4,,126,25.2,22,22.5,29,7,24.4,2,25,106,12,1,0,6,0,0,1,frequency_informed_random,Frequency-informed random feasible,0.05714285714285716
,500027,need_based_to_competitive,Need-based → competitive,10.0,0.0,31.650000000000002,,166,33.2,27,28.0,41,14,31.650000000000002,2,24,122,12,4,0,3,0,0,1,frequency_informed_random,Frequency-informed random feasible,0.0843373493975903
,500027,cooperative_to_hoarding,Cooperative → hoarding,10.0,0.0,22.35,,129,25.8,12,14.5,42,30,22.35,1,26,94,12,3,0,3,0,1,1,frequency_informed_random,Frequency-informed random feasible,0.2449612403100776
,500028,need_based,Need-based,,0.0,17.75,,95,19.0,14,14.0,31,17,17.75,4,22,177,13,1,1,3,0,1,1,frequency_informed_random,Frequency-informed random feasible,0.1768421052631579
,500028,cooperative,Cooperative,,0.0,11.100000000000001,,64,12.8,6,7.5,18,12,11.100000000000001,4,22,214,13,0,2,4,0,0,1,frequency_informed_random,Frequency-informed random feasible,0.19999999999999996
,500028,hoarding,Hoarding,,0.0,15.600000000000001,,89,17.8,9,10.0,27,18,15.600000000000001,4,22,106,12,1,2,3,0,1,1,frequency_informed_random,Frequency-informed random feasible,0.21123595505617976
,500028,mixed,Mixed,,0.0,13.05,,77,15.4,6,9.0,22,16,13.05,5,21,163,14,0,2,3,0,0,1,frequency_informed_random,Frequency-informed random feasible,0.20779220779220786
,500028,need_based_to_competitive,Need-based → competitive,10.0,0.0,13.799999999999999,,82,16.4,6,10.0,31,25,13.799999999999999,4,22,147,13,1,1,3,0,1,1,frequency_informed_random,Frequency-informed random feasible,0.25853658536585367
,500028,cooperative_to_hoarding,Cooperative → hoarding,10.0,0.0,13.5,,80,16.0,6,9.0,25,19,13.5,4,22,164,12,1,2,4,0,0,1,frequency_informed_random,Frequency-informed random feasible,0.2450000000000001
,500029,need_based,Need-based,,0.0,19.049999999999997,,112,22.4,9,13.0,43,34,19.049999999999997,2,25,141,10,7,0,3,0,0,0,frequency_informed_random,Frequency-informed random feasible,0.2607142857142857
,500029,cooperative,Cooperative,,0.0,24.950000000000003,,143,28.6,14,19.5,47,33,24.950000000000003,2,26,168,10,7,0,3,0,0,0,frequency_informed_random,Frequency-informed random feasible,0.19860139860139858
,500029,hoarding,Hoarding,,0.0,14.850000000000001,,89,17.8,6,11.5,28,22,14.850000000000001,3,23,71,10,7,0,3,0,0,0,frequency_informed_random,Frequency-informed random feasible,0.20674157303370788
,500029,mixed,Mixed,,0.0,12.75,,70,14.0,9,11.5,17,8,12.75,3,23,82,10,7,0,3,0,0,0,frequency_informed_random,Frequency-informed random feasible,0.10285714285714298
,500029,need_based_to_competitive,Need-based → competitive,10.0,0.0,14.700000000000001,,83,16.6,9,10.5,36,27,14.700000000000001,4,23,98,10,7,0,3,0,0,0,frequency_informed_random,Frequency-informed random feasible,0.26987951807228927
,500029,cooperative_to_hoarding,Cooperative → hoarding,10.0,0.0,20.9,,121,24.2,11,14.0,41,30,20.9,2,26,128,10,7,0,3,0,0,0,frequency_informed_random,Frequency-informed random feasible,0.25123966942148757
,500030,need_based,Need-based,,0.0,20.75,,115,23.0,14,17.0,31,17,20.75,2,24,136,12,2,1,4,0,1,0,frequency_informed_random,Frequency-informed random feasible,0.15304347826086961
,500030,cooperative,Cooperative,,0.0,16.950000000000003,,103,20.6,6,10.0,36,30,16.950000000000003,1,25,197,12,2,1,3,1,1,0,frequency_informed_random,Frequency-informed random feasible,0.28737864077669917
,500030,hoarding,Hoarding,,0.0,18.6,,114,22.8,6,8.5,47,41,18.6,2,26,89,11,3,1,3,1,1,0,frequency_informed_random,Frequency-informed random feasible,0.38245614035087727
,500030,mixed,Mixed,,0.0,18.299999999999997,,112,22.4,6,10.0,36,30,18.299999999999997,1,27,125,11,3,1,3,1,1,0,frequency_informed_random,Frequency-informed random feasible,0.2678571428571428
,500030,need_based_to_competitive,Need-based → competitive,10.0,0.0,21.5,,120,24.0,14,18.0,32,18,21.5,1,25,97,12,2,1,4,0,1,0,frequency_informed_random,Frequency-informed random feasible,0.13666666666666671
,500030,cooperative_to_hoarding,Cooperative → hoarding,10.0,0.0,16.950000000000003,,103,20.6,6,8.5,41,35,16.950000000000003,1,25,164,12,2,1,3,1,1,0,frequency_informed_random,Frequency-informed random feasible,0.32621359223300983
,500031,need_based,Need-based,,0.0,22.700000000000003,,128,25.6,14,19.5,37,23,22.700000000000003,3,23,106,13,1,0,3,3,0,0,frequency_informed_random,Frequency-informed random feasible,0.15000000000000013
,500031,cooperative,Cooperative,,0.0,22.85,,129,25.8,14,18.0,36,22,22.85,5,21,149,13,1,0,3,3,0,0,frequency_informed_random,Frequency-informed random feasible,0.1612403100775195
,500031,hoarding,Hoarding,,0.0,14.100000000000001,,79,15.8,9,12.0,22,13,14.100000000000001,5,21,57,13,1,0,3,3,0,0,frequency_informed_random,Frequency-informed random feasible,0.1468354430379748
,500031,mixed,Mixed,,0.0,15.899999999999999,,96,19.2,6,11.5,30,24,15.899999999999999,6,20,76,13,1,0,3,3,0,0,frequency_informed_random,Frequency-informed random feasible,0.2333333333333334
,500031,need_based_to_competitive,Need-based → competitive,10.0,0.0,16.200000000000003,,93,18.6,9,10.5,34,25,16.200000000000003,6,20,49,13,1,0,3,3,0,0,frequency_informed_random,Frequency-informed random feasible,0.26236559139784954
,500031,cooperative_to_hoarding,Cooperative → hoarding,10.0,0.0,14.850000000000001,,89,17.8,6,9.0,34,28,14.850000000000001,7,19,107,13,1,0,3,3,0,0,frequency_informed_random,Frequency-informed random feasible,0.28764044943820233
,500032,need_based,Need-based,,0.0,28.25,,160,32.0,17,19.5,42,25,28.25,5,23,170,12,6,0,1,1,0,0,frequency_informed_random,Frequency-informed random feasible,0.1725000000000001
,500032,cooperative,Cooperative,,0.0,32.099999999999994,,169,33.8,27,27.0,49,22,32.099999999999994,4,24,207,12,5,0,2,1,0,0,frequency_informed_random,Frequency-informed random feasible,0.1301775147928994
,500032,hoarding,Hoarding,,0.0,15.899999999999999,,96,19.2,6,8.5,47,41,15.899999999999999,7,21,106,12,5,0,2,1,0,0,frequency_informed_random,Frequency-informed random feasible,0.375
,500032,mixed,Mixed,,0.0,22.700000000000003,,128,25.6,14,19.5,33,19,22.700000000000003,5,23,147,12,6,0,1,1,0,0,frequency_informed_random,Frequency-informed random feasible,0.12812500000000004
,500032,need_based_to_competitive,Need-based → competitive,10.0,0.0,28.4,,156,31.2,20,22.0,44,24,28.4,6,22,111,12,6,0,1,1,0,0,frequency_informed_random,Frequency-informed random feasible,0.16666666666666674
,500032,cooperative_to_hoarding,Cooperative → hoarding,10.0,0.0,22.1,,124,24.8,14,15.5,41,27,22.1,4,24,130,12,5,0,2,1,0,0,frequency_informed_random,Frequency-informed random feasible,0.21612903225806446
,500033,need_based,Need-based,,0.0,25.85,,144,28.8,17,22.0,39,22,25.85,2,25,147,11,5,0,3,0,1,0,frequency_informed_random,Frequency-informed random feasible,0.1333333333333333
,500033,cooperative,Cooperative,,0.0,16.700000000000003,,93,18.6,11,11.5,36,25,16.700000000000003,2,25,187,11,6,0,2,0,1,0,frequency_informed_random,Frequency-informed random feasible,0.2494623655913979
,500033,hoarding,Hoarding,,0.0,25.1,,144,28.8,14,16.5,48,34,25.1,1,26,95,10,6,0,3,0,0,1,frequency_informed_random,Frequency-informed random feasible,0.22777777777777786
,500033,mixed,Mixed,,0.0,18.15,,106,21.2,9,13.0,33,24,18.15,2,25,85,10,6,0,3,0,1,0,frequency_informed_random,Frequency-informed random feasible,0.21132075471698109
,500033,need_based_to_competitive,Need-based → competitive,10.0,0.0,20.9,,116,23.2,14,15.5,40,26,20.9,2,25,111,11,5,0,3,0,1,0,frequency_informed_random,Frequency-informed random feasible,0.2068965517241379
,500033,cooperative_to_hoarding,Cooperative → hoarding,10.0,0.0,22.549999999999997,,127,25.4,14,15.5,38,24,22.549999999999997,2,25,143,11,6,0,2,0,1,0,frequency_informed_random,Frequency-informed random feasible,0.20787401574803144
,500034,need_based,Need-based,,0.0,32.05,,172,34.4,25,27.5,54,29,32.05,5,23,247,12,1,2,4,0,1,0,frequency_informed_random,Frequency-informed random feasible,0.14186046511627914
,500034,cooperative,Cooperative,,0.0,22.700000000000003,,128,25.6,14,17.0,39,25,22.700000000000003,7,21,233,14,0,2,2,0,2,0,frequency_informed_random,Frequency-informed random feasible,0.19687500000000013
,500034,hoarding,Hoarding,,0.0,18.450000000000003,,108,21.6,9,13.0,35,26,18.450000000000003,7,21,82,13,0,1,4,0,2,0,frequency_informed_random,Frequency-informed random feasible,0.22222222222222232
,500034,mixed,Mixed,,0.0,21.65,,121,24.2,14,18.0,33,19,21.65,7,21,168,14,0,2,2,0,2,0,frequency_informed_random,Frequency-informed random feasible,0.1388429752066116
,500034,need_based_to_competitive,Need-based → competitive,10.0,0.0,24.5,,130,26.0,20,21.0,39,19,24.5,7,21,222,13,0,2,4,0,1,0,frequency_informed_random,Frequency-informed random feasible,0.13230769230769246
,500034,cooperative_to_hoarding,Cooperative → hoarding,10.0,0.0,21.65,,121,24.2,14,16.5,44,30,21.65,7,21,170,14,0,2,2,0,2,0,frequency_informed_random,Frequency-informed random feasible,0.2148760330578512
,500035,need_based,Need-based,,0.0,33.599999999999994,,179,35.8,27,27.0,60,33,33.599999999999994,2,26,235,10,3,1,5,1,0,0,frequency_informed_random,Frequency-informed random feasible,0.16536312849162016
,500035,cooperative,Cooperative,,0.0,25.700000000000003,,143,28.6,17,19.5,41,24,25.700000000000003,2,26,196,11,3,1,4,1,0,0,frequency_informed_random,Frequency-informed random feasible,0.17902097902097913
,500035,hoarding,Hoarding,,0.0,28.15,,146,29.2,25,25.0,41,16,28.15,2,26,96,9,5,0,5,1,0,0,frequency_informed_random,Frequency-informed random feasible,0.10136986301369877
,500035,mixed,Mixed,,0.0,27.85,,154,30.8,19,22.0,46,27,27.85,2,26,107,10,4,0,5,1,0,0,frequency_informed_random,Frequency-informed random feasible,0.1610389610389611
,500035,need_based_to_competitive,Need-based → competitive,10.0,0.0,27.549999999999997,,152,30.4,19,19.5,57,38,27.549999999999997,4,24,116,10,3,1,5,1,0,0,frequency_informed_random,Frequency-informed random feasible,0.23947368421052628
,500035,cooperative_to_hoarding,Cooperative → hoarding,10.0,0.0,21.9,,131,26.2,9,15.5,41,32,21.9,4,24,102,11,3,1,4,1,0,0,frequency_informed_random,Frequency-informed random feasible,0.23206106870229015
,500036,need_based,Need-based,,0.0,20.700000000000003,,123,24.6,9,17.0,36,27,20.700000000000003,4,22,142,13,3,0,2,1,0,1,frequency_informed_random,Frequency-informed random feasible,0.1821138211382114
,500036,cooperative,Cooperative,,0.0,18.5,,105,21.0,11,12.0,34,23,18.5,6,19,174,13,3,0,3,0,0,1,frequency_informed_random,Frequency-informed random feasible,0.220952380952381
,500036,hoarding,Hoarding,,0.0,17.9,,96,19.2,14,15.5,22,8,17.9,5,20,60,13,3,0,2,1,0,1,frequency_informed_random,Frequency-informed random feasible,0.08750000000000013
,500036,mixed,Mixed,,0.0,22.549999999999997,,127,25.4,14,16.5,44,30,22.549999999999997,4,22,117,13,3,0,2,1,0,1,frequency_informed_random,Frequency-informed random feasible,0.20787401574803144
,500036,need_based_to_competitive,Need-based → competitive,10.0,0.0,20.0,,110,22.0,14,15.5,37,23,20.0,5,21,132,13,3,0,2,1,0,1,frequency_informed_random,Frequency-informed random feasible,0.18545454545454554
,500036,cooperative_to_hoarding,Cooperative → hoarding,10.0,0.0,19.85,,109,21.8,14,14.0,38,24,19.85,5,20,126,13,3,0,3,0,0,1,frequency_informed_random,Frequency-informed random feasible,0.21651376146789003
,500037,need_based,Need-based,,0.0,21.35,,114,22.8,17,18.5,28,11,21.35,3,22,83,13,2,0,4,0,1,0,frequency_informed_random,Frequency-informed random feasible,0.10175438596491237
,500037,cooperative,Cooperative,,0.0,29.049999999999997,,162,32.4,19,22.0,49,30,29.049999999999997,4,21,218,13,2,0,4,0,1,0,frequency_informed_random,Frequency-informed random feasible,0.18271604938271602
,500037,hoarding,Hoarding,,0.0,21.0,,125,25.0,9,16.0,38,29,21.0,5,20,73,13,2,0,4,0,1,0,frequency_informed_random,Frequency-informed random feasible,0.20799999999999996
,500037,mixed,Mixed,,0.0,25.1,,139,27.8,17,19.5,43,26,25.1,3,22,124,13,2,0,4,0,1,0,frequency_informed_random,Frequency-informed random feasible,0.17266187050359716
,500037,need_based_to_competitive,Need-based → competitive,10.0,0.0,22.9,,126,25.2,16,16.5,36,20,22.9,4,21,99,13,2,0,4,0,1,0,frequency_informed_random,Frequency-informed random feasible,0.18412698412698414
,500037,cooperative_to_hoarding,Cooperative → hoarding,10.0,0.0,23.65,,126,25.2,19,19.5,47,28,23.65,3,22,126,13,2,0,4,0,1,0,frequency_informed_random,Frequency-informed random feasible,0.1777777777777778
,500038,need_based,Need-based,,0.0,28.849999999999998,,164,32.8,17,21.5,57,40,28.849999999999998,6,21,167,13,1,1,4,1,0,0,frequency_informed_random,Frequency-informed random feasible,0.2219512195121951
,500038,cooperative,Cooperative,,0.0,21.15,,126,25.2,9,15.5,36,27,21.15,6,22,170,13,2,1,3,1,0,0,frequency_informed_random,Frequency-informed random feasible,0.19999999999999996
,500038,hoarding,Hoarding,,0.0,18.0,,110,22.0,6,10.5,38,32,18.0,6,22,91,12,2,1,4,0,0,1,frequency_informed_random,Frequency-informed random feasible,0.2727272727272727
,500038,mixed,Mixed,,0.0,25.549999999999997,,142,28.4,17,18.5,52,35,25.549999999999997,7,20,123,13,2,1,3,0,0,1,frequency_informed_random,Frequency-informed random feasible,0.21971830985915508
,500038,need_based_to_competitive,Need-based → competitive,10.0,0.0,23.1,,139,27.8,9,15.5,53,44,23.1,6,22,120,13,1,1,4,1,0,0,frequency_informed_random,Frequency-informed random feasible,0.2762589928057555
,500038,cooperative_to_hoarding,Cooperative → hoarding,10.0,0.0,18.450000000000003,,108,21.6,9,13.0,40,31,18.450000000000003,6,21,142,13,2,1,3,1,0,0,frequency_informed_random,Frequency-informed random feasible,0.24814814814814823
,500039,need_based,Need-based,,0.0,12.100000000000001,,79,15.8,1,3.5,35,34,12.100000000000001,7,21,114,13,3,0,2,1,1,0,frequency_informed_random,Frequency-informed random feasible,0.4405063291139242
,500039,cooperative,Cooperative,,0.0,16.950000000000003,,108,21.6,3,11.0,36,33,16.950000000000003,7,21,138,12,3,0,4,0,0,1,frequency_informed_random,Frequency-informed random feasible,0.2666666666666666
,500039,hoarding,Hoarding,,0.0,15.899999999999999,,96,19.2,6,8.5,38,32,15.899999999999999,8,20,59,13,3,0,2,1,0,1,frequency_informed_random,Frequency-informed random feasible,0.31666666666666665
,500039,mixed,Mixed,,0.0,18.9,,106,21.2,12,14.5,36,24,18.9,8,20,115,14,2,0,2,1,0,1,frequency_informed_random,Frequency-informed random feasible,0.19999999999999996
,500039,need_based_to_competitive,Need-based → competitive,10.0,0.0,13.0,,80,16.0,4,5.0,34,30,13.0,7,21,101,13,3,0,2,1,1,0,frequency_informed_random,Frequency-informed random feasible,0.395
,500039,cooperative_to_hoarding,Cooperative → hoarding,10.0,0.0,12.0,,75,15.0,3,3.5,33,30,12.0,7,21,96,13,3,0,2,1,0,1,frequency_informed_random,Frequency-informed random feasible,0.3946666666666667
,500040,need_based,Need-based,,0.0,22.549999999999997,,122,24.4,17,19.5,34,17,22.549999999999997,2,26,167,12,2,1,3,0,2,0,frequency_informed_random,Frequency-informed random feasible,0.12786885245901636
,500040,cooperative,Cooperative,,0.0,21.799999999999997,,127,25.4,11,18.0,34,23,21.799999999999997,1,27,172,11,3,1,3,0,2,0,frequency_informed_random,Frequency-informed random feasible,0.16062992125984255
,500040,hoarding,Hoarding,,0.0,20.6,,119,23.8,11,14.0,44,33,20.6,4,24,57,11,2,2,3,0,2,0,frequency_informed_random,Frequency-informed random feasible,0.24873949579831933
,500040,mixed,Mixed,,0.0,19.85,,109,21.8,14,15.5,27,13,19.85,1,27,108,11,3,1,3,0,2,0,frequency_informed_random,Frequency-informed random feasible,0.12844036697247718
,500040,need_based_to_competitive,Need-based → competitive,10.0,0.0,17.75,,105,21.0,8,9.5,33,25,17.75,4,24,80,11,2,2,3,0,2,0,frequency_informed_random,Frequency-informed random feasible,0.25523809523809526
,500040,cooperative_to_hoarding,Cooperative → hoarding,10.0,0.0,18.049999999999997,,102,20.4,11,11.5,37,26,18.049999999999997,6,22,122,11,2,2,3,0,2,0,frequency_informed_random,Frequency-informed random feasible,0.2431372549019608
,500041,need_based,Need-based,,0.0,31.900000000000002,,176,35.2,22,29.0,41,19,31.900000000000002,4,17,138,14,1,0,5,0,0,0,frequency_informed_random,Frequency-informed random feasible,0.09318181818181825
,500041,cooperative,Cooperative,,0.0,14.25,,85,17.0,6,9.0,30,24,14.25,4,17,110,14,1,0,4,0,1,0,frequency_informed_random,Frequency-informed random feasible,0.263529411764706
,500041,hoarding,Hoarding,,0.0,17.299999999999997,,107,21.4,5,12.5,32,27,17.299999999999997,4,17,66,14,1,0,5,0,0,0,frequency_informed_random,Frequency-informed random feasible,0.23177570093457955
,500041,mixed,Mixed,,0.0,20.6,,109,21.8,17,18.0,26,9,20.6,3,18,98,14,1,0,4,0,1,0,frequency_informed_random,Frequency-informed random feasible,0.08807339449541285
,500041,need_based_to_competitive,Need-based → competitive,10.0,0.0,29.799999999999997,,162,32.4,22,25.0,43,21,29.799999999999997,4,17,101,14,1,0,5,0,0,0,frequency_informed_random,Frequency-informed random feasible,0.1283950617283951
,500041,cooperative_to_hoarding,Cooperative → hoarding,10.0,0.0,15.450000000000001,,93,18.6,6,11.5,31,25,15.450000000000001,4,17,92,14,1,0,4,0,1,0,frequency_informed_random,Frequency-informed random feasible,0.23655913978494625
,500042,need_based,Need-based,,0.0,22.950000000000003,,128,25.6,15,18.5,36,21,22.950000000000003,5,21,218,13,2,1,4,0,0,0,frequency_informed_random,Frequency-informed random feasible,0.15625
,500042,cooperative,Cooperative,,0.0,17.700000000000003,,98,19.6,12,14.5,30,18,17.700000000000003,5,21,141,13,2,1,4,0,0,0,frequency_informed_random,Frequency-informed random feasible,0.1673469387755102
,500042,hoarding,Hoarding,,0.0,20.15,,111,22.2,14,18.0,28,14,20.15,6,19,93,13,2,1,4,0,0,0,frequency_informed_random,Frequency-informed random feasible,0.11171171171171168
,500042,mixed,Mixed,,0.0,20.85,,124,24.8,9,14.0,41,32,20.85,6,19,151,13,2,1,4,0,0,0,frequency_informed_random,Frequency-informed random feasible,0.25161290322580654
,500042,need_based_to_competitive,Need-based → competitive,10.0,0.0,18.049999999999997,,97,19.4,14,14.0,33,19,18.049999999999997,6,19,114,13,2,1,4,0,0,0,frequency_informed_random,Frequency-informed random feasible,0.18969072164948453
,500042,cooperative_to_hoarding,Cooperative → hoarding,10.0,0.0,15.75,,90,18.0,9,11.5,27,18,15.75,6,19,87,13,2,1,4,0,0,0,frequency_informed_random,Frequency-informed random feasible,0.19999999999999996
,500043,need_based,Need-based,,0.0,19.85,,114,22.8,11,15.5,34,23,19.85,2,22,119,13,2,0,3,0,1,1,frequency_informed_random,Frequency-informed random feasible,0.1859649122807019
,500043,cooperative,Cooperative,,0.0,19.700000000000003,,113,22.6,11,12.5,33,22,19.700000000000003,2,24,168,13,2,0,3,0,1,1,frequency_informed_random,Frequency-informed random feasible,0.21238938053097356
,500043,hoarding,Hoarding,,0.0,18.299999999999997,,102,20.4,12,13.5,30,18,18.299999999999997,2,22,73,13,2,0,3,0,1,1,frequency_informed_random,Frequency-informed random feasible,0.19215686274509802
,500043,mixed,Mixed,,0.0,15.950000000000001,,88,17.6,11,12.5,23,12,15.950000000000001,2,24,113,13,2,0,3,0,1,1,frequency_informed_random,Frequency-informed random feasible,0.15000000000000013
,500043,need_based_to_competitive,Need-based → competitive,10.0,0.0,16.65,,91,18.2,12,14.5,28,16,16.65,4,20,63,12,2,0,4,0,1,1,frequency_informed_random,Frequency-informed random feasible,0.1406593406593406
,500043,cooperative_to_hoarding,Cooperative → hoarding,10.0,0.0,16.35,,94,18.8,9,10.0,26,17,16.35,3,23,114,13,2,0,3,0,1,1,frequency_informed_random,Frequency-informed random feasible,0.20425531914893624
,500044,need_based,Need-based,,0.0,32.2,,173,34.6,25,27.5,47,22,32.2,4,20,251,14,1,1,3,0,1,0,frequency_informed_random,Frequency-informed random feasible,0.11560693641618491
,500044,cooperative,Cooperative,,0.0,23.1,,139,27.8,9,15.5,43,34,23.1,5,19,245,13,1,1,4,0,1,0,frequency_informed_random,Frequency-informed random feasible,0.23309352517985626
,500044,hoarding,Hoarding,,0.0,26.15,,151,30.2,14,19.5,44,30,26.15,4,20,74,13,1,1,4,0,1,0,frequency_informed_random,Frequency-informed random feasible,0.185430463576159
,500044,mixed,Mixed,,0.0,23.1,,134,26.8,12,17.0,38,26,23.1,4,20,137,14,1,1,3,0,1,0,frequency_informed_random,Frequency-informed random feasible,0.19402985074626877
,500044,need_based_to_competitive,Need-based → competitive,10.0,0.0,19.15,,106,21.2,13,15.0,37,24,19.15,4,20,108,13,1,1,4,0,1,0,frequency_informed_random,Frequency-informed random feasible,0.1924528301886792
,500044,cooperative_to_hoarding,Cooperative → hoarding,10.0,0.0,20.299999999999997,,112,22.4,14,15.5,34,20,20.299999999999997,5,19,168,13,1,1,4,0,1,0,frequency_informed_random,Frequency-informed random feasible,0.17142857142857149
,500045,need_based,Need-based,,0.0,26.299999999999997,,142,28.4,20,20.5,52,32,26.299999999999997,1,25,313,12,2,2,3,1,0,0,frequency_informed_random,Frequency-informed random feasible,0.19999999999999996
,500045,cooperative,Cooperative,,0.0,13.649999999999999,,86,17.2,3,5.5,36,33,13.649999999999999,1,25,148,12,3,1,3,1,0,0,frequency_informed_random,Frequency-informed random feasible,0.40930232558139545
,500045,hoarding,Hoarding,,0.0,10.8,,67,13.4,3,4.0,27,24,10.8,4,22,56,12,2,1,4,1,0,0,frequency_informed_random,Frequency-informed random feasible,0.3641791044776119
,500045,mixed,Mixed,,0.0,11.8,,72,14.4,4,5.0,38,34,11.8,2,24,99,12,3,1,3,1,0,0,frequency_informed_random,Frequency-informed random feasible,0.4222222222222223
,500045,need_based_to_competitive,Need-based → competitive,10.0,0.0,22.15,,126,25.2,13,13.5,50,37,22.15,3,23,196,12,2,2,3,1,0,0,frequency_informed_random,Frequency-informed random feasible,0.2857142857142858
,500045,cooperative_to_hoarding,Cooperative → hoarding,10.0,0.0,12.700000000000001,,83,16.6,1,3.5,46,45,12.700000000000001,3,23,90,12,3,1,3,1,0,0,frequency_informed_random,Frequency-informed random feasible,0.4867469879518074
,500046,need_based,Need-based,,0.0,17.25,,95,19.0,12,12.5,31,19,17.25,4,21,166,12,2,1,4,1,0,0,frequency_informed_random,Frequency-informed random feasible,0.19789473684210535
,500046,cooperative,Cooperative,,0.0,25.0,,135,27.0,19,20.5,36,17,25.0,3,24,237,12,2,1,4,1,0,0,frequency_informed_random,Frequency-informed random feasible,0.12444444444444458
,500046,hoarding,Hoarding,,0.0,22.950000000000003,,128,25.6,15,16.0,44,29,22.950000000000003,6,21,66,12,2,1,4,1,0,0,frequency_informed_random,Frequency-informed random feasible,0.23124999999999996
,500046,mixed,Mixed,,0.0,19.950000000000003,,108,21.6,15,18.0,25,10,19.950000000000003,5,22,141,12,2,1,4,1,0,0,frequency_informed_random,Frequency-informed random feasible,0.08888888888888902
,500046,need_based_to_competitive,Need-based → competitive,10.0,0.0,11.7,,68,13.6,6,7.5,22,16,11.7,7,18,54,12,2,1,4,1,0,0,frequency_informed_random,Frequency-informed random feasible,0.23529411764705888
,500046,cooperative_to_hoarding,Cooperative → hoarding,10.0,0.0,16.049999999999997,,92,18.4,9,10.0,38,29,16.049999999999997,5,22,127,12,2,1,4,1,0,0,frequency_informed_random,Frequency-informed random feasible,0.27826086956521734
,500047,need_based,Need-based,,0.0,25.25,,145,29.0,14,19.0,39,25,25.25,2,21,236,13,4,2,1,0,0,0,frequency_informed_random,Frequency-informed random feasible,0.17655172413793108
,500047,cooperative,Cooperative,,0.0,17.25,,100,20.0,9,13.0,27,18,17.25,3,21,200,13,4,2,1,0,0,0,frequency_informed_random,Frequency-informed random feasible,0.17599999999999993
,500047,hoarding,Hoarding,,0.0,13.2,,78,15.6,6,6.0,31,25,13.2,5,18,69,12,5,2,1,0,0,0,frequency_informed_random,Frequency-informed random feasible,0.3333333333333335
,500047,mixed,Mixed,,0.0,28.549999999999997,,157,31.4,20,21.0,52,32,28.549999999999997,3,19,159,13,4,2,1,0,0,0,frequency_informed_random,Frequency-informed random feasible,0.19108280254777066
,500047,need_based_to_competitive,Need-based → competitive,10.0,0.0,20.4,,121,24.2,9,16.0,33,24,20.4,3,20,117,12,5,2,1,0,0,0,frequency_informed_random,Frequency-informed random feasible,0.17520661157024797
,500047,cooperative_to_hoarding,Cooperative → hoarding,10.0,0.0,15.899999999999999,,91,18.2,9,13.0,27,18,15.899999999999999,4,20,150,12,5,2,1,0,0,0,frequency_informed_random,Frequency-informed random feasible,0.17142857142857149
,500048,need_based,Need-based,,0.0,18.6,,109,21.8,9,9.0,46,37,18.6,2,20,116,14,1,0,2,1,1,1,frequency_informed_random,Frequency-informed random feasible,0.3339449541284405
,500048,cooperative,Cooperative,,0.0,21.549999999999997,,127,25.4,10,12.0,45,35,21.549999999999997,2,20,150,14,1,0,2,1,1,1,frequency_informed_random,Frequency-informed random feasible,0.28031496062992134
,500048,hoarding,Hoarding,,0.0,17.450000000000003,,98,19.6,11,11.5,31,20,17.450000000000003,1,21,74,14,1,0,2,1,1,1,frequency_informed_random,Frequency-informed random feasible,0.20408163265306123
,500048,mixed,Mixed,,0.0,22.25,,125,25.0,14,16.5,39,25,22.25,2,20,118,14,1,0,2,1,1,1,frequency_informed_random,Frequency-informed random feasible,0.18880000000000008
,500048,need_based_to_competitive,Need-based → competitive,10.0,0.0,21.450000000000003,,128,25.6,9,11.5,52,43,21.450000000000003,2,21,116,14,1,0,2,1,1,1,frequency_informed_random,Frequency-informed random feasible,0.3125
,500048,cooperative_to_hoarding,Cooperative → hoarding,10.0,0.0,17.35,,99,19.8,10,12.0,30,20,17.35,2,21,121,14,1,0,2,1,1,1,frequency_informed_random,Frequency-informed random feasible,0.20606060606060606
,500049,need_based,Need-based,,0.0,27.549999999999997,,152,30.4,19,22.0,38,19,27.549999999999997,5,14,160,17,1,0,0,0,0,2,frequency_informed_random,Frequency-informed random feasible,0.13157894736842102
,500049,cooperative,Cooperative,,0.0,22.049999999999997,,137,27.4,6,16.5,44,38,22.049999999999997,4,14,220,17,1,0,0,0,0,2,frequency_informed_random,Frequency-informed random feasible,0.23065693430656942
,500049,hoarding,Hoarding,,0.0,26.450000000000003,,143,28.6,20,22.5,36,16,26.450000000000003,4,14,99,17,1,0,0,0,0,2,frequency_informed_random,Frequency-informed random feasible,0.11748251748251759
,500049,mixed,Mixed,,0.0,20.9,,116,23.2,14,15.5,38,24,20.9,4,14,85,17,1,0,0,0,0,2,frequency_informed_random,Frequency-informed random feasible,0.193103448275862
,500049,need_based_to_competitive,Need-based → competitive,10.0,0.0,23.15,,126,25.2,17,17.0,33,16,23.15,4,15,112,17,1,0,0,0,0,2,frequency_informed_random,Frequency-informed random feasible,0.14603174603174618
,500049,cooperative_to_hoarding,Cooperative → hoarding,10.0,0.0,23.450000000000003,,128,25.6,17,18.0,40,23,23.450000000000003,5,12,148,17,1,0,0,0,0,2,frequency_informed_random,Frequency-informed random feasible,0.16874999999999996
,500050,need_based,Need-based,,0.0,22.950000000000003,,148,29.6,3,15.0,43,40,22.950000000000003,4,13,137,16,1,0,2,0,0,1,frequency_informed_random,Frequency-informed random feasible,0.24864864864864877
,500050,cooperative,Cooperative,,0.0,31.25,,170,34.0,23,25.0,44,21,31.25,3,15,185,16,1,0,2,0,0,1,frequency_informed_random,Frequency-informed random feasible,0.131764705882353
,500050,hoarding,Hoarding,,0.0,15.350000000000001,,84,16.8,11,12.5,23,12,15.350000000000001,4,12,81,16,1,0,2,0,0,1,frequency_informed_random,Frequency-informed random feasible,0.1523809523809525
,500050,mixed,Mixed,,0.0,19.700000000000003,,113,22.6,11,14.0,35,24,19.700000000000003,3,15,127,16,1,0,2,0,0,1,frequency_informed_random,Frequency-informed random feasible,0.20884955752212386
,500050,need_based_to_competitive,Need-based → competitive,10.0,0.0,28.6,,149,29.8,25,26.0,37,12,28.6,4,13,107,16,1,0,2,0,0,1,frequency_informed_random,Frequency-informed random feasible,0.0724832214765101
,500050,cooperative_to_hoarding,Cooperative → hoarding,10.0,0.0,28.4,,156,31.2,20,20.5,45,25,28.4,3,13,129,16,1,0,2,0,0,1,frequency_informed_random,Frequency-informed random feasible,0.18461538461538463
,500051,need_based,Need-based,,0.0,19.700000000000003,,108,21.6,14,18.0,25,11,19.700000000000003,4,21,140,12,1,0,6,0,0,1,frequency_informed_random,Frequency-informed random feasible,0.09259259259259256
,500051,cooperative,Cooperative,,0.0,23.0,,130,26.0,14,15.5,36,22,23.0,5,20,163,12,1,0,6,0,0,1,frequency_informed_random,Frequency-informed random feasible,0.18461538461538463
,500051,hoarding,Hoarding,,0.0,13.950000000000001,,83,16.6,6,8.5,35,29,13.950000000000001,4,21,62,13,2,0,4,0,0,1,frequency_informed_random,Frequency-informed random feasible,0.308433734939759
,500051,mixed,Mixed,,0.0,15.200000000000001,,83,16.6,11,11.0,25,14,15.200000000000001,3,22,93,13,2,0,4,0,0,1,frequency_informed_random,Frequency-informed random feasible,0.1879518072289157
,500051,need_based_to_competitive,Need-based → competitive,10.0,0.0,18.5,,100,20.0,14,14.0,30,16,18.5,4,21,91,12,1,0,6,0,0,1,frequency_informed_random,Frequency-informed random feasible,0.16400000000000015
,500051,cooperative_to_hoarding,Cooperative → hoarding,10.0,0.0,20.9,,116,23.2,14,14.0,30,16,20.9,4,21,112,12,1,0,6,0,0,1,frequency_informed_random,Frequency-informed random feasible,0.16551724137931045
,500052,need_based,Need-based,,0.0,27.35,,149,29.8,20,23.0,47,27,27.35,3,25,147,11,1,0,6,1,0,1,frequency_informed_random,Frequency-informed random feasible,0.15302013422818805
,500052,cooperative,Cooperative,,0.0,23.6,,134,26.8,14,15.5,47,33,23.6,5,23,175,11,1,0,6,1,0,1,frequency_informed_random,Frequency-informed random feasible,0.23880597014925375
,500052,hoarding,Hoarding,,0.0,21.35,,119,23.8,14,18.0,37,23,21.35,3,25,75,12,1,0,5,1,0,1,frequency_informed_random,Frequency-informed random feasible,0.15798319327731103
,500052,mixed,Mixed,,0.0,25.9,,141,28.2,19,19.5,41,22,25.9,3,25,133,11,1,0,6,1,0,1,frequency_informed_random,Frequency-informed random feasible,0.17872340425531918
,500052,need_based_to_competitive,Need-based → competitive,10.0,0.0,23.15,,131,26.2,14,15.5,50,36,23.15,3,25,107,11,1,0,6,1,0,1,frequency_informed_random,Frequency-informed random feasible,0.2534351145038167
,500052,cooperative_to_hoarding,Cooperative → hoarding,10.0,0.0,24.6,,139,27.8,15,17.0,42,27,24.6,3,25,97,11,1,0,6,1,0,1,frequency_informed_random,Frequency-informed random feasible,0.20431654676259003
,500053,need_based,Need-based,,0.0,28.75,,160,32.0,19,23.0,49,30,28.75,3,18,128,14,3,0,1,0,2,0,frequency_informed_random,Frequency-informed random feasible,0.16500000000000004
,500053,cooperative,Cooperative,,0.0,28.700000000000003,,163,32.6,17,25.0,42,25,28.700000000000003,3,17,221,14,3,0,1,0,2,0,frequency_informed_random,Frequency-informed random feasible,0.13006134969325167
,500053,hoarding,Hoarding,,0.0,11.7,,68,13.6,6,6.0,28,22,11.7,3,16,46,14,3,0,1,0,2,0,frequency_informed_random,Frequency-informed random feasible,0.33529411764705896
,500053,mixed,Mixed,,0.0,19.200000000000003,,113,22.6,9,10.5,42,33,19.200000000000003,3,18,108,14,3,0,1,0,2,0,frequency_informed_random,Frequency-informed random feasible,0.2796460176991151
,500053,need_based_to_competitive,Need-based → competitive,10.0,0.0,23.4,,141,28.2,9,18.0,43,34,23.4,3,18,117,14,3,0,1,0,2,0,frequency_informed_random,Frequency-informed random feasible,0.2127659574468086
,500053,cooperative_to_hoarding,Cooperative → hoarding,10.0,0.0,25.35,,139,27.8,18,21.5,36,18,25.35,3,16,151,14,3,0,1,0,2,0,frequency_informed_random,Frequency-informed random feasible,0.12661870503597128
,500054,need_based,Need-based,,0.0,23.6,,129,25.8,17,19.5,38,21,23.6,8,20,225,13,3,2,2,0,0,0,frequency_informed_random,Frequency-informed random feasible,0.15503875968992253
,500054,cooperative,Cooperative,,0.0,24.549999999999997,,132,26.4,19,20.5,33,14,24.549999999999997,6,22,206,13,3,2,2,0,0,0,frequency_informed_random,Frequency-informed random feasible,0.10909090909090913
,500054,hoarding,Hoarding,,0.0,14.850000000000001,,79,15.8,12,12.0,22,10,14.850000000000001,8,15,67,13,3,2,2,0,0,0,frequency_informed_random,Frequency-informed random feasible,0.13670886075949373
,500054,mixed,Mixed,,0.0,18.15,,106,21.2,9,13.0,33,24,18.15,8,20,141,13,3,2,2,0,0,0,frequency_informed_random,Frequency-informed random feasible,0.2075471698113207
,500054,need_based_to_competitive,Need-based → competitive,10.0,0.0,22.85,,119,23.8,20,20.0,32,12,22.85,8,18,135,13,3,2,2,0,0,0,frequency_informed_random,Frequency-informed random feasible,0.09747899159663875
,500054,cooperative_to_hoarding,Cooperative → hoarding,10.0,0.0,16.549999999999997,,92,18.4,11,11.0,32,21,16.549999999999997,8,20,110,13,3,2,2,0,0,0,frequency_informed_random,Frequency-informed random feasible,0.23478260869565215
,500055,need_based,Need-based,,0.0,18.950000000000003,,103,20.6,14,14.0,28,14,18.950000000000003,5,15,261,15,0,2,3,0,0,0,frequency_informed_random,Frequency-informed random feasible,0.15145631067961163
,500055,cooperative,Cooperative,,0.0,18.950000000000003,,108,21.6,11,14.0,36,25,18.950000000000003,7,13,182,15,0,2,3,0,0,0,frequency_informed_random,Frequency-informed random feasible,0.20370370370370372
,500055,hoarding,Hoarding,,0.0,20.549999999999997,,122,24.4,9,14.0,39,30,20.549999999999997,8,11,93,15,0,2,3,0,0,0,frequency_informed_random,Frequency-informed random feasible,0.24262295081967222
,500055,mixed,Mixed,,0.0,19.049999999999997,,112,22.4,9,13.0,34,25,19.049999999999997,4,16,147,15,0,2,3,0,0,0,frequency_informed_random,Frequency-informed random feasible,0.2250000000000001
,500055,need_based_to_competitive,Need-based → competitive,10.0,0.0,18.65,,101,20.2,14,15.5,28,14,18.65,8,12,86,15,0,2,3,0,0,0,frequency_informed_random,Frequency-informed random feasible,0.1306930693069308
,500055,cooperative_to_hoarding,Cooperative → hoarding,10.0,0.0,19.4,,111,22.2,11,14.0,33,22,19.4,8,9,117,15,0,2,3,0,0,0,frequency_informed_random,Frequency-informed random feasible,0.19819819819819817
,500056,need_based,Need-based,,0.0,32.349999999999994,,174,34.8,25,27.5,41,16,32.349999999999994,3,25,217,11,4,1,2,1,0,1,frequency_informed_random,Frequency-informed random feasible,0.096551724137931
,500056,cooperative,Cooperative,,0.0,24.1,,129,25.8,19,20.0,34,15,24.1,3,25,159,12,2,2,3,0,0,1,frequency_informed_random,Frequency-informed random feasible,0.13023255813953494
,500056,hoarding,Hoarding,,0.0,10.8,,67,13.4,3,7.0,26,23,10.8,5,22,68,11,4,2,2,0,0,1,frequency_informed_random,Frequency-informed random feasible,0.29253731343283595
,500056,mixed,Mixed,,0.0,16.549999999999997,,92,18.4,11,11.0,27,16,16.549999999999997,3,25,188,12,2,2,3,0,0,1,frequency_informed_random,Frequency-informed random feasible,0.18695652173913047
,500056,need_based_to_competitive,Need-based → competitive,10.0,0.0,27.25,,145,29.0,22,24.5,33,11,27.25,3,25,108,10,4,2,3,0,0,1,frequency_informed_random,Frequency-informed random feasible,0.0772413793103448
,500056,cooperative_to_hoarding,Cooperative → hoarding,10.0,0.0,10.5,,65,13.0,3,6.5,19,16,10.5,3,25,102,10,4,2,3,0,0,1,frequency_informed_random,Frequency-informed random feasible,0.25230769230769234
,500057,need_based,Need-based,,0.0,28.299999999999997,,152,30.4,22,24.5,45,23,28.299999999999997,3,22,123,12,2,0,6,0,0,0,frequency_informed_random,Frequency-informed random feasible,0.13157894736842102
,500057,cooperative,Cooperative,,0.0,22.4,,131,26.2,11,16.5,36,25,22.4,3,22,175,12,3,0,5,0,0,0,frequency_informed_random,Frequency-informed random feasible,0.18625954198473282
,500057,hoarding,Hoarding,,0.0,23.6,,129,25.8,17,18.5,35,18,23.6,3,22,84,12,3,0,5,0,0,0,frequency_informed_random,Frequency-informed random feasible,0.1457364341085272
,500057,mixed,Mixed,,0.0,13.25,,70,14.0,11,12.0,19,8,13.25,3,22,86,11,2,0,7,0,0,0,frequency_informed_random,Frequency-informed random feasible,0.0971428571428572
,500057,need_based_to_competitive,Need-based → competitive,10.0,0.0,21.75,,125,25.0,12,14.5,52,40,21.75,4,21,105,12,2,0,6,0,0,0,frequency_informed_random,Frequency-informed random feasible,0.272
,500057,cooperative_to_hoarding,Cooperative → hoarding,10.0,0.0,19.049999999999997,,117,23.4,6,14.0,33,27,19.049999999999997,3,22,108,12,3,0,5,0,0,0,frequency_informed_random,Frequency-informed random feasible,0.2085470085470087
,500058,need_based,Need-based,,0.0,27.950000000000003,,153,30.6,20,21.0,42,22,27.950000000000003,4,23,222,12,3,1,4,0,0,0,frequency_informed_random,Frequency-informed random feasible,0.15947712418300664
,500058,cooperative,Cooperative,,0.0,15.5,,95,19.0,5,9.5,34,29,15.5,4,23,209,12,2,2,4,0,0,0,frequency_informed_random,Frequency-informed random feasible,0.30315789473684207
,500058,hoarding,Hoarding,,0.0,15.299999999999999,,92,18.4,6,10.0,30,24,15.299999999999999,3,24,67,10,4,1,5,0,0,0,frequency_informed_random,Frequency-informed random feasible,0.26956521739130435
,500058,mixed,Mixed,,0.0,25.75,,140,28.0,19,22.0,41,22,25.75,3,24,146,12,3,1,4,0,0,0,frequency_informed_random,Frequency-informed random feasible,0.14000000000000012
,500058,need_based_to_competitive,Need-based → competitive,10.0,0.0,24.65,,131,26.2,20,21.0,33,13,24.65,3,24,127,11,4,1,4,0,0,0,frequency_informed_random,Frequency-informed random feasible,0.10687022900763354
,500058,cooperative_to_hoarding,Cooperative → hoarding,10.0,0.0,13.25,,80,16.0,5,7.0,27,22,13.25,5,22,130,11,3,2,4,0,0,0,frequency_informed_random,Frequency-informed random feasible,0.28500000000000014
,500059,need_based,Need-based,,0.0,23.299999999999997,,132,26.4,14,16.5,39,25,23.299999999999997,5,20,161,12,4,1,3,0,0,0,frequency_informed_random,Frequency-informed random feasible,0.18484848484848482
,500059,cooperative,Cooperative,,0.0,20.75,,115,23.0,14,14.0,39,25,20.75,5,20,192,12,4,1,3,0,0,0,frequency_informed_random,Frequency-informed random feasible,0.2295652173913043
,500059,hoarding,Hoarding,,0.0,13.850000000000001,,84,16.8,5,5.5,40,35,13.850000000000001,5,17,76,12,4,1,3,0,0,0,frequency_informed_random,Frequency-informed random feasible,0.43333333333333335
,500059,mixed,Mixed,,0.0,17.75,,100,20.0,11,12.5,30,19,17.75,5,20,166,12,4,1,3,0,0,0,frequency_informed_random,Frequency-informed random feasible,0.20799999999999996
,500059,need_based_to_competitive,Need-based → competitive,10.0,0.0,12.149999999999999,,71,14.2,6,6.0,28,22,12.149999999999999,7,18,94,12,4,1,3,0,0,0,frequency_informed_random,Frequency-informed random feasible,0.3267605633802817
,500059,cooperative_to_hoarding,Cooperative → hoarding,10.0,0.0,15.600000000000001,,94,18.8,6,8.0,37,31,15.600000000000001,4,22,142,12,4,1,3,0,0,0,frequency_informed_random,Frequency-informed random feasible,0.348936170212766
,500060,need_based,Need-based,,0.0,23.1,,124,24.8,18,21.0,29,11,23.1,2,26,135,11,3,1,4,0,1,0,frequency_informed_random,Frequency-informed random feasible,0.08387096774193559
,500060,cooperative,Cooperative,,0.0,22.450000000000003,,128,25.6,13,16.5,34,21,22.450000000000003,2,26,197,11,4,0,4,0,1,0,frequency_informed_random,Frequency-informed random feasible,0.17500000000000004
,500060,hoarding,Hoarding,,0.0,18.450000000000003,,103,20.6,12,12.5,38,26,18.450000000000003,4,23,73,10,3,2,4,0,1,0,frequency_informed_random,Frequency-informed random feasible,0.2330097087378642
,500060,mixed,Mixed,,0.0,14.700000000000001,,88,17.6,6,10.0,26,20,14.700000000000001,3,25,115,11,3,2,3,0,1,0,frequency_informed_random,Frequency-informed random feasible,0.23181818181818192
,500060,need_based_to_competitive,Need-based → competitive,10.0,0.0,23.0,,125,25.0,17,18.5,36,19,23.0,3,25,147,11,3,1,4,0,1,0,frequency_informed_random,Frequency-informed random feasible,0.15359999999999996
,500060,cooperative_to_hoarding,Cooperative → hoarding,10.0,0.0,15.899999999999999,,91,18.2,9,10.5,31,22,15.899999999999999,4,24,128,12,3,0,4,0,1,0,frequency_informed_random,Frequency-informed random feasible,0.25054945054945055
,500061,need_based,Need-based,,0.0,21.299999999999997,,132,26.4,6,10.0,45,39,21.299999999999997,5,23,122,11,4,0,5,0,0,0,frequency_informed_random,Frequency-informed random feasible,0.3212121212121213
,500061,cooperative,Cooperative,,0.0,19.5,,115,23.0,9,14.0,38,29,19.5,6,22,93,11,4,0,5,0,0,0,frequency_informed_random,Frequency-informed random feasible,0.2295652173913043
,500061,hoarding,Hoarding,,0.0,11.899999999999999,,76,15.2,2,5.5,27,25,11.899999999999999,6,22,56,11,4,0,5,0,0,0,frequency_informed_random,Frequency-informed random feasible,0.33684210526315783
,500061,mixed,Mixed,,0.0,17.65,,101,20.2,10,11.0,37,27,17.65,4,24,86,10,5,0,5,0,0,0,frequency_informed_random,Frequency-informed random feasible,0.25742574257425743
,500061,need_based_to_competitive,Need-based → competitive,10.0,0.0,16.65,,106,21.2,3,8.5,37,34,16.65,5,23,86,11,4,0,5,0,0,0,frequency_informed_random,Frequency-informed random feasible,0.328301886792453
,500061,cooperative_to_hoarding,Cooperative → hoarding,10.0,0.0,13.05,,77,15.4,6,7.0,27,21,13.05,6,22,47,11,4,0,5,0,0,0,frequency_informed_random,Frequency-informed random feasible,0.2753246753246754
,500062,need_based,Need-based,,0.0,32.05,,177,35.4,22,27.5,46,24,32.05,8,12,179,16,3,0,1,0,0,0,frequency_informed_random,Frequency-informed random feasible,0.12655367231638426
,500062,cooperative,Cooperative,,0.0,23.15,,126,25.2,17,19.5,32,15,23.15,8,12,157,16,3,0,1,0,0,0,frequency_informed_random,Frequency-informed random feasible,0.11428571428571432
,500062,hoarding,Hoarding,,0.0,13.95,,78,15.6,9,9.0,23,14,13.95,8,11,99,16,3,0,1,0,0,0,frequency_informed_random,Frequency-informed random feasible,0.19999999999999996
,500062,mixed,Mixed,,0.0,19.799999999999997,,112,22.4,12,13.0,36,24,19.799999999999997,8,11,94,16,3,0,1,0,0,0,frequency_informed_random,Frequency-informed random feasible,0.22857142857142865
,500062,need_based_to_competitive,Need-based → competitive,10.0,0.0,24.200000000000003,,133,26.6,17,17.0,33,16,24.200000000000003,8,12,110,16,3,0,1,0,0,0,frequency_informed_random,Frequency-informed random feasible,0.14436090225563913
,500062,cooperative_to_hoarding,Cooperative → hoarding,10.0,0.0,15.600000000000001,,89,17.8,9,9.0,26,17,15.600000000000001,8,12,100,16,3,0,1,0,0,0,frequency_informed_random,Frequency-informed random feasible,0.2247191011235956
,500063,need_based,Need-based,,0.0,25.450000000000003,,138,27.6,19,22.5,33,14,25.450000000000003,2,26,298,10,3,2,5,0,0,0,frequency_informed_random,Frequency-informed random feasible,0.10144927536231885
,500063,cooperative,Cooperative,,0.0,20.0,,110,22.0,14,14.0,33,19,20.0,2,26,177,9,4,1,6,0,0,0,frequency_informed_random,Frequency-informed random feasible,0.19636363636363652
,500063,hoarding,Hoarding,,0.0,14.549999999999999,,87,17.4,6,10.0,31,25,14.549999999999999,3,25,39,8,4,2,6,0,0,0,frequency_informed_random,Frequency-informed random feasible,0.25287356321839094
,500063,mixed,Mixed,,0.0,18.0,,110,22.0,6,13.0,36,30,18.0,1,27,134,10,5,1,4,0,0,0,frequency_informed_random,Frequency-informed random feasible,0.24
,500063,need_based_to_competitive,Need-based → competitive,10.0,0.0,17.549999999999997,,97,19.4,12,13.0,27,15,17.549999999999997,4,24,116,9,3,2,6,0,0,0,frequency_informed_random,Frequency-informed random feasible,0.15670103092783516
,500063,cooperative_to_hoarding,Cooperative → hoarding,10.0,0.0,12.45,,78,15.6,3,4.5,33,30,12.45,5,23,77,10,4,0,6,0,0,0,frequency_informed_random,Frequency-informed random feasible,0.40512820512820524
,500064,need_based,Need-based,,0.0,20.549999999999997,,117,23.4,12,14.5,31,19,20.549999999999997,2,20,116,13,1,0,4,2,0,0,frequency_informed_random,Frequency-informed random feasible,0.1743589743589744
,500064,cooperative,Cooperative,,0.0,19.049999999999997,,117,23.4,6,7.5,47,41,19.049999999999997,3,19,143,13,1,0,4,1,1,0,frequency_informed_random,Frequency-informed random feasible,0.3452991452991454
,500064,hoarding,Hoarding,,0.0,21.5,,120,24.0,14,15.5,42,28,21.5,2,19,62,13,1,0,4,2,0,0,frequency_informed_random,Frequency-informed random feasible,0.22999999999999998
,500064,mixed,Mixed,,0.0,28.15,,156,31.2,19,22.0,47,28,28.15,2,20,120,13,1,0,4,2,0,0,frequency_informed_random,Frequency-informed random feasible,0.1692307692307693
,500064,need_based_to_competitive,Need-based → competitive,10.0,0.0,16.35,,94,18.8,9,9.0,30,21,16.35,4,18,75,13,1,0,4,1,1,0,frequency_informed_random,Frequency-informed random feasible,0.2638297872340425
,500064,cooperative_to_hoarding,Cooperative → hoarding,10.0,0.0,25.299999999999997,,137,27.4,19,19.5,46,27,25.299999999999997,2,20,112,13,1,0,4,2,0,0,frequency_informed_random,Frequency-informed random feasible,0.18686131386861327
,500065,need_based,Need-based,,0.0,25.950000000000003,,138,27.6,21,21.5,44,23,25.950000000000003,8,15,128,13,1,0,6,0,0,0,frequency_informed_random,Frequency-informed random feasible,0.15362318840579725
,500065,cooperative,Cooperative,,0.0,30.549999999999997,,167,33.4,22,28.0,38,16,30.549999999999997,7,17,191,14,1,0,5,0,0,0,frequency_informed_random,Frequency-informed random feasible,0.08383233532934131
,500065,hoarding,Hoarding,,0.0,16.799999999999997,,97,19.4,9,12.0,26,17,16.799999999999997,6,18,53,13,1,0,6,0,0,0,frequency_informed_random,Frequency-informed random feasible,0.1814432989690722
,500065,mixed,Mixed,,0.0,19.35,,104,20.8,15,16.0,31,16,19.35,7,17,111,13,1,0,6,0,0,0,frequency_informed_random,Frequency-informed random feasible,0.14230769230769225
,500065,need_based_to_competitive,Need-based → competitive,10.0,0.0,22.1,,124,24.8,14,16.5,44,30,22.1,8,15,114,13,1,0,6,0,0,0,frequency_informed_random,Frequency-informed random feasible,0.2129032258064516
,500065,cooperative_to_hoarding,Cooperative → hoarding,10.0,0.0,24.5,,135,27.0,17,18.5,38,21,24.5,8,16,149,14,1,0,5,0,0,0,frequency_informed_random,Frequency-informed random feasible,0.16888888888888887
,500066,need_based,Need-based,,0.0,25.85,,154,30.8,11,20.5,43,32,25.85,6,13,212,15,0,1,4,0,0,0,frequency_informed_random,Frequency-informed random feasible,0.19220779220779227
,500066,cooperative,Cooperative,,0.0,18.950000000000003,,108,21.6,11,11.5,44,33,18.950000000000003,7,12,164,15,0,1,4,0,0,0,frequency_informed_random,Frequency-informed random feasible,0.30000000000000004
,500066,hoarding,Hoarding,,0.0,20.9,,121,24.2,11,12.5,44,33,20.9,8,12,67,15,0,1,4,0,0,0,frequency_informed_random,Frequency-informed random feasible,0.2710743801652893
,500066,mixed,Mixed,,0.0,20.1,,119,23.8,9,10.0,36,27,20.1,6,15,142,15,0,1,4,0,0,0,frequency_informed_random,Frequency-informed random feasible,0.2655462184873949
,500066,need_based_to_competitive,Need-based → competitive,10.0,0.0,19.35,,114,22.8,9,14.5,36,27,19.35,8,11,100,15,0,1,4,0,0,0,frequency_informed_random,Frequency-informed random feasible,0.21403508771929824
,500066,cooperative_to_hoarding,Cooperative → hoarding,10.0,0.0,15.450000000000001,,93,18.6,6,6.0,47,41,15.450000000000001,8,11,88,15,0,1,4,0,0,0,frequency_informed_random,Frequency-informed random feasible,0.40000000000000013
,500067,need_based,Need-based,,0.0,23.200000000000003,,128,25.6,16,18.0,37,21,23.200000000000003,4,22,167,13,1,2,3,0,1,0,frequency_informed_random,Frequency-informed random feasible,0.1625000000000001
,500067,cooperative,Cooperative,,0.0,16.799999999999997,,102,20.4,6,9.0,40,34,16.799999999999997,5,21,179,13,1,2,3,0,1,0,frequency_informed_random,Frequency-informed random feasible,0.33725490196078445
,500067,hoarding,Hoarding,,0.0,15.149999999999999,,86,17.2,9,10.5,23,14,15.149999999999999,4,20,38,13,1,2,2,1,1,0,frequency_informed_random,Frequency-informed random feasible,0.17674418604651176
,500067,mixed,Mixed,,0.0,18.75,,110,22.0,9,10.0,37,28,18.75,4,22,136,13,1,2,3,0,1,0,frequency_informed_random,Frequency-informed random feasible,0.27636363636363637
,500067,need_based_to_competitive,Need-based → competitive,10.0,0.0,14.299999999999999,,87,17.4,5,5.5,31,26,14.299999999999999,5,21,73,13,1,2,2,1,1,0,frequency_informed_random,Frequency-informed random feasible,0.32643678160919554
,500067,cooperative_to_hoarding,Cooperative → hoarding,10.0,0.0,15.149999999999999,,86,17.2,9,10.0,36,27,15.149999999999999,5,21,103,13,1,2,2,1,1,0,frequency_informed_random,Frequency-informed random feasible,0.28837209302325584
,500068,need_based,Need-based,,0.0,39.8,,202,40.4,38,38.0,43,5,39.8,8,19,200,14,0,1,4,0,1,0,frequency_informed_random,Frequency-informed random feasible,0.027722772277227747
,500068,cooperative,Cooperative,,0.0,27.650000000000002,,161,32.2,14,22.0,43,29,27.650000000000002,8,19,177,14,0,1,4,0,1,0,frequency_informed_random,Frequency-informed random feasible,0.17142857142857149
,500068,hoarding,Hoarding,,0.0,18.65,,106,21.2,11,12.0,32,21,18.65,8,18,77,14,0,1,4,0,0,1,frequency_informed_random,Frequency-informed random feasible,0.21509433962264146
,500068,mixed,Mixed,,0.0,21.450000000000003,,123,24.6,12,14.5,39,27,21.450000000000003,8,18,108,14,0,1,4,0,1,0,frequency_informed_random,Frequency-informed random feasible,0.22764227642276436
,500068,need_based_to_competitive,Need-based → competitive,10.0,0.0,34.2,,178,35.6,30,30.0,44,14,34.2,8,19,152,14,0,1,4,0,1,0,frequency_informed_random,Frequency-informed random feasible,0.08089887640449445
,500068,cooperative_to_hoarding,Cooperative → hoarding,10.0,0.0,24.0,,140,28.0,12,16.0,40,28,24.0,8,19,99,14,0,1,4,0,1,0,frequency_informed_random,Frequency-informed random feasible,0.20285714285714285
,500069,need_based,Need-based,,0.0,22.25,,120,24.0,17,18.0,41,24,22.25,6,21,162,13,3,1,3,0,0,0,frequency_informed_random,Frequency-informed random feasible,0.17000000000000015
,500069,cooperative,Cooperative,,0.0,17.4,,106,21.2,6,10.0,39,33,17.4,6,21,195,13,2,2,3,0,0,0,frequency_informed_random,Frequency-informed random feasible,0.290566037735849
,500069,hoarding,Hoarding,,0.0,9.899999999999999,,56,11.2,6,6.0,21,15,9.899999999999999,6,20,73,12,3,2,3,0,0,0,frequency_informed_random,Frequency-informed random feasible,0.2714285714285716
,500069,mixed,Mixed,,0.0,13.950000000000001,,83,16.6,6,8.5,32,26,13.950000000000001,6,22,116,13,2,2,3,0,0,0,frequency_informed_random,Frequency-informed random feasible,0.2795180722891566
,500069,need_based_to_competitive,Need-based → competitive,10.0,0.0,12.3,,72,14.4,6,6.0,37,31,12.3,7,20,98,13,3,1,3,0,0,0,frequency_informed_random,Frequency-informed random feasible,0.37777777777777777
,500069,cooperative_to_hoarding,Cooperative → hoarding,10.0,0.0,13.049999999999999,,82,16.4,3,7.5,28,25,13.049999999999999,6,21,133,13,2,2,3,0,0,0,frequency_informed_random,Frequency-informed random feasible,0.30731707317073176
,500070,need_based,Need-based,,0.0,26.15,,146,29.2,17,19.5,37,20,26.15,5,22,250,13,2,2,3,0,0,0,frequency_informed_random,Frequency-informed random feasible,0.1479452054794521
,500070,cooperative,Cooperative,,0.0,21.049999999999997,,112,22.4,17,18.0,30,13,21.049999999999997,6,21,151,13,2,2,3,0,0,0,frequency_informed_random,Frequency-informed random feasible,0.11785714285714288
,500070,hoarding,Hoarding,,0.0,14.25,,80,16.0,9,9.0,34,25,14.25,5,22,42,12,3,2,3,0,0,0,frequency_informed_random,Frequency-informed random feasible,0.29000000000000004
,500070,mixed,Mixed,,0.0,15.450000000000001,,93,18.6,6,7.5,44,38,15.450000000000001,6,21,128,13,2,2,3,0,0,0,frequency_informed_random,Frequency-informed random feasible,0.37419354838709684
,500070,need_based_to_competitive,Need-based → competitive,10.0,0.0,19.85,,114,22.8,11,15.0,38,27,19.85,5,22,133,12,4,2,2,0,0,0,frequency_informed_random,Frequency-informed random feasible,0.20350877192982453
,500070,cooperative_to_hoarding,Cooperative → hoarding,10.0,0.0,16.35,,89,17.8,12,12.0,30,18,16.35,6,21,116,12,3,2,3,0,0,0,frequency_informed_random,Frequency-informed random feasible,0.18876404494382037
,500071,need_based,Need-based,,0.0,19.950000000000003,,118,23.6,9,17.0,31,22,19.950000000000003,2,24,186,12,2,1,4,0,1,0,frequency_informed_random,Frequency-informed random feasible,0.15932203389830524
,500071,cooperative,Cooperative,,0.0,19.65,,121,24.2,6,13.0,46,40,19.65,2,24,181,12,2,1,4,0,1,0,frequency_informed_random,Frequency-informed random feasible,0.28760330578512394
,500071,hoarding,Hoarding,,0.0,21.35,,119,23.8,14,15.5,47,33,21.35,1,25,71,11,2,1,5,0,1,0,frequency_informed_random,Frequency-informed random feasible,0.238655462184874
,500071,mixed,Mixed,,0.0,17.85,,109,21.8,6,10.0,39,33,17.85,2,24,100,12,2,1,4,0,0,1,frequency_informed_random,Frequency-informed random feasible,0.30091743119266057
,500071,need_based_to_competitive,Need-based → competitive,10.0,0.0,16.65,,96,19.2,9,12.0,33,24,16.65,1,25,138,12,2,1,4,0,0,1,frequency_informed_random,Frequency-informed random feasible,0.22916666666666674
,500071,cooperative_to_hoarding,Cooperative → hoarding,10.0,0.0,18.6,,109,21.8,9,11.5,41,32,18.6,2,24,133,11,2,1,5,0,1,0,frequency_informed_random,Frequency-informed random feasible,0.28623853211009176
,500072,need_based,Need-based,,0.0,21.299999999999997,,122,24.4,12,17.5,37,25,21.299999999999997,6,20,218,13,3,1,3,0,0,0,frequency_informed_random,Frequency-informed random feasible,0.17049180327868863
,500072,cooperative,Cooperative,,0.0,16.65,,96,19.2,9,13.0,28,19,16.65,6,21,150,13,3,1,3,0,0,0,frequency_informed_random,Frequency-informed random feasible,0.19166666666666665
,500072,hoarding,Hoarding,,0.0,19.700000000000003,,108,21.6,14,16.5,28,14,19.700000000000003,8,19,88,12,4,1,3,0,0,0,frequency_informed_random,Frequency-informed random feasible,0.13703703703703707
,500072,mixed,Mixed,,0.0,16.1,,99,19.8,5,9.5,38,33,16.1,6,20,91,13,3,1,3,0,0,0,frequency_informed_random,Frequency-informed random feasible,0.3111111111111111
,500072,need_based_to_competitive,Need-based → competitive,10.0,0.0,26.6,,154,30.8,14,18.0,44,30,26.6,8,18,114,13,3,1,3,0,0,0,frequency_informed_random,Frequency-informed random feasible,0.20779220779220786
,500072,cooperative_to_hoarding,Cooperative → hoarding,10.0,0.0,17.700000000000003,,108,21.6,6,12.5,32,26,17.700000000000003,8,19,105,13,3,1,3,0,0,0,frequency_informed_random,Frequency-informed random feasible,0.22962962962962963
,500073,need_based,Need-based,,0.0,22.35,,129,25.8,12,19.5,35,23,22.35,6,21,153,13,2,0,3,0,2,0,frequency_informed_random,Frequency-informed random feasible,0.1457364341085272
,500073,cooperative,Cooperative,,0.0,20.549999999999997,,127,25.4,6,14.0,47,41,20.549999999999997,6,21,143,13,2,0,3,0,2,0,frequency_informed_random,Frequency-informed random feasible,0.2834645669291338
,500073,hoarding,Hoarding,,0.0,11.7,,68,13.6,6,6.0,25,19,11.7,7,20,50,13,2,0,3,0,2,0,frequency_informed_random,Frequency-informed random feasible,0.30000000000000004
,500073,mixed,Mixed,,0.0,14.100000000000001,,89,17.8,3,4.5,47,44,14.100000000000001,7,20,76,13,2,0,3,0,2,0,frequency_informed_random,Frequency-informed random feasible,0.4674157303370787
,500073,need_based_to_competitive,Need-based → competitive,10.0,0.0,20.4,,121,24.2,9,15.5,33,24,20.4,7,20,142,13,2,0,3,0,2,0,frequency_informed_random,Frequency-informed random feasible,0.18512396694214872
,500073,cooperative_to_hoarding,Cooperative → hoarding,10.0,0.0,15.899999999999999,,101,20.2,3,3.0,48,45,15.899999999999999,7,20,89,13,2,0,3,0,2,0,frequency_informed_random,Frequency-informed random feasible,0.46336633663366333
,500074,need_based,Need-based,,0.0,21.5,,125,25.0,11,14.0,42,31,21.5,1,25,283,12,4,1,2,1,0,0,frequency_informed_random,Frequency-informed random feasible,0.26560000000000006
,500074,cooperative,Cooperative,,0.0,22.700000000000003,,128,25.6,14,15.5,34,20,22.700000000000003,1,25,231,12,4,1,2,1,0,0,frequency_informed_random,Frequency-informed random feasible,0.17500000000000004
,500074,hoarding,Hoarding,,0.0,20.1,,124,24.8,6,9.0,47,41,20.1,1,24,76,11,4,2,2,1,0,0,frequency_informed_random,Frequency-informed random feasible,0.370967741935484
,500074,mixed,Mixed,,0.0,18.9,,111,22.2,9,15.5,30,21,18.9,1,25,145,12,4,1,2,1,0,0,frequency_informed_random,Frequency-informed random feasible,0.17297297297297298
,500074,need_based_to_competitive,Need-based → competitive,10.0,0.0,20.4,,126,25.2,6,10.0,42,36,20.4,2,24,125,11,4,2,2,1,0,0,frequency_informed_random,Frequency-informed random feasible,0.30793650793650795
,500074,cooperative_to_hoarding,Cooperative → hoarding,10.0,0.0,21.5,,125,25.0,11,11.5,41,30,21.5,1,25,170,11,4,2,2,1,0,0,frequency_informed_random,Frequency-informed random feasible,0.26880000000000015
,500075,need_based,Need-based,,0.0,19.950000000000003,,123,24.6,6,13.0,42,36,19.950000000000003,7,19,104,13,1,0,6,0,0,0,frequency_informed_random,Frequency-informed random feasible,0.26016260162601634
,500075,cooperative,Cooperative,,0.0,15.299999999999999,,92,18.4,6,9.0,29,23,15.299999999999999,7,19,114,12,2,0,6,0,0,0,frequency_informed_random,Frequency-informed random feasible,0.26956521739130435
,500075,hoarding,Hoarding,,0.0,18.0,,110,22.0,6,10.0,36,30,18.0,6,20,80,13,1,0,6,0,0,0,frequency_informed_random,Frequency-informed random feasible,0.26909090909090905
,500075,mixed,Mixed,,0.0,15.899999999999999,,96,19.2,6,7.5,36,30,15.899999999999999,7,19,91,13,1,0,6,0,0,0,frequency_informed_random,Frequency-informed random feasible,0.3291666666666666
,500075,need_based_to_competitive,Need-based → competitive,10.0,0.0,15.0,,90,18.0,6,10.5,29,23,15.0,7,19,72,13,1,0,6,0,0,0,frequency_informed_random,Frequency-informed random feasible,0.24
,500075,cooperative_to_hoarding,Cooperative → hoarding,10.0,0.0,15.149999999999999,,91,18.2,6,10.0,32,26,15.149999999999999,7,19,90,12,2,0,6,0,0,0,frequency_informed_random,Frequency-informed random feasible,0.2637362637362637
,500076,need_based,Need-based,,0.0,28.0,,155,31.0,19,22.0,47,28,28.0,5,22,134,13,2,1,4,0,0,0,frequency_informed_random,Frequency-informed random feasible,0.17032258064516137
,500076,cooperative,Cooperative,,0.0,27.049999999999997,,152,30.4,17,19.5,44,27,27.049999999999997,3,24,136,10,5,0,5,0,0,0,frequency_informed_random,Frequency-informed random feasible,0.1947368421052631
,500076,hoarding,Hoarding,,0.0,18.65,,106,21.2,11,11.5,31,20,18.65,4,23,74,11,3,1,5,0,0,0,frequency_informed_random,Frequency-informed random feasible,0.2075471698113207
,500076,mixed,Mixed,,0.0,21.5,,120,24.0,14,15.5,39,25,21.5,4,23,103,10,3,1,6,0,0,0,frequency_informed_random,Frequency-informed random feasible,0.20333333333333337
,500076,need_based_to_competitive,Need-based → competitive,10.0,0.0,21.950000000000003,,123,24.6,14,15.5,41,27,21.950000000000003,5,22,115,13,2,1,4,0,0,0,frequency_informed_random,Frequency-informed random feasible,0.21463414634146338
,500076,cooperative_to_hoarding,Cooperative → hoarding,10.0,0.0,23.450000000000003,,133,26.6,14,15.5,46,32,23.450000000000003,5,22,87,10,4,0,6,0,0,0,frequency_informed_random,Frequency-informed random feasible,0.24360902255639094
,500077,need_based,Need-based,,0.0,24.65,,141,28.2,14,19.0,39,25,24.65,1,21,135,12,5,0,3,0,0,0,frequency_informed_random,Frequency-informed random feasible,0.1815602836879433
,500077,cooperative,Cooperative,,0.0,17.15,,106,21.2,5,7.0,47,42,17.15,1,22,195,12,4,1,3,0,0,0,frequency_informed_random,Frequency-informed random feasible,0.3698113207547171
,500077,hoarding,Hoarding,,0.0,15.450000000000001,,93,18.6,6,8.5,29,23,15.450000000000001,3,18,74,12,4,1,3,0,0,0,frequency_informed_random,Frequency-informed random feasible,0.25806451612903225
,500077,mixed,Mixed,,0.0,16.950000000000003,,98,19.6,9,11.5,30,21,16.950000000000003,1,21,117,12,4,1,3,0,0,0,frequency_informed_random,Frequency-informed random feasible,0.21632653061224505
,500077,need_based_to_competitive,Need-based → competitive,10.0,0.0,21.950000000000003,,123,24.6,14,17.0,36,22,21.950000000000003,4,18,117,12,4,1,3,0,0,0,frequency_informed_random,Frequency-informed random feasible,0.16910569105691065
,500077,cooperative_to_hoarding,Cooperative → hoarding,10.0,0.0,15.75,,95,19.0,6,7.5,44,38,15.75,3,20,142,12,4,1,3,0,0,0,frequency_informed_random,Frequency-informed random feasible,0.3873684210526316
,500078,need_based,Need-based,,0.0,28.299999999999997,,152,30.4,22,22.0,47,25,28.299999999999997,3,23,112,12,3,0,4,1,0,0,frequency_informed_random,Frequency-informed random feasible,0.155263157894737
,500078,cooperative,Cooperative,,0.0,23.0,,130,26.0,14,16.5,37,23,23.0,3,23,202,12,2,1,4,1,0,0,frequency_informed_random,Frequency-informed random feasible,0.17538461538461547
,500078,hoarding,Hoarding,,0.0,17.549999999999997,,97,19.4,12,13.0,26,14,17.549999999999997,4,21,52,12,3,0,4,1,0,0,frequency_informed_random,Frequency-informed random feasible,0.16082474226804133
,500078,mixed,Mixed,,0.0,15.75,,90,18.0,9,11.5,28,19,15.75,3,23,82,12,3,0,4,1,0,0,frequency_informed_random,Frequency-informed random feasible,0.20444444444444443
,500078,need_based_to_competitive,Need-based → competitive,10.0,0.0,21.049999999999997,,117,23.4,14,15.5,31,17,21.049999999999997,3,23,111,12,3,0,4,1,0,0,frequency_informed_random,Frequency-informed random feasible,0.15384615384615397
,500078,cooperative_to_hoarding,Cooperative → hoarding,10.0,0.0,17.1,,104,20.8,6,10.0,37,31,17.1,4,22,126,12,3,0,4,1,0,0,frequency_informed_random,Frequency-informed random feasible,0.30000000000000004
,500079,need_based,Need-based,,0.0,21.950000000000003,,128,25.6,11,14.0,49,38,21.950000000000003,7,20,166,12,1,1,6,0,0,0,frequency_informed_random,Frequency-informed random feasible,0.28125
,500079,cooperative,Cooperative,,0.0,16.200000000000003,,98,19.6,6,9.0,40,34,16.200000000000003,6,21,167,12,1,1,6,0,0,0,frequency_informed_random,Frequency-informed random feasible,0.310204081632653
,500079,hoarding,Hoarding,,0.0,20.0,,110,22.0,14,15.5,36,22,20.0,6,20,100,12,1,1,6,0,0,0,frequency_informed_random,Frequency-informed random feasible,0.17818181818181822
,500079,mixed,Mixed,,0.0,21.450000000000003,,133,26.6,6,8.5,41,35,21.450000000000003,7,20,161,13,1,1,5,0,0,0,frequency_informed_random,Frequency-informed random feasible,0.2917293233082707
,500079,need_based_to_competitive,Need-based → competitive,10.0,0.0,20.4,,121,24.2,9,16.0,31,22,20.4,6,21,87,12,1,1,5,0,0,1,frequency_informed_random,Frequency-informed random feasible,0.16859504132231407
,500079,cooperative_to_hoarding,Cooperative → hoarding,10.0,0.0,13.649999999999999,,76,15.2,9,9.0,22,13,13.649999999999999,6,21,104,12,1,1,5,0,1,0,frequency_informed_random,Frequency-informed random feasible,0.18947368421052646
,500080,need_based,Need-based,,0.0,20.299999999999997,,112,22.4,14,17.0,31,17,20.299999999999997,4,22,124,12,3,0,5,0,0,0,frequency_informed_random,Frequency-informed random feasible,0.13928571428571423
,500080,cooperative,Cooperative,,0.0,18.15,,111,22.2,6,10.0,47,41,18.15,5,21,138,12,3,0,5,0,0,0,frequency_informed_random,Frequency-informed random feasible,0.3279279279279279
,500080,hoarding,Hoarding,,0.0,24.549999999999997,,127,25.4,22,22.0,30,8,24.549999999999997,4,22,55,12,3,0,4,0,1,0,frequency_informed_random,Frequency-informed random feasible,0.06929133858267722
,500080,mixed,Mixed,,0.0,17.85,,104,20.8,9,9.0,36,27,17.85,6,20,107,13,2,0,5,0,0,0,frequency_informed_random,Frequency-informed random feasible,0.27692307692307705
,500080,need_based_to_competitive,Need-based → competitive,10.0,0.0,24.549999999999997,,127,25.4,22,22.5,30,8,24.549999999999997,6,20,128,13,2,0,5,0,0,0,frequency_informed_random,Frequency-informed random feasible,0.06299212598425208
,500080,cooperative_to_hoarding,Cooperative → hoarding,10.0,0.0,18.6,,109,21.8,9,10.0,33,24,18.6,6,20,121,13,2,0,5,0,0,0,frequency_informed_random,Frequency-informed random feasible,0.24954128440366974
,500081,need_based,Need-based,,0.0,25.700000000000003,,143,28.6,17,18.0,51,34,25.700000000000003,2,24,187,12,1,1,5,1,0,0,frequency_informed_random,Frequency-informed random feasible,0.220979020979021
,500081,cooperative,Cooperative,,0.0,22.85,,124,24.8,17,18.5,34,17,22.85,3,23,125,11,1,1,6,1,0,0,frequency_informed_random,Frequency-informed random feasible,0.14516129032258074
,500081,hoarding,Hoarding,,0.0,24.35,,144,28.8,11,16.5,39,28,24.35,4,22,70,12,1,1,5,1,0,0,frequency_informed_random,Frequency-informed random feasible,0.19444444444444442
,500081,mixed,Mixed,,0.0,12.899999999999999,,81,16.2,3,8.5,31,28,12.899999999999999,4,22,148,11,1,1,6,1,0,0,frequency_informed_random,Frequency-informed random feasible,0.3012345679012347
,500081,need_based_to_competitive,Need-based → competitive,10.0,0.0,26.75,,150,30.0,17,19.5,41,24,26.75,5,21,86,12,1,1,5,1,0,0,frequency_informed_random,Frequency-informed random feasible,0.16266666666666674
,500081,cooperative_to_hoarding,Cooperative → hoarding,10.0,0.0,11.25,,65,13.0,6,9.0,20,14,11.25,5,21,70,11,1,1,6,1,0,0,frequency_informed_random,Frequency-informed random feasible,0.18461538461538463
,500082,need_based,Need-based,,0.0,25.549999999999997,,142,28.4,17,21.0,44,27,25.549999999999997,3,24,120,11,1,0,6,1,1,0,frequency_informed_random,Frequency-informed random feasible,0.16901408450704225
,500082,cooperative,Cooperative,,0.0,19.049999999999997,,107,21.4,12,14.5,38,26,19.049999999999997,2,25,156,11,1,0,6,1,1,0,frequency_informed_random,Frequency-informed random feasible,0.20560747663551404
,500082,hoarding,Hoarding,,0.0,16.5,,95,19.0,9,10.5,33,24,16.5,2,25,65,11,1,0,6,1,1,0,frequency_informed_random,Frequency-informed random feasible,0.24421052631578943
,500082,mixed,Mixed,,0.0,17.25,,105,21.0,6,10.0,44,38,17.25,3,24,110,11,1,0,6,1,1,0,frequency_informed_random,Frequency-informed random feasible,0.32000000000000006
,500082,need_based_to_competitive,Need-based → competitive,10.0,0.0,22.25,,125,25.0,14,18.0,36,22,22.25,2,25,100,11,1,0,6,1,1,0,frequency_informed_random,Frequency-informed random feasible,0.16000000000000014
,500082,cooperative_to_hoarding,Cooperative → hoarding,10.0,0.0,20.549999999999997,,122,24.4,9,13.0,35,26,20.549999999999997,2,25,117,11,1,0,6,1,1,0,frequency_informed_random,Frequency-informed random feasible,0.2163934426229508
,500083,need_based,Need-based,,0.0,26.5,,140,28.0,22,22.5,33,11,26.5,3,25,310,11,5,2,2,0,0,0,frequency_informed_random,Frequency-informed random feasible,0.08857142857142852
,500083,cooperative,Cooperative,,0.0,17.450000000000003,,98,19.6,11,14.0,27,16,17.450000000000003,2,26,182,11,6,1,2,0,0,0,frequency_informed_random,Frequency-informed random feasible,0.1591836734693879
,500083,hoarding,Hoarding,,0.0,11.75,,70,14.0,5,5.5,30,25,11.75,3,25,72,10,3,3,4,0,0,0,frequency_informed_random,Frequency-informed random feasible,0.3371428571428572
,500083,mixed,Mixed,,0.0,14.399999999999999,,91,18.2,3,6.0,35,32,14.399999999999999,1,27,150,11,3,4,2,0,0,0,frequency_informed_random,Frequency-informed random feasible,0.38681318681318677
,500083,need_based_to_competitive,Need-based → competitive,10.0,0.0,20.1,,114,22.8,12,17.0,32,20,20.1,3,25,130,10,5,2,3,0,0,0,frequency_informed_random,Frequency-informed random feasible,0.15438596491228074
,500083,cooperative_to_hoarding,Cooperative → hoarding,10.0,0.0,14.700000000000001,,88,17.6,6,10.0,33,27,14.700000000000001,2,26,115,10,5,2,3,0,0,0,frequency_informed_random,Frequency-informed random feasible,0.26363636363636367
,500084,need_based,Need-based,,0.0,23.299999999999997,,132,26.4,14,18.0,33,19,23.299999999999997,3,23,152,11,2,1,6,0,0,0,frequency_informed_random,Frequency-informed random feasible,0.14848484848484844
,500084,cooperative,Cooperative,,0.0,22.4,,126,25.2,14,15.5,40,26,22.4,4,22,203,11,2,1,6,0,0,0,frequency_informed_random,Frequency-informed random feasible,0.2063492063492065
,500084,hoarding,Hoarding,,0.0,13.05,,72,14.4,9,9.0,30,21,13.05,6,20,52,11,2,1,6,0,0,0,frequency_informed_random,Frequency-informed random feasible,0.26111111111111107
,500084,mixed,Mixed,,0.0,21.799999999999997,,117,23.4,17,17.0,36,19,21.799999999999997,4,22,117,11,2,1,6,0,0,0,frequency_informed_random,Frequency-informed random feasible,0.15726495726495737
,500084,need_based_to_competitive,Need-based → competitive,10.0,0.0,18.6,,109,21.8,9,14.0,39,30,18.6,6,20,99,11,2,1,6,0,0,0,frequency_informed_random,Frequency-informed random feasible,0.23119266055045884
,500084,cooperative_to_hoarding,Cooperative → hoarding,10.0,0.0,16.5,,95,19.0,9,11.5,28,19,16.5,4,22,126,11,2,1,6,0,0,0,frequency_informed_random,Frequency-informed random feasible,0.1936842105263159
,500085,need_based,Need-based,,0.0,25.15,,136,27.2,19,19.5,38,19,25.15,4,23,119,13,0,0,5,0,0,2,frequency_informed_random,Frequency-informed random feasible,0.15294117647058836
,500085,cooperative,Cooperative,,0.0,22.25,,130,26.0,11,14.0,58,47,22.25,5,22,198,13,0,0,5,0,0,2,frequency_informed_random,Frequency-informed random feasible,0.30461538461538473
,500085,hoarding,Hoarding,,0.0,15.899999999999999,,96,19.2,6,9.0,33,27,15.899999999999999,4,23,66,13,1,0,4,0,1,1,frequency_informed_random,Frequency-informed random feasible,0.29166666666666674
,500085,mixed,Mixed,,0.0,23.9,,141,28.2,11,12.5,44,33,23.9,4,23,108,13,0,0,5,0,0,2,frequency_informed_random,Frequency-informed random feasible,0.2581560283687945
,500085,need_based_to_competitive,Need-based → competitive,10.0,0.0,19.950000000000003,,118,23.6,9,13.0,39,30,19.950000000000003,4,23,113,13,1,0,4,0,0,2,frequency_informed_random,Frequency-informed random feasible,0.2406779661016949
,500085,cooperative_to_hoarding,Cooperative → hoarding,10.0,0.0,15.450000000000001,,93,18.6,6,9.0,47,41,15.450000000000001,5,22,148,13,0,0,5,0,0,2,frequency_informed_random,Frequency-informed random feasible,0.3612903225806452
,500086,need_based,Need-based,,0.0,22.450000000000003,,133,26.6,10,12.0,41,31,22.450000000000003,3,25,122,12,3,0,4,0,0,1,frequency_informed_random,Frequency-informed random feasible,0.25864661654135346
,500086,cooperative,Cooperative,,0.0,23.75,,130,26.0,17,18.0,39,22,23.75,2,26,192,12,3,0,4,0,0,1,frequency_informed_random,Frequency-informed random feasible,0.17846153846153845
,500086,hoarding,Hoarding,,0.0,18.25,,105,21.0,10,12.0,36,26,18.25,2,26,75,12,3,0,4,0,0,1,frequency_informed_random,Frequency-informed random feasible,0.24380952380952392
,500086,mixed,Mixed,,0.0,17.6,,99,19.8,11,14.0,26,15,17.6,1,27,84,11,3,0,5,0,0,1,frequency_informed_random,Frequency-informed random feasible,0.1454545454545455
,500086,need_based_to_competitive,Need-based → competitive,10.0,0.0,20.15,,111,22.2,14,15.5,31,17,20.15,2,26,94,12,3,0,4,0,0,1,frequency_informed_random,Frequency-informed random feasible,0.15135135135135136
,500086,cooperative_to_hoarding,Cooperative → hoarding,10.0,0.0,15.600000000000001,,94,18.8,6,10.0,37,31,15.600000000000001,2,26,89,11,4,0,4,0,0,1,frequency_informed_random,Frequency-informed random feasible,0.3021276595744682
,500087,need_based,Need-based,,0.0,26.950000000000003,,143,28.6,22,22.0,37,15,26.950000000000003,7,17,249,14,3,1,2,0,0,0,frequency_informed_random,Frequency-informed random feasible,0.12027972027972034
,500087,cooperative,Cooperative,,0.0,16.799999999999997,,97,19.4,9,13.0,30,21,16.799999999999997,7,19,194,14,3,2,1,0,0,0,frequency_informed_random,Frequency-informed random feasible,0.1938144329896907
,500087,hoarding,Hoarding,,0.0,17.0,,100,20.0,8,11.0,28,20,17.0,7,13,75,14,3,1,2,0,0,0,frequency_informed_random,Frequency-informed random feasible,0.20399999999999996
,500087,mixed,Mixed,,0.0,22.25,,125,25.0,14,14.5,44,30,22.25,7,17,149,14,3,1,2,0,0,0,frequency_informed_random,Frequency-informed random feasible,0.23039999999999994
,500087,need_based_to_competitive,Need-based → competitive,10.0,0.0,18.950000000000003,,103,20.6,14,14.0,33,19,18.950000000000003,7,15,99,14,3,1,2,0,0,0,frequency_informed_random,Frequency-informed random feasible,0.20194174757281558
,500087,cooperative_to_hoarding,Cooperative → hoarding,10.0,0.0,12.149999999999999,,71,14.2,6,7.5,22,16,12.149999999999999,8,16,158,14,3,2,1,0,0,0,frequency_informed_random,Frequency-informed random feasible,0.24225352112676068
,500088,need_based,Need-based,,0.0,24.5,,140,28.0,14,18.0,44,30,24.5,5,21,135,13,3,0,3,1,0,0,frequency_informed_random,Frequency-informed random feasible,0.1971428571428573
,500088,cooperative,Cooperative,,0.0,21.200000000000003,,118,23.6,14,17.5,36,22,21.200000000000003,4,22,148,13,3,0,3,1,0,0,frequency_informed_random,Frequency-informed random feasible,0.16271186440677976
,500088,hoarding,Hoarding,,0.0,14.399999999999999,,86,17.2,6,10.0,27,21,14.399999999999999,4,20,69,13,3,0,3,1,0,0,frequency_informed_random,Frequency-informed random feasible,0.24651162790697678
,500088,mixed,Mixed,,0.0,14.850000000000001,,94,18.8,3,4.5,33,30,14.850000000000001,5,21,117,13,3,0,3,1,0,0,frequency_informed_random,Frequency-informed random feasible,0.34468085106382973
,500088,need_based_to_competitive,Need-based → competitive,10.0,0.0,20.1,,119,23.8,9,13.0,38,29,20.1,5,21,115,13,3,0,3,1,0,0,frequency_informed_random,Frequency-informed random feasible,0.24873949579831933
,500088,cooperative_to_hoarding,Cooperative → hoarding,10.0,0.0,15.899999999999999,,96,19.2,6,6.0,41,35,15.899999999999999,4,22,110,13,3,0,3,1,0,0,frequency_informed_random,Frequency-informed random feasible,0.37916666666666665
,500089,need_based,Need-based,,0.0,25.799999999999997,,142,28.4,18,24.0,33,15,25.799999999999997,3,22,224,12,3,1,4,0,0,0,frequency_informed_random,Frequency-informed random feasible,0.08732394366197194
,500089,cooperative,Cooperative,,0.0,24.200000000000003,,133,26.6,17,17.0,47,30,24.200000000000003,3,22,218,11,5,0,4,0,0,0,frequency_informed_random,Frequency-informed random feasible,0.21052631578947367
,500089,hoarding,Hoarding,,0.0,18.9,,111,22.2,9,11.5,36,27,18.9,2,22,73,11,4,1,4,0,0,0,frequency_informed_random,Frequency-informed random feasible,0.25225225225225234
,500089,mixed,Mixed,,0.0,20.1,,114,22.8,12,13.0,42,30,20.1,3,22,98,11,5,0,4,0,0,0,frequency_informed_random,Frequency-informed random feasible,0.2561403508771931
,500089,need_based_to_competitive,Need-based → competitive,10.0,0.0,23.0,,130,26.0,14,16.5,39,25,23.0,3,22,97,11,4,1,4,0,0,0,frequency_informed_random,Frequency-informed random feasible,0.19692307692307698
,500089,cooperative_to_hoarding,Cooperative → hoarding,10.0,0.0,21.75,,130,26.0,9,13.0,39,30,21.75,2,23,130,10,5,1,4,0,0,0,frequency_informed_random,Frequency-informed random feasible,0.24923076923076937
,500090,need_based,Need-based,,0.0,24.6,,149,29.8,9,17.0,44,35,24.6,8,18,241,15,0,2,2,0,1,0,frequency_informed_random,Frequency-informed random feasible,0.22281879194630871
,500090,cooperative,Cooperative,,0.0,24.200000000000003,,138,27.6,14,20.5,42,28,24.200000000000003,8,18,240,15,0,2,2,0,1,0,frequency_informed_random,Frequency-informed random feasible,0.16521739130434776
,500090,hoarding,Hoarding,,0.0,19.799999999999997,,117,23.4,9,11.5,33,24,19.799999999999997,8,14,75,15,0,2,2,0,1,0,frequency_informed_random,Frequency-informed random feasible,0.22905982905982913
,500090,mixed,Mixed,,0.0,30.25,,165,33.0,22,26.0,44,22,30.25,8,18,189,15,0,2,2,0,1,0,frequency_informed_random,Frequency-informed random feasible,0.1260606060606062
,500090,need_based_to_competitive,Need-based → competitive,10.0,0.0,20.299999999999997,,117,23.4,11,12.5,36,25,20.299999999999997,8,16,123,15,0,2,2,0,1,0,frequency_informed_random,Frequency-informed random feasible,0.24615384615384617
,500090,cooperative_to_hoarding,Cooperative → hoarding,10.0,0.0,17.1,,104,20.8,6,10.0,37,31,17.1,8,16,131,15,0,2,2,0,1,0,frequency_informed_random,Frequency-informed random feasible,0.2807692307692309
,500091,need_based,Need-based,,0.0,24.75,,155,31.0,6,14.0,55,49,24.75,6,14,131,16,2,0,0,1,0,1,frequency_informed_random,Frequency-informed random feasible,0.2967741935483872
,500091,cooperative,Cooperative,,0.0,22.5,,135,27.0,9,11.5,52,43,22.5,5,15,252,16,2,0,0,1,0,1,frequency_informed_random,Frequency-informed random feasible,0.3348148148148149
,500091,hoarding,Hoarding,,0.0,20.1,,124,24.8,6,8.5,57,51,20.1,7,14,96,16,2,0,0,1,0,1,frequency_informed_random,Frequency-informed random feasible,0.40645161290322585
,500091,mixed,Mixed,,0.0,23.450000000000003,,133,26.6,14,15.5,53,39,23.450000000000003,7,13,106,16,2,0,0,1,0,1,frequency_informed_random,Frequency-informed random feasible,0.27368421052631575
,500091,need_based_to_competitive,Need-based → competitive,10.0,0.0,25.5,,155,31.0,9,17.0,46,37,25.5,6,14,118,16,2,0,0,1,0,1,frequency_informed_random,Frequency-informed random feasible,0.23483870967741938
,500091,cooperative_to_hoarding,Cooperative → hoarding,10.0,0.0,18.9,,116,23.2,6,9.5,53,47,18.9,5,15,164,16,2,0,0,1,0,1,frequency_informed_random,Frequency-informed random feasible,0.38275862068965516
,500092,need_based,Need-based,,0.0,26.450000000000003,,148,29.6,17,19.5,49,32,26.450000000000003,2,25,235,12,3,2,2,0,1,0,frequency_informed_random,Frequency-informed random feasible,0.1945945945945946
,500092,cooperative,Cooperative,,0.0,16.200000000000003,,93,18.6,9,10.0,31,22,16.200000000000003,2,25,205,12,3,2,2,0,1,0,frequency_informed_random,Frequency-informed random feasible,0.23655913978494625
,500092,hoarding,Hoarding,,0.0,13.649999999999999,,81,16.2,6,7.5,25,19,13.649999999999999,3,22,75,12,2,2,2,0,1,1,frequency_informed_random,Frequency-informed random feasible,0.2617283950617284
,500092,mixed,Mixed,,0.0,15.0,,90,18.0,6,6.0,42,36,15.0,2,25,139,11,2,2,4,0,1,0,frequency_informed_random,Frequency-informed random feasible,0.4044444444444444
,500092,need_based_to_competitive,Need-based → competitive,10.0,0.0,19.049999999999997,,117,23.4,6,14.0,37,31,19.049999999999997,2,25,203,12,3,2,2,0,1,0,frequency_informed_random,Frequency-informed random feasible,0.22905982905982913
,500092,cooperative_to_hoarding,Cooperative → hoarding,10.0,0.0,15.149999999999999,,91,18.2,6,8.5,45,39,15.149999999999999,2,25,147,12,3,2,2,0,1,0,frequency_informed_random,Frequency-informed random feasible,0.36923076923076925
,500093,need_based,Need-based,,0.0,27.049999999999997,,147,29.4,20,22.5,41,21,27.049999999999997,5,23,135,12,3,0,4,0,0,1,frequency_informed_random,Frequency-informed random feasible,0.13877551020408174
,500093,cooperative,Cooperative,,0.0,18.15,,116,23.2,3,12.5,33,30,18.15,6,22,192,12,3,0,4,0,0,1,frequency_informed_random,Frequency-informed random feasible,0.24482758620689649
,500093,hoarding,Hoarding,,0.0,21.5,,120,24.0,14,18.0,29,15,21.5,6,22,73,12,2,0,5,0,0,1,frequency_informed_random,Frequency-informed random feasible,0.1200000000000001
,500093,mixed,Mixed,,0.0,17.25,,100,20.0,9,11.5,29,20,17.25,6,22,75,12,3,0,4,0,0,1,frequency_informed_random,Frequency-informed random feasible,0.20799999999999996
,500093,need_based_to_competitive,Need-based → competitive,10.0,0.0,27.549999999999997,,147,29.4,22,23.5,42,20,27.549999999999997,7,21,110,12,3,0,4,0,0,1,frequency_informed_random,Frequency-informed random feasible,0.12244897959183687
,500093,cooperative_to_hoarding,Cooperative → hoarding,10.0,0.0,20.549999999999997,,117,23.4,12,14.5,35,23,20.549999999999997,6,22,96,12,2,0,5,0,0,1,frequency_informed_random,Frequency-informed random feasible,0.2119658119658121
,500094,need_based,Need-based,,0.0,26.299999999999997,,147,29.4,17,17.0,38,21,26.299999999999997,2,23,159,12,2,1,5,0,0,0,frequency_informed_random,Frequency-informed random feasible,0.17142857142857149
,500094,cooperative,Cooperative,,0.0,26.5,,145,29.0,19,23.0,39,20,26.5,4,21,174,12,2,1,5,0,0,0,frequency_informed_random,Frequency-informed random feasible,0.12413793103448278
,500094,hoarding,Hoarding,,0.0,18.75,,115,23.0,6,9.0,42,36,18.75,4,21,70,11,1,2,6,0,0,0,frequency_informed_random,Frequency-informed random feasible,0.30608695652173923
,500094,mixed,Mixed,,0.0,19.5,,120,24.0,6,10.0,46,40,19.5,3,22,114,13,2,1,4,0,0,0,frequency_informed_random,Frequency-informed random feasible,0.33000000000000007
,500094,need_based_to_competitive,Need-based → competitive,10.0,0.0,21.6,,124,24.8,12,14.5,40,28,21.6,5,20,124,12,1,2,5,0,0,0,frequency_informed_random,Frequency-informed random feasible,0.2225806451612904
,500094,cooperative_to_hoarding,Cooperative → hoarding,10.0,0.0,21.549999999999997,,127,25.4,10,13.5,41,31,21.549999999999997,4,21,128,12,2,1,5,0,0,0,frequency_informed_random,Frequency-informed random feasible,0.24566929133858273
,500095,need_based,Need-based,,0.0,27.950000000000003,,163,32.6,14,19.0,47,33,27.950000000000003,7,11,269,16,3,1,0,0,0,0,frequency_informed_random,Frequency-informed random feasible,0.20368098159509196
,500095,cooperative,Cooperative,,0.0,19.25,,105,21.0,14,14.0,31,17,19.25,7,12,152,16,3,1,0,0,0,0,frequency_informed_random,Frequency-informed random feasible,0.17142857142857149
,500095,hoarding,Hoarding,,0.0,15.899999999999999,,91,18.2,9,10.5,33,24,15.899999999999999,8,8,69,16,3,1,0,0,0,0,frequency_informed_random,Frequency-informed random feasible,0.24615384615384617
,500095,mixed,Mixed,,0.0,19.5,,120,24.0,6,11.0,35,29,19.5,7,12,152,16,3,1,0,0,0,0,frequency_informed_random,Frequency-informed random feasible,0.25
,500095,need_based_to_competitive,Need-based → competitive,10.0,0.0,13.350000000000001,,79,15.8,6,9.5,30,24,13.350000000000001,8,8,92,16,3,1,0,0,0,0,frequency_informed_random,Frequency-informed random feasible,0.25822784810126587
,500095,cooperative_to_hoarding,Cooperative → hoarding,10.0,0.0,15.75,,100,20.0,3,10.5,34,31,15.75,8,9,114,16,3,1,0,0,0,0,frequency_informed_random,Frequency-informed random feasible,0.276
,500096,need_based,Need-based,,0.0,31.700000000000003,,168,33.6,26,27.0,47,21,31.700000000000003,2,26,162,10,5,0,5,0,0,0,frequency_informed_random,Frequency-informed random feasible,0.12380952380952381
,500096,cooperative,Cooperative,,0.0,26.799999999999997,,152,30.4,16,20.5,44,28,26.799999999999997,3,25,177,11,4,0,5,0,0,0,frequency_informed_random,Frequency-informed random feasible,0.17105263157894735
,500096,hoarding,Hoarding,,0.0,17.700000000000003,,103,20.6,9,11.5,37,28,17.700000000000003,4,24,60,10,5,0,5,0,0,0,frequency_informed_random,Frequency-informed random feasible,0.2524271844660195
,500096,mixed,Mixed,,0.0,20.549999999999997,,122,24.4,9,13.0,45,36,20.549999999999997,4,24,93,10,4,0,6,0,0,0,frequency_informed_random,Frequency-informed random feasible,0.27213114754098355
,500096,need_based_to_competitive,Need-based → competitive,10.0,0.0,25.950000000000003,,148,29.6,15,20.0,41,26,25.950000000000003,2,26,120,10,5,0,5,0,0,0,frequency_informed_random,Frequency-informed random feasible,0.16486486486486496
,500096,cooperative_to_hoarding,Cooperative → hoarding,10.0,0.0,24.5,,135,27.0,17,18.0,39,22,24.5,2,26,115,10,5,0,5,0,0,0,frequency_informed_random,Frequency-informed random feasible,0.18074074074074087
,500097,need_based,Need-based,,0.0,27.85,,149,29.8,22,25.5,39,17,27.85,8,15,191,15,2,1,2,0,0,0,frequency_informed_random,Frequency-informed random feasible,0.09395973154362425
,500097,cooperative,Cooperative,,0.0,24.1,,129,25.8,19,19.0,36,17,24.1,8,15,190,15,2,1,2,0,0,0,frequency_informed_random,Frequency-informed random feasible,0.14883720930232558
,500097,hoarding,Hoarding,,0.0,17.4,,101,20.2,9,10.0,34,25,17.4,8,10,73,15,2,1,2,0,0,0,frequency_informed_random,Frequency-informed random feasible,0.2851485148514852
,500097,mixed,Mixed,,0.0,19.799999999999997,,117,23.4,9,11.5,42,33,19.799999999999997,8,14,122,15,2,1,2,0,0,0,frequency_informed_random,Frequency-informed random feasible,0.2905982905982907
,500097,need_based_to_competitive,Need-based → competitive,10.0,0.0,24.700000000000003,,128,25.6,22,22.0,33,11,24.700000000000003,8,15,134,15,2,1,2,0,0,0,frequency_informed_random,Frequency-informed random feasible,0.08125000000000004
,500097,cooperative_to_hoarding,Cooperative → hoarding,10.0,0.0,14.549999999999999,,82,16.4,9,9.0,27,18,14.549999999999999,8,15,124,15,2,1,2,0,0,0,frequency_informed_random,Frequency-informed random feasible,0.2634146341463415
,500098,need_based,Need-based,,0.0,20.15,,116,23.2,11,16.5,38,27,20.15,4,24,136,11,6,1,2,0,0,0,frequency_informed_random,Frequency-informed random feasible,0.18965517241379315
,500098,cooperative,Cooperative,,0.0,21.799999999999997,,122,24.4,14,17.0,31,17,21.799999999999997,4,24,208,11,7,0,2,0,0,0,frequency_informed_random,Frequency-informed random feasible,0.1442622950819672
,500098,hoarding,Hoarding,,0.0,15.799999999999999,,82,16.4,14,14.0,23,9,15.799999999999999,5,21,85,11,6,1,2,0,0,0,frequency_informed_random,Frequency-informed random feasible,0.102439024390244
,500098,mixed,Mixed,,0.0,18.200000000000003,,103,20.6,11,14.0,39,28,18.200000000000003,6,22,135,12,5,1,2,0,0,0,frequency_informed_random,Frequency-informed random feasible,0.22524271844660193
,500098,need_based_to_competitive,Need-based → competitive,10.0,0.0,17.549999999999997,,102,20.4,9,14.5,26,17,17.549999999999997,5,23,103,11,6,1,2,0,0,0,frequency_informed_random,Frequency-informed random feasible,0.15294117647058836
,500098,cooperative_to_hoarding,Cooperative → hoarding,10.0,0.0,14.3,,77,15.4,11,11.0,25,14,14.3,5,23,125,11,7,0,2,0,0,0,frequency_informed_random,Frequency-informed random feasible,0.18181818181818188
,500099,need_based,Need-based,,0.0,32.95,,178,35.6,25,29.0,46,21,32.95,8,14,173,14,1,0,5,0,0,0,frequency_informed_random,Frequency-informed random feasible,0.1123595505617978
,500099,cooperative,Cooperative,,0.0,23.85,,129,25.8,18,18.0,41,23,23.85,8,14,180,14,1,0,5,0,0,0,frequency_informed_random,Frequency-informed random feasible,0.18914728682170545
,500099,hoarding,Hoarding,,0.0,26.75,,155,31.0,14,18.0,47,33,26.75,8,16,89,14,1,0,5,0,0,0,frequency_informed_random,Frequency-informed random feasible,0.2064516129032259
,500099,mixed,Mixed,,0.0,14.899999999999999,,91,18.2,5,5.5,29,24,14.899999999999999,8,15,83,14,1,0,5,0,0,0,frequency_informed_random,Frequency-informed random feasible,0.3076923076923077
,500099,need_based_to_competitive,Need-based → competitive,10.0,0.0,25.25,,145,29.0,14,15.5,44,30,25.25,8,14,120,14,1,0,5,0,0,0,frequency_informed_random,Frequency-informed random feasible,0.21517241379310348
,500099,cooperative_to_hoarding,Cooperative → hoarding,10.0,0.0,21.35,,124,24.8,11,11.0,36,25,21.35,8,15,127,14,1,0,5,0,0,0,frequency_informed_random,Frequency-informed random feasible,0.2387096774193549
,500000,need_based,Need-based,,0.0,15.649999999999999,,86,17.2,11,11.5,32,21,15.649999999999999,4,17,110,14,2,0,3,0,1,0,shuffled_learned_sequence,Shuffled learned sequence,0.22790697674418614
,500000,cooperative,Cooperative,,0.0,27.4,,146,29.2,22,23.5,42,20,27.4,4,21,234,13,4,1,2,0,0,0,shuffled_learned_sequence,Shuffled learned sequence,0.12328767123287676
,500000,hoarding,Hoarding,,0.0,21.15,,131,26.2,6,15.5,42,36,21.15,6,20,88,14,2,0,2,0,1,1,shuffled_learned_sequence,Shuffled learned sequence,0.24122137404580157
,500000,mixed,Mixed,,0.0,18.049999999999997,,97,19.4,14,15.5,25,11,18.049999999999997,5,21,129,13,3,1,2,0,1,0,shuffled_learned_sequence,Shuffled learned sequence,0.11134020618556706
,500000,need_based_to_competitive,Need-based → competitive,10.0,0.0,17.6,,99,19.8,11,15.0,28,17,17.6,3,18,84,14,1,0,3,0,1,1,shuffled_learned_sequence,Shuffled learned sequence,0.1454545454545455
,500000,cooperative_to_hoarding,Cooperative → hoarding,10.0,0.0,20.25,,120,24.0,9,14.5,47,38,20.25,3,22,121,12,3,1,3,0,0,1,shuffled_learned_sequence,Shuffled learned sequence,0.26
,500001,need_based,Need-based,,0.0,23.35,,139,27.8,10,19.0,38,28,23.35,5,20,134,13,3,0,3,0,0,1,shuffled_learned_sequence,Shuffled learned sequence,0.1755395683453238
,500001,cooperative,Cooperative,,0.0,24.35,,139,27.8,14,18.0,55,41,24.35,1,26,170,12,3,1,3,0,1,0,shuffled_learned_sequence,Shuffled learned sequence,0.24748201438848927
,500001,hoarding,Hoarding,,0.0,21.15,,111,22.2,18,18.5,30,12,21.15,3,24,99,13,2,0,3,0,1,1,shuffled_learned_sequence,Shuffled learned sequence,0.09729729729729741
,500001,mixed,Mixed,,0.0,17.35,,94,18.8,13,13.5,33,20,17.35,2,23,91,13,3,0,2,0,1,1,shuffled_learned_sequence,Shuffled learned sequence,0.18297872340425547
,500001,need_based_to_competitive,Need-based → competitive,10.0,0.0,20.6,,114,22.8,14,15.5,41,27,20.6,4,23,102,13,2,0,3,0,0,2,shuffled_learned_sequence,Shuffled learned sequence,0.2070175438596491
,500001,cooperative_to_hoarding,Cooperative → hoarding,10.0,0.0,21.15,,126,25.2,9,15.5,38,29,21.15,6,20,102,14,0,0,4,0,1,1,shuffled_learned_sequence,Shuffled learned sequence,0.20952380952380967
,500002,need_based,Need-based,,0.0,23.5,,125,25.0,19,20.5,34,15,23.5,5,22,246,13,2,2,3,0,0,0,shuffled_learned_sequence,Shuffled learned sequence,0.10560000000000014
,500002,cooperative,Cooperative,,0.0,13.8,,77,15.4,9,11.5,20,11,13.8,7,18,158,13,3,1,3,0,0,0,shuffled_learned_sequence,Shuffled learned sequence,0.1298701298701299
,500002,hoarding,Hoarding,,0.0,15.600000000000001,,94,18.8,6,6.0,46,40,15.600000000000001,3,24,69,11,4,1,2,2,0,0,shuffled_learned_sequence,Shuffled learned sequence,0.4085106382978725
,500002,mixed,Mixed,,0.0,16.65,,96,19.2,9,13.0,33,24,16.65,7,18,110,15,0,1,2,2,0,0,shuffled_learned_sequence,Shuffled learned sequence,0.21250000000000013
,500002,need_based_to_competitive,Need-based → competitive,10.0,0.0,14.25,,80,16.0,9,11.5,25,16,14.25,8,20,131,13,1,1,4,0,0,1,shuffled_learned_sequence,Shuffled learned sequence,0.17500000000000004
,500002,cooperative_to_hoarding,Cooperative → hoarding,10.0,0.0,17.15,,91,18.2,14,16.0,20,6,17.15,8,16,146,14,2,1,3,0,0,0,shuffled_learned_sequence,Shuffled learned sequence,0.06153846153846154
,500003,need_based,Need-based,,0.0,20.15,,111,22.2,14,17.0,30,16,20.15,5,20,154,15,1,1,1,0,1,1,shuffled_learned_sequence,Shuffled learned sequence,0.1333333333333333
,500003,cooperative,Cooperative,,0.0,23.6,,129,25.8,17,19.5,36,19,23.6,1,23,173,13,1,0,4,0,1,1,shuffled_learned_sequence,Shuffled learned sequence,0.1333333333333333
,500003,hoarding,Hoarding,,0.0,16.200000000000003,,98,19.6,6,8.5,36,30,16.200000000000003,2,24,58,12,2,0,5,0,0,1,shuffled_learned_sequence,Shuffled learned sequence,0.3142857142857143
,500003,mixed,Mixed,,0.0,15.75,,90,18.0,9,11.5,31,22,15.75,2,24,88,13,2,0,3,0,1,1,shuffled_learned_sequence,Shuffled learned sequence,0.21777777777777785
,500003,need_based_to_competitive,Need-based → competitive,10.0,0.0,14.149999999999999,,76,15.2,11,11.5,22,11,14.149999999999999,3,23,86,11,4,0,4,0,1,0,shuffled_learned_sequence,Shuffled learned sequence,0.14210526315789473
,500003,cooperative_to_hoarding,Cooperative → hoarding,10.0,0.0,20.25,,115,23.0,12,13.0,35,23,20.25,2,24,136,11,2,0,5,0,1,1,shuffled_learned_sequence,Shuffled learned sequence,0.21565217391304348
,500004,need_based,Need-based,,0.0,22.4,,131,26.2,11,14.0,42,31,22.4,3,22,145,11,2,0,7,0,0,0,shuffled_learned_sequence,Shuffled learned sequence,0.24732824427480926
,500004,cooperative,Cooperative,,0.0,16.9,,106,21.2,4,7.5,52,48,16.9,2,21,204,11,5,1,3,0,0,0,shuffled_learned_sequence,Shuffled learned sequence,0.41509433962264164
,500004,hoarding,Hoarding,,0.0,15.75,,90,18.0,9,9.0,27,18,15.75,3,22,56,13,1,0,4,0,1,1,shuffled_learned_sequence,Shuffled learned sequence,0.22222222222222232
,500004,mixed,Mixed,,0.0,15.149999999999999,,91,18.2,6,11.5,32,26,15.149999999999999,4,20,114,13,3,0,3,0,0,1,shuffled_learned_sequence,Shuffled learned sequence,0.2373626373626374
,500004,need_based_to_competitive,Need-based → competitive,10.0,0.0,17.85,,109,21.8,6,12.5,40,34,17.85,3,22,134,13,0,1,5,0,0,1,shuffled_learned_sequence,Shuffled learned sequence,0.27155963302752295
,500004,cooperative_to_hoarding,Cooperative → hoarding,10.0,0.0,11.55,,67,13.4,6,6.0,33,27,11.55,4,21,89,13,3,0,3,1,0,0,shuffled_learned_sequence,Shuffled learned sequence,0.37014925373134333
,500005,need_based,Need-based,,0.0,20.549999999999997,,127,25.4,6,10.0,47,41,20.549999999999997,6,21,183,12,3,1,4,0,0,0,shuffled_learned_sequence,Shuffled learned sequence,0.34015748031496074
,500005,cooperative,Cooperative,,0.0,20.450000000000003,,113,22.6,14,18.0,28,14,20.450000000000003,4,22,159,13,1,1,3,0,2,0,shuffled_learned_sequence,Shuffled learned sequence,0.11681415929203554
,500005,hoarding,Hoarding,,0.0,17.1,,99,19.8,9,10.0,39,30,17.1,5,23,66,11,0,2,6,0,1,0,shuffled_learned_sequence,Shuffled learned sequence,0.3111111111111111
,500005,mixed,Mixed,,0.0,20.25,,125,25.0,6,11.5,38,32,20.25,2,26,122,11,3,1,5,0,0,0,shuffled_learned_sequence,Shuffled learned sequence,0.256
,500005,need_based_to_competitive,Need-based → competitive,10.0,0.0,19.200000000000003,,118,23.6,6,9.0,37,31,19.200000000000003,2,23,148,11,5,1,3,0,0,0,shuffled_learned_sequence,Shuffled learned sequence,0.28135593220338984
,500005,cooperative_to_hoarding,Cooperative → hoarding,10.0,0.0,9.45,,58,11.6,3,4.5,20,17,9.45,3,20,106,13,2,1,2,0,2,0,shuffled_learned_sequence,Shuffled learned sequence,0.3034482758620689
,500006,need_based,Need-based,,0.0,23.700000000000003,,148,29.6,6,17.0,42,36,23.700000000000003,6,21,141,13,3,1,3,0,0,0,shuffled_learned_sequence,Shuffled learned sequence,0.22162162162162158
,500006,cooperative,Cooperative,,0.0,30.15,,156,31.2,27,27.0,44,17,30.15,5,21,183,12,2,2,4,0,0,0,shuffled_learned_sequence,Shuffled learned sequence,0.09487179487179498
,500006,hoarding,Hoarding,,0.0,15.0,,90,18.0,6,8.0,37,31,15.0,3,23,62,12,1,1,4,2,0,0,shuffled_learned_sequence,Shuffled learned sequence,0.3333333333333335
,500006,mixed,Mixed,,0.0,18.450000000000003,,113,22.6,6,10.0,46,40,18.450000000000003,6,22,96,11,4,1,4,0,0,0,shuffled_learned_sequence,Shuffled learned sequence,0.33274336283185835
,500006,need_based_to_competitive,Need-based → competitive,10.0,0.0,12.0,,75,15.0,3,7.5,25,22,12.0,7,19,106,12,2,1,5,0,0,0,shuffled_learned_sequence,Shuffled learned sequence,0.27733333333333343
,500006,cooperative_to_hoarding,Cooperative → hoarding,10.0,0.0,15.299999999999999,,97,19.4,3,5.5,39,36,15.299999999999999,2,26,153,11,4,2,3,0,0,0,shuffled_learned_sequence,Shuffled learned sequence,0.4082474226804125
,500007,need_based,Need-based,,0.0,18.15,,111,22.2,6,13.0,34,28,18.15,8,16,141,14,2,1,2,1,0,0,shuffled_learned_sequence,Shuffled learned sequence,0.23423423423423428
,500007,cooperative,Cooperative,,0.0,21.5,,120,24.0,14,14.0,39,25,21.5,8,20,235,14,2,2,2,0,0,0,shuffled_learned_sequence,Shuffled learned sequence,0.2333333333333334
,500007,hoarding,Hoarding,,0.0,18.5,,100,20.0,14,15.5,26,12,18.5,4,22,63,11,4,1,3,0,1,0,shuffled_learned_sequence,Shuffled learned sequence,0.1200000000000001
,500007,mixed,Mixed,,0.0,25.450000000000003,,133,26.6,22,22.0,32,10,25.450000000000003,2,23,187,13,1,2,3,0,0,1,shuffled_learned_sequence,Shuffled learned sequence,0.08421052631578951
,500007,need_based_to_competitive,Need-based → competitive,10.0,0.0,17.4,,106,21.2,6,11.5,30,24,17.4,7,19,111,13,2,1,4,0,0,0,shuffled_learned_sequence,Shuffled learned sequence,0.2264150943396226
,500007,cooperative_to_hoarding,Cooperative → hoarding,10.0,0.0,18.35,,99,19.8,14,14.0,31,17,18.35,6,22,132,13,3,1,3,0,0,0,shuffled_learned_sequence,Shuffled learned sequence,0.18585858585858595
,500008,need_based,Need-based,,0.0,21.35,,119,23.8,14,16.5,36,22,21.35,1,25,108,12,3,0,3,0,0,2,shuffled_learned_sequence,Shuffled learned sequence,0.17815126050420171
,500008,cooperative,Cooperative,,0.0,26.700000000000003,,158,31.6,12,22.5,41,29,26.700000000000003,4,23,171,13,1,1,4,0,0,1,shuffled_learned_sequence,Shuffled learned sequence,0.15696202531645564
,500008,hoarding,Hoarding,,0.0,23.6,,134,26.8,14,15.5,49,35,23.6,2,21,83,13,2,0,4,1,0,0,shuffled_learned_sequence,Shuffled learned sequence,0.23880597014925375
,500008,mixed,Mixed,,0.0,22.549999999999997,,122,24.4,17,17.0,39,22,22.549999999999997,2,20,92,13,2,0,3,1,1,0,shuffled_learned_sequence,Shuffled learned sequence,0.17704918032786887
,500008,need_based_to_competitive,Need-based → competitive,10.0,0.0,20.75,,120,24.0,11,16.5,39,28,20.75,2,17,78,14,0,0,5,0,0,1,shuffled_learned_sequence,Shuffled learned sequence,0.19666666666666677
,500008,cooperative_to_hoarding,Cooperative → hoarding,10.0,0.0,20.299999999999997,,112,22.4,14,14.0,50,36,20.299999999999997,3,21,185,12,1,3,4,0,0,0,shuffled_learned_sequence,Shuffled learned sequence,0.2678571428571428
,500009,need_based,Need-based,,0.0,28.5,,155,31.0,21,21.5,46,25,28.5,2,18,134,13,4,0,3,0,0,0,shuffled_learned_sequence,Shuffled learned sequence,0.17290322580645157
,500009,cooperative,Cooperative,,0.0,21.6,,134,26.8,6,12.5,52,46,21.6,2,26,257,12,2,3,3,0,0,0,shuffled_learned_sequence,Shuffled learned sequence,0.33134328358208953
,500009,hoarding,Hoarding,,0.0,9.45,,58,11.6,3,6.5,20,17,9.45,3,25,56,11,1,1,6,0,0,1,shuffled_learned_sequence,Shuffled learned sequence,0.26206896551724146
,500009,mixed,Mixed,,0.0,19.75,,110,22.0,13,15.0,44,31,19.75,2,25,129,11,4,1,3,0,0,1,shuffled_learned_sequence,Shuffled learned sequence,0.23272727272727267
,500009,need_based_to_competitive,Need-based → competitive,10.0,0.0,18.65,,106,21.2,11,14.0,36,25,18.65,2,22,99,12,4,0,3,0,1,0,shuffled_learned_sequence,Shuffled learned sequence,0.21132075471698109
,500009,cooperative_to_hoarding,Cooperative → hoarding,10.0,0.0,16.35,,99,19.8,6,8.5,41,35,16.35,3,24,122,11,0,3,5,0,1,0,shuffled_learned_sequence,Shuffled learned sequence,0.3595959595959597
,500010,need_based,Need-based,,0.0,27.799999999999997,,157,31.4,17,20.0,44,27,27.799999999999997,3,21,101,13,2,0,4,0,1,0,shuffled_learned_sequence,Shuffled learned sequence,0.18598726114649677
,500010,cooperative,Cooperative,,0.0,25.85,,144,28.8,17,21.5,36,19,25.85,3,25,195,12,3,2,2,1,0,0,shuffled_learned_sequence,Shuffled learned sequence,0.13055555555555554
,500010,hoarding,Hoarding,,0.0,19.200000000000003,,118,23.6,6,11.0,44,38,19.200000000000003,5,18,68,11,2,2,4,1,0,0,shuffled_learned_sequence,Shuffled learned sequence,0.31864406779661025
,500010,mixed,Mixed,,0.0,14.75,,90,18.0,5,5.5,36,31,14.75,4,22,119,12,3,1,3,1,0,0,shuffled_learned_sequence,Shuffled learned sequence,0.3866666666666667
,500010,need_based_to_competitive,Need-based → competitive,10.0,0.0,24.6,,149,29.8,9,19.5,40,31,24.6,2,23,106,11,5,0,4,0,0,0,shuffled_learned_sequence,Shuffled learned sequence,0.18523489932885906
,500010,cooperative_to_hoarding,Cooperative → hoarding,10.0,0.0,25.85,,139,27.8,20,22.5,34,14,25.85,2,26,147,11,5,1,2,0,0,1,shuffled_learned_sequence,Shuffled learned sequence,0.0949640287769784
,500011,need_based,Need-based,,0.0,24.950000000000003,,143,28.6,14,19.5,41,27,24.950000000000003,4,22,184,13,0,2,4,1,0,0,shuffled_learned_sequence,Shuffled learned sequence,0.17342657342657342
,500011,cooperative,Cooperative,,0.0,19.950000000000003,,123,24.6,6,14.0,48,42,19.950000000000003,1,21,182,13,2,1,2,2,0,0,shuffled_learned_sequence,Shuffled learned sequence,0.2829268292682927
,500011,hoarding,Hoarding,,0.0,18.5,,105,21.0,11,14.0,33,22,18.5,3,19,75,14,1,0,3,0,1,1,shuffled_learned_sequence,Shuffled learned sequence,0.1942857142857144
,500011,mixed,Mixed,,0.0,26.6,,149,29.8,17,19.5,45,28,26.6,5,22,109,12,0,0,7,0,0,1,shuffled_learned_sequence,Shuffled learned sequence,0.18523489932885906
,500011,need_based_to_competitive,Need-based → competitive,10.0,0.0,20.549999999999997,,127,25.4,6,10.0,41,35,20.549999999999997,2,23,153,12,1,2,5,0,0,0,shuffled_learned_sequence,Shuffled learned sequence,0.28976377952755916
,500011,cooperative_to_hoarding,Cooperative → hoarding,10.0,0.0,16.950000000000003,,103,20.6,6,10.0,38,32,16.950000000000003,4,23,98,12,2,0,4,2,0,0,shuffled_learned_sequence,Shuffled learned sequence,0.30291262135922326
,500012,need_based,Need-based,,0.0,22.1,,119,23.8,17,18.5,35,18,22.1,3,22,276,13,2,2,3,0,0,0,shuffled_learned_sequence,Shuffled learned sequence,0.13781512605042012
,500012,cooperative,Cooperative,,0.0,21.799999999999997,,117,23.4,17,17.0,33,16,21.799999999999997,1,26,182,12,2,3,3,0,0,0,shuffled_learned_sequence,Shuffled learned sequence,0.15726495726495737
,500012,hoarding,Hoarding,,0.0,19.0,,105,21.0,13,13.5,33,20,19.0,4,20,42,11,4,1,4,0,0,0,shuffled_learned_sequence,Shuffled learned sequence,0.20571428571428574
,500012,mixed,Mixed,,0.0,21.65,,121,24.2,14,14.0,41,27,21.65,5,20,146,14,1,2,3,0,0,0,shuffled_learned_sequence,Shuffled learned sequence,0.2214876033057851
,500012,need_based_to_competitive,Need-based → competitive,10.0,0.0,18.950000000000003,,103,20.6,14,14.0,33,19,18.950000000000003,5,19,137,12,4,1,3,0,0,0,shuffled_learned_sequence,Shuffled learned sequence,0.17864077669902922
,500012,cooperative_to_hoarding,Cooperative → hoarding,10.0,0.0,17.0,,90,18.0,14,14.0,28,14,17.0,5,22,113,13,3,3,1,0,0,0,shuffled_learned_sequence,Shuffled learned sequence,0.13777777777777778
,500013,need_based,Need-based,,0.0,26.9,,151,30.2,17,21.0,41,24,26.9,4,22,141,13,3,1,2,1,0,0,shuffled_learned_sequence,Shuffled learned sequence,0.16423841059602662
,500013,cooperative,Cooperative,,0.0,23.15,,131,26.2,14,15.5,36,22,23.15,8,18,221,14,2,1,3,0,0,0,shuffled_learned_sequence,Shuffled learned sequence,0.1832061068702291
,500013,hoarding,Hoarding,,0.0,22.4,,121,24.2,17,18.0,35,18,22.4,3,22,92,12,2,1,4,1,0,0,shuffled_learned_sequence,Shuffled learned sequence,0.1454545454545455
,500013,mixed,Mixed,,0.0,22.549999999999997,,127,25.4,14,14.0,38,24,22.549999999999997,8,20,147,13,5,1,1,0,0,0,shuffled_learned_sequence,Shuffled learned sequence,0.22677165354330708
,500013,need_based_to_competitive,Need-based → competitive,10.0,0.0,29.799999999999997,,162,32.4,22,25.5,39,17,29.799999999999997,4,22,164,13,3,1,2,0,1,0,shuffled_learned_sequence,Shuffled learned sequence,0.10864197530864206
,500013,cooperative_to_hoarding,Cooperative → hoarding,10.0,0.0,24.5,,130,26.0,20,21.0,33,13,24.5,5,20,158,12,1,1,6,0,0,0,shuffled_learned_sequence,Shuffled learned sequence,0.11384615384615393
,500014,need_based,Need-based,,0.0,19.799999999999997,,122,24.4,6,12.5,48,42,19.799999999999997,5,16,144,13,5,0,2,0,0,0,shuffled_learned_sequence,Shuffled learned sequence,0.3016393442622951
,500014,cooperative,Cooperative,,0.0,18.799999999999997,,107,21.4,11,14.0,33,22,18.799999999999997,2,23,166,12,4,0,2,1,1,0,shuffled_learned_sequence,Shuffled learned sequence,0.20186915887850465
,500014,hoarding,Hoarding,,0.0,15.950000000000001,,88,17.6,11,12.5,24,13,15.950000000000001,3,21,65,13,2,0,4,0,0,1,shuffled_learned_sequence,Shuffled learned sequence,0.15454545454545454
,500014,mixed,Mixed,,0.0,19.049999999999997,,117,23.4,6,13.0,41,35,19.049999999999997,4,21,122,13,3,0,3,0,0,1,shuffled_learned_sequence,Shuffled learned sequence,0.2666666666666666
,500014,need_based_to_competitive,Need-based → competitive,10.0,0.0,22.700000000000003,,128,25.6,14,14.0,34,20,22.700000000000003,3,22,104,13,2,0,4,0,0,1,shuffled_learned_sequence,Shuffled learned sequence,0.18437499999999996
,500014,cooperative_to_hoarding,Cooperative → hoarding,10.0,0.0,22.549999999999997,,127,25.4,14,14.0,44,30,22.549999999999997,5,22,154,12,3,0,3,1,1,0,shuffled_learned_sequence,Shuffled learned sequence,0.2393700787401576
,500015,need_based,Need-based,,0.0,27.65,,151,30.2,20,20.5,42,22,27.65,5,22,140,13,2,1,3,0,1,0,shuffled_learned_sequence,Shuffled learned sequence,0.16688741721854305
,500015,cooperative,Cooperative,,0.0,11.100000000000001,,69,13.8,3,3.0,25,22,11.100000000000001,1,25,143,12,5,2,1,0,0,0,shuffled_learned_sequence,Shuffled learned sequence,0.37681159420289867
,500015,hoarding,Hoarding,,0.0,11.25,,65,13.0,6,6.0,36,30,11.25,2,24,39,12,1,1,4,1,1,0,shuffled_learned_sequence,Shuffled learned sequence,0.3876923076923078
,500015,mixed,Mixed,,0.0,15.049999999999999,,82,16.4,11,11.0,25,14,15.049999999999999,2,21,74,13,2,1,3,1,0,0,shuffled_learned_sequence,Shuffled learned sequence,0.19999999999999996
,500015,need_based_to_competitive,Need-based → competitive,10.0,0.0,20.9,,116,23.2,14,14.5,42,28,20.9,4,24,73,11,2,2,4,1,0,0,shuffled_learned_sequence,Shuffled learned sequence,0.24137931034482762
,500015,cooperative_to_hoarding,Cooperative → hoarding,10.0,0.0,12.149999999999999,,76,15.2,3,4.5,31,28,12.149999999999999,7,21,85,12,2,1,5,0,0,0,shuffled_learned_sequence,Shuffled learned sequence,0.3947368421052633
,500016,need_based,Need-based,,0.0,34.5,,185,37.0,27,27.5,51,24,34.5,7,21,179,14,1,0,3,0,1,1,shuffled_learned_sequence,Shuffled learned sequence,0.1427027027027028
,500016,cooperative,Cooperative,,0.0,22.65,,136,27.2,9,11.5,53,44,22.65,4,24,168,11,4,0,4,0,1,0,shuffled_learned_sequence,Shuffled learned sequence,0.3294117647058823
,500016,hoarding,Hoarding,,0.0,23.6,,134,26.8,14,14.0,43,29,23.6,5,23,86,13,4,0,1,0,0,2,shuffled_learned_sequence,Shuffled learned sequence,0.22985074626865676
,500016,mixed,Mixed,,0.0,21.950000000000003,,128,25.6,11,19.0,33,22,21.950000000000003,5,23,74,12,1,0,5,0,1,1,shuffled_learned_sequence,Shuffled learned sequence,0.14375000000000004
,500016,need_based_to_competitive,Need-based → competitive,10.0,0.0,29.299999999999997,,172,34.4,14,22.0,47,33,29.299999999999997,5,23,125,13,2,0,3,0,1,1,shuffled_learned_sequence,Shuffled learned sequence,0.19069767441860463
,500016,cooperative_to_hoarding,Cooperative → hoarding,10.0,0.0,21.450000000000003,,128,25.6,9,10.5,55,46,21.450000000000003,1,27,125,11,2,0,5,0,2,0,shuffled_learned_sequence,Shuffled learned sequence,0.36875000000000013
,500017,need_based,Need-based,,0.0,19.35,,114,22.8,9,14.5,32,23,19.35,1,26,178,11,3,1,5,0,0,0,shuffled_learned_sequence,Shuffled learned sequence,0.18947368421052646
,500017,cooperative,Cooperative,,0.0,13.5,,70,14.0,12,12.5,17,5,13.5,2,25,162,12,1,2,4,0,1,0,shuffled_learned_sequence,Shuffled learned sequence,0.06285714285714294
,500017,hoarding,Hoarding,,0.0,11.3,,67,13.4,5,5.5,20,15,11.3,3,24,50,11,1,1,6,0,0,1,shuffled_learned_sequence,Shuffled learned sequence,0.25671641791044775
,500017,mixed,Mixed,,0.0,17.25,,100,20.0,9,11.5,34,25,17.25,1,27,102,11,3,1,5,0,0,0,shuffled_learned_sequence,Shuffled learned sequence,0.236
,500017,need_based_to_competitive,Need-based → competitive,10.0,0.0,23.299999999999997,,122,24.4,20,21.0,33,13,23.299999999999997,2,26,134,11,3,1,5,0,0,0,shuffled_learned_sequence,Shuffled learned sequence,0.0950819672131149
,500017,cooperative_to_hoarding,Cooperative → hoarding,10.0,0.0,21.5,,115,23.0,17,18.5,36,19,21.5,2,26,129,12,1,2,4,0,0,1,shuffled_learned_sequence,Shuffled learned sequence,0.13913043478260878
,500018,need_based,Need-based,,0.0,30.549999999999997,,162,32.4,25,26.5,46,21,30.549999999999997,1,27,276,11,3,2,4,0,0,0,shuffled_learned_sequence,Shuffled learned sequence,0.11604938271604937
,500018,cooperative,Cooperative,,0.0,25.65,,146,29.2,15,18.5,41,26,25.65,2,26,194,11,3,1,5,0,0,0,shuffled_learned_sequence,Shuffled learned sequence,0.18630136986301382
,500018,hoarding,Hoarding,,0.0,25.0,,140,28.0,16,17.5,44,28,25.0,2,25,85,10,4,1,5,0,0,0,shuffled_learned_sequence,Shuffled learned sequence,0.20857142857142863
,500018,mixed,Mixed,,0.0,18.0,,110,22.0,6,9.5,36,30,18.0,3,20,125,12,4,0,4,0,0,0,shuffled_learned_sequence,Shuffled learned sequence,0.28
,500018,need_based_to_competitive,Need-based → competitive,10.0,0.0,22.65,,121,24.2,18,20.0,30,12,22.65,1,27,112,10,5,0,5,0,0,0,shuffled_learned_sequence,Shuffled learned sequence,0.09256198347107447
,500018,cooperative_to_hoarding,Cooperative → hoarding,10.0,0.0,21.65,,121,24.2,14,18.0,37,23,21.65,6,21,122,13,2,1,3,0,0,1,shuffled_learned_sequence,Shuffled learned sequence,0.16198347107438016
,500019,need_based,Need-based,,0.0,24.049999999999997,,127,25.4,20,22.5,30,10,24.049999999999997,6,21,212,14,1,2,2,1,0,0,shuffled_learned_sequence,Shuffled learned sequence,0.06929133858267722
,500019,cooperative,Cooperative,,0.0,15.149999999999999,,96,19.2,3,11.5,27,24,15.149999999999999,6,21,152,14,3,1,1,0,0,1,shuffled_learned_sequence,Shuffled learned sequence,0.21666666666666679
,500019,hoarding,Hoarding,,0.0,19.450000000000003,,113,22.6,10,13.5,40,30,19.450000000000003,8,19,59,13,0,1,5,1,0,0,shuffled_learned_sequence,Shuffled learned sequence,0.23716814159292032
,500019,mixed,Mixed,,0.0,12.0,,75,15.0,3,4.5,30,27,12.0,8,18,74,14,2,1,2,1,0,0,shuffled_learned_sequence,Shuffled learned sequence,0.41600000000000015
,500019,need_based_to_competitive,Need-based → competitive,10.0,0.0,14.549999999999999,,82,16.4,9,13.0,20,11,14.549999999999999,3,22,119,12,2,1,4,1,0,0,shuffled_learned_sequence,Shuffled learned sequence,0.11707317073170742
,500019,cooperative_to_hoarding,Cooperative → hoarding,10.0,0.0,15.450000000000001,,88,17.6,9,13.0,22,13,15.450000000000001,5,23,113,13,1,1,4,0,0,1,shuffled_learned_sequence,Shuffled learned sequence,0.13636363636363646
,500020,need_based,Need-based,,0.0,18.0,,110,22.0,6,12.5,30,24,18.0,8,19,120,14,2,0,2,2,0,0,shuffled_learned_sequence,Shuffled learned sequence,0.20727272727272728
,500020,cooperative,Cooperative,,0.0,21.35,,129,25.8,8,12.5,52,44,21.35,6,21,185,13,5,0,2,0,0,0,shuffled_learned_sequence,Shuffled learned sequence,0.3038759689922481
,500020,hoarding,Hoarding,,0.0,13.950000000000001,,83,16.6,6,9.5,33,27,13.950000000000001,7,19,63,12,5,0,3,0,0,0,shuffled_learned_sequence,Shuffled learned sequence,0.2795180722891566
,500020,mixed,Mixed,,0.0,20.200000000000003,,113,22.6,13,15.0,30,17,20.200000000000003,8,18,151,14,2,1,3,0,0,0,shuffled_learned_sequence,Shuffled learned sequence,0.15929203539823011
,500020,need_based_to_competitive,Need-based → competitive,10.0,0.0,21.6,,114,22.8,18,18.0,33,15,21.6,5,19,104,14,1,0,4,0,0,1,shuffled_learned_sequence,Shuffled learned sequence,0.12982456140350873
,500020,cooperative_to_hoarding,Cooperative → hoarding,10.0,0.0,21.950000000000003,,118,23.6,17,17.0,36,19,21.950000000000003,5,23,129,12,3,0,5,0,0,0,shuffled_learned_sequence,Shuffled learned sequence,0.16610169491525428
,500021,need_based,Need-based,,0.0,25.85,,149,29.8,14,23.5,36,22,25.85,3,24,138,12,3,0,4,0,0,1,shuffled_learned_sequence,Shuffled learned sequence,0.11812080536912761
,500021,cooperative,Cooperative,,0.0,24.950000000000003,,143,28.6,14,18.0,52,38,24.950000000000003,3,23,177,12,2,0,4,1,1,0,shuffled_learned_sequence,Shuffled learned sequence,0.23496503496503496
,500021,hoarding,Hoarding,,0.0,20.25,,120,24.0,9,10.5,49,40,20.25,1,23,86,14,1,0,2,1,1,1,shuffled_learned_sequence,Shuffled learned sequence,0.31000000000000005
,500021,mixed,Mixed,,0.0,23.15,,131,26.2,14,15.5,38,24,23.15,2,20,114,13,0,0,6,0,0,1,shuffled_learned_sequence,Shuffled learned sequence,0.1984732824427482
,500021,need_based_to_competitive,Need-based → competitive,10.0,0.0,25.1,,144,28.8,14,19.5,38,24,25.1,4,23,121,11,4,0,4,0,0,1,shuffled_learned_sequence,Shuffled learned sequence,0.16388888888888897
,500021,cooperative_to_hoarding,Cooperative → hoarding,10.0,0.0,21.049999999999997,,117,23.4,14,16.5,39,25,21.049999999999997,3,23,116,12,2,0,4,1,1,0,shuffled_learned_sequence,Shuffled learned sequence,0.19145299145299144
,500022,need_based,Need-based,,0.0,16.65,,96,19.2,9,11.5,33,24,16.65,8,16,204,15,1,1,2,0,0,1,shuffled_learned_sequence,Shuffled learned sequence,0.23750000000000004
,500022,cooperative,Cooperative,,0.0,18.15,,111,22.2,6,10.0,34,28,18.15,3,21,202,13,3,2,2,0,0,0,shuffled_learned_sequence,Shuffled learned sequence,0.2594594594594595
,500022,hoarding,Hoarding,,0.0,11.55,,67,13.4,6,7.5,29,23,11.55,5,21,56,11,2,1,5,1,0,0,shuffled_learned_sequence,Shuffled learned sequence,0.30447761194029854
,500022,mixed,Mixed,,0.0,22.25,,130,26.0,11,15.0,46,35,22.25,2,21,153,13,1,1,5,0,0,0,shuffled_learned_sequence,Shuffled learned sequence,0.24615384615384617
,500022,need_based_to_competitive,Need-based → competitive,10.0,0.0,12.75,,70,14.0,9,9.0,26,17,12.75,5,22,89,12,3,1,3,0,0,1,shuffled_learned_sequence,Shuffled learned sequence,0.22285714285714286
,500022,cooperative_to_hoarding,Cooperative → hoarding,10.0,0.0,13.799999999999999,,87,17.4,3,8.5,33,30,13.799999999999999,4,23,129,11,6,2,1,0,0,0,shuffled_learned_sequence,Shuffled learned sequence,0.3034482758620689
,500023,need_based,Need-based,,0.0,31.349999999999998,,164,32.8,27,27.0,39,12,31.349999999999998,5,22,177,13,1,1,4,1,0,0,shuffled_learned_sequence,Shuffled learned sequence,0.08536585365853666
,500023,cooperative,Cooperative,,0.0,24.799999999999997,,132,26.4,20,21.0,41,21,24.799999999999997,6,22,214,12,2,1,5,0,0,0,shuffled_learned_sequence,Shuffled learned sequence,0.14242424242424256
,500023,hoarding,Hoarding,,0.0,19.700000000000003,,118,23.6,8,11.0,41,33,19.700000000000003,4,24,107,11,2,2,4,1,0,0,shuffled_learned_sequence,Shuffled learned sequence,0.30847457627118646
,500023,mixed,Mixed,,0.0,24.0,,130,26.0,18,18.5,38,20,24.0,6,22,126,13,0,1,5,1,0,0,shuffled_learned_sequence,Shuffled learned sequence,0.15692307692307694
,500023,need_based_to_competitive,Need-based → competitive,10.0,0.0,27.4,,146,29.2,22,23.5,39,17,27.4,6,22,166,12,3,1,4,0,0,0,shuffled_learned_sequence,Shuffled learned sequence,0.1150684931506849
,500023,cooperative_to_hoarding,Cooperative → hoarding,10.0,0.0,20.9,,116,23.2,14,14.0,34,20,20.9,4,24,142,11,3,1,5,0,0,0,shuffled_learned_sequence,Shuffled learned sequence,0.1827586206896552
,500024,need_based,Need-based,,0.0,25.85,,154,30.8,11,21.0,41,30,25.85,3,21,201,12,4,1,3,0,0,0,shuffled_learned_sequence,Shuffled learned sequence,0.17402597402597397
,500024,cooperative,Cooperative,,0.0,25.549999999999997,,147,29.4,14,19.5,43,29,25.549999999999997,6,21,228,13,4,0,1,2,0,0,shuffled_learned_sequence,Shuffled learned sequence,0.18503401360544225
,500024,hoarding,Hoarding,,0.0,15.299999999999999,,92,18.4,6,8.5,41,35,15.299999999999999,5,20,62,11,1,1,6,1,0,0,shuffled_learned_sequence,Shuffled learned sequence,0.3521739130434782
,500024,mixed,Mixed,,0.0,21.049999999999997,,117,23.4,14,14.0,55,41,21.049999999999997,5,18,128,14,3,1,2,0,0,0,shuffled_learned_sequence,Shuffled learned sequence,0.3008547008547009
,500024,need_based_to_competitive,Need-based → competitive,10.0,0.0,19.049999999999997,,117,23.4,6,12.0,41,35,19.049999999999997,2,21,88,11,4,1,4,0,0,0,shuffled_learned_sequence,Shuffled learned sequence,0.27008547008547024
,500024,cooperative_to_hoarding,Cooperative → hoarding,10.0,0.0,25.700000000000003,,153,30.6,11,20.5,43,32,25.700000000000003,5,21,143,13,3,1,2,0,0,1,shuffled_learned_sequence,Shuffled learned sequence,0.19084967320261437
,500025,need_based,Need-based,,0.0,21.049999999999997,,122,24.4,11,15.0,37,26,21.049999999999997,4,23,171,12,3,1,4,0,0,0,shuffled_learned_sequence,Shuffled learned sequence,0.20655737704918042
,500025,cooperative,Cooperative,,0.0,23.35,,124,24.8,19,19.5,36,17,23.35,3,25,209,12,5,1,2,0,0,0,shuffled_learned_sequence,Shuffled learned sequence,0.1322580645161291
,500025,hoarding,Hoarding,,0.0,9.899999999999999,,61,12.2,3,5.0,20,17,9.899999999999999,5,20,49,10,2,3,5,0,0,0,shuffled_learned_sequence,Shuffled learned sequence,0.2885245901639344
,500025,mixed,Mixed,,0.0,9.149999999999999,,56,11.2,3,4.5,27,24,9.149999999999999,3,24,120,12,2,2,4,0,0,0,shuffled_learned_sequence,Shuffled learned sequence,0.37857142857142856
,500025,need_based_to_competitive,Need-based → competitive,10.0,0.0,22.85,,129,25.8,14,18.0,34,20,22.85,2,25,136,11,3,1,5,0,0,0,shuffled_learned_sequence,Shuffled learned sequence,0.14883720930232558
,500025,cooperative_to_hoarding,Cooperative → hoarding,10.0,0.0,6.8999999999999995,,41,8.2,3,4.5,17,14,6.8999999999999995,5,21,122,12,3,1,4,0,0,0,shuffled_learned_sequence,Shuffled learned sequence,0.29268292682926833
,500026,need_based,Need-based,,0.0,21.5,,120,24.0,14,14.0,45,31,21.5,6,19,145,13,1,1,5,0,0,0,shuffled_learned_sequence,Shuffled learned sequence,0.2433333333333334
,500026,cooperative,Cooperative,,0.0,20.049999999999997,,107,21.4,16,16.5,33,17,20.049999999999997,1,26,194,12,1,3,4,0,0,0,shuffled_learned_sequence,Shuffled learned sequence,0.14579439252336446
,500026,hoarding,Hoarding,,0.0,17.25,,100,20.0,9,9.0,47,38,17.25,3,25,58,10,3,1,6,0,0,0,shuffled_learned_sequence,Shuffled learned sequence,0.3520000000000001
,500026,mixed,Mixed,,0.0,10.05,,57,11.4,6,7.5,16,10,10.05,4,22,111,12,1,2,5,0,0,0,shuffled_learned_sequence,Shuffled learned sequence,0.17543859649122817
,500026,need_based_to_competitive,Need-based → competitive,10.0,0.0,21.35,,114,22.8,17,18.0,30,13,21.35,3,23,113,11,1,1,7,0,0,0,shuffled_learned_sequence,Shuffled learned sequence,0.11228070175438609
,500026,cooperative_to_hoarding,Cooperative → hoarding,10.0,0.0,22.1,,119,23.8,17,18.5,30,13,22.1,3,24,128,12,1,1,6,0,0,0,shuffled_learned_sequence,Shuffled learned sequence,0.11092436974789921
,500027,need_based,Need-based,,0.0,30.650000000000002,,176,35.2,17,27.0,44,27,30.650000000000002,6,20,301,15,0,2,1,0,1,1,shuffled_learned_sequence,Shuffled learned sequence,0.12954545454545463
,500027,cooperative,Cooperative,,0.0,26.799999999999997,,157,31.4,13,19.0,58,45,26.799999999999997,3,25,166,12,2,0,4,0,0,2,shuffled_learned_sequence,Shuffled learned sequence,0.25222929936305727
,500027,hoarding,Hoarding,,0.0,19.1,,104,20.8,14,15.0,33,19,19.1,5,23,95,12,2,1,3,0,1,1,shuffled_learned_sequence,Shuffled learned sequence,0.1692307692307693
,500027,mixed,Mixed,,0.0,28.450000000000003,,158,31.6,19,24.5,41,22,28.450000000000003,2,24,150,14,0,0,2,0,1,3,shuffled_learned_sequence,Shuffled learned sequence,0.1316455696202532
,500027,need_based_to_competitive,Need-based → competitive,10.0,0.0,30.049999999999997,,167,33.4,20,22.5,49,29,30.049999999999997,4,23,112,13,1,0,3,0,1,2,shuffled_learned_sequence,Shuffled learned sequence,0.170059880239521
,500027,cooperative_to_hoarding,Cooperative → hoarding,10.0,0.0,22.25,,130,26.0,11,15.5,55,44,22.25,5,19,149,15,1,1,1,0,0,2,shuffled_learned_sequence,Shuffled learned sequence,0.27692307692307705
,500028,need_based,Need-based,,0.0,13.649999999999999,,76,15.2,9,10.0,23,14,13.649999999999999,2,24,207,12,2,1,5,0,0,0,shuffled_learned_sequence,Shuffled learned sequence,0.18947368421052646
,500028,cooperative,Cooperative,,0.0,17.549999999999997,,107,21.4,6,12.5,38,32,17.549999999999997,5,20,193,12,3,1,4,0,0,0,shuffled_learned_sequence,Shuffled learned sequence,0.2504672897196263
,500028,hoarding,Hoarding,,0.0,13.5,,85,17.0,3,6.0,44,41,13.5,4,23,86,12,3,0,4,1,0,0,shuffled_learned_sequence,Shuffled learned sequence,0.42352941176470593
,500028,mixed,Mixed,,0.0,14.850000000000001,,89,17.8,6,7.5,41,35,14.850000000000001,4,23,114,12,1,1,5,1,0,0,shuffled_learned_sequence,Shuffled learned sequence,0.3595505617977528
,500028,need_based_to_competitive,Need-based → competitive,10.0,0.0,16.200000000000003,,98,19.6,6,10.0,28,22,16.200000000000003,4,22,99,11,4,1,4,0,0,0,shuffled_learned_sequence,Shuffled learned sequence,0.23673469387755097
,500028,cooperative_to_hoarding,Cooperative → hoarding,10.0,0.0,8.25,,50,10.0,3,6.0,20,17,8.25,6,19,99,12,2,1,4,0,0,1,shuffled_learned_sequence,Shuffled learned sequence,0.272
,500029,need_based,Need-based,,0.0,27.4,,151,30.2,19,23.0,38,19,27.4,2,19,138,13,3,0,4,0,0,0,shuffled_learned_sequence,Shuffled learned sequence,0.12450331125827829
,500029,cooperative,Cooperative,,0.0,20.450000000000003,,118,23.6,11,16.5,33,22,20.450000000000003,5,19,190,14,2,0,3,0,0,1,shuffled_learned_sequence,Shuffled learned sequence,0.16610169491525428
,500029,hoarding,Hoarding,,0.0,14.399999999999999,,86,17.2,6,8.5,30,24,14.399999999999999,3,22,69,14,2,0,2,0,1,1,shuffled_learned_sequence,Shuffled learned sequence,0.27441860465116275
,500029,mixed,Mixed,,0.0,16.799999999999997,,102,20.4,6,7.5,37,31,16.799999999999997,2,22,103,12,3,0,4,0,1,0,shuffled_learned_sequence,Shuffled learned sequence,0.3176470588235294
,500029,need_based_to_competitive,Need-based → competitive,10.0,0.0,14.399999999999999,,86,17.2,6,9.0,32,26,14.399999999999999,6,18,67,13,3,0,3,1,0,0,shuffled_learned_sequence,Shuffled learned sequence,0.27441860465116275
,500029,cooperative_to_hoarding,Cooperative → hoarding,10.0,0.0,13.2,,78,15.6,6,7.5,26,20,13.2,2,26,122,11,5,0,3,0,1,0,shuffled_learned_sequence,Shuffled learned sequence,0.2615384615384615
,500030,need_based,Need-based,,0.0,23.75,,135,27.0,14,14.0,39,25,23.75,6,22,146,13,4,0,1,0,1,1,shuffled_learned_sequence,Shuffled learned sequence,0.21925925925925926
,500030,cooperative,Cooperative,,0.0,19.799999999999997,,122,24.4,6,13.0,47,41,19.799999999999997,5,20,173,13,3,0,3,1,0,0,shuffled_learned_sequence,Shuffled learned sequence,0.29180327868852474
,500030,hoarding,Hoarding,,0.0,18.950000000000003,,108,21.6,11,12.5,33,22,18.950000000000003,6,21,75,13,3,0,2,0,1,1,shuffled_learned_sequence,Shuffled learned sequence,0.22222222222222232
,500030,mixed,Mixed,,0.0,22.85,,129,25.8,14,14.0,39,25,22.85,4,24,128,12,1,0,5,0,1,1,shuffled_learned_sequence,Shuffled learned sequence,0.22015503875969
,500030,need_based_to_competitive,Need-based → competitive,10.0,0.0,20.0,,115,23.0,11,15.5,31,20,20.0,3,22,130,12,3,0,4,0,1,0,shuffled_learned_sequence,Shuffled learned sequence,0.16695652173913045
,500030,cooperative_to_hoarding,Cooperative → hoarding,10.0,0.0,20.1,,119,23.8,9,14.0,31,22,20.1,7,18,147,12,3,0,5,0,0,0,shuffled_learned_sequence,Shuffled learned sequence,0.18487394957983194
,500031,need_based,Need-based,,0.0,19.700000000000003,,108,21.6,14,14.5,34,20,19.700000000000003,4,20,67,11,1,0,7,0,1,0,shuffled_learned_sequence,Shuffled learned sequence,0.20370370370370372
,500031,cooperative,Cooperative,,0.0,16.700000000000003,,98,19.6,8,9.5,31,23,16.700000000000003,4,20,154,13,3,0,3,0,0,1,shuffled_learned_sequence,Shuffled learned sequence,0.2489795918367348
,500031,hoarding,Hoarding,,0.0,14.100000000000001,,84,16.8,6,10.0,29,23,14.100000000000001,5,16,41,14,2,0,2,1,0,1,shuffled_learned_sequence,Shuffled learned sequence,0.23809523809523814
,500031,mixed,Mixed,,0.0,13.25,,80,16.0,5,7.0,26,21,13.25,2,23,54,11,1,1,6,1,0,0,shuffled_learned_sequence,Shuffled learned sequence,0.29000000000000004
,500031,need_based_to_competitive,Need-based → competitive,10.0,0.0,14.100000000000001,,84,16.8,6,9.0,29,23,14.100000000000001,4,20,46,12,2,0,5,0,1,0,shuffled_learned_sequence,Shuffled learned sequence,0.2666666666666666
,500031,cooperative_to_hoarding,Cooperative → hoarding,10.0,0.0,17.15,,96,19.2,11,13.5,26,15,17.15,5,19,107,13,2,1,4,0,0,0,shuffled_learned_sequence,Shuffled learned sequence,0.15416666666666679
,500032,need_based,Need-based,,0.0,24.35,,139,27.8,14,19.5,36,22,24.35,6,18,155,14,1,0,3,0,2,0,shuffled_learned_sequence,Shuffled learned sequence,0.14964028776978422
,500032,cooperative,Cooperative,,0.0,22.1,,124,24.8,14,18.0,41,27,22.1,7,21,215,13,2,0,3,2,0,0,shuffled_learned_sequence,Shuffled learned sequence,0.18387096774193545
,500032,hoarding,Hoarding,,0.0,19.85,,114,22.8,11,15.0,41,30,19.85,3,22,70,13,2,0,4,0,0,1,shuffled_learned_sequence,Shuffled learned sequence,0.22456140350877196
,500032,mixed,Mixed,,0.0,18.200000000000003,,98,19.6,14,15.5,25,11,18.200000000000003,5,20,110,13,4,0,3,0,0,0,shuffled_learned_sequence,Shuffled learned sequence,0.11020408163265305
,500032,need_based_to_competitive,Need-based → competitive,10.0,0.0,19.65,,121,24.2,6,11.5,39,33,19.65,5,20,98,14,1,0,3,0,2,0,shuffled_learned_sequence,Shuffled learned sequence,0.27438016528925635
,500032,cooperative_to_hoarding,Cooperative → hoarding,10.0,0.0,20.85,,129,25.8,6,11.5,42,36,20.85,4,20,144,13,3,0,3,1,0,0,shuffled_learned_sequence,Shuffled learned sequence,0.2790697674418605
,500033,need_based,Need-based,,0.0,29.5,,160,32.0,22,24.5,46,24,29.5,2,23,176,12,4,1,3,0,0,0,shuffled_learned_sequence,Shuffled learned sequence,0.14000000000000012
,500033,cooperative,Cooperative,,0.0,25.9,,136,27.2,22,22.0,38,16,25.9,7,19,200,12,3,2,3,0,0,0,shuffled_learned_sequence,Shuffled learned sequence,0.11470588235294121
,500033,hoarding,Hoarding,,0.0,18.950000000000003,,103,20.6,14,14.0,31,17,18.950000000000003,2,25,73,11,2,0,3,4,0,0,shuffled_learned_sequence,Shuffled learned sequence,0.16310679611650492
,500033,mixed,Mixed,,0.0,16.049999999999997,,92,18.4,9,11.5,41,32,16.049999999999997,6,19,116,13,1,1,5,0,0,0,shuffled_learned_sequence,Shuffled learned sequence,0.27826086956521734
,500033,need_based_to_competitive,Need-based → competitive,10.0,0.0,22.85,,124,24.8,17,18.0,35,18,22.85,7,19,146,13,3,1,3,0,0,0,shuffled_learned_sequence,Shuffled learned sequence,0.1645161290322581
,500033,cooperative_to_hoarding,Cooperative → hoarding,10.0,0.0,21.15,,126,25.2,9,11.5,40,31,21.15,7,20,112,12,3,1,4,0,0,0,shuffled_learned_sequence,Shuffled learned sequence,0.2571428571428571
,500034,need_based,Need-based,,0.0,31.299999999999997,,167,33.4,25,27.5,44,19,31.299999999999997,5,19,232,13,3,1,3,0,0,0,shuffled_learned_sequence,Shuffled learned sequence,0.10299401197604796
,500034,cooperative,Cooperative,,0.0,23.75,,135,27.0,14,17.0,46,32,23.75,6,21,197,13,2,1,4,0,0,0,shuffled_learned_sequence,Shuffled learned sequence,0.2281481481481482
,500034,hoarding,Hoarding,,0.0,22.35,,124,24.8,15,20.0,30,15,22.35,3,24,87,10,3,1,6,0,0,0,shuffled_learned_sequence,Shuffled learned sequence,0.10322580645161294
,500034,mixed,Mixed,,0.0,26.6,,154,30.8,14,20.5,41,27,26.6,3,20,166,13,5,1,1,0,0,0,shuffled_learned_sequence,Shuffled learned sequence,0.17142857142857149
,500034,need_based_to_competitive,Need-based → competitive,10.0,0.0,26.200000000000003,,138,27.6,22,23.5,34,12,26.200000000000003,5,21,130,12,4,0,4,0,0,0,shuffled_learned_sequence,Shuffled learned sequence,0.08405797101449286
,500034,cooperative_to_hoarding,Cooperative → hoarding,10.0,0.0,14.399999999999999,,81,16.2,9,10.0,26,17,14.399999999999999,5,22,141,11,3,1,5,0,0,0,shuffled_learned_sequence,Shuffled learned sequence,0.22222222222222232
,500035,need_based,Need-based,,0.0,20.6,,114,22.8,14,15.5,34,20,20.6,6,18,88,12,2,0,3,3,0,0,shuffled_learned_sequence,Shuffled learned sequence,0.1859649122807019
,500035,cooperative,Cooperative,,0.0,20.85,,124,24.8,9,11.5,57,48,20.85,1,26,221,12,3,3,1,0,1,0,shuffled_learned_sequence,Shuffled learned sequence,0.34193548387096784
,500035,hoarding,Hoarding,,0.0,16.950000000000003,,103,20.6,6,9.0,46,40,16.950000000000003,5,23,68,12,1,0,5,0,1,1,shuffled_learned_sequence,Shuffled learned sequence,0.3495145631067962
,500035,mixed,Mixed,,0.0,18.35,,99,19.8,14,15.5,27,13,18.35,6,20,102,14,1,0,3,0,1,1,shuffled_learned_sequence,Shuffled learned sequence,0.1252525252525254
,500035,need_based_to_competitive,Need-based → competitive,10.0,0.0,20.450000000000003,,118,23.6,11,14.0,38,27,20.450000000000003,3,23,78,13,0,0,1,3,2,1,shuffled_learned_sequence,Shuffled learned sequence,0.22711864406779658
,500035,cooperative_to_hoarding,Cooperative → hoarding,10.0,0.0,19.299999999999997,,107,21.4,13,13.5,49,36,19.299999999999997,3,24,139,12,1,1,5,0,1,0,shuffled_learned_sequence,Shuffled learned sequence,0.28037383177570097
,500036,need_based,Need-based,,0.0,21.200000000000003,,123,24.6,11,15.5,40,29,21.200000000000003,2,26,163,11,5,1,3,0,0,0,shuffled_learned_sequence,Shuffled learned sequence,0.22113821138211387
,500036,cooperative,Cooperative,,0.0,20.049999999999997,,117,23.4,10,15.0,30,20,20.049999999999997,3,24,184,13,2,2,2,0,0,1,shuffled_learned_sequence,Shuffled learned sequence,0.170940170940171
,500036,hoarding,Hoarding,,0.0,10.7,,63,12.6,5,8.0,17,12,10.7,2,25,37,11,2,0,6,1,0,0,shuffled_learned_sequence,Shuffled learned sequence,0.19047619047619047
,500036,mixed,Mixed,,0.0,21.5,,120,24.0,14,18.0,31,17,21.5,4,22,90,13,1,0,4,1,0,1,shuffled_learned_sequence,Shuffled learned sequence,0.13000000000000012
,500036,need_based_to_competitive,Need-based → competitive,10.0,0.0,11.8,,67,13.4,7,8.0,27,20,11.8,6,22,55,11,2,1,6,0,0,0,shuffled_learned_sequence,Shuffled learned sequence,0.26268656716417915
,500036,cooperative_to_hoarding,Cooperative → hoarding,10.0,0.0,17.1,,104,20.8,6,10.0,30,24,17.1,6,19,132,14,1,1,3,0,0,1,shuffled_learned_sequence,Shuffled learned sequence,0.23461538461538467
,500037,need_based,Need-based,,0.0,29.200000000000003,,153,30.6,25,25.0,41,16,29.200000000000003,8,18,106,13,4,0,2,1,0,0,shuffled_learned_sequence,Shuffled learned sequence,0.11503267973856213
,500037,cooperative,Cooperative,,0.0,27.799999999999997,,162,32.4,14,22.0,46,32,27.799999999999997,8,16,217,15,1,0,3,0,1,0,shuffled_learned_sequence,Shuffled learned sequence,0.1728395061728396
,500037,hoarding,Hoarding,,0.0,21.200000000000003,,118,23.6,14,15.5,35,21,21.200000000000003,3,24,68,12,1,0,5,0,1,1,shuffled_learned_sequence,Shuffled learned sequence,0.1932203389830509
,500037,mixed,Mixed,,0.0,20.1,,119,23.8,9,13.0,39,30,20.1,3,23,103,13,2,0,3,0,1,1,shuffled_learned_sequence,Shuffled learned sequence,0.2655462184873949
,500037,need_based_to_competitive,Need-based → competitive,10.0,0.0,28.15,,151,30.2,22,24.5,38,16,28.15,8,18,123,13,4,0,2,1,0,0,shuffled_learned_sequence,Shuffled learned sequence,0.10331125827814569
,500037,cooperative_to_hoarding,Cooperative → hoarding,10.0,0.0,25.450000000000003,,143,28.6,16,19.0,49,33,25.450000000000003,8,19,146,13,2,0,4,0,1,0,shuffled_learned_sequence,Shuffled learned sequence,0.2097902097902098
,500038,need_based,Need-based,,0.0,28.9,,156,31.2,22,22.5,50,28,28.9,3,19,239,13,1,1,5,0,0,0,shuffled_learned_sequence,Shuffled learned sequence,0.17692307692307696
,500038,cooperative,Cooperative,,0.0,27.299999999999997,,152,30.4,18,23.5,38,20,27.299999999999997,2,18,226,14,2,1,2,1,0,0,shuffled_learned_sequence,Shuffled learned sequence,0.12368421052631584
,500038,hoarding,Hoarding,,0.0,22.549999999999997,,127,25.4,14,17.0,34,20,22.549999999999997,4,20,70,12,3,0,5,0,0,0,shuffled_learned_sequence,Shuffled learned sequence,0.16062992125984255
,500038,mixed,Mixed,,0.0,25.65,,136,27.2,21,23.0,33,12,25.65,2,22,128,13,3,1,2,0,0,1,shuffled_learned_sequence,Shuffled learned sequence,0.09117647058823541
,500038,need_based_to_competitive,Need-based → competitive,10.0,0.0,20.6,,124,24.8,8,12.5,57,49,20.6,4,20,104,11,2,1,6,0,0,0,shuffled_learned_sequence,Shuffled learned sequence,0.33225806451612905
,500038,cooperative_to_hoarding,Cooperative → hoarding,10.0,0.0,20.35,,114,22.8,13,16.0,30,17,20.35,1,21,138,11,4,1,4,0,0,0,shuffled_learned_sequence,Shuffled learned sequence,0.14385964912280702
,500039,need_based,Need-based,,0.0,15.299999999999999,,82,16.4,12,13.0,20,8,15.299999999999999,7,21,171,11,3,1,5,0,0,0,shuffled_learned_sequence,Shuffled learned sequence,0.09756097560975618
,500039,cooperative,Cooperative,,0.0,17.15,,96,19.2,11,12.0,33,22,17.15,5,22,200,13,1,2,4,0,0,0,shuffled_learned_sequence,Shuffled learned sequence,0.21250000000000013
,500039,hoarding,Hoarding,,0.0,11.45,,68,13.6,5,5.5,21,16,11.45,2,23,35,9,4,1,5,1,0,0,shuffled_learned_sequence,Shuffled learned sequence,0.2647058823529411
,500039,mixed,Mixed,,0.0,16.35,,94,18.8,9,13.0,29,20,16.35,6,22,89,12,3,1,4,0,0,0,shuffled_learned_sequence,Shuffled learned sequence,0.18297872340425547
,500039,need_based_to_competitive,Need-based → competitive,10.0,0.0,14.100000000000001,,84,16.8,6,9.0,33,27,14.100000000000001,7,21,70,12,3,0,5,0,0,0,shuffled_learned_sequence,Shuffled learned sequence,0.28095238095238106
,500039,cooperative_to_hoarding,Cooperative → hoarding,10.0,0.0,15.149999999999999,,91,18.2,6,9.0,31,25,15.149999999999999,2,22,124,11,1,2,6,0,0,0,shuffled_learned_sequence,Shuffled learned sequence,0.26813186813186807
,500040,need_based,Need-based,,0.0,23.5,,125,25.0,19,20.5,30,11,23.5,4,20,222,14,3,1,1,1,0,0,shuffled_learned_sequence,Shuffled learned sequence,0.08640000000000003
,500040,cooperative,Cooperative,,0.0,19.1,,104,20.8,14,14.0,34,20,19.1,2,23,251,13,3,2,2,0,0,0,shuffled_learned_sequence,Shuffled learned sequence,0.18461538461538463
,500040,hoarding,Hoarding,,0.0,12.600000000000001,,74,14.8,6,6.0,39,33,12.600000000000001,1,22,42,10,5,1,4,0,0,0,shuffled_learned_sequence,Shuffled learned sequence,0.40000000000000013
,500040,mixed,Mixed,,0.0,21.799999999999997,,122,24.4,14,16.5,34,20,21.799999999999997,3,23,127,13,0,2,4,0,0,1,shuffled_learned_sequence,Shuffled learned sequence,0.1672131147540985
,500040,need_based_to_competitive,Need-based → competitive,10.0,0.0,19.65,,111,22.2,12,13.0,39,27,19.65,5,21,101,12,4,1,3,0,0,0,shuffled_learned_sequence,Shuffled learned sequence,0.24864864864864877
,500040,cooperative_to_hoarding,Cooperative → hoarding,10.0,0.0,21.049999999999997,,117,23.4,14,15.5,36,22,21.049999999999997,3,24,121,11,5,1,3,0,0,0,shuffled_learned_sequence,Shuffled learned sequence,0.18803418803418803
,500041,need_based,Need-based,,0.0,31.599999999999998,,174,34.8,22,25.5,47,25,31.599999999999998,3,23,339,13,1,3,3,0,0,0,shuffled_learned_sequence,Shuffled learned sequence,0.1471264367816092
,500041,cooperative,Cooperative,,0.0,26.65,,141,28.2,22,22.0,35,13,26.65,5,23,176,11,6,1,2,0,0,0,shuffled_learned_sequence,Shuffled learned sequence,0.10780141843971625
,500041,hoarding,Hoarding,,0.0,20.799999999999997,,117,23.4,13,13.5,39,26,20.799999999999997,2,24,57,10,4,1,4,1,0,0,shuffled_learned_sequence,Shuffled learned sequence,0.22564102564102573
,500041,mixed,Mixed,,0.0,22.65,,131,26.2,12,18.5,36,24,22.65,2,24,114,11,3,1,5,0,0,0,shuffled_learned_sequence,Shuffled learned sequence,0.1618320610687023
,500041,need_based_to_competitive,Need-based → competitive,10.0,0.0,27.25,,145,29.0,22,25.0,34,12,27.25,3,22,128,12,3,3,2,0,0,0,shuffled_learned_sequence,Shuffled learned sequence,0.07448275862068976
,500041,cooperative_to_hoarding,Cooperative → hoarding,10.0,0.0,22.1,,119,23.8,17,18.0,30,13,22.1,3,23,134,12,4,2,2,0,0,0,shuffled_learned_sequence,Shuffled learned sequence,0.11764705882352944
,500042,need_based,Need-based,,0.0,27.700000000000003,,148,29.6,22,24.5,35,13,27.700000000000003,2,23,170,11,4,1,4,0,0,0,shuffled_learned_sequence,Shuffled learned sequence,0.08918918918918917
,500042,cooperative,Cooperative,,0.0,21.65,,116,23.2,17,18.0,30,13,21.65,4,23,136,12,4,0,4,0,0,0,shuffled_learned_sequence,Shuffled learned sequence,0.12068965517241392
,500042,hoarding,Hoarding,,0.0,15.75,,90,18.0,9,11.5,31,22,15.75,4,20,47,12,1,2,5,0,0,0,shuffled_learned_sequence,Shuffled learned sequence,0.21777777777777785
,500042,mixed,Mixed,,0.0,18.75,,115,23.0,6,9.5,49,43,18.75,1,27,114,10,6,1,3,0,0,0,shuffled_learned_sequence,Shuffled learned sequence,0.3686956521739131
,500042,need_based_to_competitive,Need-based → competitive,10.0,0.0,17.65,,96,19.2,13,14.0,30,17,17.65,2,21,104,12,3,1,4,0,0,0,shuffled_learned_sequence,Shuffled learned sequence,0.15833333333333344
,500042,cooperative_to_hoarding,Cooperative → hoarding,10.0,0.0,12.3,,72,14.4,6,6.0,41,35,12.3,5,20,78,11,3,0,6,0,0,0,shuffled_learned_sequence,Shuffled learned sequence,0.4277777777777778
,500043,need_based,Need-based,,0.0,18.049999999999997,,102,20.4,11,12.5,30,19,18.049999999999997,4,19,161,12,3,1,4,0,0,0,shuffled_learned_sequence,Shuffled learned sequence,0.19999999999999996
,500043,cooperative,Cooperative,,0.0,17.9,,96,19.2,14,14.0,37,23,17.9,3,22,185,13,2,1,4,0,0,0,shuffled_learned_sequence,Shuffled learned sequence,0.2041666666666666
,500043,hoarding,Hoarding,,0.0,14.25,,85,17.0,6,7.5,31,25,14.25,7,21,46,11,2,2,4,1,0,0,shuffled_learned_sequence,Shuffled learned sequence,0.3105882352941176
,500043,mixed,Mixed,,0.0,14.399999999999999,,86,17.2,6,6.0,34,28,14.399999999999999,6,22,101,12,4,0,3,1,0,0,shuffled_learned_sequence,Shuffled learned sequence,0.3534883720930233
,500043,need_based_to_competitive,Need-based → competitive,10.0,0.0,16.65,,101,20.2,6,10.0,31,25,16.65,4,22,88,10,3,1,6,0,0,0,shuffled_learned_sequence,Shuffled learned sequence,0.25346534653465347
,500043,cooperative_to_hoarding,Cooperative → hoarding,10.0,0.0,14.700000000000001,,88,17.6,6,7.5,27,21,14.700000000000001,4,21,112,12,3,1,4,0,0,0,shuffled_learned_sequence,Shuffled learned sequence,0.2681818181818183
,500044,need_based,Need-based,,0.0,25.0,,135,27.0,19,20.5,36,17,25.0,1,26,133,11,3,0,5,0,0,1,shuffled_learned_sequence,Shuffled learned sequence,0.12444444444444458
,500044,cooperative,Cooperative,,0.0,24.200000000000003,,138,27.6,14,16.5,44,30,24.200000000000003,3,22,180,14,1,0,3,1,0,1,shuffled_learned_sequence,Shuffled learned sequence,0.21739130434782616
,500044,hoarding,Hoarding,,0.0,13.649999999999999,,81,16.2,6,10.0,24,18,13.649999999999999,4,23,46,12,1,0,6,0,1,0,shuffled_learned_sequence,Shuffled learned sequence,0.22222222222222232
,500044,mixed,Mixed,,0.0,20.0,,110,22.0,14,14.0,30,16,20.0,2,23,107,12,5,0,2,0,0,1,shuffled_learned_sequence,Shuffled learned sequence,0.17454545454545456
,500044,need_based_to_competitive,Need-based → competitive,10.0,0.0,30.5,,160,32.0,26,26.5,47,21,30.5,3,19,109,14,2,0,3,0,0,1,shuffled_learned_sequence,Shuffled learned sequence,0.11250000000000004
,500044,cooperative_to_hoarding,Cooperative → hoarding,10.0,0.0,23.549999999999997,,142,28.4,9,17.5,38,29,23.549999999999997,4,21,150,14,3,0,1,0,1,1,shuffled_learned_sequence,Shuffled learned sequence,0.18873239436619715
,500045,need_based,Need-based,,0.0,17.950000000000003,,103,20.6,10,12.5,40,30,17.950000000000003,3,24,81,12,2,0,4,0,0,2,shuffled_learned_sequence,Shuffled learned sequence,0.26019417475728157
,500045,cooperative,Cooperative,,0.0,13.5,,85,17.0,3,7.0,36,33,13.5,3,22,105,13,1,1,4,1,0,0,shuffled_learned_sequence,Shuffled learned sequence,0.36235294117647054
,500045,hoarding,Hoarding,,0.0,12.649999999999999,,71,14.2,8,8.5,30,22,12.649999999999999,7,18,61,13,1,0,5,0,1,0,shuffled_learned_sequence,Shuffled learned sequence,0.2647887323943663
,500045,mixed,Mixed,,0.0,12.25,,80,16.0,1,5.0,33,32,12.25,3,20,86,13,4,0,2,0,1,0,shuffled_learned_sequence,Shuffled learned sequence,0.3900000000000001
,500045,need_based_to_competitive,Need-based → competitive,10.0,0.0,15.200000000000001,,98,19.6,2,7.0,36,34,15.200000000000001,2,24,145,12,2,1,4,0,0,1,shuffled_learned_sequence,Shuffled learned sequence,0.3632653061224491
,500045,cooperative_to_hoarding,Cooperative → hoarding,10.0,0.0,11.25,,65,13.0,6,6.0,36,30,11.25,4,22,74,11,2,1,6,0,0,0,shuffled_learned_sequence,Shuffled learned sequence,0.3876923076923078
,500046,need_based,Need-based,,0.0,23.15,,136,27.2,11,14.5,46,35,23.15,3,23,147,13,4,1,1,0,0,1,shuffled_learned_sequence,Shuffled learned sequence,0.273529411764706
,500046,cooperative,Cooperative,,0.0,14.100000000000001,,84,16.8,6,7.5,28,22,14.100000000000001,2,24,138,12,3,1,3,0,0,1,shuffled_learned_sequence,Shuffled learned sequence,0.2857142857142858
,500046,hoarding,Hoarding,,0.0,14.399999999999999,,86,17.2,6,10.0,29,23,14.399999999999999,3,25,58,12,3,0,3,0,1,1,shuffled_learned_sequence,Shuffled learned sequence,0.241860465116279
,500046,mixed,Mixed,,0.0,20.75,,115,23.0,14,15.5,33,19,20.75,3,23,181,13,2,1,2,0,1,1,shuffled_learned_sequence,Shuffled learned sequence,0.1634782608695653
,500046,need_based_to_competitive,Need-based → competitive,10.0,0.0,20.1,,124,24.8,6,11.5,44,38,20.1,3,21,114,13,3,1,2,0,0,1,shuffled_learned_sequence,Shuffled learned sequence,0.3129032258064517
,500046,cooperative_to_hoarding,Cooperative → hoarding,10.0,0.0,17.1,,99,19.8,9,10.5,32,23,17.1,5,21,123,12,2,1,4,0,0,1,shuffled_learned_sequence,Shuffled learned sequence,0.26262626262626276
,500047,need_based,Need-based,,0.0,27.799999999999997,,152,30.4,20,22.5,44,24,27.799999999999997,3,22,184,14,1,1,2,1,0,1,shuffled_learned_sequence,Shuffled learned sequence,0.155263157894737
,500047,cooperative,Cooperative,,0.0,26.0,,145,29.0,17,19.0,52,35,26.0,2,24,200,13,0,1,4,0,0,2,shuffled_learned_sequence,Shuffled learned sequence,0.2124137931034482
,500047,hoarding,Hoarding,,0.0,16.200000000000003,,98,19.6,6,7.5,34,28,16.200000000000003,5,23,52,11,3,1,4,1,0,0,shuffled_learned_sequence,Shuffled learned sequence,0.3265306122448981
,500047,mixed,Mixed,,0.0,16.5,,100,20.0,6,9.0,45,39,16.5,4,24,86,13,2,0,2,1,1,1,shuffled_learned_sequence,Shuffled learned sequence,0.3560000000000001
,500047,need_based_to_competitive,Need-based → competitive,10.0,0.0,24.35,,139,27.8,14,15.5,39,25,24.35,2,22,85,13,0,1,4,1,0,1,shuffled_learned_sequence,Shuffled learned sequence,0.20431654676259003
,500047,cooperative_to_hoarding,Cooperative → hoarding,10.0,0.0,20.700000000000003,,118,23.6,12,14.5,42,30,20.700000000000003,3,23,111,14,1,0,2,0,1,2,shuffled_learned_sequence,Shuffled learned sequence,0.23050847457627133
,500048,need_based,Need-based,,0.0,25.9,,141,28.2,19,20.0,37,18,25.9,4,23,147,12,4,0,3,0,1,0,shuffled_learned_sequence,Shuffled learned sequence,0.13617021276595742
,500048,cooperative,Cooperative,,0.0,27.549999999999997,,152,30.4,19,23.5,37,18,27.549999999999997,4,24,168,12,2,0,5,0,0,1,shuffled_learned_sequence,Shuffled learned sequence,0.11315789473684212
,500048,hoarding,Hoarding,,0.0,19.25,,105,21.0,14,15.5,30,16,19.25,2,25,83,12,4,0,2,0,1,1,shuffled_learned_sequence,Shuffled learned sequence,0.14095238095238094
,500048,mixed,Mixed,,0.0,14.649999999999999,,81,16.2,10,10.5,31,21,14.649999999999999,2,25,74,13,2,0,3,0,1,1,shuffled_learned_sequence,Shuffled learned sequence,0.22716049382716053
,500048,need_based_to_competitive,Need-based → competitive,10.0,0.0,21.549999999999997,,122,24.4,13,13.5,38,25,21.549999999999997,6,19,104,14,2,0,3,0,1,0,shuffled_learned_sequence,Shuffled learned sequence,0.23278688524590163
,500048,cooperative_to_hoarding,Cooperative → hoarding,10.0,0.0,18.799999999999997,,102,20.4,14,15.5,27,13,18.799999999999997,4,24,99,12,1,0,6,0,0,1,shuffled_learned_sequence,Shuffled learned sequence,0.12941176470588234
,500049,need_based,Need-based,,0.0,25.35,,159,31.8,6,17.0,46,40,25.35,3,19,148,14,3,0,2,1,0,0,shuffled_learned_sequence,Shuffled learned sequence,0.2364779874213836
,500049,cooperative,Cooperative,,0.0,16.5,,90,18.0,12,13.0,33,21,16.5,1,25,102,12,1,1,4,1,0,1,shuffled_learned_sequence,Shuffled learned sequence,0.19999999999999996
,500049,hoarding,Hoarding,,0.0,25.4,,141,28.2,17,21.0,39,22,25.4,6,18,63,14,2,0,3,0,1,0,shuffled_learned_sequence,Shuffled learned sequence,0.14184397163120566
,500049,mixed,Mixed,,0.0,19.85,,109,21.8,14,15.5,31,17,19.85,5,20,64,13,1,0,5,0,1,0,shuffled_learned_sequence,Shuffled learned sequence,0.15412844036697249
,500049,need_based_to_competitive,Need-based → competitive,10.0,0.0,20.9,,111,22.2,17,18.0,33,16,20.9,1,21,65,12,2,0,5,1,0,0,shuffled_learned_sequence,Shuffled learned sequence,0.12612612612612617
,500049,cooperative_to_hoarding,Cooperative → hoarding,10.0,0.0,16.35,,99,19.8,6,11.5,31,25,16.35,5,23,64,11,1,1,6,1,0,0,shuffled_learned_sequence,Shuffled learned sequence,0.2262626262626264
,500050,need_based,Need-based,,0.0,30.549999999999997,,167,33.4,22,26.0,44,22,30.549999999999997,4,21,156,13,3,0,2,1,0,1,shuffled_learned_sequence,Shuffled learned sequence,0.13173652694610793
,500050,cooperative,Cooperative,,0.0,23.15,,136,27.2,11,15.0,48,37,23.15,3,20,186,13,3,0,3,1,0,0,shuffled_learned_sequence,Shuffled learned sequence,0.273529411764706
,500050,hoarding,Hoarding,,0.0,23.1,,144,28.8,6,16.5,51,45,23.1,1,25,88,12,3,1,3,0,0,1,shuffled_learned_sequence,Shuffled learned sequence,0.2583333333333333
,500050,mixed,Mixed,,0.0,17.25,,105,21.0,6,8.5,33,27,17.25,2,25,107,12,2,0,4,0,2,0,shuffled_learned_sequence,Shuffled learned sequence,0.27047619047619054
,500050,need_based_to_competitive,Need-based → competitive,10.0,0.0,26.799999999999997,,147,29.4,19,19.5,48,29,26.799999999999997,6,21,101,13,1,0,4,1,0,1,shuffled_learned_sequence,Shuffled learned sequence,0.19319727891156457
,500050,cooperative_to_hoarding,Cooperative → hoarding,10.0,0.0,17.85,,109,21.8,6,11.5,49,43,17.85,2,24,132,12,3,0,3,1,1,0,shuffled_learned_sequence,Shuffled learned sequence,0.3266055045871561
,500051,need_based,Need-based,,0.0,16.799999999999997,,97,19.4,9,11.5,27,18,16.799999999999997,4,24,199,11,3,1,5,0,0,0,shuffled_learned_sequence,Shuffled learned sequence,0.1938144329896907
,500051,cooperative,Cooperative,,0.0,15.450000000000001,,93,18.6,6,6.0,38,32,15.450000000000001,2,25,188,11,4,1,4,0,0,0,shuffled_learned_sequence,Shuffled learned sequence,0.37419354838709684
,500051,hoarding,Hoarding,,0.0,16.700000000000003,,93,18.6,11,15.0,22,11,16.700000000000003,3,20,65,12,1,1,6,0,0,0,shuffled_learned_sequence,Shuffled learned sequence,0.10752688172043023
,500051,mixed,Mixed,,0.0,12.149999999999999,,71,14.2,6,7.5,23,17,12.149999999999999,6,22,137,13,1,1,4,1,0,0,shuffled_learned_sequence,Shuffled learned sequence,0.24788732394366209
,500051,need_based_to_competitive,Need-based → competitive,10.0,0.0,13.649999999999999,,81,16.2,6,10.0,27,21,13.649999999999999,3,25,75,10,2,1,7,0,0,0,shuffled_learned_sequence,Shuffled learned sequence,0.22222222222222232
,500051,cooperative_to_hoarding,Cooperative → hoarding,10.0,0.0,9.75,,60,12.0,3,3.0,20,17,9.75,6,21,97,12,2,2,4,0,0,0,shuffled_learned_sequence,Shuffled learned sequence,0.32000000000000006
,500052,need_based,Need-based,,0.0,25.85,,144,28.8,17,20.5,42,25,25.85,1,23,213,12,2,1,5,0,0,0,shuffled_learned_sequence,Shuffled learned sequence,0.15833333333333344
,500052,cooperative,Cooperative,,0.0,24.5,,140,28.0,14,15.5,46,32,24.5,2,26,176,12,2,1,3,1,1,0,shuffled_learned_sequence,Shuffled learned sequence,0.23428571428571443
,500052,hoarding,Hoarding,,0.0,19.1,,104,20.8,14,15.0,27,13,19.1,7,21,77,12,2,0,5,1,0,0,shuffled_learned_sequence,Shuffled learned sequence,0.13461538461538458
,500052,mixed,Mixed,,0.0,26.0,,150,30.0,14,19.5,49,35,26.0,5,21,141,13,2,0,4,1,0,0,shuffled_learned_sequence,Shuffled learned sequence,0.21066666666666678
,500052,need_based_to_competitive,Need-based → competitive,10.0,0.0,23.0,,130,26.0,14,18.0,36,22,23.0,3,23,107,10,3,1,6,0,0,0,shuffled_learned_sequence,Shuffled learned sequence,0.16307692307692312
,500052,cooperative_to_hoarding,Cooperative → hoarding,10.0,0.0,24.5,,140,28.0,14,15.5,46,32,24.5,2,22,137,12,1,1,5,0,1,0,shuffled_learned_sequence,Shuffled learned sequence,0.2371428571428571
,500053,need_based,Need-based,,0.0,20.549999999999997,,127,25.4,6,7.0,45,39,20.549999999999997,8,17,122,14,2,0,3,0,0,1,shuffled_learned_sequence,Shuffled learned sequence,0.34960629921259856
,500053,cooperative,Cooperative,,0.0,14.399999999999999,,91,18.2,3,3.5,44,41,14.399999999999999,7,21,158,11,2,1,6,0,0,0,shuffled_learned_sequence,Shuffled learned sequence,0.4307692307692308
,500053,hoarding,Hoarding,,0.0,14.899999999999999,,91,18.2,5,5.5,36,31,14.899999999999999,4,23,56,13,0,1,3,1,2,0,shuffled_learned_sequence,Shuffled learned sequence,0.378021978021978
,500053,mixed,Mixed,,0.0,14.0,,85,17.0,5,5.5,33,28,14.0,8,16,79,14,2,0,3,1,0,0,shuffled_learned_sequence,Shuffled learned sequence,0.371764705882353
,500053,need_based_to_competitive,Need-based → competitive,10.0,0.0,20.15,,116,23.2,11,12.0,54,43,20.15,7,20,115,14,1,1,3,0,0,1,shuffled_learned_sequence,Shuffled learned sequence,0.32413793103448274
,500053,cooperative_to_hoarding,Cooperative → hoarding,10.0,0.0,15.149999999999999,,91,18.2,6,9.0,34,28,15.149999999999999,6,21,88,11,4,2,3,0,0,0,shuffled_learned_sequence,Shuffled learned sequence,0.30329670329670333
,500054,need_based,Need-based,,0.0,23.75,,135,27.0,14,18.0,36,22,23.75,3,23,163,12,3,1,4,0,0,0,shuffled_learned_sequence,Shuffled learned sequence,0.16296296296296298
,500054,cooperative,Cooperative,,0.0,20.9,,116,23.2,14,15.5,40,26,20.9,4,24,179,12,5,2,1,0,0,0,shuffled_learned_sequence,Shuffled learned sequence,0.2068965517241379
,500054,hoarding,Hoarding,,0.0,14.100000000000001,,84,16.8,6,7.5,30,24,14.100000000000001,4,21,69,11,5,1,3,0,0,0,shuffled_learned_sequence,Shuffled learned sequence,0.29047619047619055
,500054,mixed,Mixed,,0.0,15.75,,90,18.0,9,10.5,27,18,15.75,3,25,123,12,3,1,2,0,2,0,shuffled_learned_sequence,Shuffled learned sequence,0.21777777777777785
,500054,need_based_to_competitive,Need-based → competitive,10.0,0.0,22.4,,121,24.2,17,20.5,30,13,22.4,4,23,109,12,1,1,6,0,0,0,shuffled_learned_sequence,Shuffled learned sequence,0.08925619834710741
,500054,cooperative_to_hoarding,Cooperative → hoarding,10.0,0.0,17.25,,100,20.0,9,13.0,27,18,17.25,5,21,102,14,3,1,1,0,0,1,shuffled_learned_sequence,Shuffled learned sequence,0.17599999999999993
,500055,need_based,Need-based,,0.0,19.65,,121,24.2,6,10.0,41,35,19.65,4,22,133,12,2,1,5,0,0,0,shuffled_learned_sequence,Shuffled learned sequence,0.29421487603305785
,500055,cooperative,Cooperative,,0.0,17.700000000000003,,108,21.6,6,13.5,31,25,17.700000000000003,8,19,159,13,3,1,3,0,0,0,shuffled_learned_sequence,Shuffled learned sequence,0.21111111111111125
,500055,hoarding,Hoarding,,0.0,19.4,,106,21.2,14,14.0,33,19,19.4,6,21,92,12,3,0,5,0,0,0,shuffled_learned_sequence,Shuffled learned sequence,0.2075471698113207
,500055,mixed,Mixed,,0.0,21.200000000000003,,123,24.6,11,17.0,39,28,21.200000000000003,4,24,137,12,3,1,4,0,0,0,shuffled_learned_sequence,Shuffled learned sequence,0.18861788617886188
,500055,need_based_to_competitive,Need-based → competitive,10.0,0.0,23.450000000000003,,133,26.6,14,17.0,47,33,23.450000000000003,4,20,107,12,1,1,6,0,0,0,shuffled_learned_sequence,Shuffled learned sequence,0.21954887218045127
,500055,cooperative_to_hoarding,Cooperative → hoarding,10.0,0.0,20.25,,120,24.0,9,15.5,34,25,20.25,3,25,137,10,2,1,7,0,0,0,shuffled_learned_sequence,Shuffled learned sequence,0.19333333333333336
,500056,need_based,Need-based,,0.0,27.549999999999997,,152,30.4,19,23.0,38,19,27.549999999999997,3,21,283,13,4,1,2,0,0,0,shuffled_learned_sequence,Shuffled learned sequence,0.12105263157894752
,500056,cooperative,Cooperative,,0.0,22.25,,125,25.0,14,16.5,43,29,22.25,3,20,177,13,3,1,3,0,0,0,shuffled_learned_sequence,Shuffled learned sequence,0.21120000000000005
,500056,hoarding,Hoarding,,0.0,15.149999999999999,,91,18.2,6,10.0,33,27,15.149999999999999,4,19,82,12,4,0,4,0,0,0,shuffled_learned_sequence,Shuffled learned sequence,0.2593406593406593
,500056,mixed,Mixed,,0.0,22.25,,125,25.0,14,20.5,30,16,22.25,1,25,153,13,0,2,3,0,0,2,shuffled_learned_sequence,Shuffled learned sequence,0.10240000000000005
,500056,need_based_to_competitive,Need-based → competitive,10.0,0.0,25.85,,149,29.8,14,18.0,44,30,25.85,3,22,128,12,6,0,2,0,0,0,shuffled_learned_sequence,Shuffled learned sequence,0.2067114093959732
,500056,cooperative_to_hoarding,Cooperative → hoarding,10.0,0.0,7.5,,45,9.0,3,4.5,13,10,7.5,3,24,92,10,2,4,4,0,0,0,shuffled_learned_sequence,Shuffled learned sequence,0.23111111111111104
,500057,need_based,Need-based,,0.0,21.549999999999997,,137,27.4,4,11.0,53,49,21.549999999999997,3,25,173,12,2,2,4,0,0,0,shuffled_learned_sequence,Shuffled learned sequence,0.3591240875912409
,500057,cooperative,Cooperative,,0.0,21.5,,120,24.0,14,16.5,30,16,21.5,5,20,196,13,3,1,2,1,0,0,shuffled_learned_sequence,Shuffled learned sequence,0.14000000000000012
,500057,hoarding,Hoarding,,0.0,13.0,,85,17.0,1,3.5,52,51,13.0,7,21,62,12,3,0,4,1,0,0,shuffled_learned_sequence,Shuffled learned sequence,0.5317647058823529
,500057,mixed,Mixed,,0.0,12.149999999999999,,71,14.2,6,7.5,23,17,12.149999999999999,8,20,112,13,3,1,2,1,0,0,shuffled_learned_sequence,Shuffled learned sequence,0.2647887323943663
,500057,need_based_to_competitive,Need-based → competitive,10.0,0.0,24.200000000000003,,138,27.6,14,15.5,42,28,24.200000000000003,6,20,158,13,3,1,3,0,0,0,shuffled_learned_sequence,Shuffled learned sequence,0.2289855072463769
,500057,cooperative_to_hoarding,Cooperative → hoarding,10.0,0.0,16.65,,96,19.2,9,10.0,44,35,16.65,6,22,162,13,3,2,2,0,0,0,shuffled_learned_sequence,Shuffled learned sequence,0.32499999999999996
,500058,need_based,Need-based,,0.0,21.0,,120,24.0,12,13.0,39,27,21.0,2,22,186,12,5,1,2,0,0,0,shuffled_learned_sequence,Shuffled learned sequence,0.2333333333333334
,500058,cooperative,Cooperative,,0.0,19.799999999999997,,117,23.4,9,15.5,33,24,19.799999999999997,5,23,224,13,3,1,2,1,0,0,shuffled_learned_sequence,Shuffled learned sequence,0.18461538461538463
,500058,hoarding,Hoarding,,0.0,15.75,,90,18.0,9,9.0,36,27,15.75,4,23,51,11,2,2,5,0,0,0,shuffled_learned_sequence,Shuffled learned sequence,0.32000000000000006
,500058,mixed,Mixed,,0.0,19.65,,111,22.2,12,14.5,41,29,19.65,3,24,121,12,1,2,5,0,0,0,shuffled_learned_sequence,Shuffled learned sequence,0.22702702702702715
,500058,need_based_to_competitive,Need-based → competitive,10.0,0.0,23.75,,135,27.0,14,14.0,44,30,23.75,4,20,164,12,2,2,4,0,0,0,shuffled_learned_sequence,Shuffled learned sequence,0.2340740740740741
,500058,cooperative_to_hoarding,Cooperative → hoarding,10.0,0.0,16.200000000000003,,98,19.6,6,9.0,44,38,16.200000000000003,4,23,126,12,5,1,2,0,0,0,shuffled_learned_sequence,Shuffled learned sequence,0.3510204081632653
,500059,need_based,Need-based,,0.0,17.700000000000003,,103,20.6,9,14.0,37,28,17.700000000000003,4,22,171,12,4,1,3,0,0,0,shuffled_learned_sequence,Shuffled learned sequence,0.2174757281553399
,500059,cooperative,Cooperative,,0.0,19.85,,109,21.8,14,14.0,37,23,19.85,4,24,188,12,5,2,1,0,0,0,shuffled_learned_sequence,Shuffled learned sequence,0.21651376146789003
,500059,hoarding,Hoarding,,0.0,15.450000000000001,,88,17.6,9,10.5,31,22,15.450000000000001,6,22,71,12,4,0,4,0,0,0,shuffled_learned_sequence,Shuffled learned sequence,0.23181818181818192
,500059,mixed,Mixed,,0.0,14.25,,85,17.0,6,7.5,34,28,14.25,6,19,126,13,1,1,5,0,0,0,shuffled_learned_sequence,Shuffled learned sequence,0.3247058823529412
,500059,need_based_to_competitive,Need-based → competitive,10.0,0.0,16.5,,100,20.0,6,11.5,29,23,16.5,5,20,140,12,2,1,5,0,0,0,shuffled_learned_sequence,Shuffled learned sequence,0.22799999999999998
,500059,cooperative_to_hoarding,Cooperative → hoarding,10.0,0.0,15.0,,95,19.0,3,4.5,42,39,15.0,5,21,110,12,6,0,2,0,0,0,shuffled_learned_sequence,Shuffled learned sequence,0.45052631578947366
,500060,need_based,Need-based,,0.0,18.75,,105,21.0,12,13.5,33,21,18.75,7,19,69,12,4,0,3,1,0,0,shuffled_learned_sequence,Shuffled learned sequence,0.20190476190476203
,500060,cooperative,Cooperative,,0.0,17.9,,91,18.2,17,17.0,22,5,17.9,2,22,181,14,3,2,0,0,0,1,shuffled_learned_sequence,Shuffled learned sequence,0.0483516483516484
,500060,hoarding,Hoarding,,0.0,16.65,,91,18.2,12,13.0,27,15,16.65,3,18,46,13,2,0,4,0,1,0,shuffled_learned_sequence,Shuffled learned sequence,0.1670329670329671
,500060,mixed,Mixed,,0.0,15.600000000000001,,89,17.8,9,10.5,26,17,15.600000000000001,5,22,97,13,3,0,2,0,1,1,shuffled_learned_sequence,Shuffled learned sequence,0.21123595505617976
,500060,need_based_to_competitive,Need-based → competitive,10.0,0.0,14.25,,80,16.0,9,10.5,25,16,14.25,6,21,75,10,5,0,5,0,0,0,shuffled_learned_sequence,Shuffled learned sequence,0.18500000000000005
,500060,cooperative_to_hoarding,Cooperative → hoarding,10.0,0.0,16.799999999999997,,97,19.4,9,12.0,27,18,16.799999999999997,3,19,138,12,3,0,4,0,0,1,shuffled_learned_sequence,Shuffled learned sequence,0.18556701030927836
,500061,need_based,Need-based,,0.0,19.4,,111,22.2,11,14.0,36,25,19.4,8,18,151,14,0,1,3,0,0,2,shuffled_learned_sequence,Shuffled learned sequence,0.2090090090090091
,500061,cooperative,Cooperative,,0.0,25.15,,136,27.2,19,20.5,35,16,25.15,1,23,160,12,3,1,3,0,0,1,shuffled_learned_sequence,Shuffled learned sequence,0.13235294117647056
,500061,hoarding,Hoarding,,0.0,24.5,,145,29.0,11,14.0,54,43,24.5,3,22,83,13,1,0,3,1,1,1,shuffled_learned_sequence,Shuffled learned sequence,0.28965517241379324
,500061,mixed,Mixed,,0.0,15.0,,90,18.0,6,10.0,29,23,15.0,1,24,75,13,1,1,4,0,0,1,shuffled_learned_sequence,Shuffled learned sequence,0.26222222222222236
,500061,need_based_to_competitive,Need-based → competitive,10.0,0.0,11.100000000000001,,69,13.8,3,4.5,27,24,11.100000000000001,8,20,68,13,1,0,4,0,0,2,shuffled_learned_sequence,Shuffled learned sequence,0.40000000000000013
,500061,cooperative_to_hoarding,Cooperative → hoarding,10.0,0.0,16.85,,94,18.8,11,12.5,33,22,16.85,1,25,131,12,2,1,4,0,0,1,shuffled_learned_sequence,Shuffled learned sequence,0.22127659574468095
,500062,need_based,Need-based,,0.0,28.700000000000003,,158,31.6,20,25.0,42,22,28.700000000000003,4,20,132,14,4,0,1,0,0,1,shuffled_learned_sequence,Shuffled learned sequence,0.11898734177215187
,500062,cooperative,Cooperative,,0.0,26.9,,151,30.2,17,22.0,46,29,26.9,3,23,198,13,3,0,3,0,0,1,shuffled_learned_sequence,Shuffled learned sequence,0.1695364238410597
,500062,hoarding,Hoarding,,0.0,16.049999999999997,,92,18.4,9,9.0,31,22,16.049999999999997,3,22,53,13,2,0,3,0,2,0,shuffled_learned_sequence,Shuffled learned sequence,0.28260869565217406
,500062,mixed,Mixed,,0.0,27.799999999999997,,147,29.4,23,25.0,34,11,27.799999999999997,4,22,127,13,3,0,3,0,0,1,shuffled_learned_sequence,Shuffled learned sequence,0.07619047619047614
,500062,need_based_to_competitive,Need-based → competitive,10.0,0.0,30.049999999999997,,157,31.4,26,26.5,41,15,30.049999999999997,4,23,121,13,3,1,2,0,0,1,shuffled_learned_sequence,Shuffled learned sequence,0.09171974522292992
,500062,cooperative_to_hoarding,Cooperative → hoarding,10.0,0.0,19.200000000000003,,113,22.6,9,14.5,39,30,19.200000000000003,7,18,107,14,3,0,3,0,0,0,shuffled_learned_sequence,Shuffled learned sequence,0.23008849557522137
,500063,need_based,Need-based,,0.0,24.200000000000003,,143,28.6,11,19.0,41,30,24.200000000000003,3,25,235,11,4,2,3,0,0,0,shuffled_learned_sequence,Shuffled learned sequence,0.1930069930069931
,500063,cooperative,Cooperative,,0.0,23.450000000000003,,133,26.6,14,18.0,41,27,23.450000000000003,2,24,176,12,2,1,4,1,0,0,shuffled_learned_sequence,Shuffled learned sequence,0.18646616541353378
,500063,hoarding,Hoarding,,0.0,13.799999999999999,,82,16.4,6,6.0,33,27,13.799999999999999,1,26,59,10,3,0,5,2,0,0,shuffled_learned_sequence,Shuffled learned sequence,0.3707317073170733
,500063,mixed,Mixed,,0.0,19.35,,119,23.8,6,14.0,39,33,19.35,3,25,107,12,2,1,4,1,0,0,shuffled_learned_sequence,Shuffled learned sequence,0.238655462184874
,500063,need_based_to_competitive,Need-based → competitive,10.0,0.0,15.299999999999999,,97,19.4,3,8.5,28,25,15.299999999999999,3,25,133,10,3,2,5,0,0,0,shuffled_learned_sequence,Shuffled learned sequence,0.25979381443298966
,500063,cooperative_to_hoarding,Cooperative → hoarding,10.0,0.0,17.75,,100,20.0,11,14.0,25,14,17.75,2,24,124,11,2,2,5,0,0,0,shuffled_learned_sequence,Shuffled learned sequence,0.14400000000000013
,500064,need_based,Need-based,,0.0,22.35,,134,26.8,9,14.0,50,41,22.35,8,16,157,15,3,0,0,1,0,1,shuffled_learned_sequence,Shuffled learned sequence,0.28955223880597014
,500064,cooperative,Cooperative,,0.0,22.25,,125,25.0,14,15.5,42,28,22.25,4,24,161,12,2,0,5,0,0,1,shuffled_learned_sequence,Shuffled learned sequence,0.21120000000000005
,500064,hoarding,Hoarding,,0.0,15.0,,90,18.0,6,10.0,39,33,15.0,4,24,66,12,2,0,4,0,1,1,shuffled_learned_sequence,Shuffled learned sequence,0.30666666666666664
,500064,mixed,Mixed,,0.0,17.25,,110,22.0,3,4.5,38,35,17.25,8,18,138,14,1,1,3,0,1,0,shuffled_learned_sequence,Shuffled learned sequence,0.3600000000000001
,500064,need_based_to_competitive,Need-based → competitive,10.0,0.0,22.65,,131,26.2,12,14.5,38,26,22.65,6,22,167,13,4,1,1,1,0,0,shuffled_learned_sequence,Shuffled learned sequence,0.21679389312977104
,500064,cooperative_to_hoarding,Cooperative → hoarding,10.0,0.0,19.4,,106,21.2,14,15.5,30,16,19.4,8,20,91,13,1,0,6,0,0,0,shuffled_learned_sequence,Shuffled learned sequence,0.15094339622641506
,500065,need_based,Need-based,,0.0,15.0,,90,18.0,6,7.5,31,25,15.0,4,21,197,12,1,2,5,0,0,0,shuffled_learned_sequence,Shuffled learned sequence,0.28
,500065,cooperative,Cooperative,,0.0,23.299999999999997,,132,26.4,14,18.0,33,19,23.299999999999997,8,19,183,14,3,1,2,0,0,0,shuffled_learned_sequence,Shuffled learned sequence,0.14848484848484844
,500065,hoarding,Hoarding,,0.0,18.65,,96,19.2,17,17.0,22,5,18.65,5,21,65,11,4,1,4,0,0,0,shuffled_learned_sequence,Shuffled learned sequence,0.05833333333333335
,500065,mixed,Mixed,,0.0,23.75,,130,26.0,17,18.0,41,24,23.75,8,19,157,13,2,0,5,0,0,0,shuffled_learned_sequence,Shuffled learned sequence,0.1907692307692308
,500065,need_based_to_competitive,Need-based → competitive,10.0,0.0,19.85,,104,20.8,17,18.0,25,8,19.85,2,25,183,11,3,2,4,0,0,0,shuffled_learned_sequence,Shuffled learned sequence,0.07307692307692304
,500065,cooperative_to_hoarding,Cooperative → hoarding,10.0,0.0,9.75,,55,11.0,6,6.0,28,22,9.75,6,22,118,12,5,1,2,0,0,0,shuffled_learned_sequence,Shuffled learned sequence,0.3418181818181818
,500066,need_based,Need-based,,0.0,22.1,,124,24.8,14,15.5,44,30,22.1,4,23,181,12,0,1,5,2,0,0,shuffled_learned_sequence,Shuffled learned sequence,0.23548387096774204
,500066,cooperative,Cooperative,,0.0,18.35,,104,20.8,11,13.0,42,31,18.35,5,18,146,14,4,0,1,0,0,1,shuffled_learned_sequence,Shuffled learned sequence,0.25384615384615383
,500066,hoarding,Hoarding,,0.0,21.700000000000003,,128,25.6,10,14.5,36,26,21.700000000000003,4,24,92,12,2,0,4,1,1,0,shuffled_learned_sequence,Shuffled learned sequence,0.20625000000000004
,500066,mixed,Mixed,,0.0,22.549999999999997,,127,25.4,14,18.0,36,22,22.549999999999997,3,23,120,12,4,0,3,1,0,0,shuffled_learned_sequence,Shuffled learned sequence,0.16377952755905523
,500066,need_based_to_competitive,Need-based → competitive,10.0,0.0,21.4,,111,22.2,19,19.5,25,6,21.4,5,22,78,11,2,1,5,1,0,0,shuffled_learned_sequence,Shuffled learned sequence,0.0612612612612613
,500066,cooperative_to_hoarding,Cooperative → hoarding,10.0,0.0,18.15,,106,21.2,9,10.5,41,32,18.15,7,18,94,14,3,0,2,1,0,0,shuffled_learned_sequence,Shuffled learned sequence,0.29811320754716975
,500067,need_based,Need-based,,0.0,18.450000000000003,,103,20.6,12,13.0,27,15,18.450000000000003,4,20,178,13,3,1,3,0,0,0,shuffled_learned_sequence,Shuffled learned sequence,0.1592233009708739
,500067,cooperative,Cooperative,,0.0,18.450000000000003,,108,21.6,9,13.0,32,23,18.450000000000003,3,25,147,11,3,1,5,0,0,0,shuffled_learned_sequence,Shuffled learned sequence,0.21111111111111125
,500067,hoarding,Hoarding,,0.0,18.0,,100,20.0,12,12.0,31,19,18.0,3,24,50,11,1,1,6,1,0,0,shuffled_learned_sequence,Shuffled learned sequence,0.21599999999999997
,500067,mixed,Mixed,,0.0,15.75,,90,18.0,9,13.0,24,15,15.75,5,21,83,13,0,2,4,1,0,0,shuffled_learned_sequence,Shuffled learned sequence,0.16000000000000014
,500067,need_based_to_competitive,Need-based → competitive,10.0,0.0,10.5,,60,12.0,6,6.0,22,16,10.5,7,16,55,11,1,1,7,0,0,0,shuffled_learned_sequence,Shuffled learned sequence,0.30666666666666664
,500067,cooperative_to_hoarding,Cooperative → hoarding,10.0,0.0,17.9,,96,19.2,14,15.5,26,12,17.9,5,23,76,11,3,1,5,0,0,0,shuffled_learned_sequence,Shuffled learned sequence,0.11250000000000004
,500068,need_based,Need-based,,0.0,30.549999999999997,,162,32.4,25,26.5,38,13,30.549999999999997,2,26,137,12,2,0,4,0,1,1,shuffled_learned_sequence,Shuffled learned sequence,0.08888888888888902
,500068,cooperative,Cooperative,,0.0,30.049999999999997,,157,31.4,26,28.5,36,10,30.049999999999997,6,22,195,13,3,0,2,0,1,1,shuffled_learned_sequence,Shuffled learned sequence,0.056050955414012726
,500068,hoarding,Hoarding,,0.0,20.75,,120,24.0,11,11.5,42,31,20.75,7,20,89,14,2,0,3,0,0,1,shuffled_learned_sequence,Shuffled learned sequence,0.2666666666666666
,500068,mixed,Mixed,,0.0,17.25,,100,20.0,9,13.0,26,17,17.25,7,21,70,12,3,0,4,0,1,0,shuffled_learned_sequence,Shuffled learned sequence,0.17200000000000015
,500068,need_based_to_competitive,Need-based → competitive,10.0,0.0,30.650000000000002,,176,35.2,17,27.5,41,24,30.650000000000002,7,19,175,14,1,0,4,0,0,1,shuffled_learned_sequence,Shuffled learned sequence,0.11590909090909096
,500068,cooperative_to_hoarding,Cooperative → hoarding,10.0,0.0,21.5,,125,25.0,11,15.5,42,31,21.5,6,21,147,14,1,0,3,0,1,1,shuffled_learned_sequence,Shuffled learned sequence,0.23039999999999994
,500069,need_based,Need-based,,0.0,15.149999999999999,,91,18.2,6,10.0,26,20,15.149999999999999,2,21,228,12,2,2,4,0,0,0,shuffled_learned_sequence,Shuffled learned sequence,0.22417582417582427
,500069,cooperative,Cooperative,,0.0,13.049999999999999,,82,16.4,3,8.5,30,27,13.049999999999999,4,15,170,14,3,0,3,0,0,0,shuffled_learned_sequence,Shuffled learned sequence,0.2829268292682927
,500069,hoarding,Hoarding,,0.0,19.35,,119,23.8,6,7.5,46,40,19.35,5,20,83,12,0,1,6,1,0,0,shuffled_learned_sequence,Shuffled learned sequence,0.3764705882352941
,500069,mixed,Mixed,,0.0,15.75,,100,20.0,3,8.0,32,29,15.75,3,22,118,13,1,1,4,1,0,0,shuffled_learned_sequence,Shuffled learned sequence,0.30000000000000004
,500069,need_based_to_competitive,Need-based → competitive,10.0,0.0,22.1,,119,23.8,17,18.0,36,19,22.1,4,22,149,12,3,2,3,0,0,0,shuffled_learned_sequence,Shuffled learned sequence,0.1478991596638657
,500069,cooperative_to_hoarding,Cooperative → hoarding,10.0,0.0,12.2,,73,14.6,5,7.0,28,23,12.2,4,16,115,14,0,0,5,0,0,1,shuffled_learned_sequence,Shuffled learned sequence,0.2958904109589042
,500070,need_based,Need-based,,0.0,20.5,,120,24.0,10,17.5,30,20,20.5,2,23,296,13,1,2,4,0,0,0,shuffled_learned_sequence,Shuffled learned sequence,0.1433333333333333
,500070,cooperative,Cooperative,,0.0,19.4,,106,21.2,14,15.5,30,16,19.4,3,21,154,12,4,0,4,0,0,0,shuffled_learned_sequence,Shuffled learned sequence,0.15471698113207544
,500070,hoarding,Hoarding,,0.0,14.100000000000001,,84,16.8,6,11.0,23,17,14.100000000000001,2,22,62,12,2,0,5,1,0,0,shuffled_learned_sequence,Shuffled learned sequence,0.19047619047619047
,500070,mixed,Mixed,,0.0,13.649999999999999,,81,16.2,6,10.0,30,24,13.649999999999999,2,24,105,12,2,1,4,1,0,0,shuffled_learned_sequence,Shuffled learned sequence,0.251851851851852
,500070,need_based_to_competitive,Need-based → competitive,10.0,0.0,17.049999999999997,,97,19.4,10,11.0,33,23,17.049999999999997,3,24,85,11,5,0,4,0,0,0,shuffled_learned_sequence,Shuffled learned sequence,0.24329896907216497
,500070,cooperative_to_hoarding,Cooperative → hoarding,10.0,0.0,11.850000000000001,,74,14.8,3,6.0,33,30,11.850000000000001,3,20,98,12,4,0,4,0,0,0,shuffled_learned_sequence,Shuffled learned sequence,0.38378378378378386
,500071,need_based,Need-based,,0.0,30.15,,156,31.2,27,27.0,38,11,30.15,2,22,230,13,1,2,4,0,0,0,shuffled_learned_sequence,Shuffled learned sequence,0.07435897435897432
,500071,cooperative,Cooperative,,0.0,16.950000000000003,,108,21.6,3,4.5,41,38,16.950000000000003,5,18,205,14,3,1,2,0,0,0,shuffled_learned_sequence,Shuffled learned sequence,0.37037037037037046
,500071,hoarding,Hoarding,,0.0,14.700000000000001,,83,16.6,9,10.0,25,16,14.700000000000001,7,19,70,13,1,0,6,0,0,0,shuffled_learned_sequence,Shuffled learned sequence,0.19759036144578324
,500071,mixed,Mixed,,0.0,22.1,,119,23.8,17,17.0,41,24,22.1,8,18,170,14,0,2,4,0,0,0,shuffled_learned_sequence,Shuffled learned sequence,0.17815126050420171
,500071,need_based_to_competitive,Need-based → competitive,10.0,0.0,24.200000000000003,,128,25.6,20,21.0,31,11,24.200000000000003,3,18,118,14,1,1,3,0,0,1,shuffled_learned_sequence,Shuffled learned sequence,0.09375
,500071,cooperative_to_hoarding,Cooperative → hoarding,10.0,0.0,13.950000000000001,,83,16.6,6,7.5,28,22,13.950000000000001,6,19,148,13,2,1,4,0,0,0,shuffled_learned_sequence,Shuffled learned sequence,0.26987951807228927
,500072,need_based,Need-based,,0.0,25.4,,136,27.2,20,20.5,40,20,25.4,7,21,160,13,4,2,1,0,0,0,shuffled_learned_sequence,Shuffled learned sequence,0.14411764705882368
,500072,cooperative,Cooperative,,0.0,23.299999999999997,,127,25.4,17,18.0,36,19,23.299999999999997,8,19,179,13,4,0,3,0,0,0,shuffled_learned_sequence,Shuffled learned sequence,0.16377952755905523
,500072,hoarding,Hoarding,,0.0,16.35,,89,17.8,12,12.5,28,16,16.35,3,19,51,12,2,1,4,1,0,0,shuffled_learned_sequence,Shuffled learned sequence,0.17078651685393265
,500072,mixed,Mixed,,0.0,22.4,,126,25.2,14,18.0,30,16,22.4,3,21,120,13,3,1,2,1,0,0,shuffled_learned_sequence,Shuffled learned sequence,0.12698412698412698
,500072,need_based_to_competitive,Need-based → competitive,10.0,0.0,16.450000000000003,,88,17.6,13,13.5,28,15,16.450000000000003,4,24,107,11,5,1,3,0,0,0,shuffled_learned_sequence,Shuffled learned sequence,0.15909090909090917
,500072,cooperative_to_hoarding,Cooperative → hoarding,10.0,0.0,16.950000000000003,,98,19.6,9,11.5,39,30,16.950000000000003,5,23,98,11,3,1,5,0,0,0,shuffled_learned_sequence,Shuffled learned sequence,0.27755102040816326
,500073,need_based,Need-based,,0.0,23.9,,136,27.2,14,18.0,41,27,23.9,6,20,153,13,2,1,4,0,0,0,shuffled_learned_sequence,Shuffled learned sequence,0.1823529411764706
,500073,cooperative,Cooperative,,0.0,16.049999999999997,,102,20.4,3,10.0,31,28,16.049999999999997,3,24,118,12,2,1,3,2,0,0,shuffled_learned_sequence,Shuffled learned sequence,0.2588235294117647
,500073,hoarding,Hoarding,,0.0,18.9,,116,23.2,6,15.5,30,24,18.9,5,21,60,12,1,0,7,0,0,0,shuffled_learned_sequence,Shuffled learned sequence,0.17586206896551726
,500073,mixed,Mixed,,0.0,13.350000000000001,,79,15.8,6,8.5,31,25,13.350000000000001,8,19,83,13,2,0,4,0,1,0,shuffled_learned_sequence,Shuffled learned sequence,0.2835443037974683
,500073,need_based_to_competitive,Need-based → competitive,10.0,0.0,21.049999999999997,,122,24.4,11,12.5,33,22,21.049999999999997,5,17,114,14,2,0,3,0,0,1,shuffled_learned_sequence,Shuffled learned sequence,0.20655737704918042
,500073,cooperative_to_hoarding,Cooperative → hoarding,10.0,0.0,17.85,,104,20.8,9,10.0,33,24,17.85,4,19,106,13,2,1,3,1,0,0,shuffled_learned_sequence,Shuffled learned sequence,0.25384615384615383
,500074,need_based,Need-based,,0.0,27.85,,154,30.8,19,23.5,41,22,27.85,6,19,199,14,3,1,1,1,0,0,shuffled_learned_sequence,Shuffled learned sequence,0.1350649350649351
,500074,cooperative,Cooperative,,0.0,24.5,,140,28.0,14,15.5,39,25,24.5,8,16,197,14,2,1,3,0,0,0,shuffled_learned_sequence,Shuffled learned sequence,0.20285714285714285
,500074,hoarding,Hoarding,,0.0,14.700000000000001,,88,17.6,6,8.5,40,34,14.700000000000001,6,15,86,13,1,3,3,0,0,0,shuffled_learned_sequence,Shuffled learned sequence,0.3500000000000001
,500074,mixed,Mixed,,0.0,17.4,,106,21.2,6,7.5,44,38,17.4,7,19,136,14,1,1,3,1,0,0,shuffled_learned_sequence,Shuffled learned sequence,0.34716981132075486
,500074,need_based_to_competitive,Need-based → competitive,10.0,0.0,21.049999999999997,,117,23.4,14,15.5,36,22,21.049999999999997,5,22,100,12,4,0,4,0,0,0,shuffled_learned_sequence,Shuffled learned sequence,0.20512820512820507
,500074,cooperative_to_hoarding,Cooperative → hoarding,10.0,0.0,19.049999999999997,,117,23.4,6,7.5,41,35,19.049999999999997,6,22,146,12,3,1,4,0,0,0,shuffled_learned_sequence,Shuffled learned sequence,0.3145299145299145
,500075,need_based,Need-based,,0.0,21.049999999999997,,122,24.4,11,14.0,36,25,21.049999999999997,3,24,204,12,4,1,3,0,0,0,shuffled_learned_sequence,Shuffled learned sequence,0.22622950819672139
,500075,cooperative,Cooperative,,0.0,20.75,,115,23.0,14,14.0,39,25,20.75,4,24,164,11,4,1,4,0,0,0,shuffled_learned_sequence,Shuffled learned sequence,0.22608695652173916
,500075,hoarding,Hoarding,,0.0,20.1,,119,23.8,9,11.5,52,43,20.1,3,21,71,11,4,1,4,0,0,0,shuffled_learned_sequence,Shuffled learned sequence,0.31596638655462184
,500075,mixed,Mixed,,0.0,22.700000000000003,,128,25.6,14,15.5,40,26,22.700000000000003,6,21,127,13,1,2,4,0,0,0,shuffled_learned_sequence,Shuffled learned sequence,0.203125
,500075,need_based_to_competitive,Need-based → competitive,10.0,0.0,15.450000000000001,,93,18.6,6,7.5,30,24,15.450000000000001,1,23,65,11,5,1,3,0,0,0,shuffled_learned_sequence,Shuffled learned sequence,0.2924731182795699
,500075,cooperative_to_hoarding,Cooperative → hoarding,10.0,0.0,17.0,,95,19.0,11,11.5,34,23,17.0,1,24,115,11,5,1,3,0,0,0,shuffled_learned_sequence,Shuffled learned sequence,0.22315789473684222
,500076,need_based,Need-based,,0.0,24.75,,135,27.0,18,19.0,38,20,24.75,3,21,235,13,2,1,4,0,0,0,shuffled_learned_sequence,Shuffled learned sequence,0.16000000000000014
,500076,cooperative,Cooperative,,0.0,24.5,,140,28.0,14,16.5,41,27,24.5,1,21,159,12,2,1,5,0,0,0,shuffled_learned_sequence,Shuffled learned sequence,0.20285714285714285
,500076,hoarding,Hoarding,,0.0,24.950000000000003,,143,28.6,14,22.0,36,22,24.950000000000003,2,23,75,12,0,0,7,1,0,0,shuffled_learned_sequence,Shuffled learned sequence,0.13146853146853155
,500076,mixed,Mixed,,0.0,21.65,,121,24.2,14,15.5,46,32,21.65,3,24,125,13,1,1,3,1,0,1,shuffled_learned_sequence,Shuffled learned sequence,0.23801652892561997
,500076,need_based_to_competitive,Need-based → competitive,10.0,0.0,25.549999999999997,,147,29.4,14,18.0,43,29,25.549999999999997,1,27,132,12,1,1,5,0,0,1,shuffled_learned_sequence,Shuffled learned sequence,0.20952380952380967
,500076,cooperative_to_hoarding,Cooperative → hoarding,10.0,0.0,20.299999999999997,,112,22.4,14,17.0,31,17,20.299999999999997,3,23,91,11,1,1,7,0,0,0,shuffled_learned_sequence,Shuffled learned sequence,0.13928571428571423
,500077,need_based,Need-based,,0.0,24.5,,135,27.0,17,21.0,39,22,24.5,1,24,242,11,3,1,5,0,0,0,shuffled_learned_sequence,Shuffled learned sequence,0.13629629629629636
,500077,cooperative,Cooperative,,0.0,16.65,,101,20.2,6,8.5,31,25,16.65,3,22,198,14,1,3,1,0,0,1,shuffled_learned_sequence,Shuffled learned sequence,0.26534653465346536
,500077,hoarding,Hoarding,,0.0,22.85,,124,24.8,17,18.0,36,19,22.85,2,24,91,9,1,1,8,0,1,0,shuffled_learned_sequence,Shuffled learned sequence,0.15806451612903238
,500077,mixed,Mixed,,0.0,21.299999999999997,,132,26.4,6,15.0,45,39,21.299999999999997,2,25,135,12,3,1,3,1,0,0,shuffled_learned_sequence,Shuffled learned sequence,0.25454545454545463
,500077,need_based_to_competitive,Need-based → competitive,10.0,0.0,19.9,,111,22.2,13,15.0,39,26,19.9,5,20,94,11,1,1,7,0,0,0,shuffled_learned_sequence,Shuffled learned sequence,0.2090090090090091
,500077,cooperative_to_hoarding,Cooperative → hoarding,10.0,0.0,13.799999999999999,,82,16.4,6,7.5,25,19,13.799999999999999,4,23,104,12,2,1,4,0,0,1,shuffled_learned_sequence,Shuffled learned sequence,0.24878048780487805
,500078,need_based,Need-based,,0.0,26.0,,145,29.0,17,19.5,41,24,26.0,4,24,133,12,3,1,3,0,1,0,shuffled_learned_sequence,Shuffled learned sequence,0.1737931034482758
,500078,cooperative,Cooperative,,0.0,28.6,,159,31.8,19,22.0,44,25,28.6,2,25,233,12,3,1,4,0,0,0,shuffled_learned_sequence,Shuffled learned sequence,0.1584905660377358
,500078,hoarding,Hoarding,,0.0,13.350000000000001,,79,15.8,6,7.5,28,22,13.350000000000001,4,23,65,12,2,1,3,1,1,0,shuffled_learned_sequence,Shuffled learned sequence,0.3139240506329115
,500078,mixed,Mixed,,0.0,19.65,,106,21.2,15,17.0,26,11,19.65,5,22,94,12,2,0,5,1,0,0,shuffled_learned_sequence,Shuffled learned sequence,0.10188679245283017
,500078,need_based_to_competitive,Need-based → competitive,10.0,0.0,24.65,,136,27.2,17,19.5,44,27,24.65,6,22,134,12,1,1,5,0,0,1,shuffled_learned_sequence,Shuffled learned sequence,0.17647058823529416
,500078,cooperative_to_hoarding,Cooperative → hoarding,10.0,0.0,17.549999999999997,,102,20.4,9,13.0,30,21,17.549999999999997,5,23,120,12,1,1,6,0,0,0,shuffled_learned_sequence,Shuffled learned sequence,0.19215686274509802
,500079,need_based,Need-based,,0.0,25.6,,139,27.8,19,23.0,35,16,25.6,3,24,144,11,3,1,4,1,0,0,shuffled_learned_sequence,Shuffled learned sequence,0.1007194244604317
,500079,cooperative,Cooperative,,0.0,19.950000000000003,,113,22.6,12,13.0,36,24,19.950000000000003,3,19,164,13,2,1,4,0,0,0,shuffled_learned_sequence,Shuffled learned sequence,0.2194690265486725
,500079,hoarding,Hoarding,,0.0,12.75,,80,16.0,3,4.5,34,31,12.75,3,22,66,12,1,2,4,1,0,0,shuffled_learned_sequence,Shuffled learned sequence,0.3900000000000001
,500079,mixed,Mixed,,0.0,16.5,,100,20.0,6,10.0,33,27,16.5,6,22,167,12,3,1,4,0,0,0,shuffled_learned_sequence,Shuffled learned sequence,0.26
,500079,need_based_to_competitive,Need-based → competitive,10.0,0.0,20.85,,114,22.8,15,16.0,33,18,20.85,4,23,94,12,2,1,5,0,0,0,shuffled_learned_sequence,Shuffled learned sequence,0.16842105263157903
,500079,cooperative_to_hoarding,Cooperative → hoarding,10.0,0.0,15.450000000000001,,88,17.6,9,10.0,34,25,15.450000000000001,4,16,143,14,2,1,3,0,0,0,shuffled_learned_sequence,Shuffled learned sequence,0.25454545454545463
,500080,need_based,Need-based,,0.0,24.5,,140,28.0,14,20.0,36,22,24.5,2,23,312,13,3,3,1,0,0,0,shuffled_learned_sequence,Shuffled learned sequence,0.15428571428571436
,500080,cooperative,Cooperative,,0.0,21.799999999999997,,127,25.4,11,15.5,38,27,21.799999999999997,1,25,187,12,3,2,3,0,0,0,shuffled_learned_sequence,Shuffled learned sequence,0.21102362204724412
,500080,hoarding,Hoarding,,0.0,22.85,,129,25.8,14,16.5,36,22,22.85,6,22,87,11,1,1,6,0,1,0,shuffled_learned_sequence,Shuffled learned sequence,0.17984496124031013
,500080,mixed,Mixed,,0.0,18.6,,119,23.8,3,10.5,38,35,18.6,1,25,147,12,0,2,5,1,0,0,shuffled_learned_sequence,Shuffled learned sequence,0.27563025210084047
,500080,need_based_to_competitive,Need-based → competitive,10.0,0.0,21.9,,131,26.2,9,12.0,41,32,21.9,5,21,136,13,3,2,1,1,0,0,shuffled_learned_sequence,Shuffled learned sequence,0.2595419847328244
,500080,cooperative_to_hoarding,Cooperative → hoarding,10.0,0.0,11.7,,73,14.6,3,3.0,31,28,11.7,6,20,78,12,2,2,4,0,0,0,shuffled_learned_sequence,Shuffled learned sequence,0.45479452054794534
,500081,need_based,Need-based,,0.0,25.799999999999997,,152,30.4,12,17.0,46,34,25.799999999999997,5,20,167,14,3,1,0,0,1,1,shuffled_learned_sequence,Shuffled learned sequence,0.22368421052631593
,500081,cooperative,Cooperative,,0.0,27.35,,159,31.8,14,20.5,43,29,27.35,4,22,168,13,2,1,3,1,0,0,shuffled_learned_sequence,Shuffled learned sequence,0.18364779874213832
,500081,hoarding,Hoarding,,0.0,18.299999999999997,,107,21.4,9,13.0,33,24,18.299999999999997,8,16,83,14,1,0,4,0,1,0,shuffled_learned_sequence,Shuffled learned sequence,0.22803738317757016
,500081,mixed,Mixed,,0.0,20.15,,116,23.2,11,11.5,33,22,20.15,2,21,115,12,3,0,4,0,0,1,shuffled_learned_sequence,Shuffled learned sequence,0.21379310344827585
,500081,need_based_to_competitive,Need-based → competitive,10.0,0.0,24.65,,136,27.2,17,18.0,57,40,24.65,4,24,100,12,4,0,1,0,1,2,shuffled_learned_sequence,Shuffled learned sequence,0.24411764705882355
,500081,cooperative_to_hoarding,Cooperative → hoarding,10.0,0.0,26.9,,151,30.2,17,22.5,39,22,26.9,4,20,151,12,2,0,6,0,0,0,shuffled_learned_sequence,Shuffled learned sequence,0.13245033112582782
,500082,need_based,Need-based,,0.0,24.950000000000003,,143,28.6,14,17.5,47,33,24.950000000000003,3,20,122,12,3,0,5,0,0,0,shuffled_learned_sequence,Shuffled learned sequence,0.21818181818181825
,500082,cooperative,Cooperative,,0.0,25.0,,135,27.0,19,23.0,30,11,25.0,3,23,169,12,5,1,2,0,0,0,shuffled_learned_sequence,Shuffled learned sequence,0.07407407407407418
,500082,hoarding,Hoarding,,0.0,21.799999999999997,,127,25.4,11,11.5,49,38,21.799999999999997,6,18,88,13,2,0,5,0,0,0,shuffled_learned_sequence,Shuffled learned sequence,0.28976377952755916
,500082,mixed,Mixed,,0.0,21.35,,114,22.8,17,19.5,28,11,21.35,2,23,94,11,5,0,4,0,0,0,shuffled_learned_sequence,Shuffled learned sequence,0.08771929824561409
,500082,need_based_to_competitive,Need-based → competitive,10.0,0.0,22.200000000000003,,128,25.6,12,18.5,33,21,22.200000000000003,6,19,73,11,3,1,5,0,0,0,shuffled_learned_sequence,Shuffled learned sequence,0.15625
,500082,cooperative_to_hoarding,Cooperative → hoarding,10.0,0.0,18.35,,104,20.8,11,11.0,35,24,18.35,4,20,129,11,4,1,4,0,0,0,shuffled_learned_sequence,Shuffled learned sequence,0.2692307692307694
,500083,need_based,Need-based,,0.0,29.799999999999997,,162,32.4,22,26.0,43,21,29.799999999999997,4,22,349,13,3,1,3,0,0,0,shuffled_learned_sequence,Shuffled learned sequence,0.11851851851851847
,500083,cooperative,Cooperative,,0.0,21.049999999999997,,117,23.4,14,14.0,47,33,21.049999999999997,5,17,201,14,4,0,2,0,0,0,shuffled_learned_sequence,Shuffled learned sequence,0.252991452991453
,500083,hoarding,Hoarding,,0.0,21.450000000000003,,133,26.6,6,10.0,42,36,21.450000000000003,7,20,83,13,1,2,3,0,0,1,shuffled_learned_sequence,Shuffled learned sequence,0.2857142857142858
,500083,mixed,Mixed,,0.0,20.549999999999997,,117,23.4,12,15.5,36,24,20.549999999999997,3,21,154,14,0,1,3,0,0,2,shuffled_learned_sequence,Shuffled learned sequence,0.20170940170940166
,500083,need_based_to_competitive,Need-based → competitive,10.0,0.0,18.15,,101,20.2,12,13.0,30,18,18.15,6,20,139,13,2,2,3,0,0,0,shuffled_learned_sequence,Shuffled learned sequence,0.2059405940594059
,500083,cooperative_to_hoarding,Cooperative → hoarding,10.0,0.0,15.450000000000001,,93,18.6,6,9.5,37,31,15.450000000000001,6,19,110,11,2,2,5,0,0,0,shuffled_learned_sequence,Shuffled learned sequence,0.2967741935483872
,500084,need_based,Need-based,,0.0,24.65,,141,28.2,14,18.0,39,25,24.65,3,24,114,12,1,0,5,2,0,0,shuffled_learned_sequence,Shuffled learned sequence,0.17304964539007095
,500084,cooperative,Cooperative,,0.0,22.700000000000003,,123,24.6,17,17.0,33,16,22.700000000000003,5,21,167,12,5,0,3,0,0,0,shuffled_learned_sequence,Shuffled learned sequence,0.14308943089430892
,500084,hoarding,Hoarding,,0.0,19.549999999999997,,107,21.4,14,15.5,30,16,19.549999999999997,5,19,88,13,1,0,5,0,1,0,shuffled_learned_sequence,Shuffled learned sequence,0.15327102803738324
,500084,mixed,Mixed,,0.0,11.7,,68,13.6,6,7.5,22,16,11.7,8,18,86,14,0,0,4,1,1,0,shuffled_learned_sequence,Shuffled learned sequence,0.23529411764705888
,500084,need_based_to_competitive,Need-based → competitive,10.0,0.0,25.25,,135,27.0,20,21.0,33,13,25.25,3,24,165,12,3,1,4,0,0,0,shuffled_learned_sequence,Shuffled learned sequence,0.1007407407407408
,500084,cooperative_to_hoarding,Cooperative → hoarding,10.0,0.0,18.15,,111,22.2,6,10.0,43,37,18.15,5,16,140,13,3,0,4,0,0,0,shuffled_learned_sequence,Shuffled learned sequence,0.3279279279279279
,500085,need_based,Need-based,,0.0,27.200000000000003,,153,30.6,17,18.0,54,37,27.200000000000003,6,20,196,13,5,1,1,0,0,0,shuffled_learned_sequence,Shuffled learned sequence,0.23006535947712425
,500085,cooperative,Cooperative,,0.0,22.35,,129,25.8,12,15.5,37,25,22.35,5,18,146,15,2,0,2,0,0,1,shuffled_learned_sequence,Shuffled learned sequence,0.2077519379844961
,500085,hoarding,Hoarding,,0.0,18.75,,110,22.0,9,10.5,42,33,18.75,5,20,55,14,1,0,3,0,1,1,shuffled_learned_sequence,Shuffled learned sequence,0.3163636363636364
,500085,mixed,Mixed,,0.0,17.4,,101,20.2,9,10.0,39,30,17.4,6,20,101,13,2,0,4,0,0,1,shuffled_learned_sequence,Shuffled learned sequence,0.304950495049505
,500085,need_based_to_competitive,Need-based → competitive,10.0,0.0,19.950000000000003,,123,24.6,6,10.0,47,41,19.950000000000003,7,17,146,13,4,2,1,0,0,0,shuffled_learned_sequence,Shuffled learned sequence,0.32845528455284567
,500085,cooperative_to_hoarding,Cooperative → hoarding,10.0,0.0,25.35,,149,29.8,12,13.0,60,48,25.35,4,22,154,12,3,0,4,0,0,1,shuffled_learned_sequence,Shuffled learned sequence,0.3355704697986577
,500086,need_based,Need-based,,0.0,20.1,,129,25.8,3,8.5,40,37,20.1,2,25,141,12,2,1,3,0,2,0,shuffled_learned_sequence,Shuffled learned sequence,0.3069767441860465
,500086,cooperative,Cooperative,,0.0,20.9,,116,23.2,14,16.5,39,25,20.9,5,21,186,13,1,2,4,0,0,0,shuffled_learned_sequence,Shuffled learned sequence,0.1827586206896552
,500086,hoarding,Hoarding,,0.0,17.549999999999997,,97,19.4,12,13.0,39,27,17.549999999999997,3,21,47,12,4,1,3,0,0,0,shuffled_learned_sequence,Shuffled learned sequence,0.2391752577319588
,500086,mixed,Mixed,,0.0,22.1,,124,24.8,14,16.0,34,20,22.1,5,19,80,14,0,1,4,1,0,0,shuffled_learned_sequence,Shuffled learned sequence,0.1709677419354838
,500086,need_based_to_competitive,Need-based → competitive,10.0,0.0,22.700000000000003,,133,26.6,11,16.5,35,24,22.700000000000003,8,17,139,15,0,1,2,0,2,0,shuffled_learned_sequence,Shuffled learned sequence,0.1774436090225564
,500086,cooperative_to_hoarding,Cooperative → hoarding,10.0,0.0,19.35,,119,23.8,6,10.0,41,35,19.35,6,20,159,13,1,3,3,0,0,0,shuffled_learned_sequence,Shuffled learned sequence,0.31596638655462184
,500087,need_based,Need-based,,0.0,27.1,,149,29.8,19,20.5,38,19,27.1,6,22,146,14,2,1,1,0,1,1,shuffled_learned_sequence,Shuffled learned sequence,0.13691275167785233
,500087,cooperative,Cooperative,,0.0,17.9,,96,19.2,14,14.0,30,16,17.9,6,20,143,12,2,0,5,1,0,0,shuffled_learned_sequence,Shuffled learned sequence,0.1625000000000001
,500087,hoarding,Hoarding,,0.0,19.200000000000003,,113,22.6,9,15.5,30,21,19.200000000000003,8,20,85,13,3,0,3,0,1,0,shuffled_learned_sequence,Shuffled learned sequence,0.16637168141592928
,500087,mixed,Mixed,,0.0,17.549999999999997,,107,21.4,6,10.0,39,33,17.549999999999997,8,18,119,14,1,0,3,0,1,1,shuffled_learned_sequence,Shuffled learned sequence,0.28785046728971975
,500087,need_based_to_competitive,Need-based → competitive,10.0,0.0,16.200000000000003,,98,19.6,6,10.0,33,27,16.200000000000003,7,19,94,14,3,0,1,0,1,1,shuffled_learned_sequence,Shuffled learned sequence,0.2897959183673471
,500087,cooperative_to_hoarding,Cooperative → hoarding,10.0,0.0,17.85,,109,21.8,6,10.0,33,27,17.85,8,20,112,13,3,0,3,1,0,0,shuffled_learned_sequence,Shuffled learned sequence,0.26055045871559646
,500088,need_based,Need-based,,0.0,29.5,,160,32.0,22,26.0,48,26,29.5,4,24,216,12,3,1,3,0,0,1,shuffled_learned_sequence,Shuffled learned sequence,0.13000000000000012
,500088,cooperative,Cooperative,,0.0,20.1,,114,22.8,12,13.0,38,26,20.1,2,21,217,13,4,1,2,0,0,0,shuffled_learned_sequence,Shuffled learned sequence,0.2596491228070177
,500088,hoarding,Hoarding,,0.0,16.049999999999997,,97,19.4,6,10.0,32,26,16.049999999999997,2,26,70,10,5,0,5,0,0,0,shuffled_learned_sequence,Shuffled learned sequence,0.2639175257731958
,500088,mixed,Mixed,,0.0,14.549999999999999,,87,17.4,6,10.0,32,26,14.549999999999999,2,20,132,13,0,1,5,1,0,0,shuffled_learned_sequence,Shuffled learned sequence,0.2574712643678161
,500088,need_based_to_competitive,Need-based → competitive,10.0,0.0,22.549999999999997,,127,25.4,14,15.5,35,21,22.549999999999997,4,21,112,13,2,1,3,0,0,1,shuffled_learned_sequence,Shuffled learned sequence,0.1763779527559055
,500088,cooperative_to_hoarding,Cooperative → hoarding,10.0,0.0,15.600000000000001,,89,17.8,9,10.0,33,24,15.600000000000001,5,22,135,12,3,1,4,0,0,0,shuffled_learned_sequence,Shuffled learned sequence,0.2651685393258427
,500089,need_based,Need-based,,0.0,22.4,,126,25.2,14,16.5,39,25,22.4,5,23,147,13,3,0,2,0,0,2,shuffled_learned_sequence,Shuffled learned sequence,0.18412698412698414
,500089,cooperative,Cooperative,,0.0,20.15,,116,23.2,11,12.5,44,33,20.15,6,21,182,13,1,1,4,0,0,1,shuffled_learned_sequence,Shuffled learned sequence,0.2655172413793103
,500089,hoarding,Hoarding,,0.0,16.5,,100,20.0,6,7.5,38,32,16.5,1,26,73,10,5,0,5,0,0,0,shuffled_learned_sequence,Shuffled learned sequence,0.3720000000000001
,500089,mixed,Mixed,,0.0,20.1,,124,24.8,6,11.5,43,37,20.1,3,22,125,12,3,0,4,0,0,1,shuffled_learned_sequence,Shuffled learned sequence,0.29032258064516125
,500089,need_based_to_competitive,Need-based → competitive,10.0,0.0,19.799999999999997,,122,24.4,6,10.0,37,31,19.799999999999997,5,22,107,12,4,0,3,0,0,1,shuffled_learned_sequence,Shuffled learned sequence,0.27213114754098355
,500089,cooperative_to_hoarding,Cooperative → hoarding,10.0,0.0,17.1,,104,20.8,6,11.5,37,31,17.1,7,21,85,11,3,0,6,0,0,0,shuffled_learned_sequence,Shuffled learned sequence,0.25769230769230766
,500090,need_based,Need-based,,0.0,17.85,,109,21.8,6,10.0,41,35,17.85,4,23,105,11,4,0,5,0,0,0,shuffled_learned_sequence,Shuffled learned sequence,0.3119266055045873
,500090,cooperative,Cooperative,,0.0,23.299999999999997,,137,27.4,11,16.5,44,33,23.299999999999997,4,18,185,13,2,0,5,0,0,0,shuffled_learned_sequence,Shuffled learned sequence,0.21605839416058403
,500090,hoarding,Hoarding,,0.0,17.4,,106,21.2,6,11.0,38,32,17.4,3,25,61,10,4,1,4,1,0,0,shuffled_learned_sequence,Shuffled learned sequence,0.2754716981132075
,500090,mixed,Mixed,,0.0,20.549999999999997,,122,24.4,9,11.5,33,24,20.549999999999997,6,22,141,12,3,1,3,1,0,0,shuffled_learned_sequence,Shuffled learned sequence,0.21967213114754114
,500090,need_based_to_competitive,Need-based → competitive,10.0,0.0,25.25,,145,29.0,14,17.0,46,32,25.25,6,22,97,11,5,0,4,0,0,0,shuffled_learned_sequence,Shuffled learned sequence,0.2262068965517241
,500090,cooperative_to_hoarding,Cooperative → hoarding,10.0,0.0,20.1,,119,23.8,9,10.0,44,35,20.1,2,23,135,11,2,1,6,0,0,0,shuffled_learned_sequence,Shuffled learned sequence,0.33613445378151274
,500091,need_based,Need-based,,0.0,24.5,,140,28.0,14,18.0,42,28,24.5,4,23,143,12,4,0,2,0,1,1,shuffled_learned_sequence,Shuffled learned sequence,0.19999999999999996
,500091,cooperative,Cooperative,,0.0,16.4,,86,17.2,14,14.0,23,9,16.4,3,22,180,13,4,0,1,1,0,1,shuffled_learned_sequence,Shuffled learned sequence,0.1116279069767443
,500091,hoarding,Hoarding,,0.0,21.450000000000003,,128,25.6,9,15.5,39,30,21.450000000000003,2,25,84,11,5,0,2,0,1,1,shuffled_learned_sequence,Shuffled learned sequence,0.22187500000000004
,500091,mixed,Mixed,,0.0,18.75,,110,22.0,9,11.5,44,35,18.75,4,21,123,12,2,0,5,0,1,0,shuffled_learned_sequence,Shuffled learned sequence,0.2981818181818183
,500091,need_based_to_competitive,Need-based → competitive,10.0,0.0,24.5,,140,28.0,14,14.0,57,43,24.5,4,23,174,11,4,1,3,0,1,0,shuffled_learned_sequence,Shuffled learned sequence,0.3142857142857143
,500091,cooperative_to_hoarding,Cooperative → hoarding,10.0,0.0,14.399999999999999,,86,17.2,6,8.5,41,35,14.399999999999999,4,23,109,11,5,0,3,0,1,0,shuffled_learned_sequence,Shuffled learned sequence,0.3534883720930233
,500092,need_based,Need-based,,0.0,23.15,,131,26.2,14,17.0,44,30,23.15,2,22,203,12,1,1,5,0,1,0,shuffled_learned_sequence,Shuffled learned sequence,0.20458015267175567
,500092,cooperative,Cooperative,,0.0,17.700000000000003,,103,20.6,9,10.0,35,26,17.700000000000003,3,21,199,13,3,1,3,0,0,0,shuffled_learned_sequence,Shuffled learned sequence,0.2912621359223302
,500092,hoarding,Hoarding,,0.0,20.700000000000003,,128,25.6,6,14.5,44,38,20.700000000000003,4,20,64,12,0,1,6,0,1,0,shuffled_learned_sequence,Shuffled learned sequence,0.25937500000000013
,500092,mixed,Mixed,,0.0,19.35,,114,22.8,9,11.5,38,29,19.35,2,23,150,13,1,1,3,0,1,1,shuffled_learned_sequence,Shuffled learned sequence,0.27368421052631575
,500092,need_based_to_competitive,Need-based → competitive,10.0,0.0,16.799999999999997,,102,20.4,6,10.5,40,34,16.799999999999997,2,20,67,13,1,0,5,0,0,1,shuffled_learned_sequence,Shuffled learned sequence,0.2941176470588236
,500092,cooperative_to_hoarding,Cooperative → hoarding,10.0,0.0,16.200000000000003,,93,18.6,9,11.5,27,18,16.200000000000003,3,23,141,11,5,1,2,0,0,1,shuffled_learned_sequence,Shuffled learned sequence,0.2064516129032259
,500093,need_based,Need-based,,0.0,33.45,,173,34.6,30,30.5,41,11,33.45,4,23,263,12,3,2,3,0,0,0,shuffled_learned_sequence,Shuffled learned sequence,0.06705202312138736
,500093,cooperative,Cooperative,,0.0,28.25,,160,32.0,17,23.5,42,25,28.25,4,21,187,13,2,1,3,1,0,0,shuffled_learned_sequence,Shuffled learned sequence,0.15250000000000008
,500093,hoarding,Hoarding,,0.0,16.950000000000003,,98,19.6,9,10.0,35,26,16.950000000000003,4,21,62,13,2,1,1,1,2,0,shuffled_learned_sequence,Shuffled learned sequence,0.28163265306122454
,500093,mixed,Mixed,,0.0,21.6,,124,24.8,12,17.0,41,29,21.6,5,19,137,15,0,1,2,1,0,1,shuffled_learned_sequence,Shuffled learned sequence,0.20322580645161303
,500093,need_based_to_competitive,Need-based → competitive,10.0,0.0,22.700000000000003,,123,24.6,17,18.5,35,18,22.700000000000003,8,16,107,14,2,0,4,0,0,0,shuffled_learned_sequence,Shuffled learned sequence,0.14634146341463428
,500093,cooperative_to_hoarding,Cooperative → hoarding,10.0,0.0,20.450000000000003,,118,23.6,11,14.5,38,27,20.450000000000003,1,25,90,12,2,1,4,0,0,1,shuffled_learned_sequence,Shuffled learned sequence,0.23050847457627133
,500094,need_based,Need-based,,0.0,29.75,,155,31.0,26,26.5,36,10,29.75,8,15,212,14,2,1,3,0,0,0,shuffled_learned_sequence,Shuffled learned sequence,0.06709677419354843
,500094,cooperative,Cooperative,,0.0,24.049999999999997,,142,28.4,11,19.0,39,28,24.049999999999997,4,24,238,12,4,1,3,0,0,0,shuffled_learned_sequence,Shuffled learned sequence,0.18309859154929575
,500094,hoarding,Hoarding,,0.0,22.450000000000003,,123,24.6,16,16.5,35,19,22.450000000000003,8,17,97,13,3,3,1,0,0,0,shuffled_learned_sequence,Shuffled learned sequence,0.1756097560975609
,500094,mixed,Mixed,,0.0,19.75,,115,23.0,10,10.5,36,26,19.75,7,20,132,13,1,1,4,1,0,0,shuffled_learned_sequence,Shuffled learned sequence,0.25043478260869567
,500094,need_based_to_competitive,Need-based → competitive,10.0,0.0,28.299999999999997,,152,30.4,22,22.5,43,21,28.299999999999997,7,17,151,14,2,2,2,0,0,0,shuffled_learned_sequence,Shuffled learned sequence,0.13684210526315788
,500094,cooperative_to_hoarding,Cooperative → hoarding,10.0,0.0,15.700000000000001,,103,20.6,1,8.0,37,36,15.700000000000001,5,23,131,11,3,1,5,0,0,0,shuffled_learned_sequence,Shuffled learned sequence,0.31844660194174756
,500095,need_based,Need-based,,0.0,22.9,,131,26.2,13,15.0,36,23,22.9,5,18,148,14,3,1,2,0,0,0,shuffled_learned_sequence,Shuffled learned sequence,0.19541984732824424
,500095,cooperative,Cooperative,,0.0,15.299999999999999,,92,18.4,6,8.0,30,24,15.299999999999999,8,16,183,15,2,0,2,0,0,1,shuffled_learned_sequence,Shuffled learned sequence,0.29130434782608705
,500095,hoarding,Hoarding,,0.0,19.35,,114,22.8,9,14.5,40,31,19.35,7,21,63,13,3,0,3,0,1,0,shuffled_learned_sequence,Shuffled learned sequence,0.23508771929824568
,500095,mixed,Mixed,,0.0,22.1,,119,23.8,17,19.5,30,13,22.1,5,21,104,13,3,0,3,0,1,0,shuffled_learned_sequence,Shuffled learned sequence,0.09747899159663875
,500095,need_based_to_competitive,Need-based → competitive,10.0,0.0,15.799999999999999,,97,19.4,5,10.0,36,31,15.799999999999999,4,21,108,11,4,1,4,0,0,0,shuffled_learned_sequence,Shuffled learned sequence,0.2845360824742269
,500095,cooperative_to_hoarding,Cooperative → hoarding,10.0,0.0,16.5,,95,19.0,9,10.5,31,22,16.5,8,16,90,14,2,0,4,0,0,0,shuffled_learned_sequence,Shuffled learned sequence,0.24
,500096,need_based,Need-based,,0.0,24.200000000000003,,133,26.6,17,18.0,41,24,24.200000000000003,4,18,201,14,3,1,1,0,1,0,shuffled_learned_sequence,Shuffled learned sequence,0.19548872180451138
,500096,cooperative,Cooperative,,0.0,22.65,,131,26.2,12,15.5,39,27,22.65,3,24,144,12,4,0,3,0,0,1,shuffled_learned_sequence,Shuffled learned sequence,0.20763358778625962
,500096,hoarding,Hoarding,,0.0,19.200000000000003,,108,21.6,12,12.0,30,18,19.200000000000003,3,21,65,13,2,0,4,0,0,1,shuffled_learned_sequence,Shuffled learned sequence,0.19259259259259265
,500096,mixed,Mixed,,0.0,24.700000000000003,,128,25.6,22,22.0,36,14,24.700000000000003,4,23,115,12,3,0,4,0,1,0,shuffled_learned_sequence,Shuffled learned sequence,0.09687500000000004
,500096,need_based_to_competitive,Need-based → competitive,10.0,0.0,22.549999999999997,,122,24.4,17,19.0,32,15,22.549999999999997,1,24,99,13,3,0,3,0,0,1,shuffled_learned_sequence,Shuffled learned sequence,0.12786885245901636
,500096,cooperative_to_hoarding,Cooperative → hoarding,10.0,0.0,17.85,,109,21.8,6,13.0,38,32,17.85,3,24,91,12,4,0,2,0,0,2,shuffled_learned_sequence,Shuffled learned sequence,0.25321100917431205
,500097,need_based,Need-based,,0.0,25.85,,149,29.8,14,18.0,42,28,25.85,2,25,370,12,2,3,3,0,0,0,shuffled_learned_sequence,Shuffled learned sequence,0.19597315436241614
,500097,cooperative,Cooperative,,0.0,23.0,,130,26.0,14,17.0,49,35,23.0,4,21,203,13,3,0,3,0,1,0,shuffled_learned_sequence,Shuffled learned sequence,0.23076923076923084
,500097,hoarding,Hoarding,,0.0,14.850000000000001,,89,17.8,6,10.0,26,20,14.850000000000001,2,21,67,12,4,1,2,0,1,0,shuffled_learned_sequence,Shuffled learned sequence,0.23370786516853936
,500097,mixed,Mixed,,0.0,14.25,,85,17.0,6,6.0,35,29,14.25,4,21,104,14,2,0,1,0,3,0,shuffled_learned_sequence,Shuffled learned sequence,0.3670588235294119
,500097,need_based_to_competitive,Need-based → competitive,10.0,0.0,18.6,,109,21.8,9,11.5,39,30,18.6,3,24,121,13,1,1,2,1,2,0,shuffled_learned_sequence,Shuffled learned sequence,0.27155963302752295
,500097,cooperative_to_hoarding,Cooperative → hoarding,10.0,0.0,14.100000000000001,,84,16.8,6,10.0,23,17,14.100000000000001,2,26,153,11,3,1,5,0,0,0,shuffled_learned_sequence,Shuffled learned sequence,0.19999999999999996
,500098,need_based,Need-based,,0.0,21.700000000000003,,113,22.6,19,19.0,27,8,21.700000000000003,4,22,251,12,2,2,4,0,0,0,shuffled_learned_sequence,Shuffled learned sequence,0.0814159292035399
,500098,cooperative,Cooperative,,0.0,16.65,,96,19.2,9,10.5,39,30,16.65,5,19,201,14,3,1,2,0,0,0,shuffled_learned_sequence,Shuffled learned sequence,0.2791666666666668
,500098,hoarding,Hoarding,,0.0,17.85,,99,19.8,12,13.0,33,21,17.85,7,19,70,13,0,0,5,2,0,0,shuffled_learned_sequence,Shuffled learned sequence,0.202020202020202
,500098,mixed,Mixed,,0.0,16.1,,99,19.8,5,8.0,36,31,16.1,4,21,162,14,1,0,2,2,0,1,shuffled_learned_sequence,Shuffled learned sequence,0.3272727272727274
,500098,need_based_to_competitive,Need-based → competitive,10.0,0.0,22.9,,121,24.2,19,20.5,31,12,22.9,4,20,123,11,4,1,4,0,0,0,shuffled_learned_sequence,Shuffled learned sequence,0.09586776859504131
,500098,cooperative_to_hoarding,Cooperative → hoarding,10.0,0.0,14.100000000000001,,79,15.8,9,10.0,28,19,14.100000000000001,4,24,133,10,4,1,5,0,0,0,shuffled_learned_sequence,Shuffled learned sequence,0.22278481012658236
,500099,need_based,Need-based,,0.0,27.85,,149,29.8,22,22.0,43,21,27.85,6,18,219,13,3,1,3,0,0,0,shuffled_learned_sequence,Shuffled learned sequence,0.15302013422818805
,500099,cooperative,Cooperative,,0.0,23.6,,134,26.8,14,16.5,38,24,23.6,3,23,156,12,6,1,1,0,0,0,shuffled_learned_sequence,Shuffled learned sequence,0.18507462686567178
,500099,hoarding,Hoarding,,0.0,26.15,,146,29.2,17,19.5,46,29,26.15,6,21,94,12,3,0,4,1,0,0,shuffled_learned_sequence,Shuffled learned sequence,0.19452054794520546
,500099,mixed,Mixed,,0.0,23.299999999999997,,132,26.4,14,19.5,32,18,23.299999999999997,3,24,115,13,0,2,4,0,0,1,shuffled_learned_sequence,Shuffled learned sequence,0.12727272727272743
,500099,need_based_to_competitive,Need-based → competitive,10.0,0.0,21.299999999999997,,127,25.4,9,13.0,43,34,21.299999999999997,6,18,102,12,2,2,4,0,0,0,shuffled_learned_sequence,Shuffled learned sequence,0.2645669291338584
,500099,cooperative_to_hoarding,Cooperative → hoarding,10.0,0.0,20.5,,115,23.0,13,16.0,33,20,20.5,4,22,127,11,6,0,3,0,0,0,shuffled_learned_sequence,Shuffled learned sequence,0.17739130434782613
